159.6999969482422,159.6999969482422,153.39999389648438,159.0,10.899999618530273,176.89999389648438,169.6999969482422,6.5,175.89999389648438,178.89999389648438,2.5,176.60000610351562,162.89999389648438,18.899999618530273,169.1999969482422,73.60333251953125,1.5089776515960693,0.7699568867683411,0.7856586575508118,0.6975336074829102,0.7553727030754089,13.479555130004883
162.6999969482422,149.60000610351562,164.10000610351562,67.9000015258789,110.30000305175781,174.3000030517578,106.80000305175781,67.69999694824219,175.3000030517578,85.69999694824219,88.19999694824219,178.0,176.60000610351562,10.5,174.89999389648438,81.86682891845703,1.3789979219436646,0.7346990704536438,0.8135453462600708,0.7957998514175415,0.894580066204071,24.707189559936523
158.89999389648438,159.3000030517578,156.8000030517578,166.6999969482422,0.20000000298023224,172.1999969482422,175.3000030517578,0.5,179.1999969482422,167.10000610351562,17.299999237060547,179.89999389648438,149.6999969482422,32.599998474121094,161.8000030517578,77.115234375,1.5404385328292847,0.712199866771698,0.7222685813903809,0.6089684367179871,0.6874446868896484,15.622051239013672
158.0,163.39999389648438,160.1999969482422,143.60000610351562,63.900001525878906,151.5,137.60000610351562,51.79999923706055,157.10000610351562,96.0999984741211,87.80000305175781,161.60000610351562,104.0999984741211,76.69999694824219,143.39999389648438,60.94300842285156,1.4276671409606934,0.7415340542793274,0.6767468452453613,0.5817714929580688,0.708454966545105,15.899354934692383
163.5,167.6999969482422,163.5,109.4000015258789,98.0,143.60000610351562,97.5999984741211,94.30000305175781,139.60000610351562,73.0999984741211,106.9000015258789,156.0,81.0,110.80000305175781,127.19999694824219,70.67923736572266,1.2786641120910645,0.6755731105804443,0.6105158925056458,0.5378849506378174,0.6692248582839966,13.463214874267578
148.1999969482422,150.10000610351562,167.60000610351562,89.9000015258789,101.0999984741211,154.6999969482422,103.30000305175781,80.5,136.0,94.5999984741211,86.0999984741211,148.8000030517578,149.0,44.79999923706055,161.39999389648438,76.5176773071289,1.4757964611053467,0.7909283638000488,0.7629092931747437,0.6933284997940063,0.7490653395652771,17.1760311126709
160.5,155.1999969482422,158.0,175.39999389648438,7.900000095367432,173.60000610351562,178.10000610351562,3.0,178.6999969482422,173.8000030517578,1.399999976158142,174.5,156.3000030517578,26.299999237060547,164.3000030517578,78.19548797607422,1.486634373664856,0.7364562153816223,0.7846917510032654,0.7097694873809814,0.8301005959510803,16.441492080688477
163.60000610351562,150.1999969482422,150.60000610351562,36.099998474121094,160.39999389648438,170.39999389648438,21.399999618530273,169.60000610351562,173.3000030517578,1.100000023841858,170.0,177.5,22.200000762939453,150.1999969482422,162.6999969482422,86.14197540283203,1.3434840440750122,0.7506850361824036,0.7752262949943542,0.701936662197113,0.857979953289032,12.932660102844238
161.8000030517578,146.0,146.1999969482422,33.5,161.89999389648438,158.6999969482422,18.100000381469727,172.1999969482422,152.89999389648438,0.30000001192092896,173.1999969482422,147.39999389648438,22.700000762939453,156.1999969482422,171.10000610351562,84.37881469726562,1.3501230478286743,0.7843143343925476,0.7776466012001038,0.6590041518211365,0.7979804873466492,13.548508644104004
165.1999969482422,145.1999969482422,139.3000030517578,34.599998474121094,164.5,127.0999984741211,27.600000381469727,163.6999969482422,20.200000762939453,4.699999809265137,177.8000030517578,40.20000076293945,16.0,156.89999389648438,131.1999969482422,81.35671997070312,1.353147029876709,0.7867599129676819,0.7649196982383728,0.6298168301582336,0.7508019208908081,10.440311431884766
162.6999969482422,148.0,147.89999389648438,17.899999618530273,174.3000030517578,174.6999969482422,8.199999809265137,161.60000610351562,174.5,14.300000190734863,156.5,173.8000030517578,57.29999923706055,121.80000305175781,178.39999389648438,86.63263702392578,1.3642257452011108,0.7683959603309631,0.8041756749153137,0.7077879905700684,0.8818396329879761,15.358427047729492
157.6999969482422,155.0,156.10000610351562,175.10000610351562,5.5,175.1999969482422,165.8000030517578,9.800000190734863,174.0,63.29999923706055,108.5999984741211,179.39999389648438,179.60000610351562,0.5,170.89999389648438,79.39730072021484,1.4816429615020752,0.7441368103027344,0.8007692694664001,0.7139540910720825,0.8398054242134094,14.088943481445312
159.89999389648438,158.6999969482422,154.1999969482422,165.1999969482422,0.10000000149011612,170.3000030517578,178.89999389648438,2.0999999046325684,177.39999389648438,167.0,18.0,174.6999969482422,151.0,30.399999618530273,161.1999969482422,80.5000228881836,1.5634856224060059,0.6902540922164917,0.7000832557678223,0.5788297057151794,0.6897231340408325,15.73621654510498
158.89999389648438,161.0,155.10000610351562,162.89999389648438,6.199999809265137,177.0,175.39999389648438,1.7000000476837158,177.39999389648438,170.3000030517578,12.800000190734863,179.89999389648438,150.39999389648438,27.899999618530273,165.89999389648438,74.89037322998047,1.5181716680526733,0.7164028286933899,0.7180142402648926,0.5714330077171326,0.6461854577064514,14.831381797790527
161.5,156.8000030517578,154.60000610351562,157.89999389648438,10.800000190734863,175.60000610351562,174.6999969482422,2.299999952316284,175.89999389648438,170.3000030517578,12.199999809265137,179.39999389648438,154.8000030517578,22.399999618530273,168.8000030517578,71.66300964355469,1.49836266040802,0.7637173533439636,0.7351554036140442,0.5660266876220703,0.6214975118637085,12.326637268066406
163.10000610351562,151.60000610351562,152.0,157.8000030517578,12.699999809265137,179.8000030517578,174.3000030517578,4.199999809265137,170.10000610351562,172.89999389648438,8.100000381469727,176.3000030517578,157.8000030517578,22.100000381469727,165.0,64.15662384033203,1.4509340524673462,0.7980412244796753,0.7837084531784058,0.6096935868263245,0.6172516345977783,13.032272338867188
163.3000030517578,152.5,149.0,153.6999969482422,20.0,176.10000610351562,170.6999969482422,8.399999618530273,166.5,174.0,4.5,171.6999969482422,159.10000610351562,21.600000381469727,169.0,60.89537048339844,1.441409707069397,0.8413327932357788,0.7992921471595764,0.6335113644599915,0.6283388733863831,12.78965950012207
164.1999969482422,143.89999389648438,149.8000030517578,172.60000610351562,31.200000762939453,142.1999969482422,168.60000610351562,18.600000381469727,175.8000030517578,151.3000030517578,34.70000076293945,171.10000610351562,136.10000610351562,58.099998474121094,141.8000030517578,54.86701583862305,1.183262825012207,0.7760862112045288,0.7711939811706543,0.6133334040641785,0.6183149814605713,13.719231605529785
160.8000030517578,146.5,152.10000610351562,177.39999389648438,35.599998474121094,142.39999389648438,166.0,19.5,178.8000030517578,144.60000610351562,39.29999923706055,169.0,135.1999969482422,60.70000076293945,138.0,54.44246292114258,1.1467761993408203,0.7736133337020874,0.7811188697814941,0.6172187328338623,0.6172124743461609,16.841337203979492
165.8000030517578,151.3000030517578,151.39999389648438,159.5,8.899999618530273,176.5,176.3000030517578,1.399999976158142,172.89999389648438,169.60000610351562,13.5,175.6999969482422,153.60000610351562,26.100000381469727,162.6999969482422,67.735595703125,1.4010857343673706,0.7808953523635864,0.7527376413345337,0.5971356630325317,0.6147013306617737,12.200437545776367
164.1999969482422,150.5,152.10000610351562,155.6999969482422,28.200000762939453,169.8000030517578,168.1999969482422,15.600000381469727,157.10000610351562,176.39999389648438,1.399999976158142,173.0,167.10000610351562,13.600000381469727,176.0,64.67618560791016,1.4297550916671753,0.8131574988365173,0.809949517250061,0.6155006885528564,0.5927566289901733,11.566824913024902
164.39999389648438,152.5,156.39999389648438,144.10000610351562,57.099998474121094,155.39999389648438,151.10000610351562,35.0,150.8000030517578,154.8000030517578,25.100000381469727,167.39999389648438,175.8000030517578,8.199999809265137,172.89999389648438,66.01579284667969,1.4414336681365967,0.8173269033432007,0.7490790486335754,0.5688208937644958,0.5667682886123657,8.492575645446777
162.0,149.10000610351562,148.0,146.8000030517578,31.399999618530273,168.1999969482422,167.89999389648438,11.199999809265137,169.39999389648438,179.60000610351562,1.0,178.1999969482422,157.89999389648438,19.5,166.89999389648438,71.13140106201172,1.4493072032928467,0.7916245460510254,0.729044497013092,0.5406456589698792,0.617318332195282,15.847895622253418
163.0,153.89999389648438,160.39999389648438,160.0,6.900000095367432,178.39999389648438,175.3000030517578,1.7999999523162842,178.8000030517578,178.89999389648438,13.399999618530273,171.10000610351562,161.39999389648438,28.100000381469727,161.6999969482422,72.47699737548828,1.3977683782577515,0.7869181036949158,0.7729623913764954,0.6833474636077881,0.7260174751281738,12.58611011505127
163.6999969482422,154.39999389648438,159.5,161.0,4.599999904632568,179.60000610351562,174.89999389648438,3.4000000953674316,177.3000030517578,172.5,18.299999237060547,175.60000610351562,157.1999969482422,31.0,161.39999389648438,70.9117202758789,1.389548659324646,0.7958481907844543,0.7848041653633118,0.7004339098930359,0.7406087517738342,14.520354270935059
163.1999969482422,156.10000610351562,156.60000610351562,158.3000030517578,8.0,179.6999969482422,174.1999969482422,1.600000023841858,175.1999969482422,175.60000610351562,14.699999809265137,178.1999969482422,159.0,29.799999237060547,159.60000610351562,72.16016387939453,1.3984076976776123,0.7895503640174866,0.7763296365737915,0.6754655838012695,0.6974608898162842,13.17613697052002
162.10000610351562,156.89999389648438,155.89999389648438,154.89999389648438,9.800000190734863,179.1999969482422,173.89999389648438,2.5,175.60000610351562,177.0,14.399999618530273,176.6999969482422,160.60000610351562,31.0,158.6999969482422,70.78178405761719,1.4065232276916504,0.8167496919631958,0.7935992479324341,0.7123825550079346,0.7499122023582458,15.369338035583496
161.3000030517578,155.39999389648438,159.89999389648438,150.6999969482422,13.899999618530273,177.89999389648438,171.5,0.4000000059604645,174.60000610351562,179.3000030517578,9.600000381469727,178.3000030517578,161.1999969482422,28.399999618530273,163.0,72.55912017822266,1.4245836734771729,0.8131263852119446,0.7899515628814697,0.7013412117958069,0.7638538479804993,19.323022842407227
163.0,152.8000030517578,159.1999969482422,153.39999389648438,9.600000381469727,179.3000030517578,173.89999389648438,1.7999999523162842,175.39999389648438,177.0,7.0,179.3000030517578,162.89999389648438,24.0,165.6999969482422,72.9585189819336,1.3981173038482666,0.8262947201728821,0.8099391460418701,0.7424356937408447,0.8137639164924622,20.2996826171875
165.5,150.6999969482422,157.8000030517578,149.8000030517578,13.0,179.10000610351562,167.6999969482422,2.700000047683716,179.6999969482422,177.89999389648438,10.399999618530273,176.10000610351562,163.5,25.700000762939453,161.6999969482422,73.95211791992188,1.398964285850525,0.8469506502151489,0.8289262652397156,0.7796669006347656,0.8484684824943542,23.0238037109375
162.3000030517578,152.8000030517578,156.3000030517578,144.8000030517578,19.299999237060547,178.10000610351562,166.1999969482422,5.199999809265137,173.6999969482422,173.89999389648438,2.700000047683716,178.89999389648438,164.10000610351562,22.399999618530273,168.1999969482422,73.65968322753906,1.4053573608398438,0.8215847015380859,0.8046268224716187,0.7376624941825867,0.8029712438583374,22.808767318725586
162.1999969482422,151.6999969482422,157.1999969482422,141.6999969482422,22.799999237060547,176.1999969482422,163.1999969482422,9.899999618530273,169.89999389648438,168.3000030517578,5.0,172.89999389648438,168.0,15.800000190734863,173.8000030517578,72.91158294677734,1.39544677734375,0.8327921628952026,0.8035463690757751,0.745822012424469,0.7938810586929321,19.12078857421875
160.8000030517578,151.89999389648438,157.1999969482422,133.89999389648438,31.899999618530273,174.39999389648438,158.10000610351562,15.5,165.10000610351562,160.5,11.399999618530273,171.89999389648438,173.6999969482422,13.699999809265137,172.60000610351562,74.85209655761719,1.384587049484253,0.8284687995910645,0.808962345123291,0.75624680519104,0.8023210167884827,20.12911605834961
161.3000030517578,151.60000610351562,157.10000610351562,134.10000610351562,30.299999237060547,175.5,161.6999969482422,11.600000381469727,167.89999389648438,165.10000610351562,4.699999809265137,178.39999389648438,169.39999389648438,21.200000762939453,164.6999969482422,75.97882080078125,1.3992421627044678,0.8142080307006836,0.8205850720405579,0.764846682548523,0.8273056745529175,21.506149291992188
159.60000610351562,152.0,155.5,130.1999969482422,35.79999923706055,172.39999389648438,155.39999389648438,18.200000762939453,162.39999389648438,154.3000030517578,18.100000381469727,173.60000610351562,168.89999389648438,14.100000381469727,172.8000030517578,74.62734985351562,1.3835232257843018,0.8229872584342957,0.8236470818519592,0.7636424899101257,0.8204510807991028,19.743478775024414
163.6999969482422,150.6999969482422,154.6999969482422,130.6999969482422,35.0,172.8000030517578,158.1999969482422,14.399999618530273,166.10000610351562,155.1999969482422,15.800000190734863,171.6999969482422,172.5,14.800000190734863,172.8000030517578,76.1357192993164,1.3746882677078247,0.8139803409576416,0.8017951250076294,0.7510524988174438,0.790380597114563,17.434812545776367
162.39999389648438,151.5,152.8000030517578,129.10000610351562,38.900001525878906,170.39999389648438,154.10000610351562,19.0,164.0,154.0,18.299999237060547,172.0,178.10000610351562,6.5,176.5,77.70458221435547,1.3670591115951538,0.8151150941848755,0.7929701209068298,0.7204940915107727,0.7634592056274414,16.247766494750977
161.89999389648438,155.3000030517578,156.6999969482422,155.1999969482422,8.899999618530273,179.0,176.3000030517578,3.5,173.6999969482422,173.6999969482422,15.399999618530273,179.5,153.5,32.900001525878906,161.0,70.63926696777344,1.3892532587051392,0.8003954291343689,0.7689777612686157,0.6844654679298401,0.726151704788208,15.581777572631836
160.60000610351562,155.39999389648438,153.1999969482422,153.60000610351562,9.699999809265137,176.5,170.89999389648438,0.699999988079071,179.89999389648438,170.10000610351562,19.600000381469727,173.1999969482422,149.60000610351562,38.79999923706055,152.6999969482422,73.95951080322266,1.378003716468811,0.8059877157211304,0.7636076807975769,0.6395325064659119,0.6667132377624512,14.77766227722168
159.89999389648438,156.0,157.39999389648438,157.39999389648438,7.300000190734863,177.60000610351562,177.89999389648438,4.199999809265137,179.10000610351562,167.8000030517578,21.899999618530273,173.10000610351562,148.0,38.70000076293945,154.1999969482422,70.6856918334961,1.3734045028686523,0.7882763147354126,0.7693827748298645,0.6725187301635742,0.7187919020652771,14.48293399810791
158.3000030517578,158.6999969482422,155.6999969482422,165.1999969482422,0.8999999761581421,174.5,179.5,8.5,172.3000030517578,155.89999389648438,32.0,172.1999969482422,141.5,43.900001525878906,146.8000030517578,69.78536224365234,1.390663981437683,0.8073828816413879,0.7715674042701721,0.6492211818695068,0.6966733336448669,14.238652229309082
159.6999969482422,157.3000030517578,156.39999389648438,161.39999389648438,0.10000000149011612,174.1999969482422,178.39999389648438,8.600000381469727,174.0,156.8000030517578,31.700000762939453,171.3000030517578,141.39999389648438,45.20000076293945,149.1999969482422,70.48464965820312,1.40704345703125,0.808853030204773,0.756700873374939,0.6258541941642761,0.6703014373779297,16.505525588989258
160.0,156.5,155.60000610351562,156.10000610351562,6.900000095367432,177.10000610351562,179.8000030517578,8.800000190734863,180.0,151.10000610351562,39.20000076293945,168.6999969482422,148.3000030517578,39.099998474121094,151.3000030517578,73.28364562988281,1.3695446252822876,0.8136613368988037,0.8015063405036926,0.6883917450904846,0.7478145360946655,15.70125675201416
161.10000610351562,156.89999389648438,149.0,159.8000030517578,2.4000000953674316,175.60000610351562,175.1999969482422,12.0,179.1999969482422,120.80000305175781,66.5,175.0,146.6999969482422,38.5,151.3000030517578,72.84899139404297,1.356650710105896,0.8253380656242371,0.8210533261299133,0.7345178723335266,0.7978770136833191,17.427396774291992
163.10000610351562,155.39999389648438,150.5,145.3000030517578,15.399999618530273,170.8000030517578,179.89999389648438,6.5,178.89999389648438,138.39999389648438,50.599998474121094,168.60000610351562,141.8000030517578,41.70000076293945,153.6999969482422,72.03562927246094,1.3490976095199585,0.8090436458587646,0.8438436985015869,0.7503840327262878,0.8324071168899536,18.5408878326416
162.60000610351562,155.39999389648438,147.5,130.6999969482422,31.100000381469727,171.1999969482422,179.3000030517578,7.300000190734863,175.3000030517578,73.30000305175781,115.5,171.1999969482422,140.10000610351562,42.79999923706055,157.60000610351562,73.22811889648438,1.3329572677612305,0.8147227764129639,0.8408040404319763,0.7445951700210571,0.8284579515457153,17.68213653564453
163.10000610351562,153.60000610351562,148.39999389648438,38.900001525878906,123.69999694824219,171.60000610351562,179.6999969482422,8.0,176.3000030517578,10.699999809265137,178.89999389648438,172.3000030517578,149.0,33.70000076293945,165.1999969482422,76.59545135498047,1.3299118280410767,0.8015230894088745,0.844593346118927,0.7307329177856445,0.8308582305908203,15.25256061553955
162.5,154.10000610351562,145.6999969482422,8.300000190734863,168.6999969482422,162.6999969482422,169.5,19.299999237060547,147.8000030517578,21.399999618530273,166.6999969482422,165.10000610351562,129.89999389648438,52.79999923706055,154.3000030517578,76.15925598144531,1.3340842723846436,0.806723952293396,0.8541021943092346,0.7459369897842407,0.833574116230011,14.429391860961914
164.60000610351562,150.6999969482422,147.3000030517578,27.0,170.0,170.1999969482422,140.5,50.5,166.5,6.900000095367432,176.60000610351562,174.60000610351562,81.5,102.0999984741211,162.89999389648438,76.01250457763672,1.301228642463684,0.7897533774375916,0.8325197696685791,0.7186020016670227,0.8241162300109863,14.518488883972168
162.60000610351562,153.6999969482422,146.3000030517578,61.70000076293945,135.5,158.6999969482422,142.0,47.20000076293945,138.6999969482422,27.100000381469727,160.10000610351562,158.0,79.69999694824219,102.4000015258789,146.39999389648438,69.99503326416016,1.3300611972808838,0.7911707162857056,0.8545700907707214,0.7310275435447693,0.8193544149398804,12.476886749267578
161.39999389648438,156.6999969482422,148.89999389648438,149.8000030517578,46.900001525878906,157.89999389648438,155.60000610351562,31.299999237060547,139.8000030517578,83.4000015258789,100.69999694824219,146.10000610351562,113.0,63.79999923706055,130.10000610351562,66.89317321777344,1.3652316331863403,0.7832479476928711,0.8309652805328369,0.7066749930381775,0.8133543133735657,15.851236343383789
160.60000610351562,154.6999969482422,158.3000030517578,173.0,9.699999809265137,169.8000030517578,174.39999389648438,10.5,172.60000610351562,140.89999389648438,45.0,163.5,140.89999389648438,39.20000076293945,152.60000610351562,72.88822174072266,1.3978397846221924,0.7653717994689941,0.7866819500923157,0.6668729186058044,0.7486454248428345,15.320024490356445
160.10000610351562,160.1999969482422,156.8000030517578,174.8000030517578,8.600000381469727,171.3000030517578,173.89999389648438,11.600000381469727,171.3000030517578,145.60000610351562,39.599998474121094,166.1999969482422,140.10000610351562,38.400001525878906,153.8000030517578,71.61954498291016,1.378505825996399,0.7500502467155457,0.7271810173988342,0.5977630615234375,0.6656448841094971,16.220046997070312
161.39999389648438,159.89999389648438,157.3000030517578,175.5,22.899999618530273,164.1999969482422,164.5,21.5,167.5,138.6999969482422,48.599998474121094,165.6999969482422,131.89999389648438,52.400001525878906,147.89999389648438,65.06576538085938,1.3620376586914062,0.7736939191818237,0.73944491147995,0.6272860765457153,0.6764786839485168,14.836806297302246
160.8000030517578,160.89999389648438,157.6999969482422,173.5,26.299999237060547,161.60000610351562,159.5,26.5,158.6999969482422,134.5,53.099998474121094,159.6999969482422,125.5,58.70000076293945,140.3000030517578,61.084625244140625,1.3443394899368286,0.7645925283432007,0.7237355709075928,0.6032726764678955,0.6407010555267334,14.38715934753418
157.1999969482422,161.89999389648438,162.3000030517578,169.0,29.399999618530273,162.89999389648438,156.1999969482422,32.29999923706055,149.6999969482422,122.80000305175781,65.4000015258789,148.6999969482422,120.0,61.400001525878906,132.60000610351562,59.78948974609375,1.3488050699234009,0.7834188342094421,0.7261921167373657,0.5926952362060547,0.6627886295318604,16.112051010131836
156.39999389648438,165.60000610351562,153.89999389648438,166.60000610351562,31.5,161.60000610351562,154.5,33.20000076293945,146.8000030517578,111.80000305175781,71.4000015258789,149.0,115.5999984741211,64.5,127.69999694824219,60.69447326660156,1.3558069467544556,0.7968888282775879,0.7313189506530762,0.6151738166809082,0.7049546837806702,13.448460578918457
157.89999389648438,163.60000610351562,157.60000610351562,161.60000610351562,37.5,159.89999389648438,152.1999969482422,34.79999923706055,152.39999389648438,108.4000015258789,75.30000305175781,149.1999969482422,110.9000015258789,66.19999694824219,131.0,63.398990631103516,1.362926721572876,0.7604954838752747,0.710340142250061,0.5892139673233032,0.6867308616638184,14.497296333312988
157.60000610351562,162.60000610351562,156.1999969482422,168.89999389648438,32.099998474121094,157.10000610351562,160.6999969482422,25.600000381469727,159.0,119.4000015258789,63.400001525878906,157.39999389648438,118.4000015258789,60.400001525878906,135.8000030517578,63.57719039916992,1.371813178062439,0.7574195861816406,0.7131294012069702,0.5905445218086243,0.6716678738594055,14.230428695678711
160.0,158.39999389648438,161.6999969482422,176.10000610351562,13.399999618530273,166.6999969482422,168.89999389648438,15.699999809265137,174.10000610351562,141.60000610351562,44.599998474121094,167.8000030517578,133.3000030517578,48.099998474121094,151.1999969482422,64.86424255371094,1.381666660308838,0.7687186002731323,0.7475261688232422,0.6354820132255554,0.6919561624526978,15.09516429901123
160.3000030517578,158.89999389648438,154.60000610351562,171.0,6.5,173.3000030517578,177.39999389648438,9.399999618530273,172.0,153.3000030517578,34.29999923706055,168.60000610351562,141.60000610351562,40.79999923706055,151.60000610351562,71.88778686523438,1.3789536952972412,0.7623218894004822,0.7544607520103455,0.635200560092926,0.6808338761329651,15.59646987915039
160.0,158.39999389648438,156.10000610351562,163.39999389648438,4.099999904632568,167.6999969482422,179.8000030517578,8.0,176.5,159.8000030517578,28.100000381469727,173.0,143.60000610351562,41.0,153.0,68.65129089355469,1.4074862003326416,0.781521737575531,0.7519921660423279,0.6218677759170532,0.6707465648651123,13.709558486938477
160.8000030517578,156.6999969482422,156.0,153.6999969482422,9.199999809265137,177.6999969482422,174.5,2.0999999046325684,177.5,165.89999389648438,23.100000381469727,174.0,150.10000610351562,35.70000076293945,156.39999389648438,72.37538146972656,1.401191234588623,0.7922248840332031,0.7476620674133301,0.6244818568229675,0.6769353747367859,17.209108352661133
162.60000610351562,152.89999389648438,155.5,145.89999389648438,15.100000381469727,179.5,168.10000610351562,3.5999999046325684,170.0,177.39999389648438,6.099999904632568,177.89999389648438,161.39999389648438,25.0,166.0,71.99019622802734,1.3806959390640259,0.8256806135177612,0.7852348685264587,0.682095468044281,0.7288416028022766,15.859369277954102
163.1999969482422,150.6999969482422,158.8000030517578,136.10000610351562,25.899999618530273,175.89999389648438,162.8000030517578,8.699999809265137,168.6999969482422,169.89999389648438,1.7000000476837158,177.10000610351562,163.60000610351562,23.899999618530273,168.39999389648438,74.14278411865234,1.403172492980957,0.846513569355011,0.8053862452507019,0.7315384745597839,0.7802801728248596,19.457000732421875
162.8000030517578,151.6999969482422,159.39999389648438,138.1999969482422,24.0,177.3000030517578,163.39999389648438,8.600000381469727,168.8000030517578,170.10000610351562,2.0,174.5,166.3000030517578,18.799999237060547,171.60000610351562,72.77286529541016,1.4051296710968018,0.8324092626571655,0.793756365776062,0.7155450582504272,0.7526564002037048,18.830299377441406
163.39999389648438,151.10000610351562,157.60000610351562,137.6999969482422,29.299999237060547,173.39999389648438,158.5,13.100000381469727,165.60000610351562,168.10000610351562,3.200000047683716,174.39999389648438,166.60000610351562,20.600000381469727,174.0,72.90335845947266,1.3749756813049316,0.8189401626586914,0.7983054518699646,0.7317132353782654,0.7648114562034607,16.567651748657227
163.60000610351562,150.89999389648438,154.8000030517578,134.0,31.100000381469727,174.6999969482422,157.6999969482422,14.600000381469727,165.1999969482422,160.60000610351562,9.800000190734863,173.10000610351562,172.8000030517578,14.0,176.1999969482422,72.9739990234375,1.3623015880584717,0.8476390242576599,0.8169226050376892,0.755354106426239,0.783812940120697,15.635337829589844
162.8000030517578,147.6999969482422,157.3000030517578,120.4000015258789,43.79999923706055,172.60000610351562,150.39999389648438,23.0,155.8000030517578,153.10000610351562,18.700000762939453,170.60000610351562,177.5,6.199999809265137,179.6999969482422,79.51940155029297,1.3832879066467285,0.8100358247756958,0.8039994835853577,0.7401533722877502,0.7755826711654663,14.807143211364746
163.5,147.3000030517578,157.6999969482422,128.6999969482422,35.900001525878906,173.89999389648438,154.89999389648438,18.200000762939453,163.39999389648438,153.3000030517578,18.600000381469727,169.89999389648438,177.3000030517578,4.5,175.5,74.97700500488281,1.3646992444992065,0.8318148851394653,0.8101158738136292,0.7534906268119812,0.785088837146759,15.03280258178711
163.39999389648438,148.8000030517578,156.5,128.39999389648438,38.29999923706055,172.3000030517578,156.8000030517578,16.899999618530273,163.10000610351562,150.89999389648438,20.0,171.5,179.0,4.800000190734863,178.1999969482422,74.58872985839844,1.3562252521514893,0.825762152671814,0.8245142102241516,0.7670022249221802,0.8082265853881836,16.577375411987305
165.0,144.6999969482422,159.6999969482422,121.5,45.5,169.60000610351562,149.1999969482422,23.299999237060547,158.3000030517578,148.39999389648438,23.0,170.0,177.6999969482422,0.8999999761581421,174.39999389648438,80.0429916381836,1.3607405424118042,0.8082364797592163,0.8041208982467651,0.745083749294281,0.775994062423706,16.10103416442871
164.0,145.39999389648438,155.8000030517578,116.69999694824219,49.79999923706055,166.60000610351562,147.8000030517578,26.0,155.89999389648438,142.60000610351562,27.700000762939453,167.89999389648438,174.1999969482422,3.0,173.5,78.29267120361328,1.3485667705535889,0.8191168904304504,0.8191711902618408,0.7603351473808289,0.7881829738616943,14.094633102416992
162.6999969482422,144.8000030517578,157.0,114.5,52.900001525878906,165.0,144.1999969482422,30.100000381469727,153.8000030517578,135.60000610351562,35.900001525878906,166.8000030517578,175.0,5.699999809265137,171.10000610351562,74.9059066772461,1.3328758478164673,0.8357529640197754,0.8213880062103271,0.7576918601989746,0.8000043034553528,15.429262161254883
163.10000610351562,145.39999389648438,152.8000030517578,117.19999694824219,54.5,161.5,139.89999389648438,34.29999923706055,154.0,123.4000015258789,47.400001525878906,169.3000030517578,168.0,12.600000381469727,171.60000610351562,74.42959594726562,1.3334014415740967,0.8346042633056641,0.8170290589332581,0.7474330067634583,0.7867489457130432,15.21281623840332
163.39999389648438,145.89999389648438,149.10000610351562,120.0,50.599998474121094,161.89999389648438,140.6999969482422,31.600000381469727,156.60000610351562,127.4000015258789,43.20000076293945,171.6999969482422,172.0,6.400000095367432,177.60000610351562,77.98759460449219,1.333193302154541,0.8200260400772095,0.821799099445343,0.7365493178367615,0.774616539478302,16.12027931213379
163.39999389648438,144.3000030517578,151.1999969482422,117.0,55.20000076293945,163.6999969482422,137.1999969482422,37.099998474121094,157.60000610351562,117.5,54.29999923706055,168.10000610351562,165.0,18.0,165.60000610351562,73.86996459960938,1.290785551071167,0.8520498275756836,0.8450981974601746,0.7781299352645874,0.8112190961837769,15.501885414123535
162.39999389648438,141.39999389648438,158.39999389648438,118.0,52.5,161.89999389648438,142.8000030517578,30.899999618530273,154.10000610351562,126.30000305175781,46.400001525878906,163.3000030517578,166.89999389648438,14.399999618530273,169.0,75.45008087158203,1.3150718212127686,0.8418911099433899,0.8211796283721924,0.7564406394958496,0.8069929480552673,16.089305877685547
161.39999389648438,145.0,160.5,109.9000015258789,57.5,167.6999969482422,144.1999969482422,29.299999237060547,158.6999969482422,121.4000015258789,48.900001525878906,171.5,174.1999969482422,4.900000095367432,174.39999389648438,73.36341094970703,1.3363643884658813,0.8458257913589478,0.8481537103652954,0.7898380756378174,0.8521826863288879,16.79794692993164
163.8000030517578,142.89999389648438,159.39999389648438,113.80000305175781,57.79999923706055,161.89999389648438,139.1999969482422,35.20000076293945,159.60000610351562,121.9000015258789,50.5,167.6999969482422,171.3000030517578,10.600000381469727,171.1999969482422,74.5043716430664,1.3176543712615967,0.8361749053001404,0.8567500114440918,0.8096001744270325,0.8767207264900208,19.651552200317383
163.39999389648438,145.8000030517578,154.6999969482422,128.3000030517578,44.20000076293945,163.1999969482422,150.39999389648438,21.700000762939453,164.8000030517578,132.8000030517578,38.70000076293945,171.1999969482422,178.3000030517578,0.5,179.0,75.45174407958984,1.326983094215393,0.8390940427780151,0.855460524559021,0.804208517074585,0.8851271867752075,20.374706268310547
163.3000030517578,146.10000610351562,156.60000610351562,116.0,56.70000076293945,159.89999389648438,132.89999389648438,38.70000076293945,159.10000610351562,116.0,54.79999923706055,166.60000610351562,174.60000610351562,6.5,171.6999969482422,72.37902069091797,1.282851219177246,0.848421573638916,0.8456960916519165,0.815216600894928,0.8741838335990906,22.065824508666992
162.6999969482422,144.1999969482422,147.5,119.5,55.599998474121094,156.39999389648438,130.89999389648438,42.5,158.10000610351562,99.0999984741211,71.69999694824219,168.39999389648438,175.0,10.699999809265137,166.89999389648438,65.63973236083984,1.271790862083435,0.920087993144989,0.8815683126449585,0.8101177215576172,0.8807342648506165,23.575464248657227
163.10000610351562,146.5,149.10000610351562,112.4000015258789,59.70000076293945,162.10000610351562,133.3000030517578,40.900001525878906,161.5,105.80000305175781,67.5999984741211,165.5,177.39999389648438,8.399999618530273,170.89999389648438,72.85577392578125,1.2732207775115967,0.8504250645637512,0.8469130992889404,0.8197571635246277,0.8894838094711304,24.033010482788086
163.89999389648438,148.6999969482422,155.1999969482422,136.3000030517578,32.0,170.39999389648438,156.6999969482422,15.300000190734863,166.60000610351562,152.8000030517578,20.200000762939453,171.10000610351562,175.3000030517578,6.900000095367432,176.8000030517578,72.0116195678711,1.336748719215393,0.8325424194335938,0.8372222781181335,0.7857760190963745,0.8480931520462036,19.31254768371582
164.10000610351562,151.39999389648438,157.0,148.3000030517578,17.600000381469727,177.1999969482422,166.1999969482422,5.800000190734863,173.5,175.3000030517578,4.300000190734863,178.1999969482422,167.0,21.799999237060547,163.39999389648438,72.45175170898438,1.4080966711044312,0.8317174315452576,0.8156020045280457,0.7442507147789001,0.7799029350280762,16.521501541137695
163.6999969482422,153.39999389648438,156.5,154.6999969482422,9.0,179.60000610351562,171.0,0.20000000298023224,174.1999969482422,177.5,11.600000381469727,177.89999389648438,157.8000030517578,27.600000381469727,165.3000030517578,70.73331451416016,1.4066156148910522,0.8264110684394836,0.79291832447052,0.6792910695075989,0.7315718531608582,16.04145622253418
162.6999969482422,156.10000610351562,156.6999969482422,158.3000030517578,7.400000095367432,179.39999389648438,175.10000610351562,6.099999904632568,176.3000030517578,172.10000610351562,19.100000381469727,172.0,153.89999389648438,35.900001525878906,155.8000030517578,71.98265075683594,1.4042991399765015,0.7845181822776794,0.752736508846283,0.6446384191513062,0.6923017501831055,15.172883987426758
160.8000030517578,158.1999969482422,155.3000030517578,162.0,1.600000023841858,173.1999969482422,179.1999969482422,10.899999618530273,174.1999969482422,158.8000030517578,31.200000762939453,170.8000030517578,144.8000030517578,41.20000076293945,152.3000030517578,70.95881652832031,1.4082297086715698,0.7863709330558777,0.7454068660736084,0.6137936115264893,0.6646773219108582,15.660455703735352
159.8000030517578,158.10000610351562,158.5,162.8000030517578,1.2000000476837158,175.3000030517578,179.1999969482422,10.5,168.0,159.89999389648438,29.600000381469727,169.1999969482422,146.5,40.29999923706055,151.8000030517578,67.10504150390625,1.3777339458465576,0.8091561198234558,0.734368085861206,0.5960556268692017,0.6340552568435669,14.465072631835938
158.5,159.5,155.10000610351562,156.60000610351562,13.300000190734863,172.3000030517578,175.39999389648438,5.800000190734863,173.60000610351562,164.89999389648438,25.399999618530273,173.0,150.6999969482422,37.20000076293945,153.39999389648438,65.79643249511719,1.339339256286621,0.8523728251457214,0.7886418700218201,0.6585082411766052,0.7050798535346985,14.365355491638184
158.89999389648438,160.0,150.60000610351562,157.1999969482422,8.100000381469727,179.0,177.6999969482422,8.800000190734863,167.3000030517578,139.8000030517578,47.5,174.5,136.5,46.099998474121094,145.8000030517578,64.88838195800781,1.3136088848114014,0.8554738759994507,0.8131999373435974,0.676909863948822,0.7085476517677307,16.32292938232422
158.89999389648438,161.89999389648438,146.6999969482422,159.60000610351562,5.699999809265137,175.60000610351562,177.39999389648438,12.800000190734863,151.89999389648438,135.89999389648438,50.0,169.39999389648438,134.39999389648438,48.70000076293945,139.10000610351562,63.60871505737305,1.315263271331787,0.8622252345085144,0.8189795017242432,0.6927508115768433,0.7273244857788086,15.848383903503418
158.1999969482422,161.8000030517578,147.39999389648438,159.60000610351562,3.299999952316284,166.89999389648438,175.6999969482422,14.0,141.1999969482422,127.5999984741211,58.099998474121094,170.0,130.8000030517578,52.5,136.1999969482422,65.7664566040039,1.3215442895889282,0.8453820943832397,0.8161476850509644,0.6857796311378479,0.7199721932411194,16.229211807250977
160.39999389648438,161.3000030517578,149.1999969482422,173.3000030517578,13.0,164.1999969482422,165.1999969482422,25.399999618530273,130.5,112.9000015258789,71.69999694824219,162.39999389648438,132.3000030517578,51.70000076293945,134.1999969482422,70.20452880859375,1.325857400894165,0.8257051706314087,0.7963231801986694,0.6783249974250793,0.7214474081993103,15.71926498413086
159.3000030517578,163.0,145.89999389648438,172.39999389648438,13.199999809265137,146.3000030517578,165.5,23.600000381469727,116.19999694824219,116.5,65.4000015258789,150.6999969482422,125.69999694824219,55.5,121.5999984741211,71.44013977050781,1.3295726776123047,0.8172141313552856,0.812410295009613,0.688266932964325,0.7149745225906372,15.572080612182617
159.39999389648438,161.3000030517578,150.1999969482422,160.89999389648438,0.4000000059604645,161.1999969482422,172.5,16.200000762939453,130.89999389648438,122.5,60.20000076293945,165.10000610351562,135.1999969482422,43.29999923706055,137.39999389648438,68.13736724853516,1.3241771459579468,0.8293785452842712,0.8139172196388245,0.6905054450035095,0.7259133458137512,16.412023544311523
158.1999969482422,162.60000610351562,148.1999969482422,159.6999969482422,4.5,166.1999969482422,175.89999389648438,12.300000190734863,143.0,133.39999389648438,51.0,169.1999969482422,135.3000030517578,44.900001525878906,136.8000030517578,69.74710845947266,1.2935514450073242,0.8127133250236511,0.8026325106620789,0.6696811318397522,0.697085440158844,16.834402084350586
159.8000030517578,160.3000030517578,149.60000610351562,156.10000610351562,9.199999809265137,176.10000610351562,178.60000610351562,8.0,161.0,146.1999969482422,41.5,166.5,142.39999389648438,39.599998474121094,147.5,70.10795593261719,1.3064320087432861,0.8296881914138794,0.8076969385147095,0.6591334939002991,0.7036020755767822,16.19381332397461
158.3000030517578,158.89999389648438,152.1999969482422,154.3000030517578,13.100000381469727,178.0,175.60000610351562,4.900000095367432,179.3000030517578,157.8000030517578,30.399999618530273,170.10000610351562,145.3000030517578,37.79999923706055,146.8000030517578,70.56175994873047,1.3201398849487305,0.8131802678108215,0.7851144075393677,0.6528172492980957,0.7125943899154663,16.790586471557617
159.3000030517578,158.60000610351562,150.5,157.89999389648438,8.899999618530273,177.5,176.89999389648438,7.599999904632568,173.60000610351562,160.10000610351562,29.799999237060547,167.1999969482422,145.60000610351562,41.400001525878906,144.0,73.09407043457031,1.3198390007019043,0.8190280199050903,0.7780137658119202,0.6529719233512878,0.6883328557014465,15.601338386535645
160.60000610351562,157.0,153.5,156.60000610351562,6.400000095367432,177.3000030517578,177.39999389648438,7.900000095367432,169.6999969482422,158.60000610351562,30.100000381469727,165.10000610351562,142.60000610351562,43.20000076293945,143.3000030517578,70.03030395507812,1.3120735883712769,0.8195430040359497,0.7817433476448059,0.6436197757720947,0.6793398261070251,17.709070205688477
158.60000610351562,157.60000610351562,157.1999969482422,161.10000610351562,5.900000095367432,177.60000610351562,178.0,8.100000381469727,179.5,164.10000610351562,26.100000381469727,172.8000030517578,146.60000610351562,40.70000076293945,149.5,66.9214859008789,1.321408987045288,0.8115674257278442,0.7661100029945374,0.6319433450698853,0.6671509742736816,14.549790382385254
158.60000610351562,157.3000030517578,159.6999969482422,163.3000030517578,3.0999999046325684,177.8000030517578,178.60000610351562,6.800000190734863,177.60000610351562,164.0,24.600000381469727,169.8000030517578,142.6999969482422,41.400001525878906,142.89999389648438,67.90538024902344,1.3359841108322144,0.812298595905304,0.7808251976966858,0.6482837200164795,0.6997855305671692,14.188639640808105
158.3000030517578,158.39999389648438,157.0,171.10000610351562,8.399999618530273,167.60000610351562,171.8000030517578,15.100000381469727,166.39999389648438,150.5,37.900001525878906,162.10000610351562,136.1999969482422,50.099998474121094,134.6999969482422,65.36192321777344,1.2968597412109375,0.8046141266822815,0.7764699459075928,0.6402713060379028,0.6834628582000732,14.898984909057617
158.3000030517578,160.89999389648438,155.1999969482422,171.60000610351562,10.5,163.89999389648438,167.8000030517578,18.399999618530273,160.60000610351562,143.0,44.599998474121094,160.1999969482422,133.8000030517578,53.400001525878906,130.60000610351562,66.62254333496094,1.3061379194259644,0.815199613571167,0.7850028276443481,0.6428962349891663,0.6701364517211914,14.808304786682129
158.39999389648438,165.1999969482422,153.89999389648438,177.8000030517578,21.100000381469727,162.1999969482422,159.89999389648438,30.700000762939453,143.89999389648438,131.3000030517578,57.70000076293945,145.89999389648438,127.4000015258789,60.900001525878906,121.69999694824219,65.3343505859375,1.3014190196990967,0.8070424199104309,0.7724781036376953,0.6270130276679993,0.6667153835296631,18.29317855834961
158.39999389648438,161.5,155.10000610351562,178.5,18.399999618530273,162.3000030517578,163.89999389648438,25.0,149.5,130.3000030517578,57.400001525878906,153.1999969482422,125.69999694824219,56.900001525878906,126.5999984741211,64.01506042480469,1.2993332147598267,0.8017623424530029,0.7807604074478149,0.6217651963233948,0.6656053066253662,16.0032958984375
158.8000030517578,162.89999389648438,151.1999969482422,178.89999389648438,19.799999237060547,162.1999969482422,162.60000610351562,26.200000762939453,143.60000610351562,126.5999984741211,60.5,151.1999969482422,126.0,60.0,120.30000305175781,67.68389892578125,1.2991687059402466,0.8231257796287537,0.7866858243942261,0.6441473960876465,0.6956866979598999,16.370676040649414
157.8000030517578,163.8000030517578,149.5,178.8000030517578,22.0,158.89999389648438,162.0,29.0,133.5,115.30000305175781,70.5999984741211,146.3000030517578,126.9000015258789,56.599998474121094,125.69999694824219,65.45832061767578,1.2962348461151123,0.8203458189964294,0.7733651995658875,0.6271380186080933,0.692267119884491,18.116416931152344
159.3000030517578,164.60000610351562,152.60000610351562,161.89999389648438,40.0,154.1999969482422,147.8000030517578,45.70000076293945,124.0,110.5,78.69999694824219,141.5,114.69999694824219,70.80000305175781,115.0,63.27180862426758,1.3137764930725098,0.8312346339225769,0.77104252576828,0.6197491884231567,0.6688928008079529,15.482270240783691
156.6999969482422,165.6999969482422,160.39999389648438,147.3000030517578,52.599998474121094,150.89999389648438,131.6999969482422,59.70000076293945,116.5,89.5999984741211,97.5,127.5,102.19999694824219,78.30000305175781,111.19999694824219,61.946224212646484,1.2898553609848022,0.8026885986328125,0.7521524429321289,0.628982424736023,0.7321323752403259,16.698978424072266
157.3000030517578,166.0,154.10000610351562,152.39999389648438,48.400001525878906,151.0,141.8000030517578,48.099998474121094,121.80000305175781,88.19999694824219,96.80000305175781,130.6999969482422,106.4000015258789,75.9000015258789,109.5,65.75021362304688,1.2936909198760986,0.8055145740509033,0.7780017852783203,0.6479648947715759,0.7392092347145081,16.795595169067383
157.39999389648438,163.89999389648438,154.5,158.60000610351562,40.900001525878906,152.8000030517578,151.10000610351562,38.29999923706055,127.4000015258789,96.80000305175781,89.0,131.39999389648438,112.0999984741211,67.4000015258789,114.0999984741211,67.31851959228516,1.3055436611175537,0.7967996001243591,0.7749201655387878,0.6257949471473694,0.7321232557296753,15.840798377990723
161.10000610351562,163.8000030517578,145.39999389648438,176.3000030517578,23.299999237060547,160.5,163.0,26.899999618530273,135.89999389648438,119.0999984741211,65.0,154.5,131.3000030517578,51.900001525878906,135.60000610351562,68.17559814453125,1.3165867328643799,0.8397749066352844,0.797710657119751,0.6569938063621521,0.7147731781005859,17.81296730041504
157.89999389648438,160.6999969482422,150.10000610351562,160.0,4.400000095367432,176.8000030517578,179.39999389648438,10.0,158.0,148.39999389648438,40.400001525878906,163.10000610351562,139.5,45.29999923706055,143.1999969482422,72.08556365966797,1.3299927711486816,0.8194217681884766,0.7750229835510254,0.6385993361473083,0.6780145168304443,16.683364868164062
157.8000030517578,161.10000610351562,147.6999969482422,151.89999389648438,12.899999618530273,179.10000610351562,175.60000610351562,6.099999904632568,169.0,156.0,32.29999923706055,177.0,147.10000610351562,42.099998474121094,147.5,71.51555633544922,1.3369609117507935,0.8437033891677856,0.780269980430603,0.6500303149223328,0.6929489374160767,17.863576889038086
160.60000610351562,157.3000030517578,151.0,148.10000610351562,15.100000381469727,178.8000030517578,172.0,3.4000000953674316,179.5,167.8000030517578,22.799999237060547,176.39999389648438,150.6999969482422,36.20000076293945,159.0,67.96485900878906,1.3474442958831787,0.8532662987709045,0.8027812242507935,0.6859208345413208,0.7358425259590149,17.09105110168457
160.39999389648438,158.5,147.60000610351562,136.0,24.5,178.6999969482422,166.89999389648438,1.899999976158142,174.10000610351562,166.8000030517578,22.299999237060547,177.6999969482422,156.8000030517578,33.5,161.1999969482422,71.50567626953125,1.3466354608535767,0.8503920435905457,0.7953965067863464,0.6830593943595886,0.7100552320480347,17.108007431030273
160.10000610351562,154.60000610351562,151.6999969482422,124.5999984741211,36.599998474121094,174.0,158.5,14.0,148.10000610351562,163.8000030517578,6.400000095367432,168.6999969482422,163.0,22.399999618530273,172.10000610351562,71.48394012451172,1.3482736349105835,0.8504547476768494,0.8130016922950745,0.7112193703651428,0.7467391490936279,18.622739791870117
160.1999969482422,155.5,145.89999389648438,121.80000305175781,45.599998474121094,162.89999389648438,147.60000610351562,24.799999237060547,142.39999389648438,146.89999389648438,23.899999618530273,161.8000030517578,166.60000610351562,18.399999618530273,177.39999389648438,74.76627349853516,1.3330867290496826,0.8357587456703186,0.7941858768463135,0.6867551207542419,0.729928731918335,19.53338623046875
160.8000030517578,151.0,149.5,112.30000305175781,52.599998474121094,163.6999969482422,144.10000610351562,30.0,131.0,135.8000030517578,35.400001525878906,153.1999969482422,175.89999389648438,7.599999904632568,175.3000030517578,74.291748046875,1.328682541847229,0.8475311994552612,0.8251076340675354,0.7273744344711304,0.754345715045929,17.858705520629883
161.0,148.39999389648438,150.89999389648438,110.9000015258789,54.5,161.1999969482422,138.89999389648438,33.599998474121094,138.5,135.0,37.900001525878906,156.8000030517578,178.60000610351562,0.0,172.0,74.3174819946289,1.3302847146987915,0.8583903312683105,0.8207770586013794,0.7275524735450745,0.7593749761581421,15.853769302368164
162.39999389648438,146.6999969482422,146.60000610351562,107.5999984741211,60.79999923706055,159.60000610351562,134.10000610351562,39.599998474121094,135.3000030517578,119.5999984741211,52.20000076293945,153.60000610351562,172.8000030517578,8.699999809265137,167.10000610351562,73.9446792602539,1.3058656454086304,0.858688473701477,0.8303301930427551,0.7436321973800659,0.7539162039756775,17.558862686157227
160.89999389648438,148.0,142.60000610351562,114.69999694824219,57.599998474121094,153.3000030517578,141.1999969482422,37.400001525878906,129.1999969482422,120.9000015258789,54.400001525878906,145.6999969482422,167.39999389648438,15.5,167.5,71.41361236572266,1.2717483043670654,0.8248089551925659,0.8099079728126526,0.7180773019790649,0.7540976405143738,18.931533813476562
159.1999969482422,149.0,139.60000610351562,111.0,55.900001525878906,159.0,138.10000610351562,37.099998474121094,123.30000305175781,101.9000015258789,73.9000015258789,138.60000610351562,162.10000610351562,19.799999237060547,164.5,65.88819885253906,1.293341875076294,0.867207944393158,0.8214890956878662,0.7146447896957397,0.7464538812637329,15.818936347961426
159.39999389648438,150.10000610351562,140.10000610351562,102.9000015258789,61.29999923706055,159.5,140.0,33.79999923706055,118.5999984741211,101.5,71.5,139.5,178.8000030517578,1.5,174.3000030517578,70.86257934570312,1.2946429252624512,0.8607906699180603,0.831385612487793,0.7432370781898499,0.7972276210784912,21.610965728759766
161.6999969482422,152.10000610351562,142.5,96.80000305175781,65.80000305175781,164.89999389648438,138.39999389648438,32.599998474121094,109.80000305175781,110.4000015258789,63.20000076293945,138.0,177.3000030517578,4.300000190734863,176.89999389648438,70.07543182373047,1.2651996612548828,0.8516789674758911,0.8449018597602844,0.7664995789527893,0.826782763004303,22.58367919921875
164.39999389648438,147.3000030517578,144.89999389648438,96.5,67.5999984741211,162.6999969482422,125.9000015258789,44.099998474121094,100.0,96.30000305175781,75.5,137.5,174.39999389648438,2.700000047683716,169.60000610351562,69.12487030029297,1.254134178161621,0.8478332161903381,0.8432338237762451,0.7611420154571533,0.8139477372169495,22.796680450439453
162.39999389648438,149.3000030517578,145.60000610351562,91.5999984741211,71.4000015258789,158.0,126.0999984741211,47.0,99.4000015258789,85.5,90.0999984741211,131.1999969482422,177.60000610351562,6.699999809265137,165.39999389648438,65.23977661132812,1.2811930179595947,0.8760369420051575,0.8532140254974365,0.7719664573669434,0.8135358691215515,21.938444137573242
162.8000030517578,149.1999969482422,142.1999969482422,95.5,65.80000305175781,159.39999389648438,119.5999984741211,51.0,89.5999984741211,69.4000015258789,106.30000305175781,130.5,178.39999389648438,1.5,170.8000030517578,63.14042282104492,1.275252103805542,0.887503445148468,0.8601695895195007,0.7665400505065918,0.8148304224014282,24.610225677490234
163.89999389648438,150.8000030517578,138.10000610351562,69.69999694824219,87.80000305175781,178.1999969482422,80.5999984741211,90.30000305175781,30.0,30.200000762939453,145.0,125.80000305175781,172.39999389648438,2.799999952316284,161.3000030517578,65.8363265991211,1.254667043685913,0.8689809441566467,0.8429763913154602,0.7367939949035645,0.8268485069274902,22.5977725982666
162.6999969482422,153.1999969482422,132.0,20.899999618530273,134.8000030517578,132.6999969482422,15.100000381469727,155.0,23.100000381469727,5.199999809265137,173.0,71.5999984741211,43.79999923706055,138.0,178.39999389648438,67.7266845703125,1.271837592124939,0.841880202293396,0.8520366549491882,0.7219261527061462,0.8138636946678162,17.107776641845703
163.3000030517578,154.39999389648438,131.60000610351562,16.399999618530273,140.39999389648438,144.89999389648438,13.899999618530273,155.60000610351562,19.100000381469727,6.199999809265137,168.10000610351562,34.5,40.70000076293945,138.1999969482422,173.39999389648438,70.94302368164062,1.261177897453308,0.8469559550285339,0.8530979752540588,0.7385171055793762,0.8053054809570312,17.980329513549805
165.60000610351562,152.5,130.6999969482422,10.100000381469727,147.1999969482422,156.89999389648438,18.5,151.1999969482422,8.5,9.5,164.3000030517578,42.400001525878906,51.29999923706055,130.3000030517578,154.10000610351562,75.36054229736328,1.263211965560913,0.8510789275169373,0.85228431224823,0.7431805729866028,0.8148419857025146,17.996328353881836
167.39999389648438,152.3000030517578,125.0999984741211,0.4000000059604645,155.39999389648438,127.30000305175781,4.599999904632568,178.39999389648438,8.699999809265137,5.199999809265137,169.1999969482422,31.200000762939453,35.400001525878906,144.0,171.89999389648438,77.72421264648438,1.245229959487915,0.850623369216919,0.8358369469642639,0.7347860336303711,0.7892999649047852,13.833516120910645
167.3000030517578,153.0,137.0,5.5,164.3000030517578,139.6999969482422,21.0,166.3000030517578,14.800000190734863,2.9000000953674316,169.5,25.100000381469727,12.800000190734863,170.8000030517578,155.6999969482422,75.94859313964844,1.261554479598999,0.834029495716095,0.8385531306266785,0.7236206531524658,0.797980785369873,13.654949188232422
167.0,155.1999969482422,138.1999969482422,28.700000762939453,172.8000030517578,126.5999984741211,60.900001525878906,130.0,37.5,18.600000381469727,170.10000610351562,51.29999923706055,23.700000762939453,162.10000610351562,72.9000015258789,74.2676010131836,1.2757925987243652,0.8073016405105591,0.8535223603248596,0.7281923294067383,0.7875936031341553,10.882329940795898
162.60000610351562,156.8000030517578,138.3000030517578,21.100000381469727,179.1999969482422,118.80000305175781,71.30000305175781,121.0,37.5,16.600000381469727,170.0,28.100000381469727,31.600000381469727,150.10000610351562,60.20000076293945,72.01504516601562,1.2867491245269775,0.8034808039665222,0.8652033805847168,0.7353494763374329,0.8024744987487793,12.171934127807617
162.8000030517578,155.39999389648438,143.10000610351562,24.799999237060547,176.8000030517578,120.30000305175781,83.69999694824219,106.9000015258789,44.5,17.700000762939453,168.8000030517578,46.599998474121094,44.79999923706055,137.10000610351562,67.30000305175781,72.78849792480469,1.2784703969955444,0.7994362115859985,0.8602652549743652,0.739503800868988,0.8081990480422974,13.842516899108887
162.8000030517578,158.3000030517578,142.39999389648438,39.099998474121094,161.0,109.0999984741211,73.19999694824219,116.5,47.900001525878906,19.100000381469727,166.8000030517578,42.400001525878906,40.099998474121094,140.6999969482422,69.69999694824219,71.73506164550781,1.297898769378662,0.7966038584709167,0.8597258925437927,0.7350378632545471,0.799896240234375,14.28494644165039
164.8000030517578,156.39999389648438,147.6999969482422,52.29999923706055,142.60000610351562,106.0999984741211,66.5999984741211,123.9000015258789,49.900001525878906,24.0,163.39999389648438,56.20000076293945,28.299999237060547,153.5,42.900001525878906,75.63880920410156,1.2797718048095703,0.7518264055252075,0.8245985507965088,0.6954078078269958,0.7676475048065186,10.04400634765625
160.10000610351562,161.6999969482422,155.39999389648438,74.19999694824219,128.60000610351562,110.0999984741211,87.80000305175781,102.9000015258789,74.19999694824219,44.599998474121094,140.0,92.0,63.29999923706055,115.0999984741211,88.69999694824219,73.67753601074219,1.284959077835083,0.7805699706077576,0.8072583079338074,0.6701884269714355,0.7565222978591919,17.82524299621582
160.3000030517578,167.89999389648438,145.3000030517578,84.5,117.80000305175781,106.19999694824219,92.0,97.5,80.30000305175781,49.900001525878906,133.10000610351562,92.19999694824219,63.5,119.19999694824219,81.19999694824219,73.23736572265625,1.272585153579712,0.7801058292388916,0.7917969822883606,0.6502156257629395,0.7304242253303528,16.4093074798584
161.0,166.1999969482422,151.89999389648438,89.0,113.30000305175781,114.19999694824219,91.80000305175781,98.0999984741211,82.69999694824219,49.599998474121094,134.10000610351562,95.30000305175781,61.20000076293945,121.0,80.69999694824219,72.59013366699219,1.2774783372879028,0.774465024471283,0.7803682088851929,0.6404219269752502,0.7312809824943542,14.536641120910645
159.10000610351562,169.1999969482422,150.3000030517578,99.4000015258789,106.19999694824219,114.0,100.19999694824219,89.0,88.4000015258789,52.79999923706055,130.10000610351562,92.9000015258789,62.900001525878906,120.0,76.5999984741211,70.62338256835938,1.274614691734314,0.7849655151367188,0.7696465253829956,0.6521759629249573,0.7290894389152527,13.719626426696777
157.6999969482422,168.8000030517578,151.8000030517578,114.0999984741211,86.5,132.89999389648438,110.9000015258789,79.4000015258789,95.0999984741211,62.400001525878906,122.5,100.0,74.9000015258789,110.0,81.0,69.7638931274414,1.2766410112380981,0.7920016050338745,0.7711893916130066,0.661872148513794,0.7465490102767944,14.899833679199219
158.1999969482422,171.1999969482422,149.3000030517578,116.5,87.30000305175781,126.19999694824219,112.30000305175781,77.80000305175781,98.0,64.5999984741211,119.19999694824219,109.5,74.30000305175781,110.5999984741211,82.9000015258789,69.56488800048828,1.2635924816131592,0.8008037209510803,0.7664822936058044,0.645025908946991,0.7424081563949585,12.704671859741211
157.5,165.3000030517578,153.8000030517578,155.39999389648438,46.400001525878906,153.10000610351562,144.89999389648438,47.099998474121094,119.9000015258789,98.30000305175781,89.5999984741211,123.80000305175781,107.69999694824219,75.5,107.5999984741211,64.20350646972656,1.3197027444839478,0.8207522034645081,0.7680951356887817,0.6345349550247192,0.7170076370239258,14.986858367919922
156.8000030517578,166.3000030517578,153.8000030517578,160.39999389648438,40.79999923706055,154.39999389648438,146.89999389648438,43.5,123.5,106.4000015258789,79.9000015258789,129.6999969482422,112.5999984741211,67.4000015258789,114.5999984741211,64.9461898803711,1.3230230808258057,0.7964942455291748,0.749538004398346,0.6199507713317871,0.687380850315094,17.0269832611084
158.10000610351562,164.1999969482422,156.6999969482422,161.6999969482422,37.099998474121094,157.1999969482422,147.6999969482422,40.70000076293945,127.4000015258789,112.0,75.5,131.0,116.9000015258789,64.5,116.0,64.59774017333984,1.3059837818145752,0.7873237729072571,0.7543728351593018,0.6249139308929443,0.6858904361724854,17.224708557128906
158.39999389648438,163.6999969482422,154.60000610351562,168.6999969482422,31.299999237060547,156.3000030517578,153.60000610351562,35.400001525878906,135.10000610351562,114.80000305175781,71.5,139.8000030517578,120.19999694824219,60.599998474121094,121.30000305175781,62.764305114746094,1.3146723508834839,0.7947035431861877,0.763692319393158,0.6262350082397461,0.6832173466682434,17.03605079650879
158.8000030517578,164.10000610351562,155.1999969482422,169.5,32.20000076293945,156.89999389648438,154.0,37.20000076293945,133.3000030517578,114.5,73.19999694824219,139.60000610351562,117.19999694824219,63.900001525878906,117.80000305175781,61.91457748413086,1.3105567693710327,0.7988523840904236,0.7504417896270752,0.5974962115287781,0.6579076051712036,17.426115036010742
158.8000030517578,163.6999969482422,154.10000610351562,179.8000030517578,16.600000381469727,166.5,161.6999969482422,27.600000381469727,147.39999389648438,130.89999389648438,57.20000076293945,150.0,128.8000030517578,58.29999923706055,127.5999984741211,64.4926528930664,1.3246283531188965,0.8011016249656677,0.7678233981132507,0.6170132160186768,0.6628095507621765,20.43415641784668
158.89999389648438,161.60000610351562,155.60000610351562,172.0,9.5,167.0,167.60000610351562,20.899999618530273,156.1999969482422,139.60000610351562,48.20000076293945,156.5,131.39999389648438,53.70000076293945,136.5,63.07331466674805,1.2980684041976929,0.7964704036712646,0.7572646737098694,0.6122795343399048,0.6607571840286255,17.07353973388672
157.8000030517578,162.39999389648438,156.60000610351562,170.5,7.5,168.5,169.6999969482422,17.399999618530273,166.10000610351562,143.3000030517578,44.79999923706055,161.3000030517578,136.10000610351562,51.20000076293945,134.6999969482422,62.94032669067383,1.300213098526001,0.8107528686523438,0.7633689641952515,0.629362165927887,0.6813020706176758,15.399235725402832
159.3000030517578,161.39999389648438,156.10000610351562,170.10000610351562,9.600000381469727,165.1999969482422,169.0,19.5,162.3000030517578,144.60000610351562,43.5,162.39999389648438,136.6999969482422,51.099998474121094,134.0,62.99640655517578,1.3073465824127197,0.8188814520835876,0.7763564586639404,0.6389338970184326,0.6857942938804626,14.898407936096191
159.1999969482422,160.89999389648438,155.60000610351562,172.0,10.199999809265137,168.8000030517578,170.0,19.5,163.39999389648438,141.39999389648438,47.20000076293945,161.39999389648438,134.8000030517578,51.5,138.10000610351562,63.24418258666992,1.3234684467315674,0.8093825578689575,0.7579330801963806,0.6193767189979553,0.6703543066978455,15.63668155670166
159.1999969482422,159.1999969482422,158.5,167.5,3.299999952316284,174.3000030517578,174.39999389648438,14.399999618530273,169.5,155.0,36.400001525878906,162.0,140.39999389648438,47.20000076293945,140.89999389648438,65.57225036621094,1.3146244287490845,0.8117902278900146,0.7691987752914429,0.6324352025985718,0.6710587739944458,13.865625381469727
159.3000030517578,157.3000030517578,158.8000030517578,166.0,3.9000000953674316,172.89999389648438,175.89999389648438,12.600000381469727,171.5,153.10000610351562,36.5,164.5,137.39999389648438,46.099998474121094,144.1999969482422,66.0638198852539,1.32191801071167,0.8038577437400818,0.7662793397903442,0.6269145011901855,0.6781399846076965,16.430498123168945
157.89999389648438,159.8000030517578,155.5,167.8000030517578,4.300000190734863,172.6999969482422,175.89999389648438,13.399999618530273,170.60000610351562,151.10000610351562,38.70000076293945,163.5,138.1999969482422,48.20000076293945,139.0,65.23896789550781,1.3161630630493164,0.8103208541870117,0.7724022269248962,0.6189631223678589,0.6716757416725159,15.460967063903809
157.8000030517578,160.1999969482422,149.89999389648438,163.89999389648438,1.600000023841858,178.8000030517578,179.3000030517578,11.800000190734863,170.89999389648438,143.6999969482422,44.79999923706055,171.8000030517578,138.3000030517578,42.79999923706055,146.3000030517578,65.28104400634766,1.2910735607147217,0.8469920754432678,0.7856581211090088,0.6294205784797668,0.6642286777496338,15.285700798034668
158.3000030517578,160.60000610351562,151.10000610351562,166.60000610351562,2.5,175.10000610351562,176.89999389648438,13.600000381469727,166.3000030517578,148.10000610351562,42.70000076293945,165.60000610351562,138.6999969482422,46.20000076293945,146.1999969482422,66.76446533203125,1.3273035287857056,0.8330497145652771,0.7920186519622803,0.6558048725128174,0.7020585536956787,14.904095649719238
160.10000610351562,158.5,151.6999969482422,155.6999969482422,9.800000190734863,179.1999969482422,173.89999389648438,5.5,175.6999969482422,165.0,26.799999237060547,168.6999969482422,145.10000610351562,40.400001525878906,156.60000610351562,69.52827453613281,1.3401858806610107,0.8346548676490784,0.7897922992706299,0.6603630781173706,0.7101956605911255,14.473190307617188
158.60000610351562,157.1999969482422,149.5,141.8000030517578,23.600000381469727,174.6999969482422,164.8000030517578,6.099999904632568,165.10000610351562,177.89999389648438,8.899999618530273,178.5,155.5,31.600000381469727,164.10000610351562,70.98640441894531,1.3229058980941772,0.8360565900802612,0.7865359783172607,0.6604663729667664,0.6999617218971252,14.625292778015137
158.89999389648438,157.1999969482422,153.89999389648438,127.69999694824219,40.70000076293945,171.1999969482422,159.60000610351562,15.800000190734863,150.5,164.39999389648438,6.800000190734863,169.5,164.89999389648438,21.200000762939453,174.1999969482422,70.61412811279297,1.3649922609329224,0.852128267288208,0.8308076858520508,0.7465117573738098,0.7828165888786316,13.56525707244873
159.8000030517578,154.1999969482422,153.8000030517578,120.19999694824219,52.20000076293945,167.39999389648438,148.3000030517578,28.799999237060547,147.1999969482422,148.10000610351562,24.5,164.1999969482422,177.10000610351562,6.800000190734863,175.5,72.6225357055664,1.3512622117996216,0.8328651785850525,0.8277565836906433,0.7329906821250916,0.760942816734314,12.567483901977539
158.39999389648438,154.60000610351562,151.1999969482422,114.30000305175781,57.70000076293945,164.8000030517578,146.5,30.799999237060547,144.10000610351562,145.8000030517578,27.600000381469727,159.60000610351562,177.3000030517578,6.900000095367432,175.5,74.00507354736328,1.347496509552002,0.8289045095443726,0.8200300931930542,0.7416585683822632,0.7554189562797546,14.204353332519531
160.60000610351562,150.0,154.8000030517578,105.80000305175781,66.0,166.60000610351562,144.1999969482422,34.79999923706055,147.89999389648438,134.0,40.20000076293945,163.89999389648438,176.0,5.400000095367432,170.6999969482422,77.36056518554688,1.353916883468628,0.8000280857086182,0.8257726430892944,0.7554177045822144,0.7712523937225342,13.376224517822266
159.60000610351562,152.10000610351562,150.10000610351562,106.5999984741211,64.5,167.0,146.3000030517578,32.5,146.1999969482422,132.89999389648438,42.20000076293945,160.5,176.5,4.099999904632568,172.6999969482422,74.99497985839844,1.351981520652771,0.8149442076683044,0.8188154101371765,0.7510698437690735,0.7711282968521118,14.205241203308105
160.0,150.10000610351562,149.1999969482422,103.69999694824219,66.19999694824219,163.39999389648438,144.10000610351562,33.900001525878906,140.8000030517578,133.8000030517578,41.79999923706055,156.8000030517578,178.6999969482422,4.099999904632568,171.39999389648438,76.56346893310547,1.3531582355499268,0.8172852993011475,0.8281609416007996,0.75035160779953,0.7658247351646423,15.756936073303223
160.3000030517578,149.39999389648438,146.39999389648438,103.4000015258789,68.69999694824219,161.6999969482422,138.39999389648438,40.20000076293945,140.8000030517578,122.30000305175781,54.400001525878906,155.39999389648438,168.5,15.300000190734863,169.0,77.38434600830078,1.3432234525680542,0.8304676413536072,0.8418241739273071,0.7579367756843567,0.7797846794128418,13.698695182800293
159.1999969482422,149.8000030517578,149.10000610351562,105.0,67.30000305175781,160.0,138.89999389648438,39.0,140.6999969482422,128.10000610351562,47.70000076293945,157.0,172.60000610351562,10.0,169.5,75.16171264648438,1.3371145725250244,0.8230786323547363,0.8196922540664673,0.7425447702407837,0.7602165341377258,14.75454044342041
160.39999389648438,149.5,146.10000610351562,108.0,65.5,160.0,140.60000610351562,37.29999923706055,142.10000610351562,132.8000030517578,43.400001525878906,155.89999389648438,172.8000030517578,9.899999618530273,170.10000610351562,78.33625030517578,1.3402076959609985,0.8210885524749756,0.8124455213546753,0.7399910688400269,0.7458418607711792,14.547533988952637
160.8000030517578,148.10000610351562,144.89999389648438,105.30000305175781,65.9000015258789,157.89999389648438,140.0,36.79999923706055,140.1999969482422,130.10000610351562,44.5,154.5,169.8000030517578,11.399999618530273,170.60000610351562,77.28073120117188,1.3288555145263672,0.8292944431304932,0.8169204592704773,0.7452852725982666,0.755733072757721,14.760515213012695
160.0,146.5,146.6999969482422,99.9000015258789,69.0999984741211,164.0,135.10000610351562,42.70000076293945,136.39999389648438,119.4000015258789,57.5,149.8000030517578,162.39999389648438,19.799999237060547,168.39999389648438,79.11136627197266,1.3454216718673706,0.8083440065383911,0.8291407823562622,0.7315813302993774,0.7389208078384399,12.890816688537598
160.5,147.3000030517578,147.8000030517578,107.0,60.79999923706055,164.1999969482422,142.6999969482422,34.5,139.60000610351562,131.3000030517578,41.900001525878906,157.60000610351562,174.3000030517578,5.900000095367432,173.3000030517578,77.00442504882812,1.3450372219085693,0.826912522315979,0.8284178972244263,0.7433434724807739,0.7566108703613281,14.92353343963623
160.6999969482422,146.8000030517578,152.3000030517578,103.9000015258789,69.5999984741211,158.8000030517578,130.89999389648438,45.599998474121094,141.39999389648438,116.19999694824219,56.599998474121094,161.8000030517578,165.6999969482422,16.600000381469727,166.3000030517578,75.93082427978516,1.3625632524490356,0.8311428427696228,0.8242985010147095,0.732772171497345,0.7497552633285522,13.392660140991211
159.89999389648438,151.8000030517578,153.60000610351562,113.0,59.599998474121094,165.0,142.5,36.29999923706055,143.5,136.10000610351562,38.70000076293945,158.1999969482422,173.8000030517578,5.300000190734863,174.60000610351562,74.99398803710938,1.3589529991149902,0.8147486448287964,0.8055731654167175,0.7393571734428406,0.7531031370162964,14.613960266113281
161.89999389648438,149.89999389648438,153.8000030517578,118.0,55.599998474121094,162.0,146.5,30.700000762939453,146.3000030517578,143.8000030517578,27.899999618530273,166.3000030517578,177.3000030517578,6.5,178.5,75.50643157958984,1.3736118078231812,0.8183977603912354,0.8099637627601624,0.7243393659591675,0.7469929456710815,14.974322319030762
162.6999969482422,146.5,154.89999389648438,117.4000015258789,56.599998474121094,161.3000030517578,139.5,37.900001525878906,145.0,138.5,35.79999923706055,160.60000610351562,179.5,0.5,172.5,74.39295959472656,1.347658395767212,0.8317844271659851,0.8099690675735474,0.7312135696411133,0.7417943477630615,14.452887535095215
161.5,146.0,153.39999389648438,110.4000015258789,58.79999923706055,161.0,141.1999969482422,34.5,143.1999969482422,135.8000030517578,37.900001525878906,160.60000610351562,177.3000030517578,8.600000381469727,166.5,78.83055877685547,1.3480734825134277,0.8107269406318665,0.8044187426567078,0.7179385423660278,0.7221153974533081,14.702844619750977
160.8000030517578,145.5,153.3000030517578,106.19999694824219,65.69999694824219,161.5,136.89999389648438,40.5,136.60000610351562,125.69999694824219,46.0,159.0,173.1999969482422,7.800000190734863,170.5,76.62225341796875,1.3304314613342285,0.8343632817268372,0.8296433687210083,0.7489160895347595,0.768287181854248,15.267204284667969
160.3000030517578,146.60000610351562,151.60000610351562,98.5999984741211,70.5,163.1999969482422,137.0,41.0,136.6999969482422,123.9000015258789,51.400001525878906,153.8000030517578,169.3000030517578,14.699999809265137,168.89999389648438,77.97357177734375,1.3308097124099731,0.8286474347114563,0.8387901782989502,0.7510080933570862,0.7589585781097412,15.09859561920166
158.10000610351562,146.6999969482422,144.8000030517578,101.5999984741211,65.69999694824219,163.0,132.60000610351562,46.29999923706055,121.5999984741211,107.9000015258789,70.5999984741211,136.3000030517578,164.1999969482422,23.5,163.0,72.65422058105469,1.3151806592941284,0.8655867576599121,0.8571763038635254,0.7502462267875671,0.7593750953674316,15.203371047973633
157.10000610351562,149.10000610351562,145.1999969482422,99.80000305175781,69.5,160.3000030517578,124.5,55.29999923706055,123.69999694824219,100.0,81.19999694824219,134.3000030517578,153.89999389648438,31.700000762939453,162.1999969482422,67.33975219726562,1.3283528089523315,0.89080411195755,0.8503221869468689,0.7480001449584961,0.7409918308258057,13.969018936157227
157.3000030517578,148.3000030517578,145.60000610351562,96.5999984741211,70.69999694824219,158.1999969482422,126.30000305175781,51.0,123.5,108.80000305175781,68.5,139.1999969482422,163.5,20.200000762939453,164.60000610351562,70.70166778564453,1.3322077989578247,0.8682857155799866,0.8442001342773438,0.7399328947067261,0.7585795521736145,15.762947082519531
158.5,147.0,148.0,102.5,69.80000305175781,156.8000030517578,125.5,54.099998474121094,121.5999984741211,109.5,69.30000305175781,139.39999389648438,160.89999389648438,27.0,160.8000030517578,67.73046112060547,1.3076404333114624,0.8693358302116394,0.8501999974250793,0.7595017552375793,0.7762126922607422,16.119054794311523
156.10000610351562,149.6999969482422,146.10000610351562,97.30000305175781,67.9000015258789,160.0,123.80000305175781,52.79999923706055,114.5,96.4000015258789,81.19999694824219,130.89999389648438,164.60000610351562,19.700000762939453,166.6999969482422,67.07589721679688,1.3415607213974,0.8705071806907654,0.8479382991790771,0.7339280843734741,0.7523562908172607,15.521718978881836
155.89999389648438,149.1999969482422,146.5,95.69999694824219,71.9000015258789,155.6999969482422,123.5,54.70000076293945,117.0,97.69999694824219,79.0,136.10000610351562,162.0,21.100000381469727,168.5,67.62457275390625,1.332356333732605,0.8721200823783875,0.8413022756576538,0.7343453168869019,0.742951512336731,16.335161209106445
159.6999969482422,145.3000030517578,149.10000610351562,100.0,68.5999984741211,159.89999389648438,126.0,52.79999923706055,130.39999389648438,104.4000015258789,72.5999984741211,144.89999389648438,160.6999969482422,24.299999237060547,166.39999389648438,66.97923278808594,1.307788372039795,0.8998210430145264,0.8619969487190247,0.7594509720802307,0.7910739183425903,15.212660789489746
158.1999969482422,144.0,151.0,85.5,85.5999984741211,149.1999969482422,115.0,64.80000305175781,115.19999694824219,94.5,85.30000305175781,135.39999389648438,153.39999389648438,36.70000076293945,156.1999969482422,68.48217010498047,1.342130184173584,0.9181133508682251,0.8702796101570129,0.7573363780975342,0.7726210355758667,14.30879020690918
156.1999969482422,149.60000610351562,150.6999969482422,92.5,75.0,156.0,122.30000305175781,53.79999923706055,126.4000015258789,101.5,76.4000015258789,144.39999389648438,166.10000610351562,19.700000762939453,165.8000030517578,69.70683288574219,1.3253638744354248,0.865912139415741,0.8377708196640015,0.7430480122566223,0.7703604102134705,18.308609008789062
162.89999389648438,143.6999969482422,152.6999969482422,112.4000015258789,63.400001525878906,150.0,128.6999969482422,50.900001525878906,124.80000305175781,111.9000015258789,66.80000305175781,137.5,162.6999969482422,29.100000381469727,153.8000030517578,65.5027847290039,1.2824642658233643,0.8928852677345276,0.8565328121185303,0.7755553126335144,0.7935611605644226,18.963964462280273
162.5,145.10000610351562,148.3000030517578,95.19999694824219,70.19999694824219,158.5,122.80000305175781,53.099998474121094,131.5,94.69999694824219,83.5999984741211,142.5,154.1999969482422,32.599998474121094,161.5,71.28357696533203,1.3018934726715088,0.8784428834915161,0.8688363432884216,0.7728115916252136,0.7953863143920898,16.215564727783203
157.89999389648438,150.8000030517578,145.60000610351562,94.5999984741211,71.0999984741211,159.3000030517578,121.69999694824219,55.20000076293945,114.80000305175781,94.5999984741211,83.5,132.3000030517578,157.39999389648438,29.0,156.89999389648438,68.82949829101562,1.311519742012024,0.868619441986084,0.8435903191566467,0.7511842846870422,0.7612800598144531,16.141551971435547
159.3000030517578,145.10000610351562,146.60000610351562,98.30000305175781,73.5999984741211,155.3000030517578,124.5,52.79999923706055,132.3000030517578,106.5999984741211,68.4000015258789,153.1999969482422,173.6999969482422,15.100000381469727,160.6999969482422,65.87884521484375,1.319830060005188,0.8913931250572205,0.8475499153137207,0.7341426014900208,0.7876369953155518,17.154043197631836
155.5,148.39999389648438,143.60000610351562,102.19999694824219,71.0,154.8000030517578,120.0999984741211,61.099998474121094,117.5,99.0,80.9000015258789,138.39999389648438,153.0,37.099998474121094,160.10000610351562,66.63600158691406,1.3087869882583618,0.8874803781509399,0.8409323692321777,0.7285921573638916,0.7584134340286255,15.298245429992676
157.0,147.6999969482422,146.6999969482422,93.30000305175781,74.19999694824219,155.0,124.5999984741211,50.099998474121094,123.69999694824219,105.4000015258789,72.0999984741211,141.10000610351562,162.5,16.200000762939453,179.6999969482422,70.63090515136719,1.320866346359253,0.8915145397186279,0.8472762703895569,0.7301735877990723,0.779511570930481,14.335413932800293
156.39999389648438,148.89999389648438,149.1999969482422,90.0999984741211,78.0999984741211,154.3000030517578,116.9000015258789,58.79999923706055,112.0,94.9000015258789,82.0,133.39999389648438,164.6999969482422,23.0,161.0,68.85236358642578,1.308439016342163,0.8804451823234558,0.8488814830780029,0.7377158999443054,0.7690904140472412,17.363813400268555
157.60000610351562,147.6999969482422,146.5,79.5,84.5999984741211,150.60000610351562,96.5,77.5,88.80000305175781,60.400001525878906,118.0999984741211,125.69999694824219,148.1999969482422,41.5,155.1999969482422,61.800662994384766,1.3292934894561768,0.9142652750015259,0.8463464379310608,0.7182855606079102,0.7701039910316467,17.852903366088867
159.1999969482422,143.89999389648438,154.5,85.69999694824219,83.0,149.8000030517578,107.0999984741211,70.69999694824219,100.4000015258789,85.5,94.69999694824219,129.3000030517578,162.6999969482422,28.299999237060547,156.3000030517578,61.46457290649414,1.3115445375442505,0.8877232670783997,0.8471346497535706,0.7516651153564453,0.788554847240448,15.584832191467285
163.10000610351562,146.60000610351562,147.60000610351562,97.0999984741211,69.5,164.60000610351562,135.60000610351562,36.400001525878906,125.80000305175781,109.69999694824219,61.099998474121094,154.5,172.1999969482422,4.0,176.60000610351562,70.10099029541016,1.2815543413162231,0.823712944984436,0.8380172848701477,0.7574761509895325,0.8145131468772888,18.891340255737305
162.1999969482422,150.5,141.8000030517578,92.9000015258789,74.0,168.60000610351562,136.89999389648438,35.400001525878906,121.9000015258789,99.4000015258789,73.19999694824219,147.3000030517578,175.1999969482422,0.20000000298023224,174.8000030517578,72.78644561767578,1.3077921867370605,0.8333874344825745,0.8545368313789368,0.7682293653488159,0.8167850971221924,19.632741928100586
163.60000610351562,152.3000030517578,140.60000610351562,119.30000305175781,43.70000076293945,176.8000030517578,165.5,6.900000095367432,162.5,179.1999969482422,7.5,172.5,164.60000610351562,19.700000762939453,170.1999969482422,70.17716217041016,1.320206642150879,0.8651046752929688,0.8576319813728333,0.7734149098396301,0.8378360271453857,17.152292251586914
160.3000030517578,154.0,151.8000030517578,120.19999694824219,46.79999923706055,172.5,163.10000610351562,11.899999618530273,154.0,164.60000610351562,6.199999809265137,173.39999389648438,168.8000030517578,15.0,172.10000610351562,73.7969970703125,1.3442257642745972,0.826442539691925,0.8339740037918091,0.7514694333076477,0.7991552352905273,16.260486602783203
158.89999389648438,154.39999389648438,150.5,122.0,46.29999923706055,168.89999389648438,159.6999969482422,15.5,149.5,160.1999969482422,10.800000190734863,165.39999389648438,176.39999389648438,10.5,174.0,73.7148208618164,1.3233634233474731,0.8322451710700989,0.8305256366729736,0.741590142250061,0.794721782207489,15.412755012512207
162.60000610351562,153.1999969482422,153.0,134.39999389648438,33.0,174.3000030517578,161.39999389648438,12.800000190734863,166.10000610351562,160.5,8.600000381469727,179.8000030517578,172.10000610351562,14.0,173.39999389648438,75.48416137695312,1.382629156112671,0.8010345101356506,0.8032740950584412,0.7268518209457397,0.7890794277191162,12.87407112121582
163.8000030517578,155.3000030517578,147.60000610351562,145.8000030517578,18.600000381469727,179.1999969482422,169.8000030517578,0.30000001192092896,175.8000030517578,179.39999389648438,11.899999618530273,172.39999389648438,161.3000030517578,31.200000762939453,161.1999969482422,75.83807373046875,1.394460916519165,0.8026953935623169,0.792225182056427,0.7216550707817078,0.7830870151519775,12.497894287109375
163.1999969482422,154.60000610351562,149.8000030517578,150.5,14.5,179.10000610351562,172.8000030517578,1.600000023841858,177.1999969482422,178.0,15.300000190734863,171.8000030517578,159.1999969482422,32.5,162.0,72.99275970458984,1.3715662956237793,0.8019488453865051,0.8116482496261597,0.7447752356529236,0.7982171773910522,12.364409446716309
163.3000030517578,155.39999389648438,152.1999969482422,154.5,12.100000381469727,179.0,173.8000030517578,1.600000023841858,176.5,177.1999969482422,15.399999618530273,169.0,157.89999389648438,32.599998474121094,158.89999389648438,72.29291534423828,1.3774218559265137,0.8014764785766602,0.791204035282135,0.7120758891105652,0.7704052925109863,14.204530715942383
163.5,154.89999389648438,153.1999969482422,152.39999389648438,13.600000381469727,179.60000610351562,172.39999389648438,1.5,178.0,174.8000030517578,17.899999618530273,170.8000030517578,158.0,33.5,160.0,72.2873306274414,1.3821208477020264,0.7994985580444336,0.7876503467559814,0.703687846660614,0.747420608997345,13.61690616607666
159.89999389648438,156.3000030517578,152.3000030517578,147.5,20.600000381469727,176.0,166.89999389648438,4.5,173.6999969482422,177.5,8.100000381469727,178.6999969482422,162.10000610351562,28.100000381469727,163.6999969482422,71.39421081542969,1.3784664869308472,0.8173755407333374,0.7855420112609863,0.7139675617218018,0.7410410642623901,13.23932933807373
157.8000030517578,159.89999389648438,152.5,151.89999389648438,25.399999618530273,165.10000610351562,171.6999969482422,4.400000095367432,173.89999389648438,177.5,10.5,178.10000610351562,162.3000030517578,24.700000762939453,167.39999389648438,57.691070556640625,1.3373583555221558,0.9305278658866882,0.88164222240448,0.7435913681983948,0.7735578417778015,10.311866760253906
160.8000030517578,159.1999969482422,150.8000030517578,157.0,10.100000381469727,178.10000610351562,178.3000030517578,5.900000095367432,176.5,164.8000030517578,23.5,171.8000030517578,156.5,32.79999923706055,155.8000030517578,54.80619430541992,1.2782536745071411,0.921373188495636,0.9115098118782043,0.8085260987281799,0.782243013381958,15.848053932189941
159.10000610351562,159.5,153.3000030517578,160.10000610351562,12.699999809265137,174.0,177.0,10.300000190734863,162.5,155.8000030517578,31.799999237060547,170.60000610351562,149.5,33.79999923706055,155.6999969482422,60.5458869934082,1.2603585720062256,0.8454009890556335,0.8382735252380371,0.7290862202644348,0.7460705041885376,16.198495864868164
159.8000030517578,159.39999389648438,148.89999389648438,156.0,7.900000095367432,170.8000030517578,176.3000030517578,11.899999618530273,158.60000610351562,145.3000030517578,38.5,178.39999389648438,145.8000030517578,42.20000076293945,134.5,62.22574996948242,1.3020431995391846,0.8607968091964722,0.8407019376754761,0.7406747937202454,0.7538437843322754,14.826422691345215
159.3000030517578,161.5,147.0,161.8000030517578,0.0,158.60000610351562,170.8000030517578,16.299999237060547,137.60000610351562,128.89999389648438,52.79999923706055,170.60000610351562,137.39999389648438,47.099998474121094,130.10000610351562,65.99732971191406,1.2957475185394287,0.8356847763061523,0.8272587060928345,0.7173185348510742,0.7407110333442688,15.45102310180664
158.8000030517578,159.60000610351562,149.10000610351562,153.6999969482422,10.399999618530273,169.6999969482422,178.39999389648438,7.599999904632568,166.10000610351562,147.8000030517578,36.099998474121094,177.60000610351562,146.5,39.400001525878906,141.0,67.17950439453125,1.307013750076294,0.8373441100120544,0.8271123766899109,0.7215114831924438,0.7412943840026855,15.556388854980469
159.1999969482422,158.60000610351562,149.0,154.1999969482422,13.300000190734863,178.89999389648438,178.10000610351562,4.699999809265137,175.60000610351562,160.3000030517578,29.299999237060547,171.1999969482422,150.3000030517578,37.29999923706055,152.10000610351562,72.42542266845703,1.3237762451171875,0.8118537664413452,0.7929765582084656,0.6912470459938049,0.7454736828804016,16.533226013183594
159.60000610351562,158.60000610351562,152.6999969482422,159.0,6.900000095367432,175.8000030517578,177.8000030517578,8.5,177.0,153.6999969482422,34.400001525878906,168.10000610351562,149.39999389648438,36.900001525878906,150.5,71.03299713134766,1.3389554023742676,0.8162352442741394,0.8011387586593628,0.7014753222465515,0.7703174352645874,16.6970272064209
158.89999389648438,157.5,151.5,151.6999969482422,15.199999809265137,177.89999389648438,176.3000030517578,2.4000000953674316,175.8000030517578,159.3000030517578,28.600000381469727,176.0,150.8000030517578,35.20000076293945,153.3000030517578,74.3585205078125,1.3338037729263306,0.8016080856323242,0.793330192565918,0.6898123621940613,0.7422277331352234,17.739980697631836
158.10000610351562,157.89999389648438,156.89999389648438,162.5,4.599999904632568,175.6999969482422,178.89999389648438,9.399999618530273,170.39999389648438,153.6999969482422,34.900001525878906,167.6999969482422,140.5,43.400001525878906,148.3000030517578,75.9964828491211,1.3511295318603516,0.7816773653030396,0.764164388179779,0.6466996073722839,0.7034972906112671,16.48959732055664
157.5,158.60000610351562,154.89999389648438,167.39999389648438,2.200000047683716,170.3000030517578,176.10000610351562,11.800000190734863,173.60000610351562,146.5,41.900001525878906,169.1999969482422,135.1999969482422,47.599998474121094,146.39999389648438,75.01779174804688,1.3502235412597656,0.7797840237617493,0.7783878445625305,0.6666910648345947,0.7195979356765747,15.652294158935547
158.60000610351562,158.5,152.8000030517578,166.39999389648438,0.8999999761581421,173.39999389648438,173.8000030517578,14.699999809265137,169.6999969482422,147.6999969482422,41.70000076293945,166.0,139.1999969482422,45.5,148.39999389648438,73.57414245605469,1.3452531099319458,0.7920477390289307,0.7614724040031433,0.6367846131324768,0.6903159618377686,15.387775421142578
158.60000610351562,159.1999969482422,152.8000030517578,171.10000610351562,6.5,170.6999969482422,170.5,18.600000381469727,160.8000030517578,141.1999969482422,47.79999923706055,159.60000610351562,133.60000610351562,49.900001525878906,136.5,73.08819580078125,1.3447374105453491,0.7891010046005249,0.7648339867591858,0.6439341306686401,0.703462541103363,17.893678665161133
161.1999969482422,158.60000610351562,153.0,174.0,11.899999618530273,164.89999389648438,162.8000030517578,26.200000762939453,149.3000030517578,134.60000610351562,54.79999923706055,154.6999969482422,131.5,52.29999923706055,136.6999969482422,71.09798431396484,1.3291754722595215,0.795791506767273,0.7706164717674255,0.6376392841339111,0.6883209347724915,18.047523498535156
158.6999969482422,158.3000030517578,153.1999969482422,172.8000030517578,8.5,166.60000610351562,169.39999389648438,18.0,157.60000610351562,142.8000030517578,46.0,157.89999389648438,133.39999389648438,49.79999923706055,140.5,75.15930938720703,1.3249620199203491,0.7719042897224426,0.7618478536605835,0.6257748603820801,0.6690120100975037,15.880364418029785
157.60000610351562,158.10000610351562,153.39999389648438,176.39999389648438,12.600000381469727,165.8000030517578,167.1999969482422,21.0,154.8000030517578,137.3000030517578,51.20000076293945,157.8000030517578,126.19999694824219,55.400001525878906,137.60000610351562,74.77637481689453,1.31996488571167,0.7712414264678955,0.7568838596343994,0.6215401887893677,0.6690730452537537,15.782376289367676
159.0,158.0,153.6999969482422,175.60000610351562,11.600000381469727,167.1999969482422,163.89999389648438,24.0,150.6999969482422,129.1999969482422,59.20000076293945,155.6999969482422,124.69999694824219,57.0,139.3000030517578,71.74409484863281,1.324878215789795,0.7823027968406677,0.7540985941886902,0.6110144853591919,0.6603965759277344,15.758689880371094
156.8000030517578,158.6999969482422,159.6999969482422,176.0,13.0,166.39999389648438,167.6999969482422,22.0,154.10000610351562,126.19999694824219,63.400001525878906,159.39999389648438,122.4000015258789,59.900001525878906,141.10000610351562,71.07826232910156,1.3605879545211792,0.7910804152488708,0.751402735710144,0.5956986546516418,0.6363717913627625,17.40665054321289
156.3000030517578,158.1999969482422,162.5,177.60000610351562,14.899999618530273,166.8000030517578,167.3000030517578,24.600000381469727,146.0,124.5999984741211,65.69999694824219,157.1999969482422,116.19999694824219,66.0,138.6999969482422,72.08961486816406,1.3680404424667358,0.8081066012382507,0.7680482864379883,0.6192070841789246,0.6469205617904663,15.4430513381958
157.5,157.0,163.89999389648438,176.8000030517578,14.0,167.3000030517578,167.3000030517578,24.299999237060547,151.89999389648438,128.0,62.79999923706055,159.60000610351562,120.19999694824219,62.79999923706055,142.0,69.72467803955078,1.360708236694336,0.823747456073761,0.7745462656021118,0.641418993473053,0.6699862480163574,14.778409004211426
156.5,163.5,172.3000030517578,179.60000610351562,14.899999618530273,172.89999389648438,163.89999389648438,26.899999618530273,151.10000610351562,129.5,60.70000076293945,155.0,122.80000305175781,61.400001525878906,136.89999389648438,69.73979949951172,1.4016891717910767,0.8141945600509644,0.7554617524147034,0.6190904378890991,0.6439499855041504,14.016422271728516
158.5,158.5,159.89999389648438,177.39999389648438,16.0,164.0,162.0,29.100000381469727,143.6999969482422,123.5,64.30000305175781,155.5,118.30000305175781,65.5,130.89999389648438,71.63008880615234,1.3512892723083496,0.7982397079467773,0.7597543597221375,0.6243171691894531,0.6537857055664062,13.818368911743164
158.39999389648438,156.6999969482422,161.0,178.0,12.300000190734863,170.6999969482422,167.39999389648438,22.100000381469727,153.6999969482422,132.0,59.599998474121094,154.0,127.69999694824219,53.099998474121094,143.10000610351562,70.01979064941406,1.3486578464508057,0.8028978705406189,0.779537558555603,0.6561471223831177,0.7064667344093323,17.475109100341797
157.39999389648438,158.1999969482422,163.6999969482422,174.89999389648438,7.699999809265137,172.10000610351562,169.0,18.899999618530273,159.3000030517578,145.60000610351562,44.5,157.8000030517578,130.89999389648438,51.20000076293945,141.89999389648438,69.11629486083984,1.3613905906677246,0.7867386341094971,0.766739547252655,0.6399015784263611,0.6755490899085999,16.273834228515625
156.5,157.10000610351562,164.6999969482422,177.8000030517578,14.0,169.1999969482422,167.39999389648438,22.100000381469727,157.39999389648438,137.3000030517578,52.599998474121094,158.8000030517578,125.5,56.5,134.89999389648438,68.07478332519531,1.3568129539489746,0.7843443751335144,0.7649182677268982,0.6396705508232117,0.6778174638748169,15.429740905761719
159.5,156.60000610351562,160.60000610351562,169.6999969482422,27.399999618530273,162.6999969482422,157.8000030517578,32.70000076293945,147.39999389648438,111.5999984741211,80.5,150.39999389648438,110.5999984741211,72.80000305175781,129.5,66.35555267333984,1.336445689201355,0.7905970811843872,0.781737208366394,0.663199245929718,0.7191300392150879,14.963512420654297
158.1999969482422,159.3000030517578,166.0,158.10000610351562,38.79999923706055,162.39999389648438,147.3000030517578,46.20000076293945,136.8000030517578,98.5999984741211,94.30000305175781,139.39999389648438,107.5999984741211,78.30000305175781,122.0999984741211,65.96670532226562,1.319172978401184,0.7758522629737854,0.7572203278541565,0.626157283782959,0.7014880776405334,15.673225402832031
158.1999969482422,157.8000030517578,163.39999389648438,179.10000610351562,15.699999809265137,171.1999969482422,164.89999389648438,26.100000381469727,151.5,122.30000305175781,70.19999694824219,153.60000610351562,125.19999694824219,59.70000076293945,137.1999969482422,68.16136169433594,1.3247885704040527,0.808497965335846,0.7840135097503662,0.6673677563667297,0.7191066741943359,16.32244110107422
157.1999969482422,156.5,163.10000610351562,160.39999389648438,5.0,174.1999969482422,178.8000030517578,8.699999809265137,168.5,155.89999389648438,35.29999923706055,166.10000610351562,133.39999389648438,52.0,143.5,72.72792053222656,1.3596835136413574,0.7902565598487854,0.7678247094154358,0.6639474630355835,0.6899601817131042,15.883036613464355
157.0,155.6999969482422,162.0,144.0,26.899999618530273,172.39999389648438,164.5,6.900000095367432,170.6999969482422,174.10000610351562,15.100000381469727,179.10000610351562,147.89999389648438,37.29999923706055,157.6999969482422,75.74571990966797,1.369171142578125,0.8033637404441833,0.7721777558326721,0.6665473580360413,0.6970060467720032,16.88578987121582
158.1999969482422,155.8000030517578,162.0,119.5,48.099998474121094,174.1999969482422,158.6999969482422,16.100000381469727,161.89999389648438,176.60000610351562,3.299999952316284,179.60000610351562,159.3000030517578,27.399999618530273,166.0,77.15569305419922,1.41940438747406,0.7999571561813354,0.8017451763153076,0.7306554913520813,0.7721142172813416,17.818729400634766
159.5,154.10000610351562,163.39999389648438,115.19999694824219,53.79999923706055,172.8000030517578,153.60000610351562,23.399999618530273,150.6999969482422,156.8000030517578,13.800000190734863,172.39999389648438,167.5,19.700000762939453,171.89999389648438,79.44511413574219,1.4059863090515137,0.7854743003845215,0.7938812375068665,0.7323060035705566,0.7503753304481506,11.619738578796387
158.89999389648438,154.10000610351562,160.60000610351562,106.80000305175781,62.79999923706055,162.8000030517578,142.89999389648438,33.5,142.10000610351562,135.10000610351562,38.29999923706055,158.39999389648438,172.5,6.300000190734863,171.10000610351562,78.43389129638672,1.4008973836898804,0.783759355545044,0.79033362865448,0.7288962602615356,0.7440987825393677,16.26362419128418
159.89999389648438,153.0,161.89999389648438,103.5,67.80000305175781,160.6999969482422,142.1999969482422,35.70000076293945,138.89999389648438,132.0,40.099998474121094,159.5,175.8000030517578,6.0,175.6999969482422,75.97042846679688,1.3946657180786133,0.8074172139167786,0.8238986134529114,0.7723075151443481,0.7848939895629883,16.50050163269043
159.6999969482422,152.39999389648438,163.0,102.19999694824219,66.5,162.0,140.5,35.5,143.10000610351562,133.39999389648438,37.79999923706055,163.89999389648438,178.3000030517578,4.900000095367432,177.3000030517578,76.92410278320312,1.3917418718338013,0.7998920679092407,0.8091683387756348,0.7522593140602112,0.7735127806663513,16.775659561157227
161.3000030517578,150.6999969482422,165.10000610351562,103.4000015258789,64.19999694824219,163.10000610351562,137.6999969482422,37.29999923706055,145.60000610351562,134.89999389648438,35.29999923706055,165.6999969482422,178.0,5.099999904632568,175.8000030517578,77.41169738769531,1.3941386938095093,0.7827921509742737,0.7883340120315552,0.7468559741973877,0.7745804190635681,15.773616790771484
158.8000030517578,155.3000030517578,164.8000030517578,121.69999694824219,44.0,172.60000610351562,158.60000610351562,15.399999618530273,157.10000610351562,162.60000610351562,7.300000190734863,176.5,163.60000610351562,24.600000381469727,163.39999389648438,76.89642333984375,1.3956272602081299,0.7854400873184204,0.7921359539031982,0.7269449234008789,0.7673235535621643,16.014097213745117
158.3000030517578,156.3000030517578,169.3000030517578,125.30000305175781,40.70000076293945,179.6999969482422,165.1999969482422,9.899999618530273,164.3000030517578,176.8000030517578,5.0,178.8000030517578,155.89999389648438,30.200000762939453,161.8000030517578,74.03054809570312,1.3848851919174194,0.8018243908882141,0.8145918846130371,0.7402738928794861,0.7955217361450195,15.987383842468262
157.6999969482422,158.0,172.5,133.5,33.099998474121094,175.60000610351562,170.5,6.0,167.1999969482422,177.10000610351562,10.5,179.60000610351562,152.3000030517578,32.900001525878906,159.60000610351562,75.5865478515625,1.3733502626419067,0.7847381234169006,0.7877016663551331,0.7135657072067261,0.7620233297348022,17.719022750854492
157.5,157.5,177.89999389648438,139.39999389648438,26.200000762939453,172.8000030517578,173.3000030517578,2.0,172.8000030517578,175.0,13.600000381469727,175.3000030517578,145.8000030517578,40.900001525878906,159.0,73.17496490478516,1.373582363128662,0.7959870100021362,0.7998287081718445,0.7283374667167664,0.7909145951271057,15.611637115478516
158.10000610351562,156.60000610351562,173.0,154.89999389648438,11.800000190734863,168.6999969482422,179.60000610351562,4.599999904632568,175.0,151.89999389648438,34.5,170.0,138.5,47.20000076293945,146.60000610351562,71.54310607910156,1.3669074773788452,0.7830778360366821,0.7980648279190063,0.720470130443573,0.7749618291854858,17.217824935913086
155.60000610351562,160.10000610351562,172.1999969482422,170.89999389648438,5.800000190734863,162.6999969482422,175.6999969482422,10.800000190734863,163.6999969482422,135.10000610351562,49.900001525878906,163.8000030517578,133.8000030517578,47.20000076293945,143.3000030517578,70.50103759765625,1.360621690750122,0.7621430158615112,0.7825144529342651,0.684489369392395,0.7606592774391174,15.130011558532715
155.5,159.3000030517578,172.60000610351562,178.3000030517578,13.199999809265137,161.0,166.3000030517578,17.700000762939453,159.8000030517578,137.0,48.70000076293945,155.6999969482422,127.80000305175781,51.70000076293945,136.5,71.50208282470703,1.3617908954620361,0.7630675435066223,0.7607962489128113,0.6583380699157715,0.7292472124099731,16.38700294494629
154.89999389648438,159.39999389648438,173.39999389648438,172.89999389648438,22.200000762939453,159.6999969482422,167.0,18.600000381469727,157.0,125.0,60.900001525878906,153.3000030517578,121.0999984741211,58.20000076293945,133.39999389648438,70.15718078613281,1.3498882055282593,0.7566608190536499,0.7681078314781189,0.6780504584312439,0.7442865967750549,17.580533981323242
155.89999389648438,157.8000030517578,170.89999389648438,150.1999969482422,17.299999237060547,172.10000610351562,178.1999969482422,2.5,169.6999969482422,161.1999969482422,23.700000762939453,164.5,145.39999389648438,36.79999923706055,147.5,72.98352813720703,1.3864219188690186,0.779170036315918,0.7847622036933899,0.6927692294120789,0.7471178770065308,16.54330062866211
157.0,153.10000610351562,172.39999389648438,143.5,24.200000762939453,175.39999389648438,173.60000610351562,0.6000000238418579,176.3000030517578,175.1999969482422,15.600000381469727,165.3000030517578,151.0,35.599998474121094,157.0,72.9664535522461,1.3628994226455688,0.7994860410690308,0.7980000376701355,0.7032986283302307,0.7557330131530762,16.141490936279297
156.8000030517578,156.39999389648438,169.89999389648438,129.6999969482422,39.599998474121094,171.10000610351562,160.10000610351562,15.199999809265137,160.3000030517578,163.89999389648438,5.300000190734863,178.1999969482422,166.6999969482422,25.0,162.10000610351562,73.47605895996094,1.3866716623306274,0.7974981665611267,0.7883885502815247,0.7305763363838196,0.7714905738830566,16.762454986572266
157.10000610351562,155.39999389648438,163.3000030517578,119.30000305175781,49.79999923706055,167.60000610351562,154.5,20.0,158.10000610351562,161.6999969482422,8.399999618530273,174.8000030517578,167.0,22.899999618530273,166.8000030517578,75.46792602539062,1.395691156387329,0.7894328236579895,0.790612518787384,0.7327065467834473,0.7705956101417542,18.89101791381836
157.8000030517578,154.39999389648438,161.60000610351562,117.30000305175781,50.29999923706055,170.10000610351562,153.8000030517578,22.899999618530273,152.89999389648438,156.39999389648438,15.5,168.3000030517578,166.6999969482422,19.799999237060547,170.89999389648438,73.37246704101562,1.3859251737594604,0.8075032234191895,0.8121242523193359,0.7598485946655273,0.7924013733863831,16.82503318786621
158.3000030517578,154.6999969482422,161.8000030517578,126.30000305175781,38.099998474121094,176.5,160.5,14.5,158.1999969482422,165.60000610351562,4.900000095367432,177.39999389648438,165.3000030517578,22.0,171.0,72.87265014648438,1.3952383995056152,0.8018664717674255,0.8142247796058655,0.7451693415641785,0.7993783354759216,14.961627960205078
158.39999389648438,155.60000610351562,158.39999389648438,118.69999694824219,49.70000076293945,167.3000030517578,153.89999389648438,20.899999618530273,153.3000030517578,160.5,10.800000190734863,170.0,166.39999389648438,21.600000381469727,171.8000030517578,75.82627868652344,1.395991563796997,0.7984957098960876,0.8001105785369873,0.7345911264419556,0.7698352336883545,17.725181579589844
158.89999389648438,155.0,161.10000610351562,119.69999694824219,46.5,171.10000610351562,158.1999969482422,15.800000190734863,158.8000030517578,157.8000030517578,11.399999618530273,177.60000610351562,165.39999389648438,20.100000381469727,174.8000030517578,73.56480407714844,1.382161259651184,0.8170465230941772,0.8197435736656189,0.7503071427345276,0.8055618405342102,15.207512855529785
158.6999969482422,157.1999969482422,154.5,128.1999969482422,38.0,177.5,166.39999389648438,8.399999618530273,171.1999969482422,175.60000610351562,11.199999809265137,179.8000030517578,154.39999389648438,28.899999618530273,165.5,76.21258544921875,1.381697177886963,0.7893810868263245,0.8023107647895813,0.7206457257270813,0.7679985761642456,17.19207000732422
159.10000610351562,160.60000610351562,149.3000030517578,133.6999969482422,30.100000381469727,167.1999969482422,169.39999389648438,4.199999809265137,178.1999969482422,158.89999389648438,24.100000381469727,178.5,150.0,33.79999923706055,155.0,76.74221801757812,1.3919199705123901,0.7787785530090332,0.7991549968719482,0.7263940572738647,0.7600619792938232,16.45846939086914
159.3000030517578,157.60000610351562,153.0,134.60000610351562,30.799999237060547,171.60000610351562,171.89999389648438,1.399999976158142,175.6999969482422,154.5,29.5,174.8000030517578,147.39999389648438,35.5,150.3000030517578,77.47822570800781,1.3709856271743774,0.7755525708198547,0.7949494123458862,0.72199547290802,0.7621779441833496,16.633243560791016
158.8000030517578,156.6999969482422,152.8000030517578,130.39999389648438,32.400001525878906,173.1999969482422,171.10000610351562,2.0999999046325684,166.1999969482422,162.5,24.799999237060547,177.8000030517578,149.39999389648438,36.20000076293945,164.5,79.74333953857422,1.390220046043396,0.7762634754180908,0.790377676486969,0.702401340007782,0.7481850385665894,16.065126419067383
161.1999969482422,157.5,154.8000030517578,131.60000610351562,41.29999923706055,179.0,159.89999389648438,17.600000381469727,160.5,160.8000030517578,14.600000381469727,168.6999969482422,172.89999389648438,10.5,171.89999389648438,72.03190612792969,1.3651018142700195,0.8674809336662292,0.8670157790184021,0.7929873466491699,0.8343769311904907,14.3213472366333
163.0,156.1999969482422,153.10000610351562,149.6999969482422,28.899999618530273,172.39999389648438,161.0,17.200000762939453,171.10000610351562,163.39999389648438,14.199999809265137,173.10000610351562,176.89999389648438,11.0,166.5,63.242774963378906,1.370512843132019,0.9285721182823181,0.8977623581886292,0.821881115436554,0.8704826831817627,16.765806198120117
160.89999389648438,155.39999389648438,164.8000030517578,165.1999969482422,0.0,172.39999389648438,176.39999389648438,8.600000381469727,178.60000610351562,149.89999389648438,35.0,171.60000610351562,149.8000030517578,34.099998474121094,158.60000610351562,78.6430892944336,1.4804614782333374,0.7189258337020874,0.6995958685874939,0.6466290354728699,0.7630032300949097,23.36393928527832
160.10000610351562,155.1999969482422,165.0,167.0,1.7000000476837158,174.1999969482422,177.39999389648438,7.699999809265137,179.5,158.8000030517578,27.600000381469727,174.0,153.0,30.700000762939453,160.6999969482422,78.14339447021484,1.4946316480636597,0.7125094532966614,0.7038048505783081,0.6262751817703247,0.7499869465827942,20.32737922668457
160.0,156.5,161.5,167.8000030517578,3.4000000953674316,173.1999969482422,173.6999969482422,12.800000190734863,179.10000610351562,146.6999969482422,39.29999923706055,173.6999969482422,149.1999969482422,36.0,157.39999389648438,76.7884521484375,1.5055338144302368,0.7429355978965759,0.7200932502746582,0.648173987865448,0.7737150192260742,21.12079620361328
159.0,158.10000610351562,161.6999969482422,175.3000030517578,9.300000190734863,173.5,173.0,12.600000381469727,179.3000030517578,149.8000030517578,37.29999923706055,175.5,144.6999969482422,41.0,158.10000610351562,75.30941772460938,1.4638762474060059,0.7261297106742859,0.7165316939353943,0.6433846354484558,0.7468750476837158,19.904430389404297
158.10000610351562,158.39999389648438,162.89999389648438,170.6999969482422,24.299999237060547,169.8000030517578,165.5,19.200000762939453,176.1999969482422,120.30000305175781,65.19999694824219,168.39999389648438,132.5,49.0,157.10000610351562,77.48611450195312,1.4856661558151245,0.7110129594802856,0.6927449107170105,0.5931383371353149,0.7380935549736023,20.663162231445312
158.60000610351562,161.89999389648438,155.3000030517578,127.80000305175781,75.9000015258789,156.60000610351562,134.10000610351562,55.0,162.1999969482422,81.0,103.9000015258789,164.1999969482422,97.5999984741211,83.5999984741211,146.3000030517578,73.57656860351562,1.4442015886306763,0.7062708139419556,0.6631447672843933,0.602537989616394,0.7421836256980896,17.88611602783203
157.3000030517578,162.10000610351562,157.39999389648438,152.0,51.20000076293945,157.5,146.1999969482422,40.599998474121094,166.3000030517578,94.9000015258789,88.9000015258789,162.8000030517578,104.19999694824219,75.4000015258789,147.60000610351562,70.80516052246094,1.4698823690414429,0.7109550833702087,0.6328047513961792,0.5381954908370972,0.6649143099784851,15.45798110961914
156.1999969482422,163.5,156.10000610351562,133.60000610351562,72.9000015258789,152.8000030517578,135.39999389648438,53.599998474121094,159.10000610351562,85.0,98.5999984741211,158.0,95.69999694824219,84.0999984741211,137.39999389648438,74.03763580322266,1.4498964548110962,0.6898846626281738,0.6368699073791504,0.5212774276733398,0.6796597242355347,16.042652130126953
160.39999389648438,163.39999389648438,159.10000610351562,110.4000015258789,92.5,149.60000610351562,108.5,81.5999984741211,151.0,62.29999923706055,120.0,159.39999389648438,77.5999984741211,100.5,139.1999969482422,71.25743103027344,1.3641799688339233,0.6669439673423767,0.6478520631790161,0.5871795415878296,0.7486317157745361,18.52410125732422
161.8000030517578,165.6999969482422,160.0,105.0,99.80000305175781,147.3000030517578,94.5,96.0,151.5,60.400001525878906,121.0,162.8000030517578,75.4000015258789,106.5,142.1999969482422,69.810302734375,1.3521437644958496,0.6855151653289795,0.6398859024047852,0.5847036838531494,0.7417187690734863,18.47675132751465
160.1999969482422,165.5,155.8000030517578,110.19999694824219,93.19999694824219,150.3000030517578,103.19999694824219,87.5,150.39999389648438,63.79999923706055,116.5999984741211,160.39999389648438,80.5,99.0999984741211,138.0,68.88917541503906,1.337669014930725,0.6804968118667603,0.645239531993866,0.5968598127365112,0.7466513514518738,19.509626388549805
158.6999969482422,163.89999389648438,159.6999969482422,124.5,80.9000015258789,150.89999389648438,118.0,71.0,153.8000030517578,71.80000305175781,111.80000305175781,160.10000610351562,87.30000305175781,87.5,140.3000030517578,67.14046478271484,1.3715046644210815,0.6758765578269958,0.6456224322319031,0.5817075371742249,0.7388287782669067,19.45275115966797
159.6999969482422,163.10000610351562,160.6999969482422,132.8000030517578,73.5999984741211,151.60000610351562,123.0,65.5,156.1999969482422,75.5999984741211,110.0999984741211,158.0,89.0,86.30000305175781,139.3000030517578,66.2437973022461,1.3901149034500122,0.6824986338615417,0.6362977623939514,0.5334511399269104,0.6871711611747742,19.512676239013672
158.6999969482422,163.89999389648438,163.1999969482422,128.8000030517578,76.80000305175781,149.60000610351562,124.80000305175781,64.30000305175781,154.0,77.5999984741211,107.5999984741211,158.6999969482422,88.5,86.5999984741211,139.39999389648438,67.4183349609375,1.3957383632659912,0.6732140183448792,0.6400918960571289,0.5496699213981628,0.7063212990760803,18.575443267822266
157.60000610351562,162.10000610351562,156.5,147.89999389648438,55.70000076293945,154.89999389648438,143.8000030517578,44.70000076293945,159.6999969482422,89.0,93.69999694824219,160.5,103.0,75.80000305175781,139.89999389648438,73.04264831542969,1.4378753900527954,0.6840046048164368,0.6248008012771606,0.4817165732383728,0.6465593576431274,17.8408260345459
159.39999389648438,157.1999969482422,158.5,173.0,27.299999237060547,162.10000610351562,163.60000610351562,22.700000762939453,167.39999389648438,124.0,58.900001525878906,166.39999389648438,122.4000015258789,56.79999923706055,148.1999969482422,75.66494750976562,1.447988510131836,0.6587783098220825,0.6333836913108826,0.48462069034576416,0.6086356043815613,21.879072189331055
159.5,156.6999969482422,160.3000030517578,177.10000610351562,22.299999237060547,164.1999969482422,167.0,19.0,173.0,134.89999389648438,50.5,167.10000610351562,128.89999389648438,52.70000076293945,151.39999389648438,76.44051361083984,1.4700652360916138,0.6792462468147278,0.6491596698760986,0.5206508636474609,0.6365106105804443,20.211103439331055
158.5,158.10000610351562,161.60000610351562,178.5,13.0,170.10000610351562,174.39999389648438,11.399999618530273,176.89999389648438,145.89999389648438,40.099998474121094,169.39999389648438,139.5,45.70000076293945,151.5,79.40107727050781,1.4876965284347534,0.6865142583847046,0.6625145673751831,0.5544726252555847,0.682826578617096,22.538728713989258
160.39999389648438,159.3000030517578,156.1999969482422,179.89999389648438,13.899999618530273,170.3000030517578,173.8000030517578,10.800000190734863,178.8000030517578,150.3000030517578,35.099998474121094,173.5,140.8000030517578,41.29999923706055,156.39999389648438,76.84490966796875,1.475614070892334,0.6832373738288879,0.6934181451797485,0.5883836150169373,0.6843249797821045,19.452777862548828
162.10000610351562,156.89999389648438,155.39999389648438,171.10000610351562,6.900000095367432,172.89999389648438,174.60000610351562,12.100000381469727,178.89999389648438,148.5,38.70000076293945,172.89999389648438,146.6999969482422,36.70000076293945,161.3000030517578,76.94033813476562,1.48397958278656,0.722066342830658,0.7257854342460632,0.6537967324256897,0.7570682764053345,20.88241195678711
160.39999389648438,158.3000030517578,155.1999969482422,170.60000610351562,6.099999904632568,173.3000030517578,177.3000030517578,9.300000190734863,179.89999389648438,153.8000030517578,33.5,173.39999389648438,149.5,34.20000076293945,161.1999969482422,75.8497314453125,1.4782837629318237,0.7436052560806274,0.7341715097427368,0.6346015930175781,0.7269566059112549,18.03045082092285
160.1999969482422,157.8000030517578,155.5,164.8000030517578,1.7999999523162842,171.5,179.5,6.199999809265137,177.60000610351562,161.89999389648438,25.299999237060547,175.5,152.8000030517578,30.299999237060547,163.6999969482422,76.29257202148438,1.4787967205047607,0.7369800806045532,0.7230833768844604,0.6155555844306946,0.6958381533622742,17.395994186401367
159.39999389648438,159.0,157.5,160.39999389648438,5.0,173.1999969482422,179.39999389648438,2.5,178.5,162.5,23.399999618530273,172.3000030517578,151.89999389648438,26.899999618530273,162.60000610351562,76.28085327148438,1.4838908910751343,0.7376575469970703,0.7165533304214478,0.6207412481307983,0.7225664258003235,22.546356201171875
161.10000610351562,158.3000030517578,153.10000610351562,164.39999389648438,1.2999999523162842,174.60000610351562,179.3000030517578,6.800000190734863,177.3000030517578,162.39999389648438,26.899999618530273,170.60000610351562,151.3000030517578,34.79999923706055,157.0,73.43852996826172,1.4825457334518433,0.767774760723114,0.7395440340042114,0.6363898515701294,0.7155847549438477,19.0650691986084
159.3000030517578,158.89999389648438,154.3000030517578,163.1999969482422,3.4000000953674316,175.5,179.10000610351562,4.5,179.10000610351562,161.39999389648438,25.299999237060547,172.0,151.6999969482422,32.599998474121094,158.60000610351562,73.60021209716797,1.4826500415802002,0.7664926648139954,0.7483438849449158,0.6393702626228333,0.7244791984558105,18.475582122802734
160.8000030517578,157.5,153.60000610351562,158.39999389648438,10.300000190734863,178.39999389648438,175.89999389648438,0.8999999761581421,178.0,166.39999389648438,18.700000762939453,172.6999969482422,152.60000610351562,29.600000381469727,161.3000030517578,74.75011444091797,1.4875043630599976,0.7755798697471619,0.7492364048957825,0.640098512172699,0.7257336974143982,19.069591522216797
161.39999389648438,154.5,149.5,158.60000610351562,8.199999809265137,178.10000610351562,179.6999969482422,3.200000047683716,179.6999969482422,165.5,19.200000762939453,173.10000610351562,148.39999389648438,29.799999237060547,162.89999389648438,75.16728973388672,1.5219815969467163,0.762565016746521,0.7432105541229248,0.6140277981758118,0.7187625169754028,19.994789123535156
159.6999969482422,156.3000030517578,154.3000030517578,155.3000030517578,12.899999618530273,178.1999969482422,178.10000610351562,0.8999999761581421,179.60000610351562,164.39999389648438,18.899999618530273,173.89999389648438,150.8000030517578,29.0,160.5,74.595947265625,1.4965864419937134,0.7562520503997803,0.7265581488609314,0.5924175381660461,0.6936187744140625,21.20676040649414
161.89999389648438,154.0,156.10000610351562,159.6999969482422,8.600000381469727,178.89999389648438,176.5,10.699999809265137,174.8000030517578,157.60000610351562,27.700000762939453,170.1999969482422,149.39999389648438,31.899999618530273,162.6999969482422,77.47212982177734,1.4742835760116577,0.7334474325180054,0.6773934364318848,0.5524646043777466,0.6446289420127869,18.021936416625977
159.89999389648438,157.0,155.60000610351562,170.10000610351562,0.10000000149011612,179.0,172.89999389648438,14.300000190734863,176.1999969482422,139.5,45.5,168.5,139.0,44.5,153.89999389648438,75.35979461669922,1.4475520849227905,0.7115602493286133,0.659796416759491,0.5139585137367249,0.6739137172698975,25.810924530029297
160.8000030517578,157.0,159.0,163.1999969482422,3.0999999046325684,176.0,175.8000030517578,9.0,178.5,157.8000030517578,28.799999237060547,169.60000610351562,151.3000030517578,31.600000381469727,162.39999389648438,78.0302505493164,1.456540584564209,0.7364630699157715,0.7159373164176941,0.6397663354873657,0.7644622325897217,20.107995986938477
161.60000610351562,157.89999389648438,153.39999389648438,158.1999969482422,8.0,176.6999969482422,174.5,0.5,178.1999969482422,167.89999389648438,16.600000381469727,174.39999389648438,160.6999969482422,22.100000381469727,164.60000610351562,75.1091079711914,1.50215482711792,0.7717636823654175,0.7550750970840454,0.6815661787986755,0.8016794919967651,23.488590240478516
161.3000030517578,157.3000030517578,155.3000030517578,148.89999389648438,18.100000381469727,178.10000610351562,169.6999969482422,4.199999809265137,179.3000030517578,174.10000610351562,12.199999809265137,173.5,163.3000030517578,22.799999237060547,160.8000030517578,78.80945587158203,1.474457859992981,0.7642478942871094,0.7520291805267334,0.690449595451355,0.8077021241188049,24.144811630249023
160.89999389648438,155.0,160.1999969482422,141.3000030517578,31.5,177.39999389648438,156.8000030517578,19.0,175.3000030517578,149.89999389648438,23.799999237060547,177.10000610351562,175.6999969482422,4.199999809265137,176.10000610351562,76.7440414428711,1.4621649980545044,0.778151273727417,0.7809416055679321,0.7340010404586792,0.8259782791137695,20.70809555053711
162.60000610351562,152.8000030517578,157.6999969482422,139.3000030517578,32.79999923706055,178.39999389648438,160.60000610351562,14.699999809265137,178.10000610351562,142.10000610351562,33.900001525878906,176.89999389648438,178.10000610351562,1.2000000476837158,177.60000610351562,76.1343765258789,1.4474647045135498,0.7598589062690735,0.8044596314430237,0.7787675261497498,0.8722507953643799,19.886842727661133
162.3000030517578,147.5,160.3000030517578,118.19999694824219,54.0,179.0,132.8000030517578,43.29999923706055,176.1999969482422,68.4000015258789,107.9000015258789,176.0,164.0,20.100000381469727,174.6999969482422,74.46910095214844,1.3627926111221313,0.8063005208969116,0.8155802488327026,0.7568655014038086,0.8789669871330261,19.263864517211914
157.5,151.0,158.8000030517578,94.19999694824219,80.19999694824219,174.89999389648438,117.0,58.70000076293945,170.6999969482422,77.69999694824219,97.0999984741211,172.3000030517578,172.6999969482422,14.199999809265137,170.89999389648438,72.12537384033203,1.3649158477783203,0.8330315351486206,0.8546597957611084,0.8059651255607605,0.8898873925209045,23.815616607666016
159.0,145.89999389648438,162.6999969482422,46.599998474121094,124.80000305175781,179.6999969482422,89.9000015258789,84.4000015258789,178.89999389648438,53.5,122.80000305175781,175.10000610351562,164.8000030517578,20.799999237060547,177.89999389648438,76.935546875,1.3589822053909302,0.8014933466911316,0.8071088790893555,0.7945153713226318,0.9057787656784058,24.16097640991211
159.0,143.60000610351562,168.89999389648438,46.5,126.5999984741211,179.10000610351562,80.0999984741211,97.5999984741211,174.1999969482422,63.900001525878906,115.30000305175781,172.60000610351562,169.0,21.299999237060547,174.39999389648438,76.18609619140625,1.3540899753570557,0.8343548774719238,0.8397392630577087,0.8379807472229004,0.929795503616333,25.206506729125977
161.0,148.0,159.3000030517578,15.100000381469727,152.6999969482422,176.60000610351562,42.099998474121094,130.39999389648438,177.3000030517578,28.899999618530273,147.39999389648438,179.1999969482422,174.1999969482422,0.4000000059604645,175.10000610351562,76.02754211425781,1.3321961164474487,0.8039441704750061,0.8112318515777588,0.8134663105010986,0.9349713325500488,24.4555721282959
161.5,145.39999389648438,162.10000610351562,13.800000190734863,178.0,172.60000610351562,20.5,153.8000030517578,175.3000030517578,30.5,145.39999389648438,177.10000610351562,161.6999969482422,20.799999237060547,174.10000610351562,77.61640167236328,1.3166415691375732,0.767487108707428,0.80279940366745,0.7943225502967834,0.8921970725059509,22.786527633666992
161.6999969482422,143.3000030517578,161.60000610351562,10.600000381469727,179.3000030517578,175.89999389648438,26.299999237060547,147.1999969482422,178.89999389648438,30.700000762939453,143.8000030517578,179.39999389648438,175.8000030517578,4.5,168.10000610351562,82.24219512939453,1.344422698020935,0.7097568511962891,0.7989411354064941,0.7921085357666016,0.8993088006973267,22.56519317626953
158.10000610351562,148.6999969482422,156.0,20.700000762939453,171.39999389648438,175.10000610351562,6.199999809265137,165.89999389648438,179.5,16.0,157.60000610351562,179.39999389648438,149.0,28.799999237060547,166.6999969482422,84.6303939819336,1.3495041131973267,0.7360436916351318,0.7880333065986633,0.760812520980835,0.8846595883369446,19.903404235839844
161.1999969482422,144.3000030517578,158.8000030517578,36.599998474121094,155.60000610351562,179.0,27.0,163.89999389648438,179.39999389648438,3.0,165.39999389648438,174.39999389648438,16.299999237060547,154.8000030517578,163.89999389648438,85.2874755859375,1.3495365381240845,0.7340487241744995,0.7932975888252258,0.757919192314148,0.8981132507324219,13.527084350585938
159.10000610351562,150.3000030517578,159.1999969482422,41.20000076293945,156.60000610351562,168.39999389648438,33.400001525878906,157.6999969482422,171.3000030517578,5.900000095367432,175.8000030517578,172.1999969482422,10.300000190734863,175.0,161.1999969482422,83.41484832763672,1.3702322244644165,0.7598679065704346,0.7768390774726868,0.7214319705963135,0.8631323575973511,13.509915351867676
161.39999389648438,150.60000610351562,156.6999969482422,52.599998474121094,143.3000030517578,165.1999969482422,42.5,148.60000610351562,164.0,11.600000381469727,177.5,165.6999969482422,26.700000762939453,156.89999389648438,157.39999389648438,80.93738555908203,1.3799728155136108,0.7327330708503723,0.756037712097168,0.7072405815124512,0.8725404739379883,14.064245223999023
160.1999969482422,155.39999389648438,154.0,62.5,136.60000610351562,159.0,53.20000076293945,138.1999969482422,160.39999389648438,24.799999237060547,161.60000610351562,160.8000030517578,53.29999923706055,126.19999694824219,151.0,77.46829986572266,1.3947497606277466,0.750618040561676,0.7456156611442566,0.7008911371231079,0.8776132464408875,18.132312774658203
164.8000030517578,152.0,152.8000030517578,67.4000015258789,131.5,157.0,76.4000015258789,114.0,165.3000030517578,26.0,161.1999969482422,166.1999969482422,40.79999923706055,140.0,152.3000030517578,78.8735122680664,1.388893961906433,0.7132704257965088,0.7394843101501465,0.6900088787078857,0.8361448049545288,14.699827194213867
161.3000030517578,156.1999969482422,159.8000030517578,77.0999984741211,124.30000305175781,150.1999969482422,76.5999984741211,114.0,160.3000030517578,38.5,146.10000610351562,160.0,58.29999923706055,121.9000015258789,145.60000610351562,76.4806137084961,1.3812129497528076,0.6766842603683472,0.6904075741767883,0.6320427656173706,0.7926901578903198,18.93053436279297
162.39999389648438,160.60000610351562,155.0,83.80000305175781,118.9000015258789,147.5,82.5,109.0999984741211,156.8000030517578,47.900001525878906,137.3000030517578,162.8000030517578,63.400001525878906,123.19999694824219,141.6999969482422,75.4972152709961,1.373448371887207,0.6740226745605469,0.676488995552063,0.6141213774681091,0.7700872421264648,17.44764518737793
162.39999389648438,159.89999389648438,155.0,86.30000305175781,115.30000305175781,147.89999389648438,85.9000015258789,104.4000015258789,155.39999389648438,49.20000076293945,133.6999969482422,162.5,62.400001525878906,120.9000015258789,142.1999969482422,75.59916687011719,1.3538035154342651,0.6678097248077393,0.6645429134368896,0.5994165539741516,0.7700857520103455,16.43929100036621
164.10000610351562,160.39999389648438,159.39999389648438,89.5999984741211,112.4000015258789,148.60000610351562,86.0999984741211,106.69999694824219,151.60000610351562,50.900001525878906,131.0,158.8000030517578,65.5,115.69999694824219,140.60000610351562,71.30865478515625,1.3437161445617676,0.6746665835380554,0.6575061082839966,0.5848453640937805,0.7503629326820374,18.260154724121094
161.6999969482422,163.60000610351562,157.39999389648438,97.0999984741211,103.80000305175781,150.0,91.0,102.19999694824219,149.60000610351562,55.900001525878906,125.69999694824219,158.10000610351562,69.69999694824219,112.69999694824219,134.5,71.02564239501953,1.3457438945770264,0.6832478642463684,0.6566827893257141,0.5787324905395508,0.7544704079627991,17.65664291381836
162.8000030517578,163.10000610351562,155.10000610351562,97.4000015258789,103.5,148.8000030517578,94.0999984741211,97.80000305175781,152.0,54.79999923706055,126.0,159.6999969482422,68.5999984741211,110.19999694824219,139.1999969482422,71.3744125366211,1.3465982675552368,0.6632137894630432,0.6505128145217896,0.5802741050720215,0.7436121702194214,17.377042770385742
162.39999389648438,163.5,157.39999389648438,99.4000015258789,101.80000305175781,150.0,92.30000305175781,98.5999984741211,153.1999969482422,54.20000076293945,127.5999984741211,159.6999969482422,67.5999984741211,111.80000305175781,140.5,70.53752899169922,1.3307454586029053,0.678386926651001,0.6598107218742371,0.5903632640838623,0.7500914931297302,17.066354751586914
156.5,162.0,152.3000030517578,135.3000030517578,64.9000015258789,157.5,143.0,45.099998474121094,162.5,84.80000305175781,98.0,165.60000610351562,108.69999694824219,71.0,143.3000030517578,73.36151123046875,1.4609955549240112,0.7288259267807007,0.6718294620513916,0.6093008518218994,0.7671014070510864,19.066425323486328
158.1999969482422,161.60000610351562,152.89999389648438,132.3000030517578,66.0,160.1999969482422,149.89999389648438,36.400001525878906,167.39999389648438,94.5,88.80000305175781,171.1999969482422,121.5,58.20000076293945,153.1999969482422,73.62138366699219,1.4666451215744019,0.7297170758247375,0.7264143228530884,0.7065722942352295,0.8199211359024048,18.651334762573242
158.6999969482422,156.60000610351562,159.39999389648438,138.10000610351562,56.900001525878906,171.60000610351562,179.60000610351562,6.900000095367432,173.39999389648438,105.4000015258789,82.0999984741211,165.89999389648438,151.3000030517578,32.70000076293945,154.6999969482422,80.83696746826172,1.4430233240127563,0.7310609817504883,0.753515899181366,0.7129385471343994,0.853395938873291,22.924110412597656
158.89999389648438,157.1999969482422,153.1999969482422,112.5999984741211,82.5999984741211,168.10000610351562,173.0,0.4000000059604645,175.1999969482422,64.69999694824219,122.4000015258789,168.39999389648438,153.10000610351562,28.799999237060547,159.1999969482422,78.19695281982422,1.4359757900238037,0.7259472012519836,0.7592582106590271,0.7447428703308105,0.870957612991333,21.390026092529297
159.89999389648438,158.1999969482422,151.0,169.5,26.0,172.3000030517578,169.1999969482422,3.799999952316284,178.89999389648438,10.5,176.39999389648438,173.39999389648438,156.0,26.100000381469727,163.60000610351562,78.93408966064453,1.4437124729156494,0.763785719871521,0.7927544713020325,0.7643811702728271,0.8891410231590271,22.841018676757812
160.60000610351562,153.5,157.6999969482422,13.199999809265137,179.1999969482422,174.1999969482422,158.0,14.800000190734863,176.1999969482422,8.800000190734863,165.39999389648438,172.39999389648438,160.6999969482422,21.0,163.0,79.60711669921875,1.3777776956558228,0.7806990146636963,0.8073098063468933,0.8034449815750122,0.9294874668121338,26.25298500061035
160.8000030517578,151.0,158.89999389648438,85.5999984741211,81.19999694824219,175.1999969482422,134.10000610351562,38.099998474121094,178.3000030517578,58.400001525878906,114.0999984741211,173.1999969482422,171.39999389648438,7.5,169.5,77.5615005493164,1.3857086896896362,0.768924355506897,0.8028900027275085,0.7954155206680298,0.9089311361312866,23.723102569580078
161.39999389648438,151.89999389648438,157.5,21.100000381469727,174.60000610351562,173.8000030517578,94.5,77.0999984741211,180.0,14.800000190734863,155.8000030517578,170.8000030517578,164.8000030517578,19.399999618530273,166.10000610351562,80.38139343261719,1.3536252975463867,0.7740380764007568,0.7938503623008728,0.7866668105125427,0.8979021310806274,18.83077049255371
161.60000610351562,151.6999969482422,156.3000030517578,18.299999237060547,176.10000610351562,174.60000610351562,115.0999984741211,57.0,178.1999969482422,24.100000381469727,147.39999389648438,173.60000610351562,172.89999389648438,8.399999618530273,171.0,80.62993621826172,1.3729612827301025,0.7604535222053528,0.8068965673446655,0.7916142344474792,0.9136835932731628,20.60783576965332
162.3000030517578,146.5,167.0,2.4000000953674316,172.0,178.1999969482422,32.900001525878906,139.5,172.39999389648438,30.700000762939453,141.5,173.10000610351562,175.3000030517578,1.600000023841858,165.1999969482422,84.18841552734375,1.3422753810882568,0.7413236498832703,0.806828498840332,0.7972747087478638,0.9278521537780762,23.361406326293945
160.0,144.3000030517578,165.3000030517578,0.6000000238418579,169.39999389648438,173.0,67.19999694824219,106.69999694824219,178.0,47.099998474121094,128.1999969482422,179.5,173.60000610351562,8.300000190734863,167.1999969482422,79.21971893310547,1.3368531465530396,0.7461587190628052,0.8116713166236877,0.8080683350563049,0.8985404968261719,20.426118850708008
161.10000610351562,146.5,158.3000030517578,4.0,172.0,173.5,42.79999923706055,130.10000610351562,176.89999389648438,35.599998474121094,139.8000030517578,177.6999969482422,166.8000030517578,16.600000381469727,170.5,79.26917266845703,1.341860055923462,0.7767478227615356,0.8151510953903198,0.8057323694229126,0.9253622889518738,21.80974769592285
161.0,145.0,166.10000610351562,0.5,166.5,174.60000610351562,40.400001525878906,132.0,179.3000030517578,37.0,137.89999389648438,176.89999389648438,162.10000610351562,22.0,176.5,81.63168334960938,1.3457838296890259,0.7189630270004272,0.7859841585159302,0.7606692314147949,0.893133282661438,21.98832130432129
159.89999389648438,153.60000610351562,158.8000030517578,6.300000190734863,173.39999389648438,176.0,153.3000030517578,19.399999618530273,174.60000610351562,36.099998474121094,136.8000030517578,175.3000030517578,156.8000030517578,20.399999618530273,165.5,80.37836456298828,1.4213743209838867,0.7506482601165771,0.7859899997711182,0.7630972266197205,0.8793904781341553,22.212177276611328
159.0,152.5,158.0,18.200000762939453,173.60000610351562,175.89999389648438,44.29999923706055,129.89999389648438,172.3000030517578,28.399999618530273,143.1999969482422,178.8000030517578,131.89999389648438,48.599998474121094,176.6999969482422,81.4854736328125,1.4121993780136108,0.7338142991065979,0.8053675293922424,0.7688347697257996,0.8984984159469604,14.350214958190918
157.8000030517578,154.3000030517578,159.1999969482422,5.300000190734863,171.6999969482422,172.89999389648438,150.39999389648438,24.399999618530273,175.39999389648438,33.900001525878906,137.89999389648438,176.60000610351562,179.6999969482422,1.899999976158142,170.5,82.35537719726562,1.4036389589309692,0.7275153398513794,0.7631341218948364,0.7390773892402649,0.8523123860359192,16.408645629882812
161.60000610351562,151.8000030517578,160.0,72.9000015258789,91.9000015258789,171.3000030517578,153.0,20.5,178.1999969482422,39.20000076293945,135.60000610351562,179.6999969482422,166.60000610351562,11.300000190734863,170.1999969482422,80.00928497314453,1.3932225704193115,0.7529722452163696,0.7717642188072205,0.7588227391242981,0.9002383351325989,26.396465301513672
163.6999969482422,149.5,166.60000610351562,136.3000030517578,31.5,177.1999969482422,153.5,19.799999237060547,178.60000610351562,156.8000030517578,19.799999237060547,173.39999389648438,158.1999969482422,17.600000381469727,167.8000030517578,78.96906280517578,1.4303441047668457,0.7687345743179321,0.795287013053894,0.8038300275802612,0.9228116273880005,27.21476173400879
160.6999969482422,152.39999389648438,158.39999389648438,34.599998474121094,131.89999389648438,175.0,168.5,3.4000000953674316,178.3000030517578,21.899999618530273,151.0,175.39999389648438,166.3000030517578,14.899999618530273,166.89999389648438,82.1461410522461,1.4033557176589966,0.7707491517066956,0.8013217449188232,0.7907719016075134,0.9150698781013489,23.381376266479492
164.89999389648438,152.5,150.3000030517578,139.5,27.700000762939453,180.0,151.1999969482422,19.5,180.0,119.0999984741211,52.400001525878906,174.10000610351562,166.60000610351562,16.700000762939453,164.1999969482422,80.0526351928711,1.4372272491455078,0.7573557496070862,0.7875930070877075,0.7865006923675537,0.9024826288223267,27.40833854675293
159.5,149.1999969482422,152.3000030517578,17.600000381469727,153.1999969482422,177.8000030517578,91.19999694824219,81.19999694824219,179.89999389648438,42.70000076293945,132.3000030517578,176.6999969482422,176.3000030517578,7.400000095367432,173.6999969482422,80.63005828857422,1.3492189645767212,0.7871620059013367,0.8350056409835815,0.8006582856178284,0.9402322769165039,24.399511337280273
157.60000610351562,147.3000030517578,161.5,30.899999618530273,141.60000610351562,179.10000610351562,77.5999984741211,98.5999984741211,176.5,47.29999923706055,133.10000610351562,175.89999389648438,178.8000030517578,9.5,179.39999389648438,77.99365234375,1.3438032865524292,0.7983608841896057,0.8252633213996887,0.7949374318122864,0.9029964804649353,25.135244369506836
160.0,143.1999969482422,166.89999389648438,56.5,117.0999984741211,179.89999389648438,86.19999694824219,91.69999694824219,179.3000030517578,75.69999694824219,104.5,175.3000030517578,166.5,24.799999237060547,177.5,74.5599594116211,1.359128475189209,0.793340802192688,0.845099925994873,0.8425084948539734,0.9146569967269897,21.59021759033203
160.8000030517578,143.8000030517578,162.1999969482422,27.0,145.10000610351562,177.0,77.0,100.30000305175781,176.8000030517578,58.099998474121094,118.4000015258789,177.0,168.0,20.299999237060547,177.5,78.79571533203125,1.3643252849578857,0.7805153131484985,0.8292492032051086,0.8103110194206238,0.9010673761367798,21.640363693237305
160.5,145.8000030517578,161.60000610351562,31.600000381469727,138.60000610351562,177.89999389648438,53.79999923706055,120.5999984741211,174.6999969482422,44.29999923706055,134.89999389648438,174.39999389648438,167.0,20.700000762939453,178.0,77.62273406982422,1.3422514200210571,0.7951216101646423,0.8217352628707886,0.8115014433860779,0.9153317213058472,21.457658767700195
162.39999389648438,147.0,159.8000030517578,6.300000190734863,165.10000610351562,179.39999389648438,70.5,104.30000305175781,176.3000030517578,61.5,114.19999694824219,174.89999389648438,154.39999389648438,30.299999237060547,177.0,80.34466552734375,1.3560882806777954,0.7131158113479614,0.8187480568885803,0.81209397315979,0.902593731880188,18.024738311767578
162.0,151.10000610351562,157.39999389648438,105.0,65.30000305175781,177.89999389648438,155.10000610351562,19.200000762939453,176.10000610351562,45.099998474121094,129.3000030517578,177.0,174.0,4.400000095367432,172.60000610351562,78.45150756835938,1.4191728830337524,0.7485975027084351,0.7919701933860779,0.7821927666664124,0.9030440449714661,17.37635040283203
160.3000030517578,153.5,159.39999389648438,124.30000305175781,70.4000015258789,172.60000610351562,168.0,19.200000762939453,178.5,50.20000076293945,139.3000030517578,171.89999389648438,152.10000610351562,35.099998474121094,159.6999969482422,76.97914123535156,1.4284130334854126,0.744511067867279,0.7921844720840454,0.7729275226593018,0.875562310218811,17.39149284362793
158.8000030517578,157.0,152.89999389648438,100.19999694824219,98.80000305175781,160.60000610351562,111.0,80.19999694824219,157.1999969482422,47.099998474121094,137.89999389648438,164.8000030517578,96.69999694824219,84.19999694824219,151.6999969482422,71.90398406982422,1.4087342023849487,0.7698995471000671,0.7447249293327332,0.7098625898361206,0.8801417350769043,20.285951614379883
159.39999389648438,157.0,150.10000610351562,86.30000305175781,117.69999694824219,153.8000030517578,102.5999984741211,88.69999694824219,163.8000030517578,44.599998474121094,140.10000610351562,163.89999389648438,79.5999984741211,103.5999984741211,146.8000030517578,74.40802764892578,1.4038320779800415,0.7521823048591614,0.7381030917167664,0.7013044357299805,0.8632962703704834,21.27507209777832
159.10000610351562,159.6999969482422,153.3000030517578,100.80000305175781,104.80000305175781,151.5,107.69999694824219,83.5999984741211,161.5,56.400001525878906,127.30000305175781,165.8000030517578,79.0999984741211,102.19999694824219,146.6999969482422,74.19342041015625,1.3794631958007812,0.7316117286682129,0.7095924615859985,0.6669493913650513,0.8239399790763855,16.740760803222656
160.1999969482422,159.5,159.6999969482422,91.0,113.30000305175781,151.3000030517578,100.4000015258789,87.5,162.0,51.70000076293945,133.39999389648438,159.3000030517578,67.5999984741211,111.30000305175781,143.3000030517578,73.37963104248047,1.390282392501831,0.6795543432235718,0.6929625272750854,0.6535211801528931,0.8007521033287048,15.750057220458984
158.1999969482422,163.3000030517578,153.89999389648438,100.69999694824219,103.0,151.5,104.5999984741211,83.5,161.39999389648438,56.900001525878906,125.80000305175781,162.8000030517578,75.80000305175781,103.5,144.39999389648438,75.07881164550781,1.3767341375350952,0.6963399648666382,0.6912685632705688,0.6335057616233826,0.8066396713256836,17.260202407836914
158.5,163.1999969482422,151.6999969482422,117.80000305175781,83.80000305175781,155.5,121.69999694824219,66.5,160.5,71.5,110.5999984741211,165.3000030517578,90.9000015258789,90.0999984741211,145.39999389648438,71.50192260742188,1.409706473350525,0.7347078919410706,0.7158578634262085,0.6553045511245728,0.7999701499938965,16.157039642333984
159.3000030517578,159.60000610351562,151.1999969482422,141.10000610351562,56.79999923706055,163.89999389648438,158.8000030517578,29.399999618530273,162.8000030517578,93.5,87.30000305175781,171.10000610351562,127.0,51.79999923706055,149.10000610351562,73.71427154541016,1.460888385772705,0.729284405708313,0.7264896631240845,0.6813248991966248,0.7898159027099609,17.421581268310547
159.8000030517578,157.3000030517578,156.3000030517578,172.10000610351562,5.099999904632568,175.39999389648438,169.5,4.099999904632568,179.1999969482422,172.39999389648438,12.399999618530273,174.89999389648438,161.10000610351562,21.5,157.39999389648438,80.67725372314453,1.4793065786361694,0.7081926465034485,0.713672935962677,0.6689554452896118,0.7815845012664795,23.962236404418945
158.3000030517578,160.1999969482422,154.3000030517578,173.10000610351562,23.899999618530273,166.0,167.3000030517578,18.5,163.0,128.8000030517578,54.79999923706055,165.5,136.0,45.79999923706055,150.60000610351562,76.47035217285156,1.4826085567474365,0.7259862422943115,0.6810558438301086,0.658774197101593,0.775412917137146,21.16439437866211
161.5,155.0,158.10000610351562,173.5,6.099999904632568,173.6999969482422,179.1999969482422,6.900000095367432,174.6999969482422,159.39999389648438,27.399999618530273,166.89999389648438,157.1999969482422,28.100000381469727,157.10000610351562,80.29141235351562,1.4862689971923828,0.7190759181976318,0.7144862413406372,0.6960412859916687,0.8172261714935303,23.652429580688477
160.39999389648438,157.60000610351562,159.60000610351562,173.39999389648438,7.0,173.0,177.8000030517578,4.400000095367432,175.8000030517578,163.60000610351562,24.100000381469727,169.0,156.1999969482422,34.599998474121094,150.39999389648438,77.59626770019531,1.4543417692184448,0.726789653301239,0.7387322187423706,0.7408882975578308,0.8252770900726318,23.001903533935547
160.5,154.89999389648438,164.10000610351562,172.8000030517578,18.700000762939453,172.8000030517578,172.1999969482422,2.5999999046325684,171.5,73.19999694824219,101.30000305175781,172.6999969482422,160.1999969482422,21.700000762939453,165.0,75.88147735595703,1.388892650604248,0.782740592956543,0.7994524836540222,0.7982430458068848,0.9069019556045532,27.70848274230957
161.8000030517578,146.3000030517578,168.89999389648438,50.599998474121094,118.0,171.8000030517578,119.80000305175781,55.900001525878906,173.89999389648438,57.29999923706055,118.30000305175781,173.89999389648438,167.3000030517578,5.5,177.60000610351562,75.8149185180664,1.3779239654541016,0.7521888017654419,0.798615574836731,0.8008334040641785,0.9211133122444153,25.75127601623535
159.10000610351562,151.0,167.1999969482422,95.80000305175781,73.0,174.6999969482422,127.5999984741211,47.29999923706055,176.39999389648438,57.5,118.4000015258789,178.10000610351562,172.1999969482422,2.799999952316284,175.6999969482422,73.38944244384766,1.3982913494110107,0.789955735206604,0.81327223777771,0.7916081547737122,0.9352695345878601,26.69743537902832
159.6999969482422,147.89999389648438,166.1999969482422,65.5999984741211,102.30000305175781,172.8000030517578,90.69999694824219,84.0999984741211,176.3000030517578,44.099998474121094,132.8000030517578,179.3000030517578,177.0,12.300000190734863,173.1999969482422,75.79124450683594,1.3418434858322144,0.7684243321418762,0.7964566349983215,0.7857144474983215,0.9161720275878906,27.982519149780273
160.60000610351562,155.8000030517578,151.10000610351562,178.8000030517578,23.899999618530273,165.6999969482422,168.5,21.600000381469727,175.60000610351562,105.19999694824219,81.69999694824219,176.6999969482422,128.10000610351562,51.099998474121094,169.10000610351562,71.06456756591797,1.5172308683395386,0.7618409991264343,0.7387723326683044,0.5719659328460693,0.6895977854728699,14.125395774841309
160.60000610351562,154.60000610351562,154.3000030517578,179.1999969482422,23.200000762939453,165.60000610351562,171.0,20.799999237060547,173.89999389648438,110.4000015258789,77.19999694824219,177.10000610351562,129.3000030517578,48.79999923706055,170.39999389648438,66.99813842773438,1.533370852470398,0.7749125361442566,0.758977472782135,0.580608069896698,0.6993822455406189,14.901982307434082
160.5,156.39999389648438,150.89999389648438,176.10000610351562,18.299999237060547,168.3000030517578,169.3000030517578,20.299999237060547,176.5,106.69999694824219,79.19999694824219,179.89999389648438,124.0,54.79999923706055,172.8000030517578,69.4518051147461,1.5235421657562256,0.7598821520805359,0.7252102494239807,0.5625202059745789,0.6683931946754456,11.292417526245117
160.6999969482422,155.89999389648438,146.3000030517578,178.89999389648438,26.700000762939453,165.8000030517578,169.60000610351562,24.0,172.5,109.0999984741211,77.5999984741211,177.1999969482422,134.89999389648438,46.70000076293945,166.89999389648438,67.97174072265625,1.5108768939971924,0.8027920722961426,0.7655014991760254,0.6160891652107239,0.7320230007171631,15.376953125
159.60000610351562,155.89999389648438,146.0,178.1999969482422,26.200000762939453,168.39999389648438,169.89999389648438,23.899999618530273,167.1999969482422,109.5,77.0,175.10000610351562,143.39999389648438,40.900001525878906,158.89999389648438,71.23453521728516,1.4912028312683105,0.7946173548698425,0.7339158058166504,0.6160427331924438,0.7619759440422058,17.465087890625
160.0,156.5,146.89999389648438,177.39999389648438,19.700000762939453,168.5,178.10000610351562,13.800000190734863,176.1999969482422,135.10000610351562,51.29999923706055,178.3000030517578,150.39999389648438,34.099998474121094,161.0,75.39005279541016,1.5329012870788574,0.7477099895477295,0.7229554057121277,0.5789510011672974,0.6878476142883301,14.508151054382324
161.60000610351562,154.1999969482422,151.8000030517578,176.5,17.700000762939453,170.89999389648438,175.10000610351562,16.5,177.6999969482422,131.8000030517578,57.5,175.10000610351562,142.39999389648438,43.099998474121094,161.89999389648438,73.36491394042969,1.5218312740325928,0.7671663761138916,0.758844256401062,0.6432644128799438,0.7620628476142883,12.225744247436523
160.6999969482422,155.10000610351562,148.39999389648438,163.60000610351562,4.0,173.39999389648438,175.6999969482422,6.400000095367432,178.3000030517578,147.60000610351562,39.0,179.0,159.1999969482422,24.299999237060547,165.3000030517578,75.6359634399414,1.5398799180984497,0.769559383392334,0.7336890697479248,0.5892250537872314,0.7172628045082092,13.426294326782227
162.1999969482422,155.3000030517578,147.60000610351562,166.0,3.799999952316284,176.0,176.6999969482422,6.900000095367432,177.89999389648438,132.10000610351562,54.70000076293945,179.6999969482422,153.10000610351562,29.0,166.3000030517578,75.70589447021484,1.5175937414169312,0.7634537220001221,0.7510884404182434,0.6030883193016052,0.7500311732292175,15.62756633758545
161.6999969482422,154.8000030517578,150.60000610351562,165.5,2.9000000953674316,175.10000610351562,176.5,6.300000190734863,179.8000030517578,147.89999389648438,38.400001525878906,178.3000030517578,157.60000610351562,24.5,165.8000030517578,75.55677032470703,1.530192494392395,0.7684577703475952,0.754190981388092,0.6148406863212585,0.754207968711853,15.641603469848633
161.6999969482422,156.10000610351562,147.39999389648438,160.3000030517578,2.4000000953674316,175.3000030517578,171.89999389648438,1.2000000476837158,176.8000030517578,164.0,22.100000381469727,179.5,160.8000030517578,21.399999618530273,168.1999969482422,74.80543518066406,1.5152878761291504,0.7811347246170044,0.7767161726951599,0.6449823379516602,0.7706553936004639,15.326604843139648
162.1999969482422,154.39999389648438,149.3000030517578,164.89999389648438,0.30000001192092896,177.5,176.39999389648438,6.5,179.6999969482422,128.10000610351562,59.0,178.89999389648438,158.39999389648438,25.100000381469727,168.3000030517578,75.92528533935547,1.474056601524353,0.7973906397819519,0.7968318462371826,0.7000369429588318,0.8427348732948303,17.349262237548828
163.3000030517578,155.10000610351562,146.60000610351562,164.5,0.30000001192092896,177.89999389648438,172.89999389648438,2.0,178.5,168.89999389648438,2.799999952316284,177.0,167.10000610351562,16.5,167.0,74.51834869384766,1.4710582494735718,0.8030729293823242,0.831393837928772,0.7363758087158203,0.8787639737129211,18.978900909423828
163.8000030517578,153.0,148.6999969482422,157.10000610351562,11.0,178.60000610351562,166.89999389648438,5.699999809265137,175.6999969482422,65.69999694824219,107.19999694824219,178.0,176.3000030517578,3.0,173.89999389648438,73.1407241821289,1.44533109664917,0.8198146820068359,0.8654096126556396,0.7610090970993042,0.9012952446937561,20.912267684936523
163.8000030517578,152.10000610351562,152.0,159.0,9.5,178.1999969482422,168.60000610351562,5.300000190734863,176.6999969482422,72.0,102.80000305175781,176.10000610351562,174.1999969482422,3.799999952316284,176.0,71.62311553955078,1.4416062831878662,0.8314934372901917,0.8684779405593872,0.7663068771362305,0.8959610462188721,18.764808654785156
164.0,152.89999389648438,151.6999969482422,146.89999389648438,25.100000381469727,172.3000030517578,157.0,16.399999618530273,174.5,96.5999984741211,78.30000305175781,173.3000030517578,179.5,4.300000190734863,177.1999969482422,69.50540924072266,1.4621738195419312,0.8447344899177551,0.8544789552688599,0.7492402195930481,0.8825935125350952,21.502225875854492
162.60000610351562,154.1999969482422,152.8000030517578,143.39999389648438,25.200000762939453,177.0,162.5,12.5,174.39999389648438,122.4000015258789,53.70000076293945,174.60000610351562,174.3000030517578,3.0999999046325684,175.89999389648438,71.69680786132812,1.479865312576294,0.787519633769989,0.8105931878089905,0.7175700664520264,0.831299901008606,19.532705307006836
162.8000030517578,153.60000610351562,152.5,146.0,22.5,179.10000610351562,163.0,10.199999809265137,175.8000030517578,103.5,72.0,173.60000610351562,175.6999969482422,3.0999999046325684,175.60000610351562,70.63536834716797,1.4448208808898926,0.80995774269104,0.8522430658340454,0.761687159538269,0.8927829265594482,19.9084415435791
160.10000610351562,152.8000030517578,146.89999389648438,132.60000610351562,36.099998474121094,176.1999969482422,164.5,8.5,177.60000610351562,57.79999923706055,117.30000305175781,179.6999969482422,169.6999969482422,6.900000095367432,172.8000030517578,73.85328674316406,1.4437570571899414,0.788449227809906,0.8824574947357178,0.8187600374221802,0.9319488406181335,18.567214965820312
158.10000610351562,153.10000610351562,149.60000610351562,116.19999694824219,53.599998474121094,178.6999969482422,156.0,18.700000762939453,179.89999389648438,95.4000015258789,81.19999694824219,177.10000610351562,179.39999389648438,4.199999809265137,173.1999969482422,76.94827270507812,1.4638941287994385,0.7701982855796814,0.8680139780044556,0.8234121203422546,0.8958966135978699,19.509029388427734
161.0,152.39999389648438,149.3000030517578,116.80000305175781,54.79999923706055,175.60000610351562,155.3000030517578,20.200000762939453,179.10000610351562,77.4000015258789,99.69999694824219,173.10000610351562,179.8000030517578,6.699999809265137,177.1999969482422,74.75659942626953,1.453948974609375,0.7444425821304321,0.8624521493911743,0.8124169707298279,0.8976523280143738,19.82073974609375
160.39999389648438,153.3000030517578,151.89999389648438,110.69999694824219,61.099998474121094,179.8000030517578,147.3000030517578,27.0,173.3000030517578,76.5,97.80000305175781,173.39999389648438,172.10000610351562,11.600000381469727,179.39999389648438,75.40962982177734,1.4279228448867798,0.778742253780365,0.8729598522186279,0.8003146052360535,0.8996634483337402,22.621273040771484
161.89999389648438,152.60000610351562,151.6999969482422,120.0999984741211,51.70000076293945,176.1999969482422,148.6999969482422,25.5,179.89999389648438,78.80000305175781,97.19999694824219,175.10000610351562,174.3000030517578,0.6000000238418579,179.0,75.59151458740234,1.4335836172103882,0.755473792552948,0.85893714427948,0.8099760413169861,0.9025208950042725,22.630775451660156
163.1999969482422,150.89999389648438,153.89999389648438,112.69999694824219,59.0,177.8000030517578,146.8000030517578,28.200000762939453,174.0,92.30000305175781,81.30000305175781,177.6999969482422,173.89999389648438,9.100000381469727,179.3000030517578,76.5667724609375,1.417115330696106,0.7773235440254211,0.8735082149505615,0.8195310831069946,0.9012444615364075,19.519309997558594
162.3000030517578,150.6999969482422,155.5,140.0,32.29999923706055,176.39999389648438,158.89999389648438,15.600000381469727,179.0,116.9000015258789,59.29999923706055,179.1999969482422,171.89999389648438,5.0,174.5,75.46548461914062,1.4555860757827759,0.7851141691207886,0.8434793949127197,0.7700558304786682,0.8898535370826721,22.096351623535156
163.1999969482422,154.5,151.5,136.60000610351562,34.099998474121094,178.6999969482422,162.0,13.199999809265137,178.1999969482422,117.30000305175781,58.900001525878906,178.39999389648438,178.10000610351562,1.5,176.60000610351562,76.48789978027344,1.492207646369934,0.7687762379646301,0.8262735605239868,0.7598662972450256,0.8601245284080505,19.6677303314209
163.8000030517578,153.8000030517578,146.10000610351562,147.1999969482422,29.5,170.10000610351562,159.60000610351562,16.5,172.0,132.89999389648438,42.70000076293945,177.8000030517578,177.6999969482422,1.100000023841858,176.60000610351562,74.09616088867188,1.5192793607711792,0.8048326969146729,0.8187630772590637,0.6684125661849976,0.7945414185523987,18.5623722076416
164.60000610351562,152.8000030517578,143.8000030517578,146.60000610351562,28.100000381469727,168.8000030517578,161.10000610351562,13.0,171.0,153.89999389648438,20.899999618530273,179.0,175.60000610351562,5.5,173.39999389648438,76.86076354980469,1.53648042678833,0.7825867533683777,0.7666432857513428,0.582780122756958,0.7096978425979614,16.84037208557129
165.3000030517578,153.10000610351562,143.5,150.10000610351562,21.100000381469727,172.3000030517578,163.5,7.900000095367432,172.8000030517578,162.8000030517578,10.899999618530273,179.10000610351562,174.39999389648438,9.0,172.1999969482422,75.29638671875,1.5315238237380981,0.7935227751731873,0.76694256067276,0.5840940475463867,0.7004960775375366,17.47513198852539
164.39999389648438,154.5,149.60000610351562,151.60000610351562,19.399999618530273,171.0,165.0,5.199999809265137,175.89999389648438,164.1999969482422,8.300000190734863,178.39999389648438,173.60000610351562,9.399999618530273,172.10000610351562,69.70100402832031,1.5072027444839478,0.8427974581718445,0.8394802212715149,0.7053536772727966,0.7925047874450684,16.690494537353516
163.89999389648438,151.39999389648438,161.8000030517578,151.6999969482422,18.600000381469727,171.5,167.39999389648438,4.199999809265137,175.89999389648438,151.6999969482422,22.0,178.39999389648438,168.8000030517578,11.300000190734863,172.3000030517578,68.72913360595703,1.473549485206604,0.8625863194465637,0.879050076007843,0.7770693898200989,0.8609183430671692,20.322633743286133
163.60000610351562,149.39999389648438,171.1999969482422,151.89999389648438,19.299999237060547,172.5,169.0,4.400000095367432,175.0,149.60000610351562,24.0,179.89999389648438,169.60000610351562,11.0,169.5,66.00466918945312,1.4602431058883667,0.8679817318916321,0.8904399871826172,0.7983851432800293,0.8822938203811646,19.509098052978516
163.10000610351562,146.6999969482422,175.60000610351562,148.0,21.700000762939453,172.8000030517578,169.39999389648438,2.5,173.0,125.30000305175781,47.400001525878906,177.3000030517578,167.0,11.899999618530273,172.6999969482422,67.13653564453125,1.4173130989074707,0.8833140134811401,0.92139732837677,0.8314595222473145,0.9238720536231995,21.640209197998047
164.0,149.60000610351562,176.8000030517578,149.39999389648438,18.399999618530273,177.60000610351562,170.5,2.700000047683716,172.60000610351562,148.89999389648438,21.700000762939453,179.0,163.5,18.200000762939453,168.3000030517578,67.82695007324219,1.468278169631958,0.8353317379951477,0.8692152500152588,0.7745877504348755,0.8426759243011475,20.31801986694336
162.8000030517578,150.89999389648438,176.3000030517578,148.8000030517578,20.5,176.1999969482422,169.10000610351562,4.900000095367432,174.1999969482422,139.3000030517578,34.099998474121094,177.1999969482422,164.3000030517578,14.100000381469727,170.5,68.8155746459961,1.4554179906845093,0.8357383608818054,0.8485100865364075,0.7750524282455444,0.8612882494926453,22.94409942626953
164.1999969482422,150.39999389648438,174.10000610351562,153.0,17.100000381469727,175.3000030517578,169.5,3.799999952316284,174.6999969482422,139.89999389648438,34.0,176.0,163.89999389648438,14.899999618530273,172.89999389648438,66.88053131103516,1.4573583602905273,0.8576309084892273,0.8780470490455627,0.7836083769798279,0.8697264194488525,21.643505096435547
163.1999969482422,152.60000610351562,175.8000030517578,155.6999969482422,11.0,177.8000030517578,172.6999969482422,2.0,177.3000030517578,161.6999969482422,10.399999618530273,177.8000030517578,159.10000610351562,24.200000762939453,167.3000030517578,66.84442901611328,1.4751473665237427,0.8608165383338928,0.8704630136489868,0.770255446434021,0.8545656204223633,23.69407844543457
164.60000610351562,152.1999969482422,177.1999969482422,153.89999389648438,13.399999618530273,177.0,171.10000610351562,0.6000000238418579,176.1999969482422,155.39999389648438,16.600000381469727,176.0,162.3000030517578,21.600000381469727,170.0,66.9718017578125,1.4549182653427124,0.86659175157547,0.8582323789596558,0.7594345808029175,0.8532071113586426,24.227611541748047
163.5,152.10000610351562,176.60000610351562,154.1999969482422,13.899999618530273,175.60000610351562,167.60000610351562,1.7000000476837158,176.1999969482422,158.0,13.399999618530273,175.1999969482422,167.8000030517578,18.600000381469727,166.39999389648438,67.28538513183594,1.4618220329284668,0.8613151907920837,0.8521475195884705,0.7618975639343262,0.8312168717384338,23.58580780029297
164.89999389648438,152.0,175.89999389648438,151.8000030517578,14.0,178.89999389648438,169.39999389648438,0.20000000298023224,176.89999389648438,165.60000610351562,5.900000095367432,176.39999389648438,166.0,19.200000762939453,166.39999389648438,70.28569030761719,1.4747161865234375,0.8306459188461304,0.8182566165924072,0.7388935089111328,0.8063663244247437,22.856618881225586
163.8000030517578,150.10000610351562,176.6999969482422,152.60000610351562,15.399999618530273,174.1999969482422,167.8000030517578,2.9000000953674316,174.3000030517578,139.1999969482422,32.099998474121094,175.10000610351562,171.89999389648438,8.899999618530273,175.39999389648438,67.12446594238281,1.4838300943374634,0.8769901394844055,0.8484386801719666,0.7335216403007507,0.8291023373603821,19.921783447265625
162.39999389648438,151.3000030517578,178.89999389648438,166.1999969482422,1.2999999523162842,178.3000030517578,179.3000030517578,8.399999618530273,179.60000610351562,167.10000610351562,20.0,176.5,161.6999969482422,23.100000381469727,165.89999389648438,70.37298583984375,1.4397258758544922,0.8381454944610596,0.8135799169540405,0.7399081587791443,0.8245327472686768,18.16086769104004
162.0,151.6999969482422,176.60000610351562,166.10000610351562,2.4000000953674316,177.39999389648438,178.39999389648438,8.5,176.1999969482422,168.8000030517578,19.100000381469727,174.1999969482422,160.6999969482422,23.899999618530273,167.39999389648438,68.64803314208984,1.4659819602966309,0.8389224410057068,0.8224958777427673,0.7093709111213684,0.8026215434074402,16.377685546875
161.3000030517578,152.1999969482422,178.39999389648438,166.0,3.5999999046325684,176.6999969482422,178.89999389648438,9.300000190734863,176.0,164.39999389648438,25.0,174.5,158.39999389648438,26.200000762939453,170.3000030517578,67.61188507080078,1.462602972984314,0.8397489786148071,0.8275008201599121,0.7116470336914062,0.8041445016860962,14.490549087524414
160.6999969482422,155.10000610351562,173.10000610351562,167.6999969482422,4.599999904632568,176.3000030517578,174.10000610351562,16.0,177.8000030517578,113.30000305175781,75.5999984741211,177.39999389648438,146.3000030517578,38.20000076293945,165.89999389648438,69.64783477783203,1.4718300104141235,0.8210522532463074,0.7933934330940247,0.6873762011528015,0.7956269383430481,17.5535945892334
160.1999969482422,155.60000610351562,170.3000030517578,170.3000030517578,10.0,173.5,174.10000610351562,16.299999237060547,178.5,115.4000015258789,70.80000305175781,176.8000030517578,142.89999389648438,40.0,164.6999969482422,67.15685272216797,1.514460563659668,0.8174733519554138,0.7552645802497864,0.6013851761817932,0.7032836079597473,16.323572158813477
160.8000030517578,154.3000030517578,172.3000030517578,172.6999969482422,13.199999809265137,173.0,170.89999389648438,20.299999237060547,179.3000030517578,122.4000015258789,67.30000305175781,178.0,141.8000030517578,42.70000076293945,166.8000030517578,66.17952728271484,1.5172756910324097,0.8362810015678406,0.7841508388519287,0.6309197545051575,0.7131004333496094,14.414979934692383
158.6999969482422,156.0,169.89999389648438,171.39999389648438,10.800000190734863,171.39999389648438,172.1999969482422,14.899999618530273,173.8000030517578,113.30000305175781,73.19999694824219,172.0,135.1999969482422,45.400001525878906,171.8000030517578,66.9249267578125,1.4876971244812012,0.8104550242424011,0.7702865600585938,0.6249619126319885,0.7024940252304077,11.720823287963867
159.39999389648438,155.8000030517578,173.60000610351562,169.5,30.200000762939453,169.10000610351562,153.60000610351562,34.400001525878906,177.10000610351562,69.4000015258789,116.80000305175781,176.89999389648438,108.5,73.9000015258789,165.60000610351562,65.2599868774414,1.4201501607894897,0.8091570734977722,0.7869000434875488,0.6584126949310303,0.750043511390686,10.526965141296387
160.39999389648438,156.1999969482422,172.5,169.1999969482422,30.399999618530273,168.8000030517578,152.5,35.20000076293945,175.3000030517578,83.4000015258789,105.5999984741211,176.0,111.9000015258789,72.4000015258789,160.3000030517578,68.05567169189453,1.4617921113967896,0.774590790271759,0.7392055988311768,0.6066408157348633,0.6971447467803955,13.318340301513672
159.0,156.3000030517578,172.5,170.10000610351562,30.200000762939453,169.0,154.8000030517578,34.099998474121094,178.6999969482422,84.4000015258789,105.0,179.1999969482422,108.0999984741211,76.0999984741211,162.8000030517578,66.012939453125,1.475019097328186,0.8128867745399475,0.7915247678756714,0.6330435276031494,0.7174598574638367,12.602157592773438
159.39999389648438,156.1999969482422,171.5,172.5,30.399999618530273,167.39999389648438,155.6999969482422,34.400001525878906,174.60000610351562,77.19999694824219,111.0999984741211,178.6999969482422,109.4000015258789,74.30000305175781,162.6999969482422,64.23356628417969,1.4697118997573853,0.8280400037765503,0.7659276127815247,0.6089214086532593,0.7060337066650391,13.835244178771973
159.60000610351562,157.0,171.60000610351562,159.0,46.599998474121094,163.39999389648438,148.10000610351562,43.900001525878906,174.3000030517578,67.69999694824219,120.5999984741211,179.10000610351562,101.69999694824219,83.9000015258789,159.1999969482422,63.698978424072266,1.4126349687576294,0.8524211645126343,0.807192862033844,0.6807875037193298,0.7770746350288391,13.653088569641113
158.1999969482422,157.6999969482422,168.89999389648438,166.39999389648438,37.5,166.0,152.3000030517578,38.599998474121094,175.5,64.80000305175781,123.80000305175781,176.6999969482422,114.9000015258789,71.19999694824219,155.1999969482422,67.85318756103516,1.4493637084960938,0.8422154188156128,0.7802116870880127,0.6510577201843262,0.7680177688598633,15.0692138671875
162.89999389648438,154.89999389648438,175.8000030517578,92.30000305175781,113.0,160.6999969482422,71.80000305175781,123.19999694824219,170.60000610351562,23.0,168.89999389648438,169.8000030517578,18.799999237060547,167.60000610351562,172.39999389648438,70.93653869628906,1.3062758445739746,0.8458878397941589,0.7629139423370361,0.618680477142334,0.7434925436973572,6.300531387329102
165.0,154.1999969482422,175.3000030517578,82.5,120.30000305175781,160.0,67.5999984741211,126.9000015258789,167.10000610351562,27.5,164.60000610351562,163.1999969482422,18.799999237060547,170.5,169.0,73.21936798095703,1.306349277496338,0.8095734119415283,0.7527998685836792,0.6088970303535461,0.723121166229248,4.531908988952637
163.10000610351562,158.1999969482422,170.3000030517578,87.5999984741211,117.69999694824219,157.5,66.80000305175781,127.69999694824219,167.0,28.799999237060547,162.0,164.1999969482422,23.899999618530273,163.10000610351562,162.5,70.62029266357422,1.2983118295669556,0.8558802604675293,0.759602427482605,0.612663209438324,0.7331539392471313,7.390318870544434
162.8000030517578,154.39999389648438,173.8000030517578,71.80000305175781,129.5,157.0,63.099998474121094,131.5,168.5,24.600000381469727,167.8000030517578,164.5,15.5,173.0,163.10000610351562,75.55956268310547,1.3169405460357666,0.788870632648468,0.77992182970047,0.6305940747261047,0.7411297559738159,4.607690811157227
163.6999969482422,155.5,171.89999389648438,77.30000305175781,125.80000305175781,158.0,63.0,132.6999969482422,166.3000030517578,23.899999618530273,170.10000610351562,162.10000610351562,13.600000381469727,176.8000030517578,158.8000030517578,74.91999816894531,1.3154133558273315,0.8123636841773987,0.7654169797897339,0.6296828985214233,0.7511315941810608,4.49118709564209
165.5,148.60000610351562,169.5,68.30000305175781,135.1999969482422,162.10000610351562,57.5,138.0,177.6999969482422,17.799999237060547,179.0,167.60000610351562,4.800000190734863,177.3000030517578,170.39999389648438,75.3583755493164,1.3430218696594238,0.8669015169143677,0.8498253226280212,0.6838167905807495,0.7979811429977417,2.2048096656799316
162.8000030517578,148.1999969482422,169.3000030517578,57.900001525878906,143.0,162.10000610351562,50.099998474121094,142.1999969482422,176.1999969482422,12.899999618530273,178.10000610351562,171.1999969482422,0.6000000238418579,173.60000610351562,178.39999389648438,75.49202728271484,1.3637288808822632,0.8264960646629333,0.8257705569267273,0.6715692281723022,0.7979384660720825,3.200911045074463
163.39999389648438,150.60000610351562,157.60000610351562,56.20000076293945,148.60000610351562,158.6999969482422,52.0,140.8000030517578,174.6999969482422,15.800000190734863,175.89999389648438,175.10000610351562,5.400000095367432,179.6999969482422,172.5,76.81499481201172,1.3849303722381592,0.8172029852867126,0.8086894750595093,0.6687314510345459,0.8049622774124146,5.201812744140625
162.5,151.1999969482422,175.6999969482422,158.60000610351562,5.099999904632568,178.5,175.89999389648438,5.300000190734863,179.39999389648438,179.5,10.5,177.0,155.5,27.5,167.10000610351562,63.65898895263672,1.4428691864013672,0.8402706384658813,0.8144274353981018,0.7393003702163696,0.761043906211853,19.471986770629883
161.0,153.1999969482422,178.10000610351562,155.1999969482422,10.399999618530273,175.5,174.89999389648438,3.0999999046325684,175.60000610351562,177.0,6.400000095367432,179.10000610351562,159.5,24.700000762939453,168.1999969482422,62.004154205322266,1.4448407888412476,0.8570141196250916,0.8234441876411438,0.752128005027771,0.7767354846000671,18.3029842376709
161.89999389648438,150.1999969482422,178.8000030517578,153.1999969482422,13.5,171.89999389648438,175.10000610351562,0.4000000059604645,173.10000610351562,166.8000030517578,3.200000047683716,179.6999969482422,161.10000610351562,22.5,171.8000030517578,62.5457763671875,1.4445191621780396,0.8606287240982056,0.8255477547645569,0.763337254524231,0.7875316143035889,17.70018768310547
161.5,151.1999969482422,178.6999969482422,152.3000030517578,15.699999809265137,172.89999389648438,175.3000030517578,1.2000000476837158,173.8000030517578,174.39999389648438,5.599999904632568,175.3000030517578,154.8000030517578,26.700000762939453,169.39999389648438,64.00727081298828,1.4573988914489746,0.8169745802879333,0.8208577632904053,0.7255105376243591,0.7566081285476685,18.72037696838379
161.0,154.39999389648438,174.8000030517578,154.60000610351562,11.600000381469727,178.8000030517578,172.6999969482422,0.10000000149011612,176.5,176.1999969482422,6.199999809265137,179.3000030517578,157.1999969482422,27.600000381469727,164.89999389648438,62.14796447753906,1.4600112438201904,0.8339090347290039,0.8068796992301941,0.7127313017845154,0.7212878465652466,19.08779525756836
160.1999969482422,153.6999969482422,177.0,151.39999389648438,14.5,177.6999969482422,170.60000610351562,1.600000023841858,176.3000030517578,176.89999389648438,6.5,177.8000030517578,156.6999969482422,25.100000381469727,168.6999969482422,61.34563446044922,1.450473666191101,0.8378125429153442,0.8063144683837891,0.715334951877594,0.7277647256851196,16.680177688598633
161.39999389648438,154.39999389648438,173.10000610351562,152.39999389648438,14.100000381469727,176.39999389648438,172.1999969482422,1.100000023841858,176.60000610351562,177.10000610351562,6.800000190734863,178.6999969482422,156.89999389648438,26.899999618530273,169.60000610351562,60.380157470703125,1.4383748769760132,0.8537830710411072,0.8149226307868958,0.7339632511138916,0.7307484745979309,14.994850158691406
161.89999389648438,153.10000610351562,170.5,145.5,25.5,168.0,168.60000610351562,4.5,178.39999389648438,170.0,1.100000023841858,177.6999969482422,162.0,21.0,167.1999969482422,64.41263580322266,1.442478060722351,0.8485819697380066,0.7831717729568481,0.7073432207107544,0.7416737675666809,19.20567512512207
162.89999389648438,152.8000030517578,170.8000030517578,146.5,20.600000381469727,172.60000610351562,168.6999969482422,2.0999999046325684,175.3000030517578,174.3000030517578,5.699999809265137,177.89999389648438,162.60000610351562,24.399999618530273,169.1999969482422,61.920162200927734,1.4644094705581665,0.9002774953842163,0.8340454697608948,0.7377841472625732,0.7335800528526306,15.654937744140625
161.39999389648438,154.3000030517578,170.10000610351562,145.8000030517578,21.600000381469727,174.10000610351562,166.5,5.900000095367432,173.39999389648438,171.5,1.399999976158142,179.39999389648438,166.0,19.399999618530273,169.5,63.54418182373047,1.4660316705703735,0.8797701001167297,0.8212386965751648,0.7142156958580017,0.7234721183776855,16.02958869934082
161.0,153.6999969482422,174.6999969482422,142.8000030517578,27.899999618530273,168.89999389648438,164.6999969482422,8.699999809265137,168.8000030517578,166.8000030517578,1.399999976158142,179.3000030517578,164.8000030517578,20.799999237060547,171.8000030517578,62.73981857299805,1.4530471563339233,0.8564203977584839,0.8074620962142944,0.6948544979095459,0.6958996057510376,14.218175888061523
162.89999389648438,151.89999389648438,175.39999389648438,144.39999389648438,23.600000381469727,173.0,166.1999969482422,7.400000095367432,171.39999389648438,171.89999389648438,1.5,177.39999389648438,165.0,19.600000381469727,170.3000030517578,61.998443603515625,1.4364677667617798,0.8553680777549744,0.7897464632987976,0.6881973743438721,0.7091331481933594,17.040502548217773
161.89999389648438,153.3000030517578,172.5,142.6999969482422,27.5,169.6999969482422,166.8000030517578,9.199999809265137,170.3000030517578,168.1999969482422,1.0,176.10000610351562,165.6999969482422,17.200000762939453,172.10000610351562,62.37588119506836,1.4595601558685303,0.8694872260093689,0.8149662017822266,0.7023655772209167,0.7307851314544678,16.604557037353516
160.6999969482422,152.1999969482422,175.1999969482422,143.60000610351562,26.299999237060547,171.8000030517578,167.0,10.0,168.89999389648438,164.5,3.4000000953674316,176.6999969482422,161.89999389648438,20.100000381469727,176.89999389648438,63.596370697021484,1.4669303894042969,0.8270973563194275,0.797135055065155,0.6740646958351135,0.6989208459854126,17.137331008911133
161.89999389648438,150.8000030517578,177.60000610351562,143.60000610351562,25.799999237060547,174.8000030517578,167.5,10.699999809265137,169.0,165.10000610351562,3.5,174.89999389648438,163.5,19.0,173.10000610351562,64.29512786865234,1.482275128364563,0.8474271893501282,0.8225529789924622,0.6977909207344055,0.7226729393005371,17.030319213867188
161.3000030517578,150.6999969482422,177.10000610351562,142.89999389648438,26.200000762939453,175.6999969482422,163.5,13.300000190734863,168.39999389648438,162.8000030517578,5.699999809265137,178.0,161.89999389648438,21.399999618530273,171.3000030517578,63.952796936035156,1.4651553630828857,0.852981448173523,0.8263735771179199,0.7288369536399841,0.7407106161117554,18.537179946899414
161.1999969482422,149.60000610351562,177.10000610351562,137.5,40.70000076293945,166.10000610351562,158.8000030517578,20.399999618530273,165.0,150.60000610351562,21.399999618530273,179.6999969482422,171.5,5.400000095367432,179.0,65.82742309570312,1.4700168371200562,0.8509024381637573,0.8114803433418274,0.6993870735168457,0.7567593455314636,17.37469482421875
161.6999969482422,147.89999389648438,179.39999389648438,136.39999389648438,41.5,164.5,156.39999389648438,20.200000762939453,164.10000610351562,148.0,21.100000381469727,178.39999389648438,170.8000030517578,8.100000381469727,179.6999969482422,64.77944946289062,1.4717137813568115,0.8927212953567505,0.8446817398071289,0.729396402835846,0.7790703177452087,18.419395446777344
160.60000610351562,148.89999389648438,174.5,137.60000610351562,43.79999923706055,159.5,155.5,22.100000381469727,160.39999389648438,151.8000030517578,20.700000762939453,176.8000030517578,171.60000610351562,4.099999904632568,178.0,64.61991119384766,1.4598783254623413,0.8550053238868713,0.8060829639434814,0.6795998811721802,0.7335360050201416,18.5421142578125
162.1999969482422,150.3000030517578,169.6999969482422,142.3000030517578,37.0,160.89999389648438,159.10000610351562,19.399999618530273,165.8000030517578,161.10000610351562,11.0,178.8000030517578,166.1999969482422,13.300000190734863,174.6999969482422,62.79417419433594,1.4182610511779785,0.8387969732284546,0.8117257356643677,0.7141166925430298,0.7080073356628418,13.017294883728027
161.60000610351562,150.1999969482422,170.89999389648438,133.39999389648438,48.400001525878906,157.0,143.8000030517578,33.900001525878906,160.89999389648438,131.5,42.900001525878906,172.89999389648438,178.60000610351562,5.199999809265137,171.3000030517578,64.58248138427734,1.406975507736206,0.8668049573898315,0.7941501140594482,0.7071802020072937,0.7260803580284119,17.328630447387695
162.6999969482422,150.10000610351562,171.60000610351562,135.3000030517578,44.599998474121094,160.10000610351562,150.8000030517578,27.600000381469727,160.3000030517578,143.39999389648438,30.899999618530273,173.10000610351562,175.0,3.0,176.39999389648438,63.142616271972656,1.4267479181289673,0.858877956867218,0.8033249378204346,0.7166511416435242,0.7176029086112976,16.357908248901367
160.39999389648438,151.89999389648438,171.89999389648438,133.8000030517578,45.5,160.39999389648438,148.60000610351562,28.899999618530273,158.1999969482422,140.39999389648438,30.299999237060547,174.60000610351562,175.0,4.800000190734863,174.1999969482422,61.776710510253906,1.4205782413482666,0.8744281530380249,0.8151403665542603,0.7272168397903442,0.7421568632125854,16.239730834960938
161.8000030517578,148.1999969482422,174.1999969482422,136.8000030517578,41.0,162.8000030517578,151.3000030517578,24.5,162.3000030517578,144.1999969482422,26.5,174.89999389648438,171.6999969482422,7.400000095367432,175.60000610351562,64.23236083984375,1.4129276275634766,0.8270983099937439,0.7788107991218567,0.6781351566314697,0.6898530721664429,18.303762435913086
160.39999389648438,149.8000030517578,170.0,133.0,45.599998474121094,163.10000610351562,148.6999969482422,32.0,155.1999969482422,136.60000610351562,37.099998474121094,169.10000610351562,173.3000030517578,1.399999976158142,170.5,63.322383880615234,1.4106557369232178,0.8263372182846069,0.7881262898445129,0.7111271619796753,0.7286915183067322,18.4896183013916
161.10000610351562,150.5,171.1999969482422,134.89999389648438,43.900001525878906,160.8000030517578,148.1999969482422,31.0,159.39999389648438,142.1999969482422,31.399999618530273,171.0,179.60000610351562,0.4000000059604645,174.8000030517578,58.077476501464844,1.386015772819519,0.8737597465515137,0.8188794851303101,0.7526317238807678,0.7410491108894348,15.473108291625977
159.39999389648438,149.10000610351562,173.3000030517578,133.89999389648438,47.099998474121094,158.60000610351562,148.8000030517578,31.399999618530273,160.3000030517578,143.5,29.100000381469727,176.39999389648438,174.10000610351562,1.100000023841858,174.39999389648438,62.3081169128418,1.3912993669509888,0.8360476493835449,0.8099993467330933,0.7284834980964661,0.7302070260047913,16.979019165039062
157.6999969482422,150.10000610351562,174.1999969482422,138.89999389648438,40.79999923706055,159.8000030517578,152.39999389648438,28.100000381469727,161.10000610351562,138.39999389648438,34.0,178.8000030517578,172.89999389648438,1.2000000476837158,179.39999389648438,58.22648239135742,1.399128794670105,0.8528719544410706,0.849836528301239,0.7615763545036316,0.7698224186897278,16.31102752685547
159.10000610351562,148.8000030517578,172.5,128.3000030517578,48.29999923706055,161.0,145.89999389648438,35.79999923706055,158.8000030517578,132.1999969482422,42.0,172.89999389648438,177.6999969482422,8.600000381469727,174.6999969482422,62.25090789794922,1.394111156463623,0.8491379618644714,0.8439100980758667,0.7611770033836365,0.7717320322990417,16.533246994018555
157.1999969482422,150.10000610351562,171.3000030517578,123.80000305175781,51.099998474121094,165.5,145.10000610351562,34.0,162.8000030517578,126.4000015258789,46.5,175.3000030517578,176.0,10.800000190734863,174.0,62.68067932128906,1.3906267881393433,0.8362358212471008,0.8373258113861084,0.7718369960784912,0.7903390526771545,17.296316146850586
158.0,143.8000030517578,175.39999389648438,134.8000030517578,41.29999923706055,162.8000030517578,148.6999969482422,28.5,155.6999969482422,136.60000610351562,35.900001525878906,170.39999389648438,169.60000610351562,11.100000381469727,171.39999389648438,56.34650802612305,1.4022318124771118,0.8893047571182251,0.8587684631347656,0.7825955152511597,0.7703918814659119,8.717161178588867
160.5,147.1999969482422,176.0,130.1999969482422,42.099998474121094,169.3000030517578,150.3000030517578,24.600000381469727,167.3000030517578,135.10000610351562,36.70000076293945,179.5,177.8000030517578,0.5,179.89999389648438,66.26605987548828,1.4083985090255737,0.8763560056686401,0.8609673380851746,0.8052710294723511,0.8427707552909851,19.64483642578125
162.6999969482422,148.89999389648438,177.6999969482422,144.0,21.700000762939453,175.8000030517578,166.1999969482422,6.300000190734863,173.0,163.5,7.199999809265137,179.0,167.39999389648438,13.300000190734863,177.39999389648438,64.3991470336914,1.4337536096572876,0.8695336580276489,0.8447827696800232,0.788786768913269,0.8093718886375427,18.72037124633789
162.60000610351562,151.10000610351562,172.89999389648438,147.39999389648438,20.399999618530273,171.8000030517578,167.5,2.799999952316284,175.60000610351562,161.0,9.699999809265137,179.1999969482422,166.3000030517578,14.899999618530273,175.3000030517578,62.59656524658203,1.4538568258285522,0.8920575976371765,0.8626506328582764,0.7625187635421753,0.8041805028915405,18.749591827392578
162.6999969482422,150.5,167.8000030517578,155.8000030517578,8.300000190734863,172.89999389648438,173.0,3.5999999046325684,177.6999969482422,177.8000030517578,6.400000095367432,178.1999969482422,157.39999389648438,20.299999237060547,179.3000030517578,60.26569366455078,1.4691568613052368,0.9316568374633789,0.8697872161865234,0.7094149589538574,0.7780055999755859,22.06343650817871
162.8000030517578,145.60000610351562,166.39999389648438,156.3000030517578,7.900000095367432,170.39999389648438,176.5,8.699999809265137,178.6999969482422,171.10000610351562,0.800000011920929,177.3000030517578,154.6999969482422,21.299999237060547,176.89999389648438,62.376373291015625,1.5123380422592163,0.9176391363143921,0.8215477466583252,0.6443073153495789,0.751585841178894,23.008407592773438
163.6999969482422,145.60000610351562,166.0,152.3000030517578,10.899999618530273,172.60000610351562,171.0,3.5,174.1999969482422,160.8000030517578,9.800000190734863,178.8000030517578,165.8000030517578,10.600000381469727,175.5,66.32359313964844,1.5071903467178345,0.8482702970504761,0.785849392414093,0.57780522108078,0.6848961710929871,20.586166381835938
163.60000610351562,145.6999969482422,167.10000610351562,153.5,1.2999999523162842,178.89999389648438,178.39999389648438,14.300000190734863,176.60000610351562,165.60000610351562,25.700000762939453,177.89999389648438,153.60000610351562,28.700000762939453,169.60000610351562,64.17752838134766,1.5090450048446655,0.8781440854072571,0.8065862655639648,0.6132194995880127,0.7278708219528198,22.310117721557617
159.8000030517578,150.8000030517578,170.1999969482422,167.89999389648438,14.100000381469727,172.8000030517578,169.89999389648438,26.899999618530273,168.0,137.10000610351562,53.29999923706055,172.60000610351562,140.6999969482422,44.5,155.3000030517578,65.53579711914062,1.5022112131118774,0.857038676738739,0.7710434794425964,0.6421199440956116,0.7228490114212036,17.92932891845703
160.8000030517578,151.39999389648438,169.1999969482422,167.3000030517578,9.100000381469727,173.6999969482422,170.39999389648438,21.299999237060547,170.6999969482422,138.0,49.70000076293945,176.8000030517578,133.89999389648438,46.599998474121094,157.0,63.29658508300781,1.442470669746399,0.8260798454284668,0.7247391939163208,0.5786584615707397,0.6541930437088013,16.858699798583984
160.1999969482422,152.39999389648438,168.3000030517578,166.10000610351562,8.600000381469727,174.10000610351562,169.39999389648438,22.0,175.3000030517578,142.5,47.29999923706055,177.60000610351562,138.60000610351562,42.900001525878906,160.10000610351562,62.22117614746094,1.4620689153671265,0.8403195738792419,0.7510840892791748,0.6110960245132446,0.6895914673805237,16.73162078857422
161.3000030517578,150.5,167.39999389648438,157.10000610351562,1.0,179.1999969482422,177.39999389648438,11.800000190734863,175.1999969482422,167.8000030517578,20.899999618530273,175.8000030517578,158.0,23.899999618530273,168.1999969482422,61.12965774536133,1.4281541109085083,0.8676485419273376,0.799590528011322,0.636895477771759,0.7006042003631592,15.517578125
163.39999389648438,148.60000610351562,168.6999969482422,157.6999969482422,0.800000011920929,179.0,179.6999969482422,10.0,176.39999389648438,170.5,18.200000762939453,176.6999969482422,154.60000610351562,28.200000762939453,167.5,61.19183349609375,1.4457101821899414,0.8655929565429688,0.8067944049835205,0.6795546412467957,0.7196440100669861,16.421464920043945
163.89999389648438,148.6999969482422,170.8000030517578,155.89999389648438,6.300000190734863,177.39999389648438,178.39999389648438,6.5,175.0,179.5,7.800000190734863,176.3000030517578,159.1999969482422,22.899999618530273,169.5,60.54939651489258,1.446195125579834,0.8649895191192627,0.8205346465110779,0.7041757702827454,0.7344339489936829,15.197772979736328
164.1999969482422,148.5,171.0,159.89999389648438,1.7999999523162842,178.60000610351562,179.1999969482422,9.600000381469727,179.3000030517578,174.60000610351562,14.399999618530273,179.8000030517578,155.60000610351562,25.700000762939453,168.0,60.204986572265625,1.4461784362792969,0.8510102033615112,0.802611231803894,0.6941428780555725,0.7550573945045471,17.988161087036133
163.10000610351562,149.1999969482422,171.39999389648438,156.1999969482422,5.699999809265137,178.39999389648438,175.60000610351562,5.900000095367432,177.1999969482422,179.10000610351562,9.300000190734863,176.3000030517578,160.10000610351562,23.0,168.10000610351562,59.68777847290039,1.4392844438552856,0.8779610991477966,0.8263078927993774,0.6992782950401306,0.7458964586257935,16.43025779724121
163.3000030517578,147.6999969482422,174.8000030517578,157.6999969482422,2.4000000953674316,179.5,177.60000610351562,7.5,177.10000610351562,179.60000610351562,8.800000190734863,177.5,159.1999969482422,23.0,170.1999969482422,59.98686218261719,1.4264968633651733,0.8836941719055176,0.8423144817352295,0.7242344617843628,0.7945091724395752,19.470632553100586
163.8000030517578,147.0,170.5,153.8000030517578,8.600000381469727,173.89999389648438,179.5,10.399999618530273,176.89999389648438,177.6999969482422,10.899999618530273,177.10000610351562,161.8000030517578,20.799999237060547,172.60000610351562,61.77793884277344,1.425776720046997,0.8963749408721924,0.8309453725814819,0.718498945236206,0.7784798741340637,17.371339797973633
162.1999969482422,149.1999969482422,170.60000610351562,158.5,1.899999976158142,179.39999389648438,175.10000610351562,13.199999809265137,178.8000030517578,173.6999969482422,14.100000381469727,177.10000610351562,160.39999389648438,20.299999237060547,170.3000030517578,60.72237014770508,1.4247490167617798,0.8957910537719727,0.8341231942176819,0.7157601714134216,0.806780993938446,20.323888778686523
164.5,146.5,172.3000030517578,166.10000610351562,6.699999809265137,176.60000610351562,166.8000030517578,20.899999618530273,179.1999969482422,4.400000095367432,175.8000030517578,173.5,155.60000610351562,22.299999237060547,179.1999969482422,62.55215835571289,1.338019847869873,0.8655394315719604,0.8141282796859741,0.7285357713699341,0.8260378837585449,18.860824584960938
162.6999969482422,148.3000030517578,173.60000610351562,170.5,14.199999809265137,173.60000610351562,161.5,24.899999618530273,179.6999969482422,10.399999618530273,161.3000030517578,171.60000610351562,144.5,31.100000381469727,178.10000610351562,60.74052047729492,1.3508152961730957,0.8663929104804993,0.8203909397125244,0.7280283570289612,0.8412665128707886,17.76426887512207
162.60000610351562,148.60000610351562,172.39999389648438,164.0,4.400000095367432,175.6999969482422,164.5,23.0,179.3000030517578,9.199999809265137,176.39999389648438,168.89999389648438,161.60000610351562,16.899999618530273,179.6999969482422,64.16519927978516,1.340003490447998,0.876141369342804,0.8066117763519287,0.7035894989967346,0.8080501556396484,15.735612869262695
162.1999969482422,149.89999389648438,169.60000610351562,176.89999389648438,16.799999237060547,173.39999389648438,164.0,24.5,177.39999389648438,12.399999618530273,174.39999389648438,168.89999389648438,152.89999389648438,27.399999618530273,175.5,64.38764953613281,1.3201953172683716,0.8919593095779419,0.8246276378631592,0.7179257273674011,0.8193978071212769,15.682086944580078
160.1999969482422,155.3000030517578,168.8000030517578,161.0,39.5,169.39999389648438,136.39999389648438,53.099998474121094,170.10000610351562,41.900001525878906,144.0,179.3000030517578,99.30000305175781,82.80000305175781,163.6999969482422,64.77847290039062,1.3066463470458984,0.8503245115280151,0.7797892689704895,0.6790811419487,0.8051056265830994,14.967925071716309
160.89999389648438,155.1999969482422,169.6999969482422,122.5,77.80000305175781,166.60000610351562,98.0,92.69999694824219,160.10000610351562,27.600000381469727,161.1999969482422,169.6999969482422,45.29999923706055,137.60000610351562,161.89999389648438,65.84252166748047,1.2902202606201172,0.8344278931617737,0.7351090312004089,0.6415730714797974,0.7595771551132202,12.709678649902344
163.5,154.5,172.60000610351562,111.30000305175781,91.0999984741211,161.6999969482422,88.0999984741211,103.5999984741211,156.3000030517578,30.100000381469727,160.6999969482422,165.5,39.099998474121094,144.60000610351562,161.39999389648438,66.61699676513672,1.2940325736999512,0.8406534194946289,0.7288666367530823,0.6271106004714966,0.7472673654556274,10.591139793395996
164.1999969482422,154.1999969482422,171.5,113.0999984741211,88.30000305175781,164.60000610351562,87.80000305175781,104.0,159.5,26.0,165.5,168.60000610351562,26.299999237060547,157.3000030517578,170.5,66.64189147949219,1.2891427278518677,0.8250947594642639,0.7290503978729248,0.6274014115333557,0.7358746528625488,6.836846828460693
163.89999389648438,153.5,172.5,113.80000305175781,88.4000015258789,163.8000030517578,89.9000015258789,101.4000015258789,158.10000610351562,26.200000762939453,164.10000610351562,169.1999969482422,31.899999618530273,150.5,167.3000030517578,65.53730010986328,1.293668508529663,0.8354611396789551,0.731171727180481,0.629397451877594,0.7424209713935852,8.959856986999512
162.60000610351562,152.10000610351562,172.39999389648438,146.0,53.79999923706055,169.6999969482422,122.0999984741211,67.5,162.6999969482422,36.400001525878906,152.89999389648438,170.10000610351562,62.70000076293945,121.80000305175781,159.3000030517578,63.69047164916992,1.3065985441207886,0.8476011753082275,0.758217453956604,0.6764633059501648,0.7835178375244141,9.879345893859863
160.6999969482422,148.60000610351562,168.6999969482422,174.8000030517578,25.0,176.10000610351562,173.0,15.100000381469727,179.8000030517578,3.9000000953674316,167.5,177.89999389648438,154.1999969482422,28.299999237060547,172.0,71.10710906982422,1.3726611137390137,0.8502199053764343,0.8303864002227783,0.7450230717658997,0.8247779011726379,11.741296768188477
162.10000610351562,147.1999969482422,156.6999969482422,132.8000030517578,70.9000015258789,170.6999969482422,172.3000030517578,19.799999237060547,173.6999969482422,72.19999694824219,117.19999694824219,175.0,142.8000030517578,41.70000076293945,161.5,74.27184295654297,1.4082707166671753,0.8374826312065125,0.8424326181411743,0.7541916966438293,0.8376014828681946,10.66993236541748
163.0,145.89999389648438,160.0,121.80000305175781,79.4000015258789,174.6999969482422,170.5,19.0,178.8000030517578,59.400001525878906,132.6999969482422,175.6999969482422,141.8000030517578,41.5,168.10000610351562,75.75841522216797,1.3984791040420532,0.8160616755485535,0.8543119430541992,0.7624439001083374,0.8517307043075562,7.66394567489624
162.6999969482422,144.3000030517578,157.3000030517578,165.5,3.700000047683716,172.6999969482422,177.5,8.300000190734863,176.39999389648438,171.8000030517578,2.0999999046325684,175.89999389648438,168.10000610351562,8.600000381469727,174.10000610351562,70.8105697631836,1.5066252946853638,0.8731744289398193,0.8731405138969421,0.7619543671607971,0.8468567728996277,16.56121063232422
164.8000030517578,145.39999389648438,153.1999969482422,169.3000030517578,9.300000190734863,179.8000030517578,177.3000030517578,9.0,173.39999389648438,164.10000610351562,11.100000381469727,175.6999969482422,163.8000030517578,10.300000190734863,170.39999389648438,71.13261413574219,1.472672700881958,0.8356668949127197,0.8193795680999756,0.7464570999145508,0.86320960521698,19.225605010986328
163.3000030517578,146.39999389648438,152.10000610351562,156.89999389648438,5.900000095367432,174.39999389648438,176.6999969482422,3.5,179.89999389648438,141.10000610351562,34.0,179.89999389648438,170.0,7.800000190734863,173.89999389648438,68.0025405883789,1.4277706146240234,0.8549550175666809,0.8362481594085693,0.8012813925743103,0.9032434821128845,17.679424285888672
162.60000610351562,149.3000030517578,149.60000610351562,172.3000030517578,15.0,172.8000030517578,176.89999389648438,10.100000381469727,176.10000610351562,173.1999969482422,10.300000190734863,177.6999969482422,151.5,25.0,172.10000610351562,65.80127716064453,1.4366577863693237,0.8193617463111877,0.8160486817359924,0.7480980753898621,0.8611851930618286,16.97373390197754
167.3000030517578,140.8000030517578,155.0,154.8000030517578,5.199999809265137,177.39999389648438,179.3000030517578,9.800000190734863,172.1999969482422,170.6999969482422,1.0,173.60000610351562,161.39999389648438,18.0,168.0,69.87767028808594,1.4556578397750854,0.8124344944953918,0.7920766472816467,0.7469857335090637,0.8664907217025757,22.37223243713379
164.1999969482422,141.6999969482422,154.1999969482422,157.3000030517578,3.700000047683716,179.39999389648438,178.6999969482422,11.100000381469727,177.5,165.0,6.599999904632568,176.10000610351562,155.39999389648438,20.5,171.6999969482422,69.13203430175781,1.4576140642166138,0.794906735420227,0.8289135098457336,0.7712457776069641,0.9013673663139343,21.666540145874023
166.0,142.3000030517578,156.60000610351562,159.6999969482422,1.100000023841858,178.89999389648438,169.3000030517578,0.699999988079071,175.0,140.0,33.900001525878906,179.10000610351562,164.39999389648438,10.800000190734863,173.10000610351562,66.28516387939453,1.428945779800415,0.8189965486526489,0.8263759613037109,0.7785970568656921,0.9140986204147339,23.43523406982422
168.10000610351562,138.6999969482422,160.39999389648438,155.39999389648438,5.800000190734863,179.8000030517578,173.8000030517578,4.300000190734863,169.6999969482422,163.6999969482422,8.899999618530273,172.1999969482422,163.3000030517578,13.5,168.3000030517578,69.33596801757812,1.4564480781555176,0.7900143265724182,0.8052501678466797,0.7475366592407227,0.8804374933242798,23.58362579345703
166.60000610351562,140.6999969482422,159.6999969482422,146.3000030517578,14.899999618530273,179.5,172.8000030517578,2.799999952316284,173.60000610351562,163.8000030517578,7.300000190734863,174.6999969482422,161.0,15.300000190734863,173.5,69.23130798339844,1.4630502462387085,0.805383563041687,0.8122057914733887,0.7378599643707275,0.845967173576355,20.48546600341797
164.6999969482422,143.0,163.6999969482422,145.8000030517578,17.399999618530273,175.5,170.5,2.0999999046325684,178.10000610351562,149.6999969482422,21.100000381469727,176.6999969482422,168.1999969482422,7.699999809265137,178.39999389648438,70.43990325927734,1.4422600269317627,0.8125981688499451,0.847146213054657,0.7869994044303894,0.8662204742431641,20.625612258911133
164.10000610351562,143.6999969482422,162.5,146.6999969482422,15.899999618530273,179.6999969482422,172.3000030517578,3.200000047683716,177.10000610351562,149.3000030517578,23.799999237060547,179.5,166.10000610351562,7.099999904632568,176.89999389648438,71.21865844726562,1.4559317827224731,0.7955165505409241,0.8329993486404419,0.740906298160553,0.8274555802345276,18.958715438842773
164.39999389648438,144.0,163.60000610351562,151.5,11.300000190734863,179.89999389648438,171.1999969482422,2.799999952316284,178.10000610351562,146.39999389648438,26.0,179.1999969482422,166.0,8.5,176.3000030517578,68.59811401367188,1.4214719533920288,0.7948116660118103,0.8415380120277405,0.7694701552391052,0.8551868796348572,20.090896606445312
162.6999969482422,147.6999969482422,178.10000610351562,142.5,27.899999618530273,174.0,165.6999969482422,11.300000190734863,174.6999969482422,149.60000610351562,23.399999618530273,177.6999969482422,173.1999969482422,3.799999952316284,176.8000030517578,67.58079528808594,1.4056432247161865,0.8384940028190613,0.8413558006286621,0.8230190277099609,0.874954342842102,21.348915100097656
162.1999969482422,146.5,178.5,134.1999969482422,33.29999923706055,176.1999969482422,163.8000030517578,11.899999618530273,176.39999389648438,144.5,28.799999237060547,179.5,173.39999389648438,1.2999999523162842,178.8000030517578,67.88201904296875,1.414437174797058,0.8146632313728333,0.8264063000679016,0.795957624912262,0.8560490012168884,22.106321334838867
163.1999969482422,147.1999969482422,176.10000610351562,142.10000610351562,23.600000381469727,178.3000030517578,169.39999389648438,4.800000190734863,177.6999969482422,154.3000030517578,18.200000762939453,179.0,169.89999389648438,7.400000095367432,176.89999389648438,65.89356231689453,1.431421160697937,0.8004534840583801,0.8142085075378418,0.7558383941650391,0.8106792569160461,18.402034759521484
161.39999389648438,150.6999969482422,176.10000610351562,142.1999969482422,31.5,168.60000610351562,163.89999389648438,10.199999809265137,176.6999969482422,144.3000030517578,28.200000762939453,179.5,172.89999389648438,3.9000000953674316,178.6999969482422,60.94131088256836,1.425244927406311,0.8533501029014587,0.8496212959289551,0.79558265209198,0.8428114652633667,18.9580135345459
160.60000610351562,153.0,173.89999389648438,139.5,33.0,167.8000030517578,161.5,14.100000381469727,173.6999969482422,149.0,25.0,175.8000030517578,166.60000610351562,10.399999618530273,175.6999969482422,60.10268020629883,1.4443848133087158,0.8621278405189514,0.8351410031318665,0.7779566049575806,0.8222582936286926,23.814014434814453
160.5,153.1999969482422,169.89999389648438,141.10000610351562,32.0,167.5,163.0,14.0,170.8000030517578,146.6999969482422,26.899999618530273,176.3000030517578,170.0,7.699999809265137,175.6999969482422,62.83388900756836,1.446658730506897,0.8340933918952942,0.8269022703170776,0.7658215165138245,0.8065714836120605,21.509876251220703
160.5,154.60000610351562,175.5,147.8000030517578,23.700000762939453,169.60000610351562,165.10000610351562,12.899999618530273,169.39999389648438,153.60000610351562,20.600000381469727,176.3000030517578,169.3000030517578,7.300000190734863,179.89999389648438,59.45033645629883,1.466583251953125,0.8789052367210388,0.8532671332359314,0.7891867756843567,0.8238199949264526,20.904705047607422
159.6999969482422,156.89999389648438,178.89999389648438,152.89999389648438,17.799999237060547,171.6999969482422,167.6999969482422,6.800000190734863,171.1999969482422,147.1999969482422,23.399999618530273,175.10000610351562,164.10000610351562,13.300000190734863,177.8000030517578,56.7208137512207,1.4584516286849976,0.8434459567070007,0.8272919654846191,0.7327410578727722,0.7888675928115845,19.775447845458984
163.6999969482422,155.6999969482422,166.3000030517578,152.8000030517578,17.200000762939453,175.8000030517578,166.3000030517578,8.5,176.0,160.1999969482422,13.800000190734863,176.1999969482422,172.10000610351562,5.900000095367432,177.10000610351562,63.05705261230469,1.5076431035995483,0.7856019139289856,0.7825321555137634,0.678325355052948,0.7447792887687683,17.504972457885742
165.60000610351562,156.8000030517578,157.1999969482422,154.3000030517578,14.100000381469727,174.60000610351562,168.39999389648438,6.099999904632568,173.6999969482422,161.5,11.399999618530273,180.0,174.89999389648438,6.599999904632568,175.60000610351562,64.743896484375,1.4884682893753052,0.8322167992591858,0.8208324909210205,0.7156935334205627,0.794650137424469,16.928421020507812
165.6999969482422,145.3000030517578,168.0,149.89999389648438,14.0,172.39999389648438,165.60000610351562,4.300000190734863,170.1999969482422,168.3000030517578,0.800000011920929,177.89999389648438,169.5,18.5,167.8000030517578,63.05074691772461,1.3718281984329224,0.893678605556488,0.8203631639480591,0.743583619594574,0.7678037285804749,17.253326416015625
163.3000030517578,148.60000610351562,163.60000610351562,149.5,15.600000381469727,170.6999969482422,165.8000030517578,3.5,168.10000610351562,171.5,3.0,179.0,164.1999969482422,22.600000381469727,168.39999389648438,61.95941162109375,1.355180263519287,0.8847329616546631,0.8138038516044617,0.7335497140884399,0.7559717893600464,16.319480895996094
163.6999969482422,150.1999969482422,160.0,153.60000610351562,9.5,173.60000610351562,176.8000030517578,5.5,171.8000030517578,177.5,12.800000190734863,179.3000030517578,159.10000610351562,28.700000762939453,163.89999389648438,61.30532455444336,1.3568769693374634,0.8899030685424805,0.8047352433204651,0.7258163690567017,0.7604357600212097,17.41022300720215
166.8000030517578,145.5,160.0,149.60000610351562,17.600000381469727,166.89999389648438,163.5,3.9000000953674316,171.39999389648438,171.3000030517578,1.899999976158142,179.8000030517578,165.39999389648438,20.0,169.6999969482422,61.85898208618164,1.3597214221954346,0.8973144292831421,0.8100184798240662,0.71653813123703,0.7388512492179871,16.71531105041504
166.39999389648438,144.8000030517578,160.1999969482422,149.39999389648438,17.0,169.6999969482422,166.10000610351562,4.0,175.10000610351562,169.8000030517578,0.6000000238418579,179.1999969482422,166.3000030517578,17.100000381469727,169.89999389648438,62.583866119384766,1.3569679260253906,0.8843618631362915,0.8025543689727783,0.723893940448761,0.7598774433135986,17.975048065185547
167.10000610351562,142.60000610351562,163.3000030517578,143.1999969482422,25.700000762939453,164.39999389648438,158.3000030517578,13.199999809265137,163.6999969482422,158.1999969482422,12.899999618530273,174.60000610351562,174.89999389648438,7.300000190734863,178.0,64.53543853759766,1.3495310544967651,0.8971971273422241,0.8290541768074036,0.7483434677124023,0.7754557728767395,16.5938720703125
164.0,145.89999389648438,161.6999969482422,142.3000030517578,28.100000381469727,163.5,158.5,14.399999618530273,165.0,161.10000610351562,12.300000190734863,173.39999389648438,171.5,8.0,178.5,62.35086441040039,1.3686774969100952,0.9050925374031067,0.8467756509780884,0.7853584289550781,0.8138256072998047,17.905668258666992
165.6999969482422,145.5,163.10000610351562,142.39999389648438,28.899999618530273,163.39999389648438,158.3000030517578,14.699999809265137,163.39999389648438,157.3000030517578,14.800000190734863,174.8000030517578,174.8000030517578,4.0,178.1999969482422,63.62272262573242,1.3725647926330566,0.9010769128799438,0.8307096362113953,0.7565574049949646,0.7785772085189819,15.79798698425293
164.6999969482422,148.6999969482422,162.60000610351562,153.39999389648438,13.800000190734863,167.6999969482422,169.1999969482422,0.4000000059604645,176.0,176.0,4.900000095367432,179.5,164.6999969482422,18.899999618530273,170.0,61.082008361816406,1.370371699333191,0.8904513120651245,0.7883056402206421,0.6978464126586914,0.7269769906997681,17.316024780273438
164.3000030517578,149.39999389648438,162.39999389648438,154.6999969482422,7.5,172.10000610351562,175.1999969482422,6.699999809265137,176.60000610351562,176.0,13.199999809265137,177.6999969482422,158.6999969482422,24.600000381469727,169.6999969482422,59.130165100097656,1.383316993713379,0.8963135480880737,0.791141152381897,0.6901254057884216,0.7192404866218567,16.094083786010742
163.60000610351562,151.10000610351562,159.39999389648438,158.10000610351562,3.0,173.39999389648438,176.6999969482422,8.800000190734863,178.1999969482422,172.39999389648438,17.399999618530273,179.8000030517578,160.8000030517578,25.700000762939453,165.0,58.89323043823242,1.380927324295044,0.9181739687919617,0.8044638633728027,0.6998297572135925,0.7283662557601929,14.097118377685547
163.1999969482422,150.3000030517578,158.39999389648438,156.10000610351562,4.800000190734863,176.1999969482422,178.89999389648438,10.899999618530273,177.89999389648438,166.39999389648438,22.799999237060547,179.39999389648438,158.8000030517578,27.299999237060547,164.60000610351562,60.28016662597656,1.3722842931747437,0.8912699818611145,0.7723701000213623,0.6547307372093201,0.7086407542228699,16.082422256469727
161.6999969482422,151.89999389648438,161.39999389648438,166.3000030517578,9.899999618530273,172.60000610351562,168.8000030517578,23.799999237060547,164.60000610351562,139.39999389648438,50.29999923706055,175.0,144.60000610351562,41.29999923706055,157.6999969482422,55.959720611572266,1.349137544631958,0.8752935528755188,0.7629679441452026,0.6360181570053101,0.708103597164154,16.199657440185547
160.5,152.5,164.6999969482422,165.89999389648438,7.199999809265137,176.8000030517578,169.8000030517578,22.200000762939453,163.89999389648438,152.8000030517578,36.70000076293945,174.89999389648438,147.3000030517578,38.400001525878906,157.0,56.60763168334961,1.3557077646255493,0.8689274191856384,0.7625389695167542,0.6607950329780579,0.7153816819190979,15.139750480651855
160.60000610351562,153.60000610351562,161.3000030517578,166.3000030517578,7.699999809265137,175.60000610351562,171.1999969482422,20.0,168.1999969482422,148.8000030517578,40.400001525878906,177.3000030517578,144.89999389648438,41.29999923706055,159.3000030517578,55.081539154052734,1.341027855873108,0.8817658424377441,0.7685900926589966,0.6707426309585571,0.728739321231842,15.598682403564453
163.5,150.10000610351562,158.39999389648438,163.39999389648438,6.0,176.6999969482422,175.39999389648438,16.5,168.1999969482422,161.39999389648438,28.5,176.10000610351562,152.6999969482422,30.899999618530273,163.60000610351562,59.17100524902344,1.354661464691162,0.8690473437309265,0.7643102407455444,0.6567292213439941,0.7084298729896545,13.949902534484863
163.1999969482422,150.8000030517578,155.89999389648438,158.10000610351562,3.5,175.5,176.10000610351562,8.0,175.8000030517578,174.5,15.399999618530273,178.10000610351562,159.1999969482422,24.799999237060547,166.5,61.66023635864258,1.370276689529419,0.8734376430511475,0.7813453674316406,0.6690818071365356,0.7066599130630493,13.462499618530273
162.5,148.10000610351562,155.6999969482422,140.0,25.799999237060547,167.89999389648438,164.0,10.600000381469727,167.0,156.60000610351562,17.899999618530273,170.8000030517578,168.8000030517578,10.800000190734863,174.6999969482422,65.19214630126953,1.3648736476898193,0.8840969204902649,0.8524421453475952,0.7855565547943115,0.8543123006820679,20.638124465942383
164.39999389648438,146.10000610351562,160.89999389648438,142.60000610351562,20.5,172.6999969482422,164.89999389648438,7.900000095367432,169.0,166.3000030517578,7.099999904632568,172.3000030517578,167.0,12.100000381469727,174.89999389648438,68.22044372558594,1.3952513933181763,0.8541327714920044,0.8216223120689392,0.7440090775489807,0.815510630607605,22.39496612548828
163.6999969482422,144.6999969482422,164.1999969482422,137.6999969482422,29.5,166.89999389648438,157.60000610351562,15.100000381469727,166.39999389648438,158.0,15.300000190734863,171.1999969482422,171.3000030517578,10.600000381469727,174.39999389648438,66.16131591796875,1.3728086948394775,0.8789972066879272,0.8365112543106079,0.7714004516601562,0.8328321576118469,22.647811889648438
165.8000030517578,143.39999389648438,164.89999389648438,140.6999969482422,26.600000381469727,166.60000610351562,161.8000030517578,9.699999809265137,168.8000030517578,160.6999969482422,9.899999618530273,176.1999969482422,171.60000610351562,12.800000190734863,172.6999969482422,65.59351348876953,1.3771636486053467,0.8665899038314819,0.8269428610801697,0.7635193467140198,0.8316588401794434,22.781347274780273
165.1999969482422,143.6999969482422,167.10000610351562,142.60000610351562,21.899999618530273,170.10000610351562,164.89999389648438,6.800000190734863,170.5,167.6999969482422,5.099999904632568,176.10000610351562,169.3000030517578,14.199999809265137,168.8000030517578,68.66462707519531,1.3831028938293457,0.8612205386161804,0.8190167546272278,0.7299612164497375,0.7854341268539429,19.773269653320312
163.5,148.0,168.10000610351562,156.5,6.199999809265137,175.6999969482422,174.5,5.699999809265137,177.39999389648438,171.89999389648438,16.5,178.60000610351562,159.1999969482422,25.0,165.6999969482422,63.56943130493164,1.402259111404419,0.8791418671607971,0.8084760904312134,0.7025253176689148,0.7623639106750488,19.423147201538086
162.0,151.3000030517578,167.60000610351562,160.8000030517578,1.399999976158142,177.60000610351562,178.6999969482422,11.699999809265137,175.60000610351562,165.39999389648438,22.299999237060547,179.1999969482422,155.1999969482422,27.600000381469727,164.60000610351562,63.85405731201172,1.395616054534912,0.8541184067726135,0.7925272583961487,0.6808401942253113,0.7513636350631714,16.193342208862305
160.89999389648438,153.1999969482422,168.3000030517578,163.1999969482422,3.0,179.8000030517578,173.60000610351562,19.100000381469727,168.10000610351562,153.1999969482422,37.5,170.89999389648438,151.10000610351562,35.599998474121094,155.5,63.90578842163086,1.387013554573059,0.8422970771789551,0.758781373500824,0.6360366344451904,0.7053733468055725,16.52509307861328
159.89999389648438,156.39999389648438,166.8000030517578,174.60000610351562,15.300000190734863,171.10000610351562,159.89999389648438,30.399999618530273,155.39999389648438,125.80000305175781,63.0,166.0,134.60000610351562,50.5,151.1999969482422,58.99709701538086,1.3507283926010132,0.8247504830360413,0.7457066178321838,0.6355988383293152,0.7194044589996338,16.236562728881836
160.39999389648438,156.10000610351562,166.6999969482422,177.60000610351562,18.799999237060547,170.5,157.5,32.900001525878906,155.5,120.9000015258789,68.0999984741211,167.39999389648438,133.89999389648438,52.400001525878906,147.1999969482422,59.10588073730469,1.333547830581665,0.8254876732826233,0.7443989515304565,0.6395587921142578,0.724291980266571,18.261930465698242
160.60000610351562,155.60000610351562,167.3000030517578,179.0,20.700000762939453,171.60000610351562,154.8000030517578,35.70000076293945,156.8000030517578,111.5,76.80000305175781,169.10000610351562,129.3000030517578,55.79999923706055,145.39999389648438,57.73628616333008,1.3352924585342407,0.8419147729873657,0.7524728178977966,0.6425146460533142,0.7373007535934448,16.292566299438477
159.5,155.8000030517578,168.60000610351562,173.3000030517578,13.300000190734863,174.8000030517578,161.89999389648438,27.200000762939453,161.60000610351562,131.8000030517578,56.79999923706055,170.6999969482422,139.1999969482422,46.0,150.3000030517578,60.10485076904297,1.3556243181228638,0.8280406594276428,0.746672511100769,0.634749710559845,0.718216061592102,16.514081954956055
161.1999969482422,153.5,166.10000610351562,160.8000030517578,0.10000000149011612,179.6999969482422,177.8000030517578,12.600000381469727,175.6999969482422,166.6999969482422,22.799999237060547,178.0,156.10000610351562,29.399999618530273,163.60000610351562,61.73078155517578,1.3802969455718994,0.8544488549232483,0.7853516340255737,0.67800372838974,0.7469950318336487,16.442995071411133
162.8000030517578,149.1999969482422,166.6999969482422,152.6999969482422,10.899999618530273,176.1999969482422,169.8000030517578,1.600000023841858,179.6999969482422,177.89999389648438,8.699999809265137,177.89999389648438,160.1999969482422,24.299999237060547,165.8000030517578,64.66664123535156,1.370141625404358,0.8441515564918518,0.7971403002738953,0.684627115726471,0.7287760376930237,16.529699325561523
162.5,149.8000030517578,167.6999969482422,155.1999969482422,7.699999809265137,176.89999389648438,173.5,3.0,178.10000610351562,179.6999969482422,8.199999809265137,179.10000610351562,159.89999389648438,23.600000381469727,167.8000030517578,64.53803253173828,1.390691876411438,0.8439702391624451,0.8033743500709534,0.7012318968772888,0.7599614262580872,16.099470138549805
162.8000030517578,147.3000030517578,168.39999389648438,148.3000030517578,15.399999618530273,173.10000610351562,167.60000610351562,3.299999952316284,171.5,172.89999389648438,1.100000023841858,177.3000030517578,164.8000030517578,18.0,169.5,67.43327331542969,1.392911434173584,0.84884113073349,0.8078274726867676,0.7131826877593994,0.7659360766410828,17.678810119628906
164.8000030517578,145.8000030517578,166.6999969482422,144.8000030517578,22.5,167.10000610351562,165.10000610351562,7.0,171.10000610351562,162.10000610351562,9.800000190734863,177.60000610351562,169.89999389648438,13.100000381469727,171.0,65.6265640258789,1.386653184890747,0.8794462084770203,0.8396569490432739,0.7444223761558533,0.7991238236427307,20.241426467895508
162.89999389648438,145.0,166.5,135.10000610351562,30.799999237060547,168.6999969482422,161.3000030517578,13.699999809265137,164.89999389648438,154.0,19.700000762939453,171.0,170.60000610351562,9.800000190734863,175.89999389648438,66.10313415527344,1.3681819438934326,0.8688685894012451,0.843275785446167,0.7920629382133484,0.8521438241004944,21.626049041748047
164.5,143.89999389648438,167.3000030517578,139.89999389648438,27.0,168.0,160.8000030517578,12.199999809265137,165.39999389648438,157.3000030517578,15.0,171.6999969482422,172.8000030517578,8.800000190734863,176.3000030517578,65.05136108398438,1.3797228336334229,0.8670581579208374,0.8374903798103333,0.7837809920310974,0.8350222110748291,21.139108657836914
164.60000610351562,145.3000030517578,167.10000610351562,141.5,25.899999618530273,168.39999389648438,161.39999389648438,12.300000190734863,164.6999969482422,159.6999969482422,13.0,173.39999389648438,172.3000030517578,9.600000381469727,176.60000610351562,66.06181335449219,1.3806993961334229,0.8701136708259583,0.8399821519851685,0.7785789370536804,0.8401774168014526,20.810049057006836
164.3000030517578,146.3000030517578,164.5,138.3000030517578,30.700000762939453,165.3000030517578,159.8000030517578,13.899999618530273,164.89999389648438,160.8000030517578,13.300000190734863,171.6999969482422,173.6999969482422,9.699999809265137,173.39999389648438,65.95405578613281,1.390275239944458,0.8670381307601929,0.8378583192825317,0.7741403579711914,0.8184938430786133,20.526500701904297
166.10000610351562,143.5,163.89999389648438,136.1999969482422,33.5,163.6999969482422,158.1999969482422,15.199999809265137,164.39999389648438,161.39999389648438,13.800000190734863,171.6999969482422,173.1999969482422,9.100000381469727,174.0,71.59736633300781,1.3950307369232178,0.848036527633667,0.8009137511253357,0.7518486380577087,0.8019899725914001,23.695518493652344
162.5,148.1999969482422,164.0,141.0,25.399999618530273,168.10000610351562,162.6999969482422,10.699999809265137,165.60000610351562,164.60000610351562,6.400000095367432,174.5,170.5,12.100000381469727,175.8000030517578,65.60387420654297,1.3973331451416016,0.8622226119041443,0.8343616127967834,0.7693368196487427,0.8067278861999512,19.547800064086914
164.10000610351562,145.89999389648438,164.5,137.6999969482422,29.799999237060547,164.89999389648438,160.0,13.199999809265137,165.10000610351562,160.60000610351562,11.5,174.0,174.3000030517578,9.300000190734863,173.60000610351562,69.96406555175781,1.4056236743927002,0.8543255925178528,0.8142321705818176,0.737312376499176,0.7877073287963867,21.033584594726562
163.6999969482422,146.8000030517578,164.89999389648438,142.3000030517578,24.399999618530273,169.6999969482422,164.60000610351562,9.100000381469727,166.6999969482422,170.0,1.899999976158142,176.5,167.8000030517578,16.5,170.5,69.34722137451172,1.4129592180252075,0.8402677178382874,0.8104475140571594,0.7316521406173706,0.7750726342201233,22.956018447875977
163.6999969482422,147.10000610351562,166.39999389648438,142.10000610351562,25.600000381469727,167.10000610351562,166.10000610351562,7.300000190734863,167.3000030517578,165.8000030517578,4.699999809265137,178.39999389648438,167.6999969482422,15.300000190734863,170.89999389648438,69.72369384765625,1.401092290878296,0.8485134840011597,0.8179892301559448,0.7367334365844727,0.7832848429679871,21.066415786743164
164.1999969482422,148.3000030517578,163.89999389648438,143.6999969482422,21.899999618530273,172.5,165.89999389648438,8.0,167.3000030517578,167.5,5.199999809265137,173.39999389648438,170.5,12.600000381469727,171.10000610351562,68.26128387451172,1.3977205753326416,0.8369877934455872,0.8005335927009583,0.7078583240509033,0.7409552335739136,19.60549545288086
165.6999969482422,149.10000610351562,162.6999969482422,147.3000030517578,19.600000381469727,171.60000610351562,169.0,1.899999976158142,174.8000030517578,175.3000030517578,3.700000047683716,176.8000030517578,167.3000030517578,17.799999237060547,168.39999389648438,68.18737030029297,1.4015578031539917,0.8271650075912476,0.7828554511070251,0.6863417029380798,0.7118062973022461,18.274564743041992
163.39999389648438,149.60000610351562,164.39999389648438,153.0,10.699999809265137,174.3000030517578,172.0,4.599999904632568,179.5,175.1999969482422,15.199999809265137,175.39999389648438,161.10000610351562,26.0,160.39999389648438,64.1204833984375,1.403164267539978,0.8639185428619385,0.787186324596405,0.6654753088951111,0.6932287216186523,17.264015197753906
163.60000610351562,151.60000610351562,164.3000030517578,155.6999969482422,4.900000095367432,179.89999389648438,177.60000610351562,8.399999618530273,177.3000030517578,169.89999389648438,20.200000762939453,175.10000610351562,159.0,29.399999618530273,159.10000610351562,67.08699798583984,1.4013346433639526,0.833777904510498,0.7756670117378235,0.6583086252212524,0.6846161484718323,15.99958610534668
162.3000030517578,152.8000030517578,164.8000030517578,159.0,0.800000011920929,176.5,178.3000030517578,9.899999618530273,175.5,165.39999389648438,23.0,177.3000030517578,155.6999969482422,31.799999237060547,159.89999389648438,63.923709869384766,1.4140872955322266,0.8316992521286011,0.7698467969894409,0.6468172669410706,0.6748161315917969,14.846039772033691
161.3000030517578,152.10000610351562,164.60000610351562,162.89999389648438,3.5999999046325684,176.89999389648438,179.5,15.600000381469727,168.3000030517578,160.89999389648438,32.099998474121094,167.6999969482422,145.8000030517578,44.0,152.39999389648438,63.52396774291992,1.4003283977508545,0.8414172530174255,0.7865018844604492,0.6565054059028625,0.6802890300750732,13.160677909851074
162.0,151.3000030517578,165.6999969482422,162.0,3.200000047683716,177.6999969482422,178.8000030517578,15.5,168.3000030517578,161.1999969482422,32.20000076293945,165.6999969482422,148.5,38.900001525878906,153.39999389648438,64.55696868896484,1.3901965618133545,0.8508946895599365,0.7844856977462769,0.6572943329811096,0.7091315984725952,15.848396301269531
160.6999969482422,152.3000030517578,168.0,163.60000610351562,4.699999809265137,173.89999389648438,177.3000030517578,14.300000190734863,167.3000030517578,160.3000030517578,30.399999618530273,171.10000610351562,149.0,37.5,155.5,62.759803771972656,1.3830301761627197,0.8354174494743347,0.7755493521690369,0.6717031002044678,0.7152211666107178,14.285351753234863
162.10000610351562,152.39999389648438,166.89999389648438,165.10000610351562,3.9000000953674316,178.6999969482422,172.39999389648438,19.5,164.39999389648438,159.8000030517578,32.099998474121094,166.8000030517578,148.39999389648438,36.70000076293945,156.5,63.457401275634766,1.3645174503326416,0.8293339610099792,0.7618018984794617,0.6509302258491516,0.7106022238731384,14.794146537780762
161.5,151.1999969482422,166.5,159.5,2.200000047683716,178.0,178.8000030517578,10.399999618530273,171.5,166.6999969482422,23.100000381469727,174.8000030517578,154.1999969482422,30.799999237060547,161.6999969482422,62.46033477783203,1.368221640586853,0.8636640906333923,0.7861034870147705,0.6769077777862549,0.7463505864143372,16.584077835083008
162.60000610351562,150.8000030517578,163.39999389648438,159.5,0.6000000238418579,179.0,179.3000030517578,10.699999809265137,175.60000610351562,166.0,22.5,179.10000610351562,154.10000610351562,29.399999618530273,164.60000610351562,60.19554138183594,1.384904384613037,0.8816463947296143,0.8027564287185669,0.6830489039421082,0.7541939616203308,16.509498596191406
164.1999969482422,150.6999969482422,164.10000610351562,162.5,2.5999999046325684,174.0,178.1999969482422,12.800000190734863,174.10000610351562,165.10000610351562,24.399999618530273,175.3000030517578,155.1999969482422,29.0,161.10000610351562,63.36343002319336,1.3874047994613647,0.8546410202980042,0.7975969910621643,0.6774329543113708,0.7440212368965149,15.914124488830566
159.39999389648438,154.5,168.6999969482422,157.1999969482422,7.400000095367432,178.60000610351562,175.1999969482422,5.699999809265137,176.3000030517578,172.60000610351562,17.0,178.0,149.6999969482422,35.20000076293945,162.8000030517578,62.81278610229492,1.384606957435608,0.8318641781806946,0.7797756195068359,0.673642098903656,0.6958844661712646,16.143123626708984
161.10000610351562,152.3000030517578,168.10000610351562,155.3000030517578,13.300000190734863,172.10000610351562,171.89999389648438,2.700000047683716,179.1999969482422,174.1999969482422,16.100000381469727,179.8000030517578,151.1999969482422,32.70000076293945,164.6999969482422,62.62481689453125,1.36871337890625,0.8459526896476746,0.8018591403961182,0.6936572194099426,0.7146202921867371,17.0837345123291
162.3000030517578,151.0,168.3000030517578,147.60000610351562,25.200000762939453,166.6999969482422,159.8000030517578,12.800000190734863,166.89999389648438,165.39999389648438,8.800000190734863,171.3000030517578,162.0,20.200000762939453,174.8000030517578,58.31967544555664,1.3425854444503784,0.8900083303451538,0.8195002675056458,0.7593816518783569,0.7786691188812256,19.12262535095215
162.60000610351562,151.89999389648438,166.10000610351562,145.39999389648438,24.299999237060547,168.39999389648438,161.10000610351562,11.600000381469727,166.5,169.39999389648438,5.599999904632568,168.1999969482422,163.3000030517578,18.399999618530273,176.0,60.999752044677734,1.3485573530197144,0.87317955493927,0.8108068704605103,0.7389823198318481,0.7745063900947571,17.486793518066406
158.6999969482422,158.1999969482422,165.0,162.8000030517578,2.700000047683716,177.3000030517578,179.5,10.600000381469727,174.0,151.5,37.70000076293945,178.5,144.8000030517578,39.5,162.0,59.62110137939453,1.370886206626892,0.8501586318016052,0.7718396782875061,0.6637437343597412,0.7163750529289246,19.582555770874023
162.5,158.10000610351562,161.0,179.39999389648438,22.299999237060547,166.1999969482422,160.39999389648438,32.0,159.0,125.0999984741211,68.9000015258789,161.60000610351562,130.0,57.5,138.39999389648438,51.14479446411133,1.2865811586380005,0.7826700210571289,0.733896791934967,0.6163299083709717,0.6731735467910767,19.272029876708984
160.8000030517578,160.39999389648438,166.39999389648438,166.1999969482422,41.900001525878906,153.6999969482422,151.6999969482422,42.599998474121094,145.60000610351562,105.9000015258789,86.19999694824219,151.89999389648438,114.69999694824219,75.5,122.9000015258789,53.008460998535156,1.290764570236206,0.7964839935302734,0.7356159090995789,0.6236847639083862,0.6878659725189209,16.34693145751953
161.0,155.10000610351562,165.39999389648438,171.6999969482422,36.79999923706055,156.6999969482422,155.89999389648438,38.79999923706055,154.3000030517578,112.5,81.0999984741211,157.10000610351562,122.4000015258789,69.0,130.10000610351562,42.25139236450195,1.2721894979476929,0.8276506662368774,0.7475663423538208,0.63200443983078,0.7040291428565979,17.400548934936523
160.89999389648438,159.1999969482422,164.1999969482422,172.6999969482422,35.5,155.0,159.0,35.900001525878906,151.10000610351562,114.5999984741211,78.0999984741211,156.60000610351562,124.80000305175781,65.5999984741211,130.8000030517578,49.2551155090332,1.2815524339675903,0.8085978627204895,0.7453284859657288,0.6320359706878662,0.6938701272010803,16.481218338012695
161.3000030517578,158.1999969482422,162.6999969482422,177.10000610351562,16.600000381469727,171.5,162.3000030517578,28.799999237060547,159.89999389648438,132.89999389648438,58.599998474121094,166.89999389648438,136.1999969482422,50.79999923706055,143.3000030517578,51.951107025146484,1.3065935373306274,0.808773934841156,0.7424625158309937,0.6347006559371948,0.6926896572113037,18.67717933654785
160.3000030517578,155.10000610351562,162.10000610351562,162.5,4.900000095367432,176.39999389648438,178.1999969482422,7.599999904632568,178.3000030517578,155.60000610351562,31.600000381469727,176.5,147.3000030517578,35.900001525878906,161.8000030517578,58.78598403930664,1.3373500108718872,0.8312965035438538,0.779292106628418,0.6732733249664307,0.7127573490142822,17.686296463012695
161.39999389648438,152.6999969482422,166.60000610351562,157.39999389648438,11.600000381469727,168.5,166.3000030517578,3.799999952316284,170.0,178.3000030517578,6.800000190734863,168.6999969482422,161.3000030517578,22.399999618530273,173.39999389648438,59.23701477050781,1.3518866300582886,0.9053865671157837,0.8218960762023926,0.7355787754058838,0.7535775303840637,14.018621444702148
160.89999389648438,152.39999389648438,169.8000030517578,154.60000610351562,16.5,166.6999969482422,162.8000030517578,7.099999904632568,169.6999969482422,169.1999969482422,2.0999999046325684,174.89999389648438,161.3000030517578,22.700000762939453,171.6999969482422,60.76321792602539,1.356188178062439,0.8955330848693848,0.8334069848060608,0.7476697564125061,0.7536054849624634,13.772665023803711
163.3000030517578,153.5,165.60000610351562,156.10000610351562,13.399999618530273,170.3000030517578,169.6999969482422,1.2000000476837158,177.5,178.6999969482422,7.199999809265137,180.0,162.6999969482422,27.399999618530273,161.3000030517578,61.73707962036133,1.350142240524292,0.8777949213981628,0.8210223913192749,0.7516148686408997,0.7725185751914978,15.17630386352539
161.1999969482422,151.60000610351562,168.6999969482422,150.8000030517578,23.299999237060547,167.5,163.39999389648438,9.600000381469727,172.1999969482422,167.0,6.0,175.60000610351562,162.39999389648438,23.200000762939453,165.60000610351562,57.84437942504883,1.3847157955169678,0.8613294363021851,0.8037421703338623,0.7689513564109802,0.7944390773773193,18.84225845336914
160.5,150.39999389648438,168.5,149.8000030517578,25.200000762939453,168.8000030517578,158.0,18.200000762939453,161.8000030517578,154.10000610351562,21.5,166.1999969482422,168.8000030517578,9.100000381469727,179.0,53.97339630126953,1.333236813545227,0.8878695964813232,0.8029405474662781,0.7350377440452576,0.754862368106842,15.86442756652832
159.89999389648438,149.89999389648438,169.60000610351562,154.8000030517578,22.5,167.3000030517578,159.3000030517578,17.700000762939453,163.60000610351562,153.10000610351562,23.399999618530273,164.5,176.3000030517578,2.9000000953674316,178.10000610351562,47.58910369873047,1.327434778213501,0.9158936738967896,0.8180680871009827,0.7746729850769043,0.782697319984436,13.347219467163086
160.10000610351562,149.8000030517578,167.10000610351562,152.6999969482422,22.299999237060547,171.89999389648438,158.39999389648438,20.100000381469727,159.0,145.6999969482422,30.399999618530273,162.39999389648438,176.39999389648438,2.9000000953674316,175.1999969482422,46.08230972290039,1.326375961303711,0.9248693585395813,0.8234226703643799,0.7746019959449768,0.7725191116333008,12.122796058654785
160.3000030517578,150.5,166.0,147.3000030517578,26.200000762939453,170.6999969482422,159.3000030517578,18.799999237060547,160.3000030517578,147.89999389648438,27.299999237060547,163.5,174.1999969482422,6.400000095367432,179.0,51.44933319091797,1.3293663263320923,0.8908955454826355,0.818996250629425,0.76288241147995,0.781696617603302,14.22840690612793
162.0,150.89999389648438,165.3000030517578,155.89999389648438,18.200000762939453,171.5,163.1999969482422,13.300000190734863,161.3000030517578,164.0,12.300000190734863,165.60000610351562,168.89999389648438,13.899999618530273,176.0,50.021385192871094,1.3356529474258423,0.8941356539726257,0.7935502529144287,0.7323442697525024,0.7454621195793152,17.023147583007812
162.8000030517578,149.5,170.10000610351562,157.5,13.100000381469727,172.6999969482422,160.6999969482422,11.0,170.5,163.89999389648438,9.399999618530273,173.3000030517578,163.8000030517578,16.799999237060547,174.5,57.507022857666016,1.370505452156067,0.8861426711082458,0.8200434446334839,0.7439180612564087,0.783336877822876,18.339218139648438
159.3000030517578,153.0,170.3000030517578,156.8000030517578,11.0,175.0,166.8000030517578,4.099999904632568,174.60000610351562,172.1999969482422,0.30000001192092896,173.10000610351562,158.8000030517578,24.399999618530273,168.6999969482422,58.876625061035156,1.388648271560669,0.8761519193649292,0.7946546077728271,0.7114123106002808,0.7389353513717651,16.047426223754883
159.8000030517578,155.8000030517578,166.1999969482422,162.39999389648438,2.0,178.10000610351562,174.10000610351562,5.300000190734863,177.10000610351562,168.60000610351562,19.799999237060547,173.10000610351562,155.1999969482422,31.799999237060547,163.1999969482422,62.584632873535156,1.3805776834487915,0.8482784032821655,0.7984973788261414,0.6967554688453674,0.7261223793029785,12.619393348693848
162.89999389648438,155.1999969482422,164.5,165.89999389648438,3.0999999046325684,178.5,177.89999389648438,13.5,179.3000030517578,148.8000030517578,41.599998474121094,176.8000030517578,149.3000030517578,37.900001525878906,162.1999969482422,63.70574188232422,1.3629766702651978,0.8509570360183716,0.8011056184768677,0.7147834897041321,0.7514570355415344,15.868477821350098
163.89999389648438,157.3000030517578,163.6999969482422,173.60000610351562,23.600000381469727,172.5,160.1999969482422,31.899999618530273,169.3000030517578,83.9000015258789,106.0999984741211,177.39999389648438,118.69999694824219,64.4000015258789,149.6999969482422,61.21455001831055,1.3341166973114014,0.816372275352478,0.773888111114502,0.675032377243042,0.7211111187934875,15.858753204345703
165.10000610351562,156.3000030517578,161.89999389648438,158.5,40.5,169.39999389648438,144.5,49.099998474121094,164.5,67.80000305175781,123.19999694824219,170.8000030517578,81.19999694824219,105.19999694824219,141.10000610351562,57.26131820678711,1.2856652736663818,0.8161327242851257,0.7673366665840149,0.6623600125312805,0.6864147186279297,9.877036094665527
165.10000610351562,157.3000030517578,160.8000030517578,147.39999389648438,53.099998474121094,165.1999969482422,131.60000610351562,63.5,158.60000610351562,68.5999984741211,125.5999984741211,160.8000030517578,79.19999694824219,111.69999694824219,134.0,59.17758560180664,1.2720625400543213,0.8042382597923279,0.7621687054634094,0.6684150695800781,0.6858289241790771,9.610590934753418
164.0,156.6999969482422,163.89999389648438,148.39999389648438,50.70000076293945,166.89999389648438,143.89999389648438,49.0,170.3000030517578,59.599998474121094,132.1999969482422,169.0,82.19999694824219,106.69999694824219,144.6999969482422,63.42031478881836,1.3103232383728027,0.810093104839325,0.7608352899551392,0.6657437682151794,0.7114132046699524,10.485939979553223
165.0,158.89999389648438,160.1999969482422,158.89999389648438,42.29999923706055,166.3000030517578,146.1999969482422,47.20000076293945,164.39999389648438,85.0999984741211,109.19999694824219,165.1999969482422,119.0,68.0999984741211,141.39999389648438,62.22738265991211,1.3436180353164673,0.8169623017311096,0.7545316815376282,0.6808280944824219,0.7387820482254028,20.08707618713379
163.60000610351562,160.3000030517578,159.1999969482422,174.10000610351562,29.200000762939453,171.10000610351562,159.8000030517578,38.5,164.89999389648438,121.19999694824219,76.5,160.89999389648438,136.60000610351562,55.20000076293945,146.0,56.793434143066406,1.3325085639953613,0.8678402304649353,0.7843146920204163,0.6783300042152405,0.7423167824745178,20.957658767700195
162.0,158.8000030517578,161.0,175.6999969482422,29.0,170.60000610351562,160.5,37.400001525878906,159.0,119.4000015258789,78.30000305175781,164.5,123.0,68.19999694824219,146.1999969482422,55.325706481933594,1.3839757442474365,0.8615178465843201,0.7817864418029785,0.6753996014595032,0.6976661682128906,15.932271957397461
162.60000610351562,149.8000030517578,162.89999389648438,144.39999389648438,21.399999618530273,166.3000030517578,157.39999389648438,7.599999904632568,168.6999969482422,168.8000030517578,1.0,177.0,158.8000030517578,27.399999618530273,174.60000610351562,61.42454528808594,1.4000719785690308,0.9284676909446716,0.881209135055542,0.7711817026138306,0.7689628005027771,13.152173042297363
163.39999389648438,148.60000610351562,160.0,143.8000030517578,23.299999237060547,165.6999969482422,155.8000030517578,11.300000190734863,165.39999389648438,165.5,3.700000047683716,174.89999389648438,164.5,20.200000762939453,176.6999969482422,60.04047393798828,1.399015188217163,0.9523301124572754,0.887541651725769,0.7648487091064453,0.7683736681938171,13.358565330505371
162.89999389648438,149.1999969482422,164.8000030517578,147.3000030517578,26.200000762939453,161.39999389648438,157.1999969482422,10.699999809265137,166.39999389648438,167.6999969482422,0.699999988079071,176.3000030517578,164.6999969482422,21.299999237060547,178.3000030517578,59.15211486816406,1.4064372777938843,0.9287647008895874,0.8812068104743958,0.7630764245986938,0.7495219111442566,10.512922286987305
165.39999389648438,148.0,162.10000610351562,142.5,28.299999237060547,160.6999969482422,153.6999969482422,13.300000190734863,167.5,163.0,6.199999809265137,175.10000610351562,165.39999389648438,18.0,178.5,61.46797180175781,1.3987990617752075,0.9369989633560181,0.8797310590744019,0.7890735864639282,0.7858191728591919,12.315289497375488
165.0,148.10000610351562,162.5,140.39999389648438,31.700000762939453,160.0,152.60000610351562,14.800000190734863,166.39999389648438,160.60000610351562,8.100000381469727,177.1999969482422,170.1999969482422,14.199999809265137,177.3000030517578,62.98665237426758,1.3859305381774902,0.9434932470321655,0.8962473273277283,0.8131107091903687,0.7969316840171814,12.742086410522461
164.0,147.39999389648438,160.0,136.10000610351562,35.5,158.3000030517578,149.0,17.0,162.89999389648438,152.89999389648438,14.899999618530273,176.8000030517578,162.6999969482422,21.200000762939453,175.8000030517578,66.58726501464844,1.3748555183410645,0.9201574921607971,0.8847157955169678,0.7771435976028442,0.7806375026702881,12.71906566619873
161.3000030517578,150.39999389648438,158.39999389648438,145.6999969482422,23.899999618530273,165.8000030517578,157.1999969482422,10.5,168.8000030517578,162.5,8.300000190734863,174.3000030517578,161.6999969482422,18.299999237060547,179.60000610351562,64.61679077148438,1.4135613441467285,0.9269176125526428,0.8822092413902283,0.731141209602356,0.7690464854240417,14.469949722290039
162.10000610351562,150.1999969482422,155.0,153.3000030517578,13.600000381469727,172.89999389648438,166.0,0.10000000149011612,176.0,169.8000030517578,1.7000000476837158,177.6999969482422,154.3000030517578,31.0,168.0,62.81293869018555,1.3872629404067993,0.8717970848083496,0.8041781783103943,0.6719372272491455,0.6927360892295837,14.091537475585938
162.0,152.39999389648438,160.10000610351562,162.10000610351562,1.600000023841858,178.5,178.89999389648438,15.699999809265137,174.0,162.5,30.700000762939453,175.1999969482422,148.10000610351562,43.29999923706055,163.10000610351562,59.97898483276367,1.4174491167068481,0.895757794380188,0.8265233039855957,0.7140442132949829,0.7264520525932312,12.042190551757812
160.5,158.60000610351562,160.89999389648438,174.10000610351562,28.299999237060547,168.89999389648438,152.8000030517578,43.900001525878906,160.60000610351562,113.4000015258789,79.9000015258789,168.10000610351562,108.5,84.30000305175781,148.39999389648438,54.31385040283203,1.358603596687317,0.8464956283569336,0.7747450470924377,0.6813977360725403,0.6875059008598328,11.894640922546387
165.39999389648438,158.39999389648438,164.6999969482422,140.5,70.19999694824219,154.8000030517578,112.5,86.0999984741211,142.8000030517578,70.30000305175781,124.30000305175781,148.8000030517578,69.0,124.69999694824219,132.89999389648438,56.6826171875,1.2735648155212402,0.7972228527069092,0.7312612533569336,0.6217153072357178,0.693091094493866,7.438733100891113
163.1999969482422,164.10000610351562,157.8000030517578,124.30000305175781,90.30000305175781,140.6999969482422,110.0999984741211,89.4000015258789,124.30000305175781,71.69999694824219,123.4000015258789,130.5,72.69999694824219,124.0,105.30000305175781,58.8036994934082,1.2568893432617188,0.8165509700775146,0.7393003702163696,0.6056034564971924,0.6770957708358765,8.807785034179688
161.6999969482422,163.10000610351562,156.89999389648438,129.1999969482422,86.5,140.39999389648438,115.30000305175781,85.5,131.8000030517578,72.80000305175781,121.4000015258789,137.0,70.4000015258789,125.0,107.80000305175781,56.528724670410156,1.265951156616211,0.8201699256896973,0.7553777098655701,0.6186384558677673,0.6653540134429932,6.835277080535889
163.6999969482422,162.1999969482422,159.1999969482422,120.0,93.69999694824219,141.3000030517578,109.30000305175781,88.4000015258789,129.1999969482422,71.4000015258789,122.5999984741211,130.6999969482422,66.0999984741211,128.1999969482422,101.80000305175781,60.1191520690918,1.2661434412002563,0.7984760999679565,0.7370854616165161,0.6218129396438599,0.664336621761322,6.394272804260254
161.8000030517578,158.39999389648438,159.6999969482422,162.39999389648438,46.599998474121094,160.10000610351562,141.10000610351562,58.70000076293945,141.5,93.9000015258789,101.5999984741211,154.0,91.0,103.5,137.3000030517578,58.47774887084961,1.3116477727890015,0.8477874398231506,0.7903268933296204,0.6917116641998291,0.7346677184104919,7.562131881713867
161.10000610351562,158.0,156.5,175.6999969482422,21.100000381469727,171.10000610351562,166.3000030517578,32.70000076293945,160.1999969482422,132.3000030517578,63.0,166.6999969482422,129.8000030517578,66.0,146.39999389648438,53.60356903076172,1.356566071510315,0.9071136116981506,0.819568395614624,0.7283056974411011,0.7357713580131531,13.758955001831055
162.0,152.1999969482422,156.39999389648438,157.3000030517578,2.799999952316284,175.8000030517578,175.8000030517578,12.199999809265137,178.60000610351562,158.8000030517578,33.400001525878906,179.6999969482422,153.5,34.29999923706055,167.60000610351562,57.2847785949707,1.3429279327392578,0.9425386786460876,0.8533744215965271,0.7317189574241638,0.7624650001525879,11.294693946838379
163.10000610351562,148.0,159.60000610351562,144.1999969482422,25.100000381469727,162.5,155.3000030517578,9.800000190734863,164.1999969482422,169.10000610351562,0.20000000298023224,174.89999389648438,161.5,22.100000381469727,178.3000030517578,61.94059753417969,1.3953548669815063,0.9656968116760254,0.9002994298934937,0.7506021857261658,0.7883040308952332,10.577598571777344
162.89999389648438,150.8000030517578,156.10000610351562,141.89999389648438,25.799999237060547,162.6999969482422,154.89999389648438,10.5,163.0,170.89999389648438,2.700000047683716,174.10000610351562,164.1999969482422,21.5,178.6999969482422,61.97085952758789,1.400242805480957,0.9754490256309509,0.9174354076385498,0.7852830290794373,0.7966636419296265,9.165151596069336
165.39999389648438,148.10000610351562,157.8000030517578,140.60000610351562,25.799999237060547,161.89999389648438,154.39999389648438,10.699999809265137,163.89999389648438,167.60000610351562,0.4000000059604645,174.89999389648438,164.6999969482422,23.0,177.0,63.77747344970703,1.3664591312408447,0.9797168374061584,0.9186839461326599,0.806130051612854,0.815294623374939,12.583707809448242
163.0,145.1999969482422,159.8000030517578,131.1999969482422,40.599998474121094,158.39999389648438,153.10000610351562,16.700000762939453,161.0,149.10000610351562,21.5,171.8000030517578,175.60000610351562,6.099999904632568,177.60000610351562,68.00537872314453,1.377651572227478,0.9315569400787354,0.9232826828956604,0.8365001082420349,0.8344429731369019,11.943254470825195
163.5,142.10000610351562,162.8000030517578,122.30000305175781,49.5,154.6999969482422,142.0,26.700000762939453,150.60000610351562,126.4000015258789,42.099998474121094,171.89999389648438,175.39999389648438,2.299999952316284,177.0,70.30207061767578,1.3308732509613037,0.948774516582489,0.9106016755104065,0.8282948136329651,0.8311734199523926,12.24311637878418
166.39999389648438,140.6999969482422,156.10000610351562,114.30000305175781,53.79999923706055,154.3000030517578,135.89999389648438,29.600000381469727,149.6999969482422,118.30000305175781,48.099998474121094,168.39999389648438,171.0,8.0,173.1999969482422,69.81181335449219,1.3471064567565918,0.9646440744400024,0.9116473197937012,0.8262704610824585,0.8271183371543884,12.912158966064453
166.0,141.0,157.3000030517578,120.0999984741211,42.79999923706055,160.3000030517578,142.6999969482422,22.399999618530273,151.89999389648438,125.80000305175781,40.20000076293945,170.0,174.60000610351562,0.20000000298023224,179.0,69.79548645019531,1.3399107456207275,0.9470927119255066,0.9116417169570923,0.8282576203346252,0.8322659730911255,14.651607513427734
164.6999969482422,142.60000610351562,162.6999969482422,113.19999694824219,58.20000076293945,157.0,129.6999969482422,42.400001525878906,139.39999389648438,101.9000015258789,67.9000015258789,160.0,164.6999969482422,14.300000190734863,170.89999389648438,65.93362426757812,1.3570890426635742,0.9556553959846497,0.8986110091209412,0.807726263999939,0.805920422077179,13.860902786254883
165.39999389648438,142.39999389648438,163.3000030517578,111.30000305175781,57.0,157.0,132.89999389648438,38.400001525878906,140.10000610351562,111.9000015258789,58.400001525878906,160.10000610351562,167.6999969482422,11.300000190734863,168.60000610351562,65.92129516601562,1.3582751750946045,0.9443053007125854,0.8911166191101074,0.8124410510063171,0.8147541880607605,12.320411682128906
164.1999969482422,141.39999389648438,165.5,107.4000015258789,59.0,156.3000030517578,133.60000610351562,36.70000076293945,143.10000610351562,112.80000305175781,55.79999923706055,161.89999389648438,168.6999969482422,9.0,170.8000030517578,67.57041931152344,1.3689026832580566,0.9277294278144836,0.890892505645752,0.8162499070167542,0.8193878531455994,13.461423873901367
163.3000030517578,142.0,167.5,114.5,56.0,162.10000610351562,139.60000610351562,32.5,143.3000030517578,106.19999694824219,61.29999923706055,165.6999969482422,171.10000610351562,5.099999904632568,175.8000030517578,66.41984558105469,1.3731178045272827,0.931493878364563,0.9194658398628235,0.8359408378601074,0.8399576544761658,15.446782112121582
163.5,143.60000610351562,167.89999389648438,135.8000030517578,36.5,164.60000610351562,150.1999969482422,20.600000381469727,160.10000610351562,145.10000610351562,24.799999237060547,175.8000030517578,177.5,1.2999999523162842,175.3000030517578,68.41041564941406,1.4358338117599487,0.931141197681427,0.9171827435493469,0.821506917476654,0.8314890265464783,13.6624174118042
164.39999389648438,147.8000030517578,164.0,140.39999389648438,31.200000762939453,163.8000030517578,154.1999969482422,14.699999809265137,164.0,161.5,7.099999904632568,178.5,169.10000610351562,14.300000190734863,177.8000030517578,66.56971740722656,1.4548834562301636,0.9163350462913513,0.8881049752235413,0.7884920835494995,0.7357816100120544,8.224215507507324
166.60000610351562,147.10000610351562,160.8000030517578,134.10000610351562,30.700000762939453,166.0,151.8000030517578,12.399999618530273,166.3000030517578,162.6999969482422,3.5,177.89999389648438,166.39999389648438,18.700000762939453,178.3000030517578,70.89669036865234,1.4361106157302856,0.9095770716667175,0.8622463345527649,0.7438646554946899,0.7149233222007751,10.462246894836426
165.10000610351562,148.1999969482422,162.1999969482422,137.89999389648438,34.599998474121094,159.6999969482422,152.39999389648438,12.100000381469727,166.3000030517578,166.8000030517578,1.2000000476837158,178.3000030517578,168.89999389648438,18.899999618530273,176.60000610351562,67.32858276367188,1.4594395160675049,0.9245973229408264,0.8683668971061707,0.742058277130127,0.6756629943847656,6.9782609939575195
164.3000030517578,148.3000030517578,158.60000610351562,135.5,34.099998474121094,163.60000610351562,151.60000610351562,14.5,162.60000610351562,166.10000610351562,2.799999952316284,178.5,166.39999389648438,20.100000381469727,174.3000030517578,70.91114044189453,1.4556946754455566,0.8869967460632324,0.8413537740707397,0.7202047109603882,0.6546930074691772,8.006538391113281
164.8000030517578,146.1999969482422,164.0,136.89999389648438,34.0,160.89999389648438,149.10000610351562,14.899999618530273,161.0,166.3000030517578,1.7000000476837158,178.89999389648438,164.1999969482422,22.799999237060547,175.1999969482422,71.04401397705078,1.443609356880188,0.8825337290763855,0.8431161046028137,0.7132479548454285,0.6414158940315247,7.967346668243408
164.10000610351562,146.6999969482422,157.6999969482422,137.39999389648438,29.200000762939453,168.10000610351562,152.60000610351562,10.5,167.8000030517578,165.8000030517578,0.20000000298023224,178.6999969482422,160.0,28.399999618530273,171.6999969482422,67.3161849975586,1.4322478771209717,0.9171326160430908,0.854259729385376,0.7156378626823425,0.6877610683441162,8.630494117736816
162.0,151.39999389648438,159.39999389648438,148.0,16.399999618530273,172.8000030517578,160.8000030517578,0.30000001192092896,175.10000610351562,179.8000030517578,14.5,176.5,150.89999389648438,40.0,166.6999969482422,61.906070709228516,1.449737310409546,0.903650164604187,0.8443862795829773,0.692527711391449,0.65464848279953,9.021770477294922
163.0,148.8000030517578,158.1999969482422,151.5,8.600000381469727,175.5,163.60000610351562,3.700000047683716,176.89999389648438,169.89999389648438,24.600000381469727,175.89999389648438,141.10000610351562,46.79999923706055,167.8000030517578,66.37947082519531,1.4218525886535645,0.9138235449790955,0.854576587677002,0.6995896100997925,0.7083064317703247,9.756060600280762
162.3000030517578,150.6999969482422,156.60000610351562,153.6999969482422,7.300000190734863,178.1999969482422,172.10000610351562,9.199999809265137,179.39999389648438,159.8000030517578,32.70000076293945,175.1999969482422,138.1999969482422,49.400001525878906,166.39999389648438,63.473716735839844,1.4198287725448608,0.8861258625984192,0.8241664171218872,0.6604835391044617,0.6739689707756042,9.63552474975586
158.1999969482422,155.3000030517578,158.39999389648438,163.6999969482422,2.200000047683716,179.39999389648438,179.89999389648438,14.800000190734863,177.3000030517578,148.1999969482422,42.599998474121094,179.6999969482422,134.10000610351562,54.20000076293945,163.8000030517578,58.625831604003906,1.3689022064208984,0.8898661732673645,0.8149698972702026,0.7055538296699524,0.7153732776641846,10.596156120300293
159.39999389648438,156.1999969482422,160.89999389648438,177.6999969482422,19.5,172.1999969482422,164.0,31.700000762939453,168.60000610351562,121.4000015258789,71.69999694824219,173.6999969482422,116.69999694824219,72.5,155.89999389648438,65.22838592529297,1.350757360458374,0.8332152962684631,0.799153745174408,0.7126107811927795,0.7296310067176819,11.049921989440918
160.5,154.89999389648438,160.89999389648438,168.10000610351562,6.5,176.5,173.5,20.0,170.3000030517578,149.89999389648438,42.599998474121094,175.6999969482422,135.6999969482422,54.20000076293945,160.0,53.95899200439453,1.3535480499267578,0.8921841979026794,0.8027961850166321,0.7083128690719604,0.7125620245933533,14.995129585266113
160.10000610351562,153.6999969482422,153.89999389648438,156.89999389648438,3.700000047683716,174.0,175.89999389648438,13.100000381469727,178.6999969482422,146.8000030517578,44.20000076293945,178.39999389648438,139.0,48.0,163.1999969482422,52.13188552856445,1.3443313837051392,0.9662098288536072,0.824709415435791,0.6810258626937866,0.71504807472229,16.15999984741211
164.89999389648438,147.39999389648438,124.30000305175781,141.3000030517578,32.5,156.60000610351562,146.3000030517578,19.399999618530273,164.3000030517578,134.6999969482422,37.5,165.39999389648438,173.0,8.0,178.10000610351562,61.91532516479492,1.3116296529769897,0.971649169921875,0.8277368545532227,0.6886082887649536,0.7604054808616638,16.60673713684082
165.39999389648438,148.8000030517578,118.5,136.0,29.899999618530273,160.10000610351562,147.89999389648438,16.100000381469727,158.6999969482422,146.89999389648438,21.600000381469727,168.10000610351562,159.10000610351562,27.899999618530273,172.60000610351562,67.43463134765625,1.297982931137085,0.9281182289123535,0.8312134742736816,0.694212019443512,0.7520922422409058,14.090239524841309
164.3000030517578,145.8000030517578,131.0,144.3000030517578,24.600000381469727,160.0,154.89999389648438,13.699999809265137,155.3000030517578,143.39999389648438,26.200000762939453,165.3000030517578,161.1999969482422,23.799999237060547,179.5,53.03755569458008,1.2702404260635376,1.0342376232147217,0.8654952645301819,0.731935441493988,0.7767773866653442,16.052858352661133
162.1999969482422,141.8000030517578,143.1999969482422,148.39999389648438,24.399999618530273,158.5,161.5,7.800000190734863,156.8000030517578,164.8000030517578,2.799999952316284,170.0,163.8000030517578,23.399999618530273,173.60000610351562,47.00217056274414,1.2641148567199707,1.0318467617034912,0.8873411417007446,0.7553650140762329,0.770702600479126,16.539487838745117
159.3000030517578,148.10000610351562,162.1999969482422,152.1999969482422,17.0,164.60000610351562,167.0,0.699999988079071,170.1999969482422,178.89999389648438,11.399999618530273,175.6999969482422,156.39999389648438,33.79999923706055,169.5,46.661617279052734,1.3058736324310303,0.9981085658073425,0.8635862469673157,0.7628471851348877,0.7665023803710938,16.840545654296875
160.0,150.10000610351562,162.60000610351562,151.60000610351562,13.399999618530273,167.60000610351562,166.8000030517578,0.699999988079071,172.6999969482422,176.6999969482422,9.5,175.3000030517578,152.6999969482422,36.400001525878906,171.5,54.427791595458984,1.3084126710891724,0.9226118326187134,0.8495937585830688,0.7507026791572571,0.767058789730072,14.85151481628418
159.5,147.60000610351562,167.8000030517578,148.89999389648438,16.600000381469727,168.0,165.39999389648438,2.799999952316284,162.89999389648438,154.3000030517578,12.699999809265137,174.5,154.5,30.600000381469727,176.8000030517578,56.11055374145508,1.3137431144714355,0.9418492913246155,0.8699190616607666,0.7359272837638855,0.7814070582389832,13.976040840148926
158.60000610351562,151.39999389648438,170.6999969482422,149.10000610351562,15.699999809265137,172.60000610351562,167.8000030517578,0.6000000238418579,174.5,157.10000610351562,10.199999809265137,177.39999389648438,148.5,37.79999923706055,164.0,60.119361877441406,1.3058667182922363,0.8999347686767578,0.8357479572296143,0.7225937843322754,0.7514586448669434,14.05026626586914
158.60000610351562,150.89999389648438,172.39999389648438,148.5,14.0,172.8000030517578,166.6999969482422,1.2000000476837158,172.1999969482422,178.6999969482422,13.199999809265137,179.0,141.89999389648438,43.400001525878906,165.10000610351562,58.63018798828125,1.3095790147781372,0.9085581302642822,0.8371739983558655,0.723322331905365,0.7543236017227173,13.672625541687012
157.39999389648438,154.5,172.1999969482422,150.1999969482422,12.0,175.0,167.3000030517578,2.299999952316284,176.8000030517578,166.89999389648438,25.700000762939453,179.60000610351562,137.8000030517578,49.29999923706055,159.60000610351562,56.382991790771484,1.3254022598266602,0.921518087387085,0.835780918598175,0.7164371013641357,0.7390837073326111,16.34832191467285
157.39999389648438,156.3000030517578,174.10000610351562,150.0,12.399999618530273,173.89999389648438,168.0,2.700000047683716,173.6999969482422,160.10000610351562,32.099998474121094,177.6999969482422,136.0,48.0,165.0,56.16032409667969,1.322822093963623,0.9444566965103149,0.8382493257522583,0.7153620719909668,0.747324526309967,13.660005569458008
155.0,157.3000030517578,175.1999969482422,148.89999389648438,10.399999618530273,179.10000610351562,172.3000030517578,6.400000095367432,177.1999969482422,123.69999694824219,67.4000015258789,179.89999389648438,117.0999984741211,65.5999984741211,153.39999389648438,58.640716552734375,1.3344266414642334,0.9216901659965515,0.8261734843254089,0.6834559440612793,0.7299124002456665,15.461968421936035
157.89999389648438,156.3000030517578,174.0,146.39999389648438,14.5,179.3000030517578,166.1999969482422,0.800000011920929,166.6999969482422,35.79999923706055,155.89999389648438,175.39999389648438,120.4000015258789,62.0,167.10000610351562,59.31962203979492,1.3066225051879883,0.9214461445808411,0.8477848172187805,0.7104165554046631,0.745362401008606,13.2899751663208
155.89999389648438,155.89999389648438,172.8000030517578,143.3000030517578,19.5,174.0,158.1999969482422,6.099999904632568,167.10000610351562,172.89999389648438,5.599999904632568,175.39999389648438,140.10000610351562,46.29999923706055,162.60000610351562,58.421207427978516,1.3502804040908813,0.9198461771011353,0.8383519053459167,0.6951770782470703,0.7148808240890503,17.970577239990234
157.3000030517578,152.5,169.8000030517578,138.5,24.399999618530273,170.60000610351562,155.3000030517578,9.300000190734863,161.3000030517578,150.60000610351562,18.100000381469727,173.89999389648438,147.8000030517578,34.0,169.5,61.40021896362305,1.3496599197387695,0.9125174283981323,0.8250941634178162,0.6851484179496765,0.7225713133811951,18.12860870361328
157.1999969482422,152.0,161.10000610351562,133.3000030517578,28.299999237060547,173.0,142.89999389648438,19.399999618530273,156.60000610351562,115.69999694824219,52.29999923706055,168.1999969482422,150.8000030517578,31.5,171.8000030517578,61.50568771362305,1.3395135402679443,0.9423927664756775,0.8499613404273987,0.6971599459648132,0.7390699982643127,20.68942642211914
158.0,149.10000610351562,167.10000610351562,138.1999969482422,26.600000381469727,169.5,151.10000610351562,11.899999618530273,162.39999389648438,128.1999969482422,39.20000076293945,175.0,148.60000610351562,35.900001525878906,167.89999389648438,59.696311950683594,1.3271671533584595,0.9352001547813416,0.8487725853919983,0.7075865864753723,0.7649244666099548,18.771556854248047
159.89999389648438,148.39999389648438,158.60000610351562,137.39999389648438,28.600000381469727,166.1999969482422,149.5,13.5,157.8000030517578,136.6999969482422,29.899999618530273,173.60000610351562,156.0,29.700000762939453,169.5,61.581329345703125,1.332775592803955,0.9450029134750366,0.8650504350662231,0.7284874320030212,0.774366557598114,17.439210891723633
161.89999389648438,145.89999389648438,153.89999389648438,131.0,34.0,167.5,143.60000610351562,17.299999237060547,161.89999389648438,136.60000610351562,30.700000762939453,175.3000030517578,154.6999969482422,28.200000762939453,175.10000610351562,66.61854553222656,1.3508285284042358,0.9125299453735352,0.8796905875205994,0.7504487633705139,0.7968030571937561,14.688485145568848
165.10000610351562,141.3000030517578,158.3000030517578,127.30000305175781,41.20000076293945,161.3000030517578,139.6999969482422,22.0,156.8000030517578,112.5999984741211,53.099998474121094,172.1999969482422,166.60000610351562,14.100000381469727,178.5,70.63221740722656,1.340492606163025,0.9378765821456909,0.8732153177261353,0.7495013475418091,0.7969269752502441,16.893726348876953
165.1999969482422,139.39999389648438,162.8000030517578,112.5,49.599998474121094,161.89999389648438,131.1999969482422,31.600000381469727,145.6999969482422,103.19999694824219,62.70000076293945,164.0,176.5,2.4000000953674316,172.10000610351562,70.88410949707031,1.3444284200668335,0.937510073184967,0.8655270934104919,0.7509406805038452,0.7892598509788513,16.139453887939453
162.89999389648438,142.10000610351562,151.6999969482422,128.3000030517578,43.099998474121094,163.39999389648438,138.39999389648438,29.200000762939453,143.8000030517578,99.30000305175781,69.5999984741211,170.89999389648438,177.1999969482422,7.5,173.6999969482422,70.94417572021484,1.3428560495376587,0.936352550983429,0.9032690525054932,0.7876459360122681,0.8404006361961365,15.58000373840332
161.39999389648438,147.1999969482422,163.10000610351562,155.60000610351562,2.4000000953674316,174.0,177.60000610351562,20.299999237060547,178.1999969482422,62.900001525878906,133.39999389648438,171.6999969482422,96.5999984741211,91.80000305175781,156.1999969482422,63.05832290649414,1.3156236410140991,0.8954383730888367,0.863947868347168,0.7284165620803833,0.7715949416160583,10.400510787963867
158.5,151.5,160.60000610351562,163.0,7.800000190734863,173.89999389648438,171.89999389648438,26.799999237060547,169.8000030517578,107.19999694824219,89.0999984741211,172.10000610351562,119.9000015258789,70.19999694824219,158.10000610351562,60.73314666748047,1.3155608177185059,0.887671172618866,0.8162408471107483,0.6879432797431946,0.7206795811653137,15.186918258666992
158.39999389648438,151.5,158.8000030517578,159.6999969482422,2.799999952316284,173.0,171.8000030517578,24.5,158.10000610351562,85.30000305175781,109.4000015258789,168.6999969482422,108.69999694824219,77.0999984741211,152.60000610351562,62.27256774902344,1.3141274452209473,0.8594379425048828,0.8049894571304321,0.6696856021881104,0.7060607075691223,15.308539390563965
159.1999969482422,147.8000030517578,157.1999969482422,148.6999969482422,8.699999809265137,178.3000030517578,179.89999389648438,17.5,174.5,32.20000076293945,162.0,171.3000030517578,92.69999694824219,93.0,158.10000610351562,65.0986557006836,1.286920189857483,0.8762027621269226,0.823706328868866,0.6920881867408752,0.748813271522522,13.434158325195312
163.5,143.89999389648438,164.8000030517578,171.10000610351562,17.200000762939453,169.6999969482422,90.19999694824219,105.80000305175781,178.8000030517578,18.600000381469727,177.3000030517578,160.6999969482422,23.700000762939453,164.10000610351562,162.3000030517578,71.07695770263672,1.2632689476013184,0.824436366558075,0.7994385957717896,0.6482500433921814,0.7118424773216248,7.020593166351318
163.6999969482422,148.0,160.6999969482422,102.69999694824219,102.9000015258789,162.6999969482422,104.9000015258789,89.19999694824219,161.5,37.900001525878906,154.89999389648438,164.1999969482422,54.900001525878906,135.39999389648438,163.3000030517578,73.30596160888672,1.2481657266616821,0.7970625162124634,0.7725094556808472,0.6551614999771118,0.7405632734298706,10.713577270507812
165.8000030517578,143.8000030517578,165.5,89.19999694824219,117.30000305175781,166.60000610351562,81.9000015258789,114.4000015258789,169.60000610351562,24.299999237060547,171.8000030517578,161.8000030517578,26.299999237060547,161.89999389648438,157.6999969482422,74.3009262084961,1.2490386962890625,0.7924041152000427,0.783229410648346,0.6460415720939636,0.7130005359649658,7.311482906341553
163.10000610351562,143.39999389648438,164.5,111.0999984741211,43.29999923706055,178.5,156.6999969482422,8.5,148.60000610351562,2.0999999046325684,163.1999969482422,179.8000030517578,28.5,146.5,177.89999389648438,77.71540832519531,1.2843674421310425,0.830621063709259,0.8107220530509949,0.6783573627471924,0.7573697566986084,12.042848587036133
164.0,142.3000030517578,156.3000030517578,84.5,74.4000015258789,170.89999389648438,120.30000305175781,45.29999923706055,130.60000610351562,25.899999618530273,138.6999969482422,170.6999969482422,68.69999694824219,108.5,170.5,78.09672546386719,1.3104928731918335,0.8423996567726135,0.8412281274795532,0.6948578357696533,0.7662997245788574,9.977107048034668
167.0,138.1999969482422,162.5,116.9000015258789,36.400001525878906,173.3000030517578,146.39999389648438,17.5,143.8000030517578,105.5,59.400001525878906,169.0,177.89999389648438,7.400000095367432,174.1999969482422,75.25390625,1.3393161296844482,0.8911659121513367,0.8730732798576355,0.7480599284172058,0.786498486995697,17.200105667114258
165.5,138.3000030517578,165.5,112.4000015258789,42.400001525878906,169.10000610351562,144.8000030517578,21.299999237060547,140.3000030517578,114.0,51.599998474121094,159.6999969482422,179.0,5.199999809265137,179.89999389648438,70.2300796508789,1.352974534034729,0.9276148080825806,0.8960425853729248,0.7783930897712708,0.8114376664161682,17.694299697875977
166.8000030517578,138.1999969482422,166.39999389648438,112.19999694824219,48.099998474121094,159.5,137.0,29.399999618530273,139.1999969482422,119.9000015258789,45.79999923706055,162.3000030517578,176.6999969482422,0.4000000059604645,177.39999389648438,68.07156372070312,1.377066731452942,0.9558875560760498,0.9029020667076111,0.801398754119873,0.8158038258552551,19.375402450561523
164.89999389648438,137.89999389648438,165.89999389648438,106.5999984741211,52.20000076293945,164.8000030517578,131.0,36.5,135.6999969482422,102.69999694824219,63.29999923706055,155.0,171.60000610351562,7.699999809265137,172.10000610351562,67.66767120361328,1.3607580661773682,0.951495885848999,0.8962480425834656,0.7707875370979309,0.7938376665115356,16.07067108154297
165.39999389648438,135.89999389648438,169.89999389648438,107.19999694824219,53.29999923706055,165.39999389648438,128.60000610351562,39.5,132.3000030517578,101.69999694824219,64.0999984741211,156.39999389648438,172.5,6.5,174.39999389648438,67.63750457763672,1.3509975671768188,0.9599227905273438,0.8980585336685181,0.7780010104179382,0.8027889728546143,17.122129440307617
164.60000610351562,139.5,156.10000610351562,97.5,60.79999923706055,168.8000030517578,119.80000305175781,43.79999923706055,130.0,35.79999923706055,131.6999969482422,155.10000610351562,147.39999389648438,33.0,173.5,77.14607238769531,1.3204193115234375,0.892537534236908,0.8641219735145569,0.7168590426445007,0.7856857776641846,15.238910675048828
162.3000030517578,142.39999389648438,155.10000610351562,119.4000015258789,37.79999923706055,173.1999969482422,147.1999969482422,16.600000381469727,139.39999389648438,20.700000762939453,145.8000030517578,172.3000030517578,148.3000030517578,34.900001525878906,170.89999389648438,76.1947021484375,1.323146104812622,0.857026994228363,0.8491257429122925,0.6962082386016846,0.7608391046524048,13.400056838989258
164.0,142.89999389648438,154.1999969482422,113.5,37.900001525878906,178.60000610351562,176.60000610351562,20.0,142.3000030517578,6.400000095367432,172.60000610351562,170.8000030517578,33.900001525878906,150.0,172.6999969482422,74.39862060546875,1.2807025909423828,0.8544510006904602,0.8321921825408936,0.6793716549873352,0.7565299272537231,10.783868789672852
162.6999969482422,144.6999969482422,153.89999389648438,108.9000015258789,41.900001525878906,177.89999389648438,146.39999389648438,15.0,131.8000030517578,3.799999952316284,168.5,175.6999969482422,61.599998474121094,123.4000015258789,166.89999389648438,79.26042938232422,1.2896097898483276,0.8332201242446899,0.8341723680496216,0.6857419610023499,0.7487006783485413,11.549247741699219
