164.39999389648438,146.10000610351562,119.30000305175781,155.3000030517578,171.39999389648438,175.8000030517578,172.8000030517578,170.1999969482422,168.5,174.10000610351562,178.5,171.0,163.5,178.5,165.10000610351562,40.103187561035156,1.0202550888061523,1.5880554914474487,1.7456716299057007,1.6219879388809204,1.4096800088882446,6.228793621063232
162.60000610351562,145.5,115.80000305175781,155.3000030517578,174.1999969482422,171.89999389648438,174.10000610351562,169.60000610351562,168.5,173.5,178.10000610351562,171.60000610351562,162.89999389648438,179.3000030517578,165.89999389648438,39.841949462890625,0.972836971282959,1.5823708772659302,1.7576848268508911,1.642486572265625,1.4344793558120728,6.389039039611816
163.3000030517578,145.6999969482422,116.69999694824219,154.3000030517578,174.6999969482422,173.39999389648438,173.0,169.1999969482422,166.60000610351562,174.5,178.10000610351562,171.0,164.1999969482422,179.10000610351562,165.60000610351562,41.13801956176758,0.9811173677444458,1.5962094068527222,1.765123963356018,1.6436820030212402,1.429942011833191,5.4790730476379395
163.60000610351562,145.10000610351562,115.19999694824219,154.5,174.1999969482422,173.89999389648438,172.60000610351562,169.89999389648438,166.0,174.89999389648438,177.5,171.0,164.1999969482422,180.0,165.3000030517578,41.76244354248047,0.9802741408348083,1.6058324575424194,1.7786595821380615,1.6444110870361328,1.436556100845337,5.436491012573242
161.89999389648438,144.1999969482422,113.5999984741211,154.39999389648438,173.3000030517578,174.39999389648438,172.39999389648438,170.60000610351562,167.39999389648438,174.8000030517578,176.6999969482422,172.3000030517578,164.10000610351562,179.8000030517578,165.3000030517578,39.95378875732422,0.9479212760925293,1.5824341773986816,1.750494360923767,1.6245884895324707,1.4212045669555664,6.6550397872924805
163.8000030517578,143.3000030517578,113.9000015258789,153.6999969482422,174.5,173.8000030517578,172.5,169.6999969482422,166.8000030517578,175.1999969482422,177.10000610351562,171.8000030517578,164.3000030517578,179.3000030517578,166.6999969482422,42.05331039428711,0.9608755707740784,1.597104787826538,1.7666058540344238,1.6438121795654297,1.4394229650497437,6.676182746887207
164.10000610351562,145.3000030517578,116.19999694824219,155.60000610351562,173.60000610351562,174.3000030517578,172.60000610351562,170.10000610351562,166.8000030517578,174.1999969482422,178.6999969482422,169.89999389648438,164.0,178.8000030517578,164.39999389648438,40.96091079711914,0.9996590614318848,1.6136763095855713,1.7847464084625244,1.6658910512924194,1.455480694770813,5.512422561645508
163.10000610351562,145.6999969482422,118.0,155.3000030517578,174.39999389648438,174.39999389648438,172.39999389648438,171.10000610351562,166.8000030517578,175.0,176.89999389648438,170.6999969482422,164.89999389648438,179.39999389648438,164.1999969482422,40.261749267578125,0.9821861386299133,1.592024803161621,1.7534066438674927,1.6364270448684692,1.4307209253311157,4.925175666809082
162.8000030517578,144.3000030517578,117.0,155.8000030517578,172.5,177.39999389648438,173.0,169.89999389648438,166.3000030517578,174.10000610351562,175.3000030517578,174.1999969482422,162.89999389648438,177.5,165.0,40.233253479003906,0.9874438643455505,1.592048168182373,1.7531747817993164,1.6340216398239136,1.4328269958496094,6.710460662841797
164.39999389648438,145.60000610351562,115.0999984741211,156.1999969482422,172.5,175.8000030517578,173.6999969482422,170.8000030517578,167.0,174.39999389648438,175.8000030517578,173.1999969482422,164.5,179.39999389648438,165.89999389648438,40.91032409667969,0.9795511364936829,1.5802849531173706,1.7541913986206055,1.6308002471923828,1.4308634996414185,6.499953269958496
162.10000610351562,148.3000030517578,118.4000015258789,156.89999389648438,173.6999969482422,174.5,174.5,169.39999389648438,168.10000610351562,172.6999969482422,178.60000610351562,174.1999969482422,164.39999389648438,179.39999389648438,166.5,38.77640151977539,1.0208660364151,1.600415587425232,1.774193286895752,1.6646108627319336,1.4572477340698242,5.234988212585449
165.10000610351562,145.3000030517578,116.0,155.5,175.8000030517578,174.8000030517578,174.1999969482422,171.3000030517578,168.5,172.5,179.10000610351562,172.1999969482422,166.0,178.3000030517578,166.6999969482422,42.203468322753906,1.0041745901107788,1.6145765781402588,1.7879079580307007,1.6672914028167725,1.4596196413040161,6.43264102935791
162.6999969482422,146.0,119.19999694824219,155.3000030517578,175.1999969482422,175.8000030517578,174.0,168.8000030517578,165.5,174.10000610351562,177.5,173.8000030517578,164.8000030517578,179.6999969482422,167.6999969482422,40.40520477294922,1.0104376077651978,1.607633113861084,1.7868269681930542,1.67576265335083,1.4636520147323608,5.46379280090332
163.3000030517578,145.3000030517578,118.0999984741211,155.10000610351562,174.5,175.1999969482422,174.3000030517578,168.39999389648438,166.8000030517578,174.39999389648438,177.5,172.8000030517578,163.6999969482422,179.89999389648438,165.89999389648438,41.02448272705078,1.0079394578933716,1.6136690378189087,1.7840888500213623,1.673266053199768,1.4596410989761353,5.395554542541504
163.3000030517578,145.0,118.19999694824219,154.60000610351562,174.60000610351562,175.10000610351562,174.0,167.5,166.0,173.60000610351562,179.10000610351562,171.5,163.8000030517578,179.8000030517578,164.8000030517578,41.74519729614258,1.0094655752182007,1.6206923723220825,1.7962819337844849,1.68222975730896,1.4703540802001953,5.151528835296631
161.39999389648438,145.6999969482422,119.19999694824219,155.0,175.10000610351562,175.8000030517578,173.89999389648438,168.0,167.0,174.39999389648438,178.3000030517578,171.60000610351562,163.3000030517578,179.10000610351562,165.8000030517578,39.805789947509766,1.006590485572815,1.6185258626937866,1.7934002876281738,1.6807068586349487,1.463555932044983,4.437889099121094
162.6999969482422,144.6999969482422,120.0999984741211,156.1999969482422,173.8000030517578,176.1999969482422,174.0,168.1999969482422,166.39999389648438,174.1999969482422,177.0,172.89999389648438,163.10000610351562,176.8000030517578,163.3000030517578,39.64249801635742,1.0058664083480835,1.6207796335220337,1.7897968292236328,1.6776536703109741,1.462873935699463,5.439021110534668
162.10000610351562,146.6999969482422,118.0,156.6999969482422,175.39999389648438,175.3000030517578,174.89999389648438,168.5,166.6999969482422,173.6999969482422,177.5,171.6999969482422,162.10000610351562,177.8000030517578,165.1999969482422,39.13590621948242,0.9934625625610352,1.6115427017211914,1.7837214469909668,1.6693512201309204,1.4586594104766846,5.642098426818848
160.39999389648438,145.3000030517578,119.0999984741211,155.60000610351562,175.10000610351562,174.8000030517578,173.89999389648438,168.1999969482422,165.3000030517578,174.8000030517578,176.1999969482422,173.5,163.6999969482422,179.8000030517578,166.8000030517578,38.22755432128906,0.9984434843063354,1.6087439060211182,1.7823402881622314,1.6742945909500122,1.4562240839004517,5.978454113006592
155.39999389648438,139.39999389648438,122.9000015258789,154.10000610351562,177.10000610351562,177.60000610351562,173.6999969482422,169.89999389648438,166.8000030517578,175.6999969482422,174.39999389648438,179.3000030517578,164.1999969482422,177.6999969482422,177.3000030517578,33.83656692504883,0.8905497789382935,1.5598092079162598,1.7264363765716553,1.6049774885177612,1.4025708436965942,7.157945156097412
151.89999389648438,138.0,129.3000030517578,155.1999969482422,176.60000610351562,176.0,172.6999969482422,172.1999969482422,168.5,176.1999969482422,173.1999969482422,177.8000030517578,162.5,178.0,174.6999969482422,27.61343765258789,0.9062839150428772,1.5437734127044678,1.726081132888794,1.6009857654571533,1.3902828693389893,8.90880298614502
151.60000610351562,138.60000610351562,128.1999969482422,155.0,175.39999389648438,176.89999389648438,171.8000030517578,173.0,169.3000030517578,177.1999969482422,171.5,178.8000030517578,162.10000610351562,179.10000610351562,175.1999969482422,27.883115768432617,0.9131770730018616,1.5498356819152832,1.7366812229156494,1.6115942001342773,1.39573073387146,9.588212966918945
152.10000610351562,139.89999389648438,124.5999984741211,154.89999389648438,176.6999969482422,175.0,172.3000030517578,172.0,169.10000610351562,176.1999969482422,174.10000610351562,179.89999389648438,162.10000610351562,179.3000030517578,175.60000610351562,28.299203872680664,0.9068580269813538,1.5509072542190552,1.7283142805099487,1.6046395301818848,1.3959883451461792,9.204774856567383
152.60000610351562,137.6999969482422,126.30000305175781,154.60000610351562,175.60000610351562,177.39999389648438,171.5,173.3000030517578,169.0,176.6999969482422,171.6999969482422,178.60000610351562,162.3000030517578,177.3000030517578,177.0,29.242536544799805,0.895190954208374,1.5449010133743286,1.7297604084014893,1.6018723249435425,1.394595980644226,9.263382911682129
151.3000030517578,138.1999969482422,127.9000015258789,155.10000610351562,175.10000610351562,178.39999389648438,172.5,172.3000030517578,168.10000610351562,175.89999389648438,172.60000610351562,179.8000030517578,162.6999969482422,177.39999389648438,174.3000030517578,27.6781063079834,0.901955246925354,1.5540577173233032,1.7251687049865723,1.599605679512024,1.3910638093948364,9.01884937286377
153.0,136.6999969482422,128.8000030517578,155.1999969482422,175.1999969482422,176.6999969482422,172.8000030517578,171.8000030517578,167.3000030517578,176.0,170.60000610351562,179.5,163.10000610351562,174.8000030517578,176.6999969482422,29.752758026123047,0.9083923697471619,1.5322003364562988,1.714074730873108,1.6024500131607056,1.3873541355133057,9.062150001525879
151.60000610351562,140.5,126.5,154.6999969482422,175.6999969482422,176.5,172.3000030517578,171.5,167.3000030517578,177.1999969482422,171.1999969482422,178.5,161.60000610351562,178.60000610351562,175.10000610351562,28.16204833984375,0.9118504524230957,1.546260118484497,1.718400239944458,1.5918889045715332,1.383412480354309,9.730095863342285
153.60000610351562,138.89999389648438,128.8000030517578,155.0,176.3000030517578,174.5,172.5,170.8000030517578,167.10000610351562,176.1999969482422,172.3000030517578,179.6999969482422,161.3000030517578,178.1999969482422,173.8000030517578,29.04945945739746,0.9186697602272034,1.5488704442977905,1.7197250127792358,1.5930992364883423,1.3886938095092773,9.747509002685547
153.5,138.60000610351562,129.6999969482422,154.60000610351562,176.60000610351562,174.60000610351562,172.5,170.0,166.0,177.0,169.8000030517578,178.3000030517578,161.1999969482422,179.3000030517578,171.60000610351562,29.24252700805664,0.9149237275123596,1.546235203742981,1.7056678533554077,1.5740071535110474,1.3722649812698364,9.998025894165039
152.6999969482422,139.60000610351562,128.39999389648438,153.8000030517578,177.1999969482422,174.60000610351562,171.8000030517578,171.3000030517578,166.89999389648438,177.5,169.6999969482422,178.0,161.6999969482422,178.8000030517578,173.10000610351562,29.813169479370117,0.9210757613182068,1.551819920539856,1.7132471799850464,1.5831888914108276,1.3800584077835083,10.117053031921387
153.60000610351562,139.0,131.1999969482422,154.5,176.1999969482422,175.8000030517578,172.60000610351562,170.10000610351562,165.3000030517578,177.1999969482422,170.10000610351562,177.5,162.1999969482422,178.10000610351562,172.0,29.193302154541016,0.9298141598701477,1.5547891855239868,1.7121741771697998,1.5794737339019775,1.3755741119384766,9.817412376403809
152.8000030517578,140.0,131.5,154.1999969482422,176.1999969482422,174.89999389648438,172.6999969482422,170.0,166.89999389648438,176.89999389648438,170.0,177.5,161.5,179.3000030517578,172.1999969482422,29.772550582885742,0.9296354651451111,1.5371012687683105,1.6967675685882568,1.569680094718933,1.3629122972488403,9.339567184448242
153.8000030517578,138.8000030517578,129.10000610351562,154.3000030517578,175.5,173.8000030517578,171.89999389648438,170.3000030517578,166.6999969482422,177.5,169.0,179.60000610351562,161.5,177.5,170.39999389648438,29.62754249572754,0.9208837747573853,1.5460461378097534,1.7035020589828491,1.5690425634384155,1.3685311079025269,10.622056007385254
153.60000610351562,139.60000610351562,128.6999969482422,153.6999969482422,174.1999969482422,173.8000030517578,170.60000610351562,170.0,168.0,178.10000610351562,170.8000030517578,179.6999969482422,161.89999389648438,178.8000030517578,170.8000030517578,29.74781036376953,0.9224884510040283,1.5391579866409302,1.6901695728302002,1.5591769218444824,1.3521647453308105,10.358955383300781
153.60000610351562,139.89999389648438,128.60000610351562,153.60000610351562,174.6999969482422,172.10000610351562,170.6999969482422,169.39999389648438,167.1999969482422,178.0,171.3000030517578,178.6999969482422,160.5,179.89999389648438,171.3000030517578,29.180164337158203,0.9245093464851379,1.5400028228759766,1.6983537673950195,1.5591881275177002,1.3556512594223022,10.801581382751465
154.1999969482422,140.3000030517578,128.0,153.60000610351562,175.10000610351562,172.10000610351562,171.3000030517578,168.89999389648438,166.8000030517578,178.0,171.6999969482422,179.60000610351562,161.39999389648438,179.10000610351562,170.6999969482422,29.927091598510742,0.9293158650398254,1.5385793447494507,1.6911120414733887,1.5573450326919556,1.3518364429473877,9.832147598266602
152.6999969482422,140.8000030517578,131.1999969482422,153.89999389648438,175.39999389648438,173.0,172.3000030517578,168.6999969482422,166.6999969482422,177.1999969482422,173.10000610351562,179.3000030517578,161.10000610351562,179.6999969482422,168.89999389648438,29.109107971191406,0.938744843006134,1.5527762174606323,1.6987937688827515,1.569461464881897,1.3704293966293335,9.964842796325684
153.60000610351562,141.10000610351562,127.5999984741211,153.8000030517578,175.8000030517578,173.3000030517578,171.6999969482422,168.89999389648438,167.6999969482422,177.1999969482422,172.5,177.1999969482422,161.60000610351562,179.1999969482422,173.3000030517578,31.023509979248047,0.9262279272079468,1.5562976598739624,1.7080185413360596,1.578816294670105,1.3771122694015503,9.088130950927734
154.5,139.5,130.89999389648438,153.6999969482422,175.1999969482422,175.5,172.5,168.5,167.3000030517578,176.1999969482422,173.60000610351562,178.3000030517578,162.8000030517578,179.39999389648438,171.89999389648438,32.402488708496094,0.9332719445228577,1.567325472831726,1.734571933746338,1.6094306707382202,1.3987630605697632,6.983073711395264
153.5,139.3000030517578,132.1999969482422,154.6999969482422,176.6999969482422,173.89999389648438,173.1999969482422,168.8000030517578,166.89999389648438,176.8000030517578,171.6999969482422,179.89999389648438,161.8000030517578,179.6999969482422,170.89999389648438,29.924715042114258,0.9242212772369385,1.5597668886184692,1.7222011089324951,1.5935664176940918,1.3837891817092896,8.619715690612793
153.60000610351562,140.39999389648438,130.10000610351562,155.3000030517578,176.60000610351562,175.39999389648438,173.0,170.10000610351562,166.6999969482422,176.6999969482422,172.39999389648438,177.10000610351562,161.89999389648438,179.8000030517578,170.1999969482422,29.680612564086914,0.9204379320144653,1.5668646097183228,1.7255363464355469,1.592965841293335,1.3868008852005005,9.070771217346191
153.60000610351562,140.5,130.89999389648438,155.39999389648438,175.89999389648438,176.3000030517578,172.5,170.0,165.6999969482422,177.39999389648438,171.5,179.10000610351562,162.60000610351562,180.0,169.5,29.2634220123291,0.9335002303123474,1.563759684562683,1.7312923669815063,1.6043707132339478,1.3877463340759277,8.021331787109375
151.0,141.89999389648438,131.0,156.0,174.60000610351562,176.6999969482422,173.3000030517578,168.10000610351562,166.89999389648438,175.6999969482422,174.39999389648438,179.6999969482422,162.5,179.39999389648438,170.6999969482422,27.327510833740234,0.9336641430854797,1.5689727067947388,1.7197673320770264,1.5950829982757568,1.3917862176895142,7.541025638580322
155.0,139.39999389648438,128.3000030517578,156.89999389648438,175.0,176.3000030517578,172.39999389648438,171.5,165.89999389648438,176.39999389648438,172.3000030517578,177.5,164.5,178.1999969482422,166.8000030517578,29.58334732055664,0.9111593961715698,1.557288646697998,1.7183970212936401,1.6006120443344116,1.3891634941101074,7.579293727874756
155.0,140.3000030517578,128.3000030517578,156.6999969482422,175.10000610351562,176.60000610351562,172.5,170.3000030517578,166.60000610351562,177.3000030517578,173.10000610351562,177.39999389648438,164.10000610351562,180.0,166.8000030517578,29.185646057128906,0.9272702932357788,1.5849158763885498,1.7415863275527954,1.6185762882232666,1.399510145187378,6.988490104675293
156.10000610351562,139.5,131.10000610351562,156.8000030517578,175.0,176.39999389648438,172.8000030517578,170.39999389648438,166.5,177.10000610351562,173.5,176.6999969482422,164.8000030517578,179.5,167.0,30.013330459594727,0.9455787539482117,1.5912517309188843,1.7586206197738647,1.6344765424728394,1.4116109609603882,6.640443801879883
155.3000030517578,140.6999969482422,129.6999969482422,157.10000610351562,173.0,177.1999969482422,172.89999389648438,169.3000030517578,166.39999389648438,176.89999389648438,173.6999969482422,178.1999969482422,164.60000610351562,179.89999389648438,165.1999969482422,28.632471084594727,0.9367314577102661,1.5811132192611694,1.7448227405548096,1.6267950534820557,1.407862901687622,7.187066078186035
157.3000030517578,142.1999969482422,125.80000305175781,159.0,172.60000610351562,176.0,174.10000610351562,169.8000030517578,168.6999969482422,175.5,176.10000610351562,174.8000030517578,165.10000610351562,179.3000030517578,164.8000030517578,29.16694450378418,0.9585797190666199,1.6145199537277222,1.7867368459701538,1.665081262588501,1.444477915763855,7.209921360015869
161.0,143.39999389648438,125.0,160.39999389648438,171.89999389648438,176.89999389648438,173.10000610351562,171.10000610351562,166.8000030517578,175.39999389648438,176.6999969482422,172.1999969482422,166.1999969482422,178.60000610351562,166.39999389648438,31.874649047851562,0.9673155546188354,1.6108152866363525,1.772246241569519,1.6536905765533447,1.4370229244232178,7.617579936981201
159.8000030517578,142.8000030517578,124.0999984741211,159.89999389648438,170.39999389648438,178.6999969482422,173.0,171.8000030517578,167.89999389648438,175.8000030517578,176.6999969482422,172.60000610351562,165.89999389648438,178.39999389648438,164.39999389648438,30.182340621948242,0.9883851408958435,1.6225999593734741,1.7852500677108765,1.6734535694122314,1.4499541521072388,6.119370460510254
160.8000030517578,142.60000610351562,124.4000015258789,159.89999389648438,172.10000610351562,175.60000610351562,172.8000030517578,170.3000030517578,164.6999969482422,176.5,176.1999969482422,172.3000030517578,165.3000030517578,179.89999389648438,163.1999969482422,31.695270538330078,1.004517674446106,1.6250998973846436,1.7876713275909424,1.6786410808563232,1.4506345987319946,5.464725017547607
160.10000610351562,141.39999389648438,125.0999984741211,158.89999389648438,171.1999969482422,178.10000610351562,172.1999969482422,171.39999389648438,166.89999389648438,176.3000030517578,176.60000610351562,173.6999969482422,165.6999969482422,179.10000610351562,164.0,31.699621200561523,0.9928021430969238,1.6277722120285034,1.790207862854004,1.680448293685913,1.4512234926223755,5.627331733703613
160.3000030517578,142.1999969482422,121.30000305175781,159.39999389648438,171.39999389648438,178.60000610351562,173.0,172.5,168.3000030517578,176.5,176.0,172.3000030517578,166.10000610351562,179.0,164.0,31.95223045349121,0.9829096794128418,1.6291537284851074,1.7837812900543213,1.676193118095398,1.4523526430130005,6.329992294311523
161.89999389648438,141.1999969482422,123.0,159.8000030517578,171.5,178.39999389648438,172.6999969482422,172.60000610351562,169.3000030517578,174.89999389648438,177.89999389648438,171.5,163.89999389648438,179.5,165.8000030517578,32.39020919799805,0.9960240125656128,1.6330888271331787,1.788554310798645,1.6707653999328613,1.4576725959777832,8.889601707458496
161.8000030517578,143.89999389648438,125.80000305175781,159.89999389648438,170.5,178.39999389648438,172.89999389648438,169.5,165.89999389648438,175.6999969482422,178.10000610351562,171.1999969482422,164.39999389648438,179.60000610351562,165.8000030517578,32.52655029296875,1.0446640253067017,1.6348700523376465,1.7925397157669067,1.6848222017288208,1.4640387296676636,5.623427391052246
157.6999969482422,144.6999969482422,133.89999389648438,158.60000610351562,170.5,174.8000030517578,172.8000030517578,166.10000610351562,165.10000610351562,174.89999389648438,178.6999969482422,176.1999969482422,162.5,177.6999969482422,166.5,30.64481544494629,1.0647764205932617,1.6328201293945312,1.7998772859573364,1.690871238708496,1.4637229442596436,5.7818098068237305
155.5,143.3000030517578,128.60000610351562,158.5,172.0,176.39999389648438,172.6999969482422,168.1999969482422,165.6999969482422,175.10000610351562,177.60000610351562,176.8000030517578,162.1999969482422,177.10000610351562,167.89999389648438,29.087608337402344,1.0033644437789917,1.6217643022537231,1.791935920715332,1.6771373748779297,1.4528952836990356,5.831839084625244
155.10000610351562,142.60000610351562,127.9000015258789,159.6999969482422,170.60000610351562,177.3000030517578,173.6999969482422,169.1999969482422,166.8000030517578,174.0,177.0,178.6999969482422,162.8000030517578,178.89999389648438,168.60000610351562,27.5285701751709,0.9748939275741577,1.5941200256347656,1.76376473903656,1.654708743095398,1.431119680404663,5.976223945617676
153.39999389648438,143.3000030517578,128.60000610351562,154.6999969482422,173.5,175.8000030517578,172.1999969482422,168.5,165.5,175.6999969482422,176.8000030517578,177.6999969482422,163.8000030517578,180.0,173.0,31.110504150390625,0.9855012893676758,1.5785166025161743,1.7566837072372437,1.6586177349090576,1.4336879253387451,4.672730922698975
154.5,141.89999389648438,130.60000610351562,155.5,174.1999969482422,175.60000610351562,173.6999969482422,167.5,165.89999389648438,175.39999389648438,176.60000610351562,177.10000610351562,164.6999969482422,177.39999389648438,172.89999389648438,30.80742835998535,0.9705346822738647,1.586479663848877,1.7512403726577759,1.6401904821395874,1.4184949398040771,5.761081695556641
154.0,142.3000030517578,132.5,154.60000610351562,173.10000610351562,176.1999969482422,173.10000610351562,166.5,164.89999389648438,175.89999389648438,177.0,176.39999389648438,165.10000610351562,176.1999969482422,175.3000030517578,31.803956985473633,0.9863513708114624,1.5849655866622925,1.7626643180847168,1.6581043004989624,1.4337819814682007,5.61158561706543
155.10000610351562,142.6999969482422,131.60000610351562,154.5,175.3000030517578,174.10000610351562,173.10000610351562,167.39999389648438,164.5,175.39999389648438,177.39999389648438,175.1999969482422,166.0,174.8000030517578,174.0,33.4537353515625,0.9827732443809509,1.5841753482818604,1.7564680576324463,1.6456952095031738,1.419985055923462,5.979371070861816
155.10000610351562,141.89999389648438,131.60000610351562,155.10000610351562,175.3000030517578,172.8000030517578,173.1999969482422,167.3000030517578,164.1999969482422,175.1999969482422,178.8000030517578,173.6999969482422,164.1999969482422,175.60000610351562,173.8000030517578,31.967132568359375,0.9733833074569702,1.5784584283828735,1.7559667825698853,1.63652503490448,1.417643666267395,6.613790988922119
156.0,144.39999389648438,129.39999389648438,153.6999969482422,174.3000030517578,174.39999389648438,171.8000030517578,168.5,166.8000030517578,176.60000610351562,177.60000610351562,175.6999969482422,165.8000030517578,176.5,173.10000610351562,34.024192810058594,1.0071122646331787,1.5802792310714722,1.7436784505844116,1.6318453550338745,1.411126732826233,4.735347270965576
154.8000030517578,142.8000030517578,129.39999389648438,153.10000610351562,173.10000610351562,173.3000030517578,171.10000610351562,168.1999969482422,168.10000610351562,176.39999389648438,177.10000610351562,179.3000030517578,164.10000610351562,177.89999389648438,174.0,33.41380310058594,0.9816550016403198,1.5617362260818481,1.7233610153198242,1.605581283569336,1.3901820182800293,5.306469440460205
158.5,142.5,124.19999694824219,155.39999389648438,174.60000610351562,172.60000610351562,173.1999969482422,166.89999389648438,166.5,175.8000030517578,177.6999969482422,177.89999389648438,164.60000610351562,179.5,172.6999969482422,36.38739013671875,0.9746251702308655,1.5822639465332031,1.7683568000793457,1.6774804592132568,1.44111967086792,4.609960079193115
160.60000610351562,144.1999969482422,122.9000015258789,156.60000610351562,173.0,177.0,173.5,168.6999969482422,166.89999389648438,174.1999969482422,176.6999969482422,176.1999969482422,163.3000030517578,177.3000030517578,166.8000030517578,36.35928726196289,0.9954180717468262,1.6023669242858887,1.7688733339309692,1.6537010669708252,1.4408116340637207,5.844028472900391
163.6999969482422,146.6999969482422,123.80000305175781,157.60000610351562,172.0,176.0,174.60000610351562,167.6999969482422,165.89999389648438,173.39999389648438,178.39999389648438,173.39999389648438,163.5,178.5,166.5,38.44649124145508,1.025834083557129,1.596111536026001,1.7613089084625244,1.6507341861724854,1.4406366348266602,5.907824993133545
167.10000610351562,145.60000610351562,119.5,156.89999389648438,171.0,175.3000030517578,173.6999969482422,169.0,167.6999969482422,172.60000610351562,179.5,170.6999969482422,164.10000610351562,179.1999969482422,166.8000030517578,42.08394241333008,1.061021327972412,1.6192450523376465,1.7979457378387451,1.6898958683013916,1.4726929664611816,6.428556442260742
167.60000610351562,144.89999389648438,119.4000015258789,156.3000030517578,170.8000030517578,176.3000030517578,173.10000610351562,169.60000610351562,167.5,173.39999389648438,180.0,170.10000610351562,164.1999969482422,179.3000030517578,166.8000030517578,43.0567741394043,1.050756573677063,1.6208534240722656,1.7956737279891968,1.6820920705795288,1.469662070274353,6.131501197814941
166.6999969482422,145.3000030517578,117.5,155.5,171.89999389648438,178.0,172.89999389648438,169.1999969482422,164.8000030517578,174.1999969482422,179.10000610351562,170.0,164.8000030517578,178.89999389648438,166.39999389648438,43.1038932800293,1.0272836685180664,1.6164571046829224,1.7977486848831177,1.6849215030670166,1.4659029245376587,6.030654430389404
166.89999389648438,145.60000610351562,115.9000015258789,155.3000030517578,172.0,176.8000030517578,172.60000610351562,169.5,166.1999969482422,174.5,178.89999389648438,170.8000030517578,164.6999969482422,179.60000610351562,166.89999389648438,43.80315399169922,1.0292667150497437,1.6178345680236816,1.7971335649490356,1.679428219795227,1.4658918380737305,5.662421703338623
167.1999969482422,145.3000030517578,118.0,155.1999969482422,172.0,177.10000610351562,172.5,168.39999389648438,165.5,174.60000610351562,179.39999389648438,171.6999969482422,165.1999969482422,179.60000610351562,167.6999969482422,43.8175163269043,1.0443302392959595,1.6284289360046387,1.7974379062652588,1.6858594417572021,1.4742717742919922,6.273868083953857
167.39999389648438,144.3000030517578,118.0,155.10000610351562,172.3000030517578,177.5,172.6999969482422,169.10000610351562,165.1999969482422,174.3000030517578,179.39999389648438,170.6999969482422,165.1999969482422,178.89999389648438,167.10000610351562,43.8136100769043,1.0409982204437256,1.6200016736984253,1.7960197925567627,1.682765245437622,1.4671841859817505,6.501873016357422
167.10000610351562,145.39999389648438,115.5,155.10000610351562,171.5,177.89999389648438,172.1999969482422,169.3000030517578,166.0,174.89999389648438,178.5,172.1999969482422,164.60000610351562,179.89999389648438,167.1999969482422,43.97697830200195,1.010136365890503,1.61122727394104,1.788069725036621,1.6732540130615234,1.456565499305725,6.406327724456787
168.0,146.3000030517578,113.19999694824219,155.0,170.89999389648438,177.60000610351562,171.60000610351562,171.1999969482422,166.0,175.10000610351562,178.3000030517578,171.5,165.0,179.3000030517578,167.5,44.7665901184082,1.0206938982009888,1.6113516092300415,1.7925150394439697,1.6756231784820557,1.4573434591293335,5.5535993576049805
168.5,146.8000030517578,113.0,156.3000030517578,170.8000030517578,177.5,172.6999969482422,169.8000030517578,166.60000610351562,174.1999969482422,179.1999969482422,171.5,164.8000030517578,180.0,165.89999389648438,44.19514083862305,1.0196574926376343,1.612632393836975,1.79502534866333,1.6875851154327393,1.46551513671875,5.646414756774902
168.0,147.0,113.0999984741211,155.5,170.89999389648438,178.10000610351562,171.89999389648438,170.3000030517578,166.60000610351562,174.89999389648438,178.60000610351562,172.5,164.3000030517578,179.1999969482422,166.60000610351562,44.417938232421875,1.027524709701538,1.6132456064224243,1.7976973056793213,1.687294602394104,1.4658900499343872,5.681042671203613
167.3000030517578,147.3000030517578,114.19999694824219,155.8000030517578,170.0,179.60000610351562,172.0,170.1999969482422,165.89999389648438,174.89999389648438,178.3000030517578,172.60000610351562,165.8000030517578,179.39999389648438,167.3000030517578,43.87107849121094,1.026938557624817,1.6208231449127197,1.7995463609695435,1.6858153343200684,1.4655513763427734,5.526934623718262
167.8000030517578,147.1999969482422,112.0,155.6999969482422,171.6999969482422,178.0,172.1999969482422,170.5,166.5,175.39999389648438,177.89999389648438,171.6999969482422,164.89999389648438,179.89999389648438,167.10000610351562,44.05904769897461,1.0178927183151245,1.6170382499694824,1.7976090908050537,1.6801661252975464,1.4654563665390015,5.598372459411621
167.3000030517578,145.39999389648438,114.69999694824219,155.60000610351562,169.8000030517578,178.60000610351562,171.8000030517578,169.89999389648438,166.6999969482422,175.60000610351562,177.8000030517578,173.1999969482422,165.60000610351562,179.60000610351562,167.60000610351562,43.6183967590332,1.0321413278579712,1.619446039199829,1.787644863128662,1.67299222946167,1.454748511314392,6.143763542175293
167.5,147.5,111.80000305175781,156.8000030517578,170.8000030517578,178.60000610351562,172.8000030517578,170.89999389648438,167.39999389648438,174.39999389648438,177.8000030517578,172.1999969482422,164.10000610351562,179.89999389648438,168.60000610351562,42.859230041503906,1.0238444805145264,1.6142337322235107,1.7978990077972412,1.683824062347412,1.4648213386535645,5.288792133331299
168.6999969482422,146.8000030517578,112.5999984741211,156.6999969482422,170.8000030517578,178.89999389648438,172.6999969482422,170.89999389648438,167.39999389648438,174.1999969482422,177.6999969482422,171.89999389648438,164.0,179.8000030517578,167.1999969482422,43.81911087036133,1.021418809890747,1.6147665977478027,1.788133144378662,1.6692230701446533,1.4518619775772095,5.3584303855896
169.1999969482422,148.1999969482422,115.19999694824219,156.6999969482422,170.3000030517578,175.60000610351562,172.0,171.89999389648438,166.89999389648438,174.5,177.6999969482422,171.39999389648438,165.0,179.8000030517578,166.1999969482422,43.85152816772461,1.0402559041976929,1.6026719808578491,1.774052619934082,1.6421856880187988,1.4318182468414307,5.416370391845703
168.39999389648438,149.6999969482422,116.80000305175781,156.1999969482422,171.60000610351562,176.6999969482422,172.5,172.10000610351562,167.39999389648438,174.0,177.1999969482422,173.89999389648438,165.0,179.6999969482422,167.60000610351562,43.65272903442383,1.0547106266021729,1.612183690071106,1.7738765478134155,1.6486942768096924,1.438987135887146,6.646373271942139
168.0,147.89999389648438,116.19999694824219,155.3000030517578,171.89999389648438,176.3000030517578,171.5,171.5,166.5,174.60000610351562,178.8000030517578,171.39999389648438,167.1999969482422,178.60000610351562,168.5,44.225101470947266,1.0674285888671875,1.6117650270462036,1.7892192602157593,1.6685283184051514,1.4587538242340088,6.22346830368042
169.0,147.60000610351562,118.30000305175781,156.0,171.3000030517578,176.6999969482422,171.89999389648438,171.1999969482422,166.8000030517578,174.1999969482422,179.6999969482422,171.60000610351562,167.1999969482422,178.5,168.1999969482422,44.298072814941406,1.0720515251159668,1.62368905544281,1.7930247783660889,1.6654469966888428,1.457427978515625,7.010690689086914
168.8000030517578,148.8000030517578,123.0,157.39999389648438,169.89999389648438,177.89999389648438,172.60000610351562,172.0,166.89999389648438,173.5,179.3000030517578,170.10000610351562,166.8000030517578,178.1999969482422,170.1999969482422,42.54661178588867,1.0889174938201904,1.6313825845718384,1.7912065982818604,1.6612217426300049,1.4575023651123047,7.82820463180542
170.0,147.60000610351562,122.9000015258789,156.6999969482422,170.8000030517578,175.39999389648438,173.10000610351562,170.60000610351562,169.3000030517578,172.8000030517578,178.6999969482422,171.10000610351562,164.89999389648438,179.89999389648438,168.60000610351562,44.4459228515625,1.1007965803146362,1.6395981311798096,1.8035359382629395,1.6785234212875366,1.4754440784454346,6.940655708312988
169.8000030517578,145.6999969482422,121.5999984741211,156.3000030517578,171.0,175.8000030517578,172.3000030517578,171.39999389648438,168.39999389648438,173.60000610351562,179.60000610351562,170.6999969482422,165.5,179.0,168.39999389648438,44.63950729370117,1.081333875656128,1.6305150985717773,1.795508623123169,1.672586441040039,1.4672352075576782,7.213565349578857
169.5,146.89999389648438,119.30000305175781,156.39999389648438,171.60000610351562,175.39999389648438,173.0,171.0,168.10000610351562,172.89999389648438,179.8000030517578,172.0,165.6999969482422,178.5,169.0,44.788002014160156,1.0692999362945557,1.624673843383789,1.7986971139907837,1.6772394180297852,1.4638948440551758,7.142157077789307
169.1999969482422,146.8000030517578,119.5999984741211,157.0,171.1999969482422,175.89999389648438,173.3000030517578,170.60000610351562,168.0,172.89999389648438,179.60000610351562,170.60000610351562,164.8000030517578,179.8000030517578,166.6999969482422,43.367576599121094,1.0511021614074707,1.619391679763794,1.7820779085159302,1.6616190671920776,1.4572291374206543,7.039638996124268
169.5,147.8000030517578,118.5999984741211,156.6999969482422,171.89999389648438,175.39999389648438,173.5,169.8000030517578,166.8000030517578,172.8000030517578,180.0,171.3000030517578,166.0,179.0,165.6999969482422,43.99298095703125,1.0442620515823364,1.6069785356521606,1.7792521715164185,1.6602801084518433,1.4410887956619263,7.722670555114746
169.60000610351562,147.0,121.69999694824219,156.89999389648438,169.89999389648438,178.10000610351562,173.5,169.39999389648438,167.3000030517578,172.39999389648438,179.1999969482422,171.60000610351562,164.39999389648438,179.60000610351562,167.1999969482422,43.296112060546875,1.091015338897705,1.6282371282577515,1.786615014076233,1.663624882698059,1.4610309600830078,7.076838493347168
169.8000030517578,146.3000030517578,120.69999694824219,155.8000030517578,171.3000030517578,175.8000030517578,172.39999389648438,169.39999389648438,167.39999389648438,173.10000610351562,178.1999969482422,169.60000610351562,166.10000610351562,179.60000610351562,167.3000030517578,44.64226531982422,1.109840750694275,1.6308224201202393,1.8001134395599365,1.6703391075134277,1.4656786918640137,7.5073347091674805
169.5,147.6999969482422,121.5,157.3000030517578,171.60000610351562,174.1999969482422,172.60000610351562,170.60000610351562,167.5,174.1999969482422,179.3000030517578,169.8000030517578,168.1999969482422,179.6999969482422,168.3000030517578,42.68614959716797,1.1097970008850098,1.633537769317627,1.792402744293213,1.6515618562698364,1.4594967365264893,8.146666526794434
169.8000030517578,147.5,122.0,156.89999389648438,170.5,175.39999389648438,171.5,171.60000610351562,169.6999969482422,176.39999389648438,179.0,174.0,168.89999389648438,179.8000030517578,171.10000610351562,42.84214401245117,1.1212592124938965,1.639882206916809,1.7946250438690186,1.6573915481567383,1.4659678936004639,7.925849914550781
170.10000610351562,148.6999969482422,122.4000015258789,156.89999389648438,171.60000610351562,173.8000030517578,172.3000030517578,171.10000610351562,168.5,175.39999389648438,179.0,172.89999389648438,168.3000030517578,179.8000030517578,169.1999969482422,42.89352035522461,1.119107961654663,1.6283390522003174,1.7900395393371582,1.6572314500808716,1.4616888761520386,7.2188920974731445
169.1999969482422,147.8000030517578,123.69999694824219,157.6999969482422,170.6999969482422,175.6999969482422,172.6999969482422,172.1999969482422,169.0,174.89999389648438,178.1999969482422,172.6999969482422,168.3000030517578,178.8000030517578,170.3000030517578,41.96711730957031,1.1206711530685425,1.634771466255188,1.7947558164596558,1.6612893342971802,1.4608865976333618,7.044503688812256
169.8000030517578,147.60000610351562,121.69999694824219,156.89999389648438,172.0,177.8000030517578,172.89999389648438,171.10000610351562,167.3000030517578,174.3000030517578,179.8000030517578,170.39999389648438,167.5,178.1999969482422,168.6999969482422,43.121700286865234,1.1000882387161255,1.6222224235534668,1.7874115705490112,1.6620739698410034,1.4478402137756348,6.854694843292236
168.39999389648438,149.0,124.9000015258789,156.6999969482422,170.1999969482422,177.39999389648438,172.5,170.60000610351562,167.5,173.39999389648438,179.3000030517578,171.8000030517578,165.3000030517578,179.8000030517578,168.3000030517578,42.587791442871094,1.0952458381652832,1.6244996786117554,1.775543212890625,1.6499176025390625,1.4494836330413818,7.253273963928223
167.89999389648438,147.10000610351562,125.0999984741211,156.6999969482422,170.89999389648438,177.39999389648438,173.1999969482422,169.60000610351562,167.3000030517578,172.60000610351562,179.1999969482422,171.60000610351562,164.60000610351562,179.8000030517578,169.8000030517578,42.331363677978516,1.083164095878601,1.6197974681854248,1.7840181589126587,1.6609673500061035,1.4570591449737549,8.025225639343262
168.60000610351562,149.1999969482422,123.19999694824219,156.3000030517578,171.0,175.60000610351562,173.0,168.8000030517578,168.39999389648438,173.0,178.5,171.89999389648438,164.8000030517578,179.5,168.6999969482422,43.036399841308594,1.0962436199188232,1.6216577291488647,1.7932407855987549,1.6768349409103394,1.4630248546600342,6.838252067565918
168.89999389648438,148.89999389648438,122.69999694824219,154.39999389648438,170.1999969482422,178.0,171.89999389648438,169.3000030517578,168.60000610351562,174.10000610351562,179.39999389648438,173.0,165.6999969482422,179.39999389648438,167.39999389648438,45.13875198364258,1.1133253574371338,1.6272122859954834,1.7943435907363892,1.682187557220459,1.4662749767303467,6.607065677642822
169.10000610351562,148.39999389648438,123.80000305175781,156.10000610351562,170.1999969482422,176.6999969482422,173.1999969482422,169.39999389648438,168.6999969482422,172.6999969482422,179.0,172.3000030517578,164.8000030517578,179.60000610351562,167.0,44.1376838684082,1.1044611930847168,1.626201868057251,1.7944951057434082,1.6808124780654907,1.4648067951202393,6.331427097320557
170.6999969482422,148.39999389648438,119.4000015258789,155.10000610351562,169.10000610351562,176.89999389648438,172.0,168.89999389648438,167.8000030517578,173.0,177.5,170.89999389648438,166.5,178.1999969482422,166.1999969482422,46.462825775146484,1.1283637285232544,1.6312674283981323,1.812759518623352,1.697503924369812,1.4747388362884521,6.601839542388916
170.6999969482422,148.89999389648438,119.0,155.89999389648438,168.3000030517578,176.6999969482422,171.8000030517578,170.10000610351562,169.39999389648438,173.10000610351562,178.60000610351562,171.10000610351562,165.60000610351562,179.6999969482422,166.1999969482422,45.63639831542969,1.1296273469924927,1.6464961767196655,1.8082233667373657,1.6842246055603027,1.4684184789657593,5.583122253417969
171.1999969482422,146.89999389648438,117.9000015258789,156.10000610351562,169.5,176.5,172.89999389648438,170.0,170.0,172.89999389648438,179.60000610351562,171.5,164.8000030517578,179.60000610351562,163.5,45.868003845214844,1.094785213470459,1.6486701965332031,1.8060623407363892,1.6808749437332153,1.466605305671692,5.646324634552002
170.3000030517578,147.89999389648438,118.5999984741211,155.6999969482422,169.1999969482422,177.5,172.3000030517578,169.89999389648438,169.0,174.10000610351562,178.8000030517578,172.5,165.89999389648438,179.0,163.10000610351562,45.60795211791992,1.0858674049377441,1.6446208953857422,1.804856538772583,1.6767863035202026,1.455917477607727,4.892302513122559
170.10000610351562,148.6999969482422,118.69999694824219,154.8000030517578,170.6999969482422,176.5,171.3000030517578,170.3000030517578,168.39999389648438,174.6999969482422,179.10000610351562,171.6999969482422,167.1999969482422,178.60000610351562,163.3000030517578,46.10614013671875,1.099534511566162,1.6541613340377808,1.803063154220581,1.665417194366455,1.4485448598861694,4.735134124755859
170.89999389648438,148.3000030517578,119.0999984741211,155.1999969482422,169.10000610351562,177.89999389648438,172.1999969482422,169.0,168.60000610351562,173.89999389648438,179.6999969482422,172.0,166.5,178.8000030517578,164.10000610351562,46.593284606933594,1.1249618530273438,1.666174292564392,1.8279650211334229,1.6964274644851685,1.479518175125122,5.428195476531982
170.5,147.89999389648438,116.80000305175781,154.6999969482422,169.1999969482422,176.6999969482422,171.5,167.10000610351562,167.89999389648438,174.39999389648438,178.60000610351562,172.1999969482422,167.60000610351562,178.5,164.60000610351562,46.85856628417969,1.0893393754959106,1.6556191444396973,1.82147216796875,1.699221134185791,1.4702476263046265,5.5001912117004395
170.60000610351562,146.39999389648438,118.0,154.8000030517578,169.60000610351562,178.39999389648438,171.60000610351562,168.0,167.10000610351562,175.0,179.8000030517578,170.89999389648438,167.10000610351562,179.89999389648438,162.3000030517578,47.18942642211914,1.0929590463638306,1.6669713258743286,1.8380497694015503,1.7151811122894287,1.4892995357513428,5.020431995391846
169.89999389648438,148.60000610351562,118.4000015258789,154.6999969482422,168.39999389648438,178.8000030517578,171.3000030517578,166.5,167.3000030517578,174.3000030517578,178.6999969482422,175.39999389648438,167.10000610351562,179.6999969482422,166.10000610351562,46.30653381347656,1.111332654953003,1.6629149913787842,1.8334676027297974,1.7134573459625244,1.4878027439117432,5.681179523468018
169.3000030517578,147.89999389648438,119.80000305175781,154.6999969482422,168.8000030517578,179.3000030517578,171.8000030517578,166.5,167.10000610351562,175.10000610351562,179.3000030517578,173.10000610351562,168.3000030517578,178.89999389648438,164.3000030517578,46.25846862792969,1.1017496585845947,1.6679167747497559,1.836472511291504,1.7121121883392334,1.4876917600631714,5.273624420166016
169.6999969482422,147.6999969482422,115.80000305175781,155.0,169.0,178.89999389648438,171.6999969482422,165.8000030517578,165.60000610351562,174.60000610351562,177.39999389648438,171.39999389648438,168.5,178.89999389648438,163.39999389648438,46.648902893066406,1.087424874305725,1.6774697303771973,1.8487623929977417,1.7282198667526245,1.4959239959716797,5.167471408843994
170.60000610351562,146.6999969482422,118.9000015258789,154.60000610351562,169.1999969482422,179.0,171.89999389648438,165.89999389648438,165.6999969482422,175.1999969482422,178.8000030517578,172.6999969482422,168.6999969482422,178.1999969482422,163.39999389648438,47.45537185668945,1.1040676832199097,1.6773104667663574,1.8440929651260376,1.7230907678604126,1.5008060932159424,5.649697303771973
170.3000030517578,146.1999969482422,117.80000305175781,153.39999389648438,168.89999389648438,178.3000030517578,170.6999969482422,166.0,165.3000030517578,175.60000610351562,178.1999969482422,173.1999969482422,169.8000030517578,176.8000030517578,166.60000610351562,48.145172119140625,1.1041799783706665,1.6669692993164062,1.8359978199005127,1.7234885692596436,1.4926929473876953,6.197731971740723
170.10000610351562,147.0,116.5999984741211,154.60000610351562,167.60000610351562,178.6999969482422,171.0,165.60000610351562,166.1999969482422,175.10000610351562,176.60000610351562,171.6999969482422,168.39999389648438,178.89999389648438,165.3000030517578,47.53528594970703,1.0914791822433472,1.6711454391479492,1.8482383489608765,1.7289258241653442,1.4977656602859497,5.1816816329956055
169.89999389648438,146.0,118.69999694824219,153.5,169.1999969482422,178.89999389648438,170.60000610351562,166.10000610351562,164.8000030517578,175.8000030517578,178.60000610351562,172.8000030517578,170.10000610351562,176.89999389648438,164.89999389648438,48.06150436401367,1.1093765497207642,1.6759464740753174,1.8437471389770508,1.7283694744110107,1.4970924854278564,5.801033020019531
170.1999969482422,146.39999389648438,116.4000015258789,153.5,169.10000610351562,179.89999389648438,170.8000030517578,166.60000610351562,165.6999969482422,175.39999389648438,177.6999969482422,172.3000030517578,169.3000030517578,177.39999389648438,165.39999389648438,48.03932189941406,1.093001127243042,1.6735012531280518,1.8386141061782837,1.72437584400177,1.4946562051773071,5.802219867706299
169.8000030517578,147.1999969482422,117.5,154.0,169.10000610351562,178.1999969482422,171.10000610351562,166.3000030517578,165.89999389648438,175.39999389648438,177.89999389648438,171.1999969482422,168.8000030517578,177.89999389648438,165.3000030517578,47.35622024536133,1.095871925354004,1.666976809501648,1.8343149423599243,1.7201735973358154,1.4899792671203613,5.404332160949707
169.8000030517578,146.60000610351562,117.0,153.8000030517578,168.89999389648438,179.5,170.89999389648438,165.89999389648438,165.3000030517578,175.1999969482422,177.5,172.3000030517578,169.0,178.0,165.5,47.443336486816406,1.0916240215301514,1.672309160232544,1.840977430343628,1.7220696210861206,1.4930695295333862,5.4445624351501465
169.3000030517578,146.8000030517578,118.69999694824219,154.0,168.89999389648438,178.3000030517578,171.0,165.8000030517578,165.1999969482422,174.89999389648438,178.0,172.5,168.6999969482422,177.39999389648438,164.89999389648438,47.0107307434082,1.1034609079360962,1.6631290912628174,1.831416368484497,1.7172333002090454,1.4866324663162231,5.49918794631958
169.60000610351562,147.1999969482422,117.9000015258789,154.3000030517578,169.60000610351562,179.1999969482422,171.1999969482422,166.1999969482422,165.10000610351562,174.89999389648438,177.89999389648438,172.10000610351562,169.39999389648438,177.8000030517578,164.8000030517578,47.09339904785156,1.0934314727783203,1.6700397729873657,1.8429301977157593,1.728748083114624,1.4984638690948486,5.834769248962402
169.8000030517578,147.1999969482422,117.19999694824219,154.8000030517578,168.3000030517578,179.6999969482422,171.1999969482422,165.60000610351562,164.8000030517578,175.1999969482422,178.60000610351562,172.5,169.1999969482422,177.8000030517578,164.10000610351562,47.124759674072266,1.0949374437332153,1.6655226945877075,1.8412483930587769,1.7224700450897217,1.4863176345825195,5.590246677398682
170.6999969482422,147.10000610351562,116.30000305175781,153.60000610351562,168.6999969482422,178.1999969482422,170.60000610351562,165.8000030517578,166.0,175.6999969482422,177.8000030517578,172.1999969482422,168.3000030517578,178.5,165.39999389648438,48.366798400878906,1.1010535955429077,1.665832281112671,1.834716558456421,1.7225204706192017,1.4911750555038452,5.228005886077881
170.10000610351562,146.3000030517578,117.19999694824219,154.8000030517578,166.89999389648438,179.0,170.6999969482422,165.89999389648438,164.8000030517578,175.5,178.3000030517578,172.39999389648438,169.3000030517578,177.1999969482422,166.3000030517578,46.7584114074707,1.092176914215088,1.6627776622772217,1.8384548425674438,1.7205537557601929,1.4882937669754028,5.85288143157959
169.1999969482422,145.8000030517578,119.5,154.60000610351562,167.5,178.8000030517578,171.0,166.3000030517578,166.60000610351562,175.1999969482422,178.3000030517578,173.1999969482422,168.60000610351562,177.8000030517578,166.5,46.44457244873047,1.1053427457809448,1.6652904748916626,1.841552495956421,1.7254709005355835,1.4972279071807861,5.308345794677734
169.3000030517578,146.1999969482422,119.5,155.0,168.0,179.5,171.60000610351562,165.89999389648438,166.10000610351562,174.89999389648438,177.6999969482422,172.60000610351562,167.89999389648438,179.3000030517578,166.10000610351562,46.06596755981445,1.0921831130981445,1.6639763116836548,1.8432307243347168,1.7204269170761108,1.494140625,5.344077110290527
168.8000030517578,145.10000610351562,120.80000305175781,154.89999389648438,167.1999969482422,178.6999969482422,171.0,166.6999969482422,165.6999969482422,176.0,178.6999969482422,173.5,168.5,178.6999969482422,164.5,45.56321716308594,1.115647792816162,1.6641136407852173,1.8317140340805054,1.7178174257278442,1.4924992322921753,5.821907043457031
169.3000030517578,146.0,120.5999984741211,155.39999389648438,169.89999389648438,179.6999969482422,172.3000030517578,167.60000610351562,165.60000610351562,173.39999389648438,179.0,171.1999969482422,165.1999969482422,178.89999389648438,161.10000610351562,45.79543685913086,1.1015695333480835,1.664125680923462,1.839430570602417,1.7306196689605713,1.4939634799957275,5.104541778564453
168.39999389648438,147.5,122.0,156.0,168.39999389648438,179.10000610351562,172.5,168.0,167.3000030517578,174.5,179.10000610351562,174.39999389648438,166.5,179.1999969482422,165.5,44.22480010986328,1.1081829071044922,1.6701550483703613,1.8445247411727905,1.7304461002349854,1.5008283853530884,5.187490463256836
168.60000610351562,148.1999969482422,118.80000305175781,156.39999389648438,170.3000030517578,179.8000030517578,172.89999389648438,168.60000610351562,166.6999969482422,173.1999969482422,179.1999969482422,172.39999389648438,166.3000030517578,178.8000030517578,166.39999389648438,44.40169143676758,1.0801042318344116,1.67621648311615,1.850324034690857,1.7374972105026245,1.5016014575958252,6.229979991912842
168.10000610351562,147.8000030517578,119.5999984741211,155.10000610351562,171.1999969482422,179.0,172.5,168.0,167.39999389648438,173.6999969482422,178.39999389648438,172.10000610351562,165.1999969482422,179.10000610351562,166.39999389648438,45.04405975341797,1.087081789970398,1.6710002422332764,1.83082914352417,1.7182128429412842,1.4935580492019653,5.388248443603516
168.39999389648438,148.6999969482422,123.4000015258789,156.8000030517578,171.1999969482422,179.3000030517578,173.6999969482422,167.89999389648438,165.60000610351562,173.10000610351562,179.60000610351562,171.60000610351562,165.1999969482422,179.8000030517578,168.6999969482422,43.407840728759766,1.1163767576217651,1.6744909286499023,1.83645498752594,1.7350096702575684,1.5039869546890259,7.099010944366455
168.5,150.39999389648438,124.19999694824219,158.3000030517578,172.60000610351562,180.0,175.0,168.89999389648438,165.10000610351562,172.8000030517578,179.1999969482422,171.5,164.5,178.6999969482422,170.89999389648438,42.15563201904297,1.1233413219451904,1.6731535196304321,1.842444658279419,1.7303282022476196,1.5048176050186157,7.579322814941406
170.60000610351562,150.8000030517578,121.80000305175781,157.89999389648438,174.0,177.8000030517578,175.5,168.8000030517578,166.1999969482422,172.5,179.10000610351562,171.39999389648438,166.1999969482422,178.8000030517578,170.3000030517578,43.523536682128906,1.1295653581619263,1.6678237915039062,1.8484376668930054,1.736279010772705,1.5071618556976318,7.369234085083008
168.89999389648438,152.3000030517578,125.9000015258789,161.5,175.10000610351562,179.5,178.3000030517578,170.6999969482422,166.3000030517578,171.8000030517578,179.0,173.0,166.39999389648438,177.10000610351562,173.8000030517578,38.91413879394531,1.069335699081421,1.6606817245483398,1.8344420194625854,1.728257179260254,1.5014033317565918,6.161746978759766
169.5,150.0,128.10000610351562,162.60000610351562,176.1999969482422,179.5,178.39999389648438,171.0,165.10000610351562,172.5,176.60000610351562,172.3000030517578,166.5,175.10000610351562,173.6999969482422,37.864200592041016,1.0353299379348755,1.647773265838623,1.8166545629501343,1.6992181539535522,1.4805058240890503,6.6755194664001465
168.60000610351562,149.10000610351562,128.1999969482422,162.89999389648438,177.6999969482422,178.6999969482422,179.1999969482422,171.10000610351562,163.60000610351562,171.5,177.5,169.89999389648438,166.10000610351562,175.10000610351562,171.39999389648438,37.42960739135742,1.0216403007507324,1.6433185338974,1.8124299049377441,1.7042325735092163,1.4807829856872559,7.547666549682617
169.1999969482422,149.3000030517578,127.4000015258789,163.8000030517578,177.10000610351562,178.6999969482422,179.8000030517578,169.60000610351562,163.6999969482422,171.3000030517578,176.60000610351562,171.1999969482422,165.5,174.6999969482422,171.3000030517578,36.718963623046875,1.0237199068069458,1.6471011638641357,1.822186827659607,1.7044405937194824,1.479874610900879,6.980241775512695
170.3000030517578,147.60000610351562,128.1999969482422,162.8000030517578,178.1999969482422,178.89999389648438,179.89999389648438,170.39999389648438,164.39999389648438,170.60000610351562,175.89999389648438,170.89999389648438,163.89999389648438,175.5,170.6999969482422,39.02778625488281,1.0294837951660156,1.6573835611343384,1.8281430006027222,1.7153538465499878,1.4942525625228882,8.38346004486084
170.0,147.6999969482422,130.39999389648438,163.10000610351562,178.5,176.60000610351562,179.6999969482422,173.10000610351562,167.0,168.89999389648438,175.5,171.1999969482422,162.39999389648438,177.0,168.3000030517578,38.87459182739258,1.0435411930084229,1.648037314414978,1.8269453048706055,1.7077183723449707,1.495019793510437,7.96644401550293
169.60000610351562,147.89999389648438,130.0,163.5,178.39999389648438,177.8000030517578,179.1999969482422,171.39999389648438,164.6999969482422,168.8000030517578,176.0,171.8000030517578,162.10000610351562,176.8000030517578,168.39999389648438,38.36786651611328,1.0245333909988403,1.6519486904144287,1.8293430805206299,1.7160543203353882,1.49623441696167,7.876406669616699
171.39999389648438,148.89999389648438,131.60000610351562,163.0,178.6999969482422,174.8000030517578,179.5,170.1999969482422,165.8000030517578,169.39999389648438,176.60000610351562,173.60000610351562,163.3000030517578,175.89999389648438,171.10000610351562,39.94124984741211,1.0259169340133667,1.6386598348617554,1.821420669555664,1.7054648399353027,1.4912488460540771,6.891913890838623
170.6999969482422,148.60000610351562,132.3000030517578,162.89999389648438,178.6999969482422,175.60000610351562,179.5,170.3000030517578,166.0,169.89999389648438,176.3000030517578,173.10000610351562,164.10000610351562,175.1999969482422,170.0,39.288055419921875,1.0365036725997925,1.6515849828720093,1.8357470035552979,1.7259905338287354,1.4998745918273926,6.441493511199951
171.89999389648438,147.60000610351562,126.4000015258789,163.5,177.3000030517578,175.6999969482422,179.60000610351562,170.10000610351562,165.89999389648438,170.10000610351562,175.5,174.39999389648438,164.39999389648438,175.39999389648438,170.5,39.85438919067383,1.0061365365982056,1.6457372903823853,1.8255809545516968,1.7128666639328003,1.492483377456665,6.945888042449951
171.60000610351562,145.6999969482422,121.80000305175781,161.1999969482422,176.5,176.39999389648438,178.8000030517578,169.89999389648438,164.5,171.1999969482422,176.1999969482422,172.6999969482422,164.60000610351562,176.39999389648438,169.8000030517578,41.7047119140625,1.0119524002075195,1.6376906633377075,1.8331512212753296,1.715069055557251,1.499671459197998,6.310084819793701
169.8000030517578,145.3000030517578,127.4000015258789,160.89999389648438,175.8000030517578,179.89999389648438,178.1999969482422,172.10000610351562,165.5,171.5,174.1999969482422,173.10000610351562,165.39999389648438,176.39999389648438,166.10000610351562,41.32374572753906,0.99431312084198,1.6540756225585938,1.8317807912826538,1.708763599395752,1.5076111555099487,6.36079216003418
169.3000030517578,145.0,126.69999694824219,159.6999969482422,177.8000030517578,178.5,179.0,170.89999389648438,163.10000610351562,170.8000030517578,174.10000610351562,175.0,165.10000610351562,176.1999969482422,170.1999969482422,41.6276741027832,0.9971330761909485,1.633683204650879,1.8113796710968018,1.6863915920257568,1.4901516437530518,6.406426429748535
169.0,146.3000030517578,125.80000305175781,159.5,178.39999389648438,177.89999389648438,178.39999389648438,170.6999969482422,162.1999969482422,171.39999389648438,174.0,174.6999969482422,164.5,177.39999389648438,169.0,41.56007766723633,0.9932050704956055,1.6203399896621704,1.7924431562423706,1.671431541442871,1.4753590822219849,5.631382465362549
169.6999969482422,146.39999389648438,116.9000015258789,159.1999969482422,175.89999389648438,178.10000610351562,177.39999389648438,171.3000030517578,165.1999969482422,170.0,177.10000610351562,172.1999969482422,161.5,179.3000030517578,166.0,43.36391830444336,1.0252020359039307,1.6332836151123047,1.8283510208129883,1.7036291360855103,1.4975638389587402,6.468384265899658
169.1999969482422,148.39999389648438,114.5,157.0,178.60000610351562,176.39999389648438,176.1999969482422,170.5,164.3000030517578,171.8000030517578,178.10000610351562,171.60000610351562,163.39999389648438,178.5,170.60000610351562,43.838340759277344,1.0378375053405762,1.63788902759552,1.8263282775878906,1.714571475982666,1.4973938465118408,7.541440010070801
168.60000610351562,148.1999969482422,117.5,156.3000030517578,176.0,176.10000610351562,175.0,168.89999389648438,164.8000030517578,173.8000030517578,176.3000030517578,172.8000030517578,163.39999389648438,179.10000610351562,168.8000030517578,43.67249298095703,1.028305172920227,1.6166571378707886,1.802770972251892,1.6909608840942383,1.4751816987991333,5.346896171569824
166.10000610351562,148.0,120.4000015258789,156.3000030517578,172.10000610351562,176.6999969482422,174.5,167.3000030517578,168.39999389648438,172.8000030517578,177.5,174.89999389648438,163.60000610351562,179.3000030517578,166.1999969482422,41.8931999206543,1.0514905452728271,1.6308379173278809,1.7991613149642944,1.6912317276000977,1.476112723350525,5.3539533615112305
166.39999389648438,150.0,122.5999984741211,156.1999969482422,170.3000030517578,176.1999969482422,173.6999969482422,166.5,167.5,173.1999969482422,179.60000610351562,172.3000030517578,163.10000610351562,179.39999389648438,164.39999389648438,42.33625030517578,1.0699684619903564,1.6360937356948853,1.8031045198440552,1.6856285333633423,1.4607652425765991,4.577889919281006
169.39999389648438,148.5,122.4000015258789,155.5,167.60000610351562,179.1999969482422,171.89999389648438,167.5,169.1999969482422,173.39999389648438,179.6999969482422,173.3000030517578,164.10000610351562,177.89999389648438,161.89999389648438,45.38196563720703,1.1077545881271362,1.6609472036361694,1.8277174234390259,1.7148330211639404,1.4889429807662964,4.330961227416992
171.89999389648438,149.5,118.5,153.8000030517578,168.5,177.5,169.39999389648438,169.0,169.1999969482422,175.39999389648438,177.60000610351562,172.3000030517578,168.5,178.89999389648438,162.3000030517578,49.56361770629883,1.1216596364974976,1.6799685955047607,1.8480416536331177,1.7287958860397339,1.5015264749526978,4.709615230560303
168.89999389648438,145.6999969482422,113.69999694824219,151.60000610351562,170.39999389648438,178.1999969482422,168.3000030517578,170.1999969482422,167.1999969482422,176.1999969482422,178.60000610351562,171.6999969482422,165.8000030517578,178.3000030517578,165.89999389648438,48.66392517089844,1.0698493719100952,1.6720914840698242,1.8266719579696655,1.7111185789108276,1.4812188148498535,1.949802279472351
171.39999389648438,146.1999969482422,120.69999694824219,151.8000030517578,169.6999969482422,173.3000030517578,170.3000030517578,164.39999389648438,168.39999389648438,178.6999969482422,176.6999969482422,178.10000610351562,168.0,176.39999389648438,167.39999389648438,50.240047454833984,1.1030733585357666,1.678155541419983,1.8321821689605713,1.72951078414917,1.5049402713775635,1.749953269958496
167.89999389648438,142.89999389648438,124.0,151.6999969482422,167.10000610351562,176.3000030517578,167.5,166.10000610351562,168.10000610351562,179.6999969482422,177.89999389648438,179.8000030517578,167.10000610351562,177.8000030517578,165.5,46.93621826171875,1.0649402141571045,1.6676945686340332,1.8164722919464111,1.7001107931137085,1.4768385887145996,1.0477008819580078
164.3000030517578,142.3000030517578,128.5,149.60000610351562,172.60000610351562,174.5,168.39999389648438,166.8000030517578,170.8000030517578,179.8000030517578,177.3000030517578,178.89999389648438,165.89999389648438,177.8000030517578,166.39999389648438,46.772315979003906,1.0455302000045776,1.6737120151519775,1.8036186695098877,1.671270728111267,1.4695651531219482,1.998181700706482
162.1999969482422,140.39999389648438,131.3000030517578,151.39999389648438,170.6999969482422,174.60000610351562,168.5,166.89999389648438,169.1999969482422,179.5,176.6999969482422,178.60000610351562,164.1999969482422,174.39999389648438,163.5,44.3532600402832,1.0438159704208374,1.6707391738891602,1.8178378343582153,1.6864103078842163,1.4706753492355347,3.2644944190979004
162.89999389648438,140.6999969482422,126.5,151.3000030517578,171.5,174.60000610351562,168.1999969482422,166.60000610351562,168.8000030517578,177.6999969482422,178.8000030517578,176.0,164.60000610351562,173.89999389648438,162.10000610351562,44.92340087890625,1.0368688106536865,1.6789768934249878,1.81031334400177,1.6853634119033813,1.4767744541168213,2.2644903659820557
162.0,141.39999389648438,127.5999984741211,152.60000610351562,171.10000610351562,175.8000030517578,169.3000030517578,167.1999969482422,169.5,178.6999969482422,177.8000030517578,179.10000610351562,165.3000030517578,174.3000030517578,159.89999389648438,43.46792221069336,1.031203269958496,1.6724488735198975,1.8115215301513672,1.6807678937911987,1.4689079523086548,2.0751662254333496
162.0,143.39999389648438,126.19999694824219,152.3000030517578,172.6999969482422,174.89999389648438,169.39999389648438,166.3000030517578,168.8000030517578,177.60000610351562,178.8000030517578,177.10000610351562,166.1999969482422,176.8000030517578,165.10000610351562,43.019622802734375,1.0159952640533447,1.6704814434051514,1.7960108518600464,1.6635656356811523,1.4615672826766968,0.2356051802635193
159.3000030517578,142.6999969482422,135.10000610351562,153.1999969482422,171.89999389648438,173.1999969482422,169.5,165.10000610351562,167.6999969482422,179.3000030517578,177.60000610351562,178.39999389648438,167.10000610351562,176.10000610351562,165.0,40.61764144897461,1.0593324899673462,1.6691938638687134,1.801437258720398,1.671143889427185,1.4680020809173584,1.48617684841156
156.3000030517578,140.0,136.8000030517578,153.10000610351562,172.8000030517578,172.5,170.0,167.5,169.3000030517578,177.60000610351562,178.39999389648438,179.0,165.6999969482422,173.6999969482422,163.0,40.101219177246094,1.0232146978378296,1.6869697570800781,1.8288898468017578,1.7025716304779053,1.4916820526123047,1.1803642511367798
156.3000030517578,138.39999389648438,137.5,153.3000030517578,172.39999389648438,174.8000030517578,168.0,169.5,170.6999969482422,179.39999389648438,177.89999389648438,176.8000030517578,167.89999389648438,176.39999389648438,166.6999969482422,39.43422317504883,1.0212348699569702,1.695368766784668,1.823705792427063,1.6889678239822388,1.4813458919525146,1.4301016330718994
156.6999969482422,140.6999969482422,134.89999389648438,152.6999969482422,172.39999389648438,173.89999389648438,169.60000610351562,168.8000030517578,172.5,178.39999389648438,179.3000030517578,179.0,168.5,176.60000610351562,166.0,39.66849899291992,1.0118657350540161,1.6821025609970093,1.8134984970092773,1.6759436130523682,1.4728947877883911,0.7791275382041931
155.1999969482422,142.10000610351562,139.0,153.60000610351562,172.39999389648438,174.0,169.3000030517578,167.89999389648438,171.10000610351562,177.89999389648438,179.39999389648438,178.3000030517578,165.6999969482422,173.1999969482422,165.1999969482422,38.068660736083984,1.039003849029541,1.6915136575698853,1.817652702331543,1.6875646114349365,1.4856557846069336,1.6297236680984497
156.1999969482422,139.39999389648438,136.5,154.1999969482422,170.0,175.89999389648438,169.1999969482422,168.5,170.10000610351562,178.10000610351562,179.8000030517578,179.60000610351562,166.89999389648438,174.5,163.60000610351562,38.47454833984375,1.0121901035308838,1.6916451454162598,1.8361116647720337,1.7032588720321655,1.4883496761322021,1.4616963863372803
156.89999389648438,140.8000030517578,134.89999389648438,155.1999969482422,170.10000610351562,176.10000610351562,169.5,169.3000030517578,172.0,179.0,177.6999969482422,177.0,166.60000610351562,175.39999389648438,164.39999389648438,37.4194221496582,1.0030163526535034,1.6898760795593262,1.8192907571792603,1.6806466579437256,1.4721404314041138,2.226145029067993
158.6999969482422,141.5,133.3000030517578,154.1999969482422,172.10000610351562,173.5,168.89999389648438,167.6999969482422,169.39999389648438,178.89999389648438,179.60000610351562,178.5,166.89999389648438,174.8000030517578,165.1999969482422,39.2916145324707,1.0091280937194824,1.6776221990585327,1.812143087387085,1.6817121505737305,1.479261040687561,1.6854671239852905
164.10000610351562,140.8000030517578,126.5999984741211,154.10000610351562,169.6999969482422,172.3000030517578,168.8000030517578,166.3000030517578,169.39999389648438,178.8000030517578,179.0,178.39999389648438,168.1999969482422,177.6999969482422,165.60000610351562,42.64545440673828,1.015259861946106,1.6532055139541626,1.8004287481307983,1.6757051944732666,1.4617998600006104,0.8784761428833008
165.89999389648438,140.89999389648438,127.5999984741211,152.10000610351562,170.5,174.3000030517578,167.3000030517578,166.89999389648438,168.1999969482422,179.39999389648438,178.60000610351562,177.3000030517578,167.60000610351562,179.10000610351562,167.6999969482422,45.201690673828125,1.059660792350769,1.6601344347000122,1.7955694198608398,1.672912359237671,1.461586833000183,2.564971923828125
166.39999389648438,143.8000030517578,121.5999984741211,152.0,173.6999969482422,175.1999969482422,169.39999389648438,168.0,165.6999969482422,177.0,179.1999969482422,174.0,167.8000030517578,177.6999969482422,167.0,45.75831985473633,1.0308715105056763,1.6562020778656006,1.8039551973342896,1.6928906440734863,1.4646929502487183,3.1705665588378906
156.39999389648438,142.1999969482422,131.8000030517578,152.89999389648438,172.6999969482422,175.3000030517578,171.39999389648438,165.3000030517578,164.1999969482422,177.60000610351562,176.39999389648438,179.8000030517578,165.89999389648438,177.39999389648438,169.5,34.89890670776367,0.998826265335083,1.603556513786316,1.773186445236206,1.6771267652511597,1.449973225593567,5.118618965148926
155.1999969482422,142.5,136.8000030517578,154.60000610351562,169.89999389648438,175.5,170.0,166.10000610351562,165.3000030517578,177.6999969482422,177.60000610351562,179.5,166.60000610351562,177.89999389648438,169.8000030517578,31.260677337646484,1.0449916124343872,1.6140245199203491,1.7965391874313354,1.6996872425079346,1.461667537689209,6.3477349281311035
155.10000610351562,141.39999389648438,138.1999969482422,155.1999969482422,173.8000030517578,174.3000030517578,170.5,168.0,164.8000030517578,177.60000610351562,175.1999969482422,178.8000030517578,163.6999969482422,179.6999969482422,167.10000610351562,30.271726608276367,1.0185405015945435,1.5969982147216797,1.7525092363357544,1.6320492029190063,1.4099023342132568,7.279399394989014
153.89999389648438,142.1999969482422,137.10000610351562,156.60000610351562,172.8000030517578,173.10000610351562,171.5,167.60000610351562,165.8000030517578,177.5,174.89999389648438,178.5,163.10000610351562,178.6999969482422,166.5,26.893217086791992,0.9966754913330078,1.5668727159500122,1.7294163703918457,1.6078176498413086,1.3874214887619019,7.023869037628174
155.0,141.5,135.8000030517578,155.8000030517578,173.0,172.0,170.89999389648438,167.1999969482422,165.0,176.6999969482422,177.0,176.60000610351562,162.10000610351562,178.10000610351562,167.10000610351562,28.667875289916992,0.9954292178153992,1.5711357593536377,1.7360979318618774,1.6084390878677368,1.3975039720535278,7.41549825668335
155.60000610351562,142.60000610351562,136.60000610351562,154.6999969482422,172.8000030517578,174.0,170.3000030517578,167.8000030517578,165.10000610351562,177.1999969482422,175.5,179.5,163.60000610351562,179.10000610351562,168.39999389648438,31.068920135498047,1.0184615850448608,1.572389006614685,1.7304364442825317,1.6131844520568848,1.3933342695236206,6.639678955078125
156.10000610351562,141.89999389648438,137.0,154.39999389648438,174.8000030517578,171.5,172.39999389648438,167.0,165.1999969482422,176.0,175.60000610351562,177.6999969482422,163.10000610351562,179.39999389648438,170.1999969482422,31.27568244934082,1.0025930404663086,1.5450972318649292,1.7199172973632812,1.5959727764129639,1.387487530708313,7.333349704742432
155.89999389648438,142.1999969482422,137.0,156.1999969482422,173.60000610351562,173.3000030517578,172.6999969482422,167.8000030517578,165.10000610351562,175.89999389648438,174.60000610351562,179.10000610351562,162.8000030517578,179.1999969482422,169.89999389648438,30.06189727783203,1.002528429031372,1.5515227317810059,1.7245900630950928,1.5955153703689575,1.380679726600647,6.508350849151611
157.0,142.0,133.60000610351562,155.5,174.6999969482422,172.39999389648438,172.8000030517578,167.8000030517578,165.10000610351562,176.8000030517578,174.39999389648438,178.60000610351562,163.5,179.60000610351562,170.89999389648438,30.84775161743164,0.9766146540641785,1.5225880146026611,1.6858798265457153,1.5614612102508545,1.3586963415145874,7.626803398132324
158.6999969482422,142.8000030517578,131.60000610351562,153.5,176.5,172.1999969482422,172.10000610351562,168.3000030517578,165.0,176.60000610351562,175.5,179.60000610351562,164.0,178.6999969482422,171.60000610351562,34.8672981262207,0.9899705648422241,1.5464377403259277,1.7015986442565918,1.5750880241394043,1.3703091144561768,5.985745429992676
158.5,143.60000610351562,130.8000030517578,154.39999389648438,176.3000030517578,172.8000030517578,172.8000030517578,168.8000030517578,165.3000030517578,176.39999389648438,175.8000030517578,178.3000030517578,165.1999969482422,178.39999389648438,171.60000610351562,33.976139068603516,0.9849212765693665,1.530903935432434,1.6914596557617188,1.567123532295227,1.3765640258789062,6.168988227844238
158.3000030517578,145.6999969482422,131.5,154.60000610351562,178.39999389648438,172.5,172.8000030517578,169.8000030517578,164.0,175.3000030517578,176.89999389648438,175.5,165.60000610351562,178.8000030517578,170.5,34.5034065246582,1.006070613861084,1.5597436428070068,1.7142606973648071,1.5985383987426758,1.4001003503799438,5.143109321594238
158.8000030517578,145.8000030517578,131.89999389648438,154.89999389648438,178.6999969482422,173.1999969482422,173.10000610351562,170.10000610351562,164.6999969482422,174.5,177.3000030517578,175.89999389648438,163.5,178.5,169.60000610351562,35.12004089355469,1.0118916034698486,1.5812922716140747,1.737308144569397,1.6042901277542114,1.4102510213851929,5.59213924407959
160.89999389648438,145.60000610351562,126.30000305175781,154.3000030517578,178.3000030517578,171.60000610351562,173.39999389648438,169.3000030517578,164.89999389648438,174.0,179.0,172.1999969482422,164.39999389648438,178.8000030517578,168.39999389648438,38.422393798828125,0.9961653351783752,1.5727908611297607,1.7300405502319336,1.612154483795166,1.4192250967025757,6.175339221954346
165.60000610351562,143.3000030517578,118.0,153.39999389648438,176.5,170.8000030517578,170.6999969482422,170.89999389648438,164.3000030517578,174.6999969482422,179.39999389648438,169.10000610351562,167.89999389648438,175.6999969482422,165.0,43.842750549316406,0.9971188902854919,1.5913606882095337,1.7675201892852783,1.6460411548614502,1.4405661821365356,6.490622520446777
167.8000030517578,144.89999389648438,114.0,153.10000610351562,175.39999389648438,174.60000610351562,170.60000610351562,171.5,167.0,174.39999389648438,179.8000030517578,175.60000610351562,168.10000610351562,175.3000030517578,168.6999969482422,46.17409896850586,1.0203903913497925,1.6247944831848145,1.810373067855835,1.6946429014205933,1.478514552116394,5.996055603027344
167.10000610351562,144.89999389648438,121.0999984741211,152.89999389648438,175.3000030517578,172.6999969482422,170.39999389648438,170.1999969482422,167.0,174.5,178.3000030517578,174.1999969482422,167.3000030517578,176.0,168.10000610351562,45.800296783447266,1.0826717615127563,1.6619091033935547,1.8312023878097534,1.7125892639160156,1.4919707775115967,5.504610538482666
165.5,145.89999389648438,118.9000015258789,153.60000610351562,172.89999389648438,176.0,170.89999389648438,170.10000610351562,168.1999969482422,175.10000610351562,179.60000610351562,175.3000030517578,165.1999969482422,178.8000030517578,169.39999389648438,43.595733642578125,1.0649675130844116,1.6467753648757935,1.8282521963119507,1.7256349325180054,1.4955145120620728,4.087459564208984
164.6999969482422,145.8000030517578,117.19999694824219,152.60000610351562,173.1999969482422,176.89999389648438,170.10000610351562,171.0,167.89999389648438,176.10000610351562,179.39999389648438,174.3000030517578,165.5,178.3000030517578,168.6999969482422,44.159889221191406,1.023908257484436,1.6311569213867188,1.8135379552841187,1.7100069522857666,1.4768834114074707,3.897092580795288
164.60000610351562,144.1999969482422,117.80000305175781,152.10000610351562,172.39999389648438,175.0,168.6999969482422,169.8000030517578,165.89999389648438,176.3000030517578,179.89999389648438,175.89999389648438,167.6999969482422,179.0,168.3000030517578,44.714691162109375,1.0430701971054077,1.624606728553772,1.7989171743392944,1.7055737972259521,1.477569818496704,5.7722392082214355
165.1999969482422,145.0,119.0,152.5,172.10000610351562,173.1999969482422,169.60000610351562,168.60000610351562,165.6999969482422,175.89999389648438,179.3000030517578,176.1999969482422,168.0,177.5,170.10000610351562,44.51482009887695,1.0418713092803955,1.6191340684890747,1.7868469953536987,1.6855524778366089,1.4604829549789429,6.312851428985596
166.8000030517578,143.3000030517578,120.5999984741211,151.60000610351562,175.39999389648438,172.39999389648438,169.8000030517578,172.0,167.6999969482422,175.8000030517578,179.1999969482422,174.39999389648438,168.5,175.5,167.60000610351562,45.93561935424805,1.021032452583313,1.6077464818954468,1.7719274759292603,1.6593743562698364,1.450829029083252,6.745438575744629
164.8000030517578,144.89999389648438,116.9000015258789,152.6999969482422,176.39999389648438,173.0,170.1999969482422,172.6999969482422,164.60000610351562,174.39999389648438,179.60000610351562,173.39999389648438,167.89999389648438,173.89999389648438,171.10000610351562,44.583377838134766,0.9891631007194519,1.5897557735443115,1.7628146409988403,1.6450761556625366,1.4311741590499878,7.8058929443359375
165.10000610351562,145.6999969482422,115.30000305175781,151.6999969482422,177.8000030517578,171.3000030517578,169.10000610351562,175.89999389648438,166.6999969482422,174.89999389648438,178.39999389648438,174.10000610351562,169.10000610351562,173.10000610351562,165.89999389648438,45.76231384277344,0.985808253288269,1.5792670249938965,1.7390038967132568,1.603710651397705,1.3996937274932861,7.033835411071777
165.8000030517578,145.0,119.0999984741211,152.1999969482422,178.1999969482422,169.60000610351562,170.39999389648438,174.60000610351562,166.5,173.89999389648438,178.8000030517578,171.8000030517578,167.0,175.3000030517578,164.1999969482422,45.38179016113281,1.0044101476669312,1.5873631238937378,1.7326921224594116,1.5871460437774658,1.3881103992462158,5.70186185836792
165.1999969482422,144.89999389648438,121.0,151.8000030517578,176.1999969482422,169.60000610351562,169.60000610351562,173.6999969482422,167.5,175.0,177.89999389648438,173.1999969482422,167.1999969482422,174.8000030517578,164.1999969482422,44.669456481933594,1.0148420333862305,1.5814952850341797,1.7213431596755981,1.586387038230896,1.3979790210723877,6.219552040100098
164.0,143.89999389648438,122.19999694824219,151.8000030517578,176.39999389648438,171.1999969482422,170.60000610351562,173.3000030517578,165.5,174.89999389648438,175.39999389648438,175.1999969482422,167.39999389648438,173.8000030517578,162.1999969482422,43.92340087890625,0.9957966208457947,1.5360729694366455,1.662259817123413,1.5337425470352173,1.3519498109817505,6.306467533111572
164.3000030517578,143.6999969482422,120.30000305175781,151.1999969482422,176.1999969482422,173.1999969482422,170.0,174.60000610351562,165.89999389648438,174.89999389648438,174.89999389648438,174.1999969482422,167.89999389648438,172.10000610351562,162.60000610351562,44.96186447143555,0.9936307072639465,1.5419602394104004,1.6665623188018799,1.536941409111023,1.3592946529388428,7.983469486236572
164.10000610351562,143.0,119.30000305175781,150.5,177.39999389648438,171.10000610351562,169.6999969482422,173.39999389648438,166.1999969482422,175.60000610351562,176.10000610351562,174.10000610351562,169.6999969482422,170.8000030517578,161.6999969482422,45.594139099121094,0.9971250295639038,1.5740810632705688,1.719511866569519,1.5951229333877563,1.3955546617507935,8.503229141235352
162.89999389648438,145.0,119.0999984741211,150.5,177.8000030517578,170.1999969482422,170.10000610351562,172.1999969482422,168.39999389648438,175.10000610351562,178.1999969482422,176.39999389648438,168.3000030517578,172.6999969482422,164.89999389648438,44.49445343017578,1.007190227508545,1.5748454332351685,1.7162346839904785,1.5834710597991943,1.390582799911499,7.851071834564209
164.8000030517578,144.39999389648438,120.80000305175781,151.39999389648438,177.1999969482422,169.6999969482422,169.3000030517578,173.89999389648438,166.8000030517578,175.39999389648438,176.89999389648438,175.60000610351562,167.60000610351562,173.6999969482422,168.6999969482422,44.666831970214844,1.0175434350967407,1.5813528299331665,1.7253224849700928,1.5899465084075928,1.4045906066894531,6.096865177154541
164.3000030517578,145.3000030517578,113.4000015258789,151.89999389648438,180.0,171.5,172.89999389648438,171.89999389648438,165.39999389648438,172.1999969482422,178.10000610351562,170.6999969482422,165.10000610351562,177.0,164.39999389648438,45.21023941040039,0.9494077563285828,1.5475527048110962,1.6933180093765259,1.574762225151062,1.3963924646377563,5.557546138763428
165.10000610351562,144.60000610351562,118.0999984741211,152.0,179.60000610351562,171.5,172.8000030517578,177.6999969482422,174.1999969482422,171.60000610351562,173.60000610351562,178.10000610351562,165.3000030517578,172.8000030517578,166.1999969482422,46.68382263183594,0.9836797714233398,1.5568323135375977,1.7011475563049316,1.575992465019226,1.3990428447723389,9.323552131652832
164.0,144.89999389648438,123.5,152.6999969482422,179.39999389648438,168.10000610351562,173.6999969482422,177.0,175.1999969482422,172.60000610351562,170.6999969482422,176.8000030517578,164.39999389648438,169.5,175.5,44.38595199584961,0.9955242276191711,1.517197847366333,1.673267126083374,1.5656394958496094,1.3840502500534058,7.333982944488525
163.10000610351562,143.8000030517578,122.5999984741211,154.89999389648438,176.8000030517578,169.1999969482422,174.6999969482422,174.10000610351562,172.1999969482422,171.10000610351562,172.6999969482422,177.89999389648438,164.89999389648438,172.6999969482422,162.39999389648438,41.814945220947266,0.9629108309745789,1.5076992511749268,1.6489635705947876,1.532716989517212,1.3702161312103271,10.363504409790039
161.5,144.3000030517578,123.0,155.39999389648438,176.39999389648438,169.3000030517578,175.10000610351562,173.6999969482422,171.3000030517578,171.0,174.10000610351562,178.0,165.10000610351562,170.89999389648438,161.5,41.139530181884766,0.9706214666366577,1.509138822555542,1.6730998754501343,1.5495951175689697,1.3760747909545898,8.931312561035156
162.5,142.60000610351562,121.30000305175781,153.5,179.5,168.39999389648438,176.89999389648438,171.5,165.60000610351562,170.10000610351562,177.1999969482422,169.8000030517578,164.3000030517578,172.10000610351562,163.8000030517578,43.964576721191406,0.955880880355835,1.503849983215332,1.6721426248550415,1.5604312419891357,1.39182710647583,9.176286697387695
163.3000030517578,143.5,121.69999694824219,154.39999389648438,179.8000030517578,169.39999389648438,177.5,172.89999389648438,168.0,169.3000030517578,177.5,168.6999969482422,162.10000610351562,175.0,165.8000030517578,44.16641616821289,0.95655757188797,1.5183510780334473,1.6810920238494873,1.5622961521148682,1.3991953134536743,8.667033195495605
163.10000610351562,144.6999969482422,123.30000305175781,155.10000610351562,179.10000610351562,169.89999389648438,177.6999969482422,173.1999969482422,167.39999389648438,169.60000610351562,177.10000610351562,170.10000610351562,161.5,177.6999969482422,163.3000030517578,43.82053756713867,0.9576259255409241,1.5439859628677368,1.7117716073989868,1.5965832471847534,1.427699327468872,6.495271682739258
165.10000610351562,143.89999389648438,122.80000305175781,155.3000030517578,178.0,169.89999389648438,178.8000030517578,173.39999389648438,168.5,168.39999389648438,178.1999969482422,169.6999969482422,160.39999389648438,177.5,167.3000030517578,45.85575485229492,0.9567233324050903,1.5803231000900269,1.7466933727264404,1.633994221687317,1.4479217529296875,7.246030330657959
164.10000610351562,144.39999389648438,120.80000305175781,154.8000030517578,178.8000030517578,171.60000610351562,177.8000030517578,172.6999969482422,167.10000610351562,170.1999969482422,176.89999389648438,171.8000030517578,161.5,176.5,168.5,44.97016525268555,0.9513880014419556,1.5602827072143555,1.7455387115478516,1.6323732137680054,1.4402289390563965,5.636630058288574
162.6999969482422,147.10000610351562,118.80000305175781,156.10000610351562,178.10000610351562,172.3000030517578,179.0,172.0,167.89999389648438,169.1999969482422,177.1999969482422,172.5,160.5,177.6999969482422,166.3000030517578,43.38679504394531,0.9516857266426086,1.581993579864502,1.7664369344711304,1.6613126993179321,1.461121916770935,4.0452070236206055
163.60000610351562,147.10000610351562,121.0999984741211,156.8000030517578,177.8000030517578,172.8000030517578,179.8000030517578,172.3000030517578,169.89999389648438,169.60000610351562,176.89999389648438,172.8000030517578,161.89999389648438,177.1999969482422,166.6999969482422,44.30769729614258,0.9549367427825928,1.5915486812591553,1.7624179124832153,1.6515789031982422,1.4610590934753418,4.351719856262207
163.5,148.3000030517578,119.5999984741211,156.89999389648438,179.60000610351562,174.1999969482422,179.0,171.89999389648438,168.8000030517578,170.1999969482422,177.10000610351562,174.10000610351562,161.8000030517578,177.89999389648438,166.5,43.575889587402344,0.9531041979789734,1.5932103395462036,1.778848648071289,1.658621072769165,1.4546489715576172,3.842453956604004
164.0,146.10000610351562,122.19999694824219,156.39999389648438,179.3000030517578,171.0,178.10000610351562,171.89999389648438,169.5,170.3000030517578,176.5,174.0,161.8000030517578,177.0,167.89999389648438,42.91883850097656,0.9594830274581909,1.5821927785873413,1.7510818243026733,1.6376134157180786,1.4481678009033203,4.718315601348877
163.10000610351562,147.10000610351562,117.30000305175781,156.3000030517578,176.60000610351562,169.60000610351562,178.3000030517578,171.6999969482422,168.6999969482422,168.6999969482422,179.3000030517578,172.0,161.3000030517578,178.3000030517578,164.8000030517578,41.71451950073242,0.969314455986023,1.5865517854690552,1.7590718269348145,1.6494789123535156,1.4544570446014404,4.906686782836914
162.60000610351562,147.0,116.30000305175781,154.10000610351562,179.10000610351562,170.8000030517578,175.0,171.5,168.39999389648438,170.8000030517578,178.5,173.10000610351562,163.60000610351562,178.60000610351562,163.10000610351562,41.7961540222168,0.9726312756538391,1.541340708732605,1.7028090953826904,1.6053200960159302,1.42072594165802,6.726554870605469
165.0,145.1999969482422,117.5999984741211,152.6999969482422,178.0,170.1999969482422,171.10000610351562,173.89999389648438,167.39999389648438,172.39999389648438,178.39999389648438,173.5,164.3000030517578,178.89999389648438,165.5,45.131683349609375,0.9747991561889648,1.5293374061584473,1.677329421043396,1.5495102405548096,1.3683972358703613,5.362835884094238
163.3000030517578,144.39999389648438,120.4000015258789,149.3000030517578,174.60000610351562,171.1999969482422,168.3000030517578,170.1999969482422,167.60000610351562,176.3000030517578,179.10000610351562,174.8000030517578,167.10000610351562,174.60000610351562,172.5,44.9605712890625,1.0153024196624756,1.570717215538025,1.7193191051483154,1.6074475049972534,1.4127628803253174,4.046191692352295
163.6999969482422,144.10000610351562,119.5999984741211,151.8000030517578,173.60000610351562,171.89999389648438,169.3000030517578,171.39999389648438,168.1999969482422,174.89999389648438,178.0,172.0,166.10000610351562,175.1999969482422,166.39999389648438,42.72740936279297,0.9942375421524048,1.5878368616104126,1.7300691604614258,1.6040964126586914,1.3958024978637695,4.507430553436279
165.89999389648438,144.39999389648438,121.19999694824219,148.89999389648438,176.8000030517578,168.8000030517578,167.1999969482422,171.6999969482422,169.1999969482422,177.60000610351562,179.1999969482422,174.8000030517578,166.60000610351562,175.89999389648438,170.3000030517578,47.432647705078125,1.0549452304840088,1.626428484916687,1.7867735624313354,1.6526471376419067,1.4482543468475342,3.7863259315490723
165.1999969482422,144.89999389648438,124.9000015258789,149.10000610351562,176.8000030517578,170.1999969482422,167.60000610351562,170.8000030517578,168.1999969482422,177.60000610351562,178.60000610351562,171.8000030517578,166.10000610351562,177.5,167.5,46.71929168701172,1.0555088520050049,1.631152868270874,1.7838484048843384,1.6529933214187622,1.4393459558486938,2.606239080429077
166.60000610351562,146.0,122.0,151.8000030517578,174.89999389648438,172.1999969482422,169.39999389648438,171.3000030517578,168.1999969482422,175.89999389648438,179.89999389648438,172.0,167.10000610351562,176.6999969482422,162.89999389648438,46.1762580871582,1.0611478090286255,1.6359566450119019,1.7855536937713623,1.667388677597046,1.4506975412368774,4.476579666137695
166.8000030517578,145.89999389648438,122.4000015258789,151.8000030517578,174.39999389648438,173.0,169.3000030517578,168.89999389648438,167.6999969482422,177.39999389648438,179.3000030517578,176.0,169.10000610351562,173.60000610351562,169.8000030517578,45.580543518066406,1.091507077217102,1.6570857763290405,1.8166295289993286,1.6966856718063354,1.4769452810287476,4.941171169281006
165.39999389648438,145.1999969482422,118.5,152.8000030517578,172.1999969482422,176.5,169.60000610351562,168.5,165.39999389648438,176.6999969482422,179.6999969482422,173.60000610351562,166.89999389648438,177.0,167.5,43.996822357177734,1.0296870470046997,1.6338611841201782,1.8077853918075562,1.6973235607147217,1.4695031642913818,5.294276237487793
165.60000610351562,144.6999969482422,118.5,153.60000610351562,171.89999389648438,178.6999969482422,170.6999969482422,167.8000030517578,166.1999969482422,176.0,179.89999389648438,175.60000610351562,166.0,179.5,167.60000610351562,43.57768630981445,1.0213311910629272,1.6363680362701416,1.7996439933776855,1.6971209049224854,1.473076343536377,4.844250202178955
165.5,145.1999969482422,119.0999984741211,153.10000610351562,172.3000030517578,177.60000610351562,170.10000610351562,168.10000610351562,165.10000610351562,176.39999389648438,177.6999969482422,172.0,166.89999389648438,178.60000610351562,167.89999389648438,44.06108856201172,1.0456645488739014,1.6532472372055054,1.8249492645263672,1.7199572324752808,1.492317795753479,5.2117438316345215
166.5,145.5,119.5,153.8000030517578,171.1999969482422,178.39999389648438,169.1999969482422,168.89999389648438,164.10000610351562,177.1999969482422,178.10000610351562,172.0,169.6999969482422,175.8000030517578,169.3000030517578,43.58461380004883,1.074376106262207,1.6488662958145142,1.816715121269226,1.7034765481948853,1.4787049293518066,6.411870002746582
165.89999389648438,145.8000030517578,121.4000015258789,154.8000030517578,171.10000610351562,178.0,170.39999389648438,169.1999969482422,164.39999389648438,177.1999969482422,179.3000030517578,172.10000610351562,167.3000030517578,179.3000030517578,167.89999389648438,42.7131462097168,1.0733115673065186,1.645632266998291,1.8201559782028198,1.7141964435577393,1.4846429824829102,5.627650737762451
166.1999969482422,146.10000610351562,119.9000015258789,154.6999969482422,171.5,177.10000610351562,170.39999389648438,169.10000610351562,165.5,176.10000610351562,178.89999389648438,172.39999389648438,167.10000610351562,179.8000030517578,168.10000610351562,42.79569625854492,1.0561704635620117,1.6390835046768188,1.8071085214614868,1.6940232515335083,1.4744527339935303,5.760590076446533
164.89999389648438,146.8000030517578,117.19999694824219,154.89999389648438,171.8000030517578,177.39999389648438,170.8000030517578,168.6999969482422,165.60000610351562,175.8000030517578,178.89999389648438,174.1999969482422,167.8000030517578,179.39999389648438,169.5,41.978309631347656,1.035366177558899,1.6385318040847778,1.8085764646530151,1.6987370252609253,1.477947473526001,5.75122594833374
165.39999389648438,147.8000030517578,116.19999694824219,154.39999389648438,171.6999969482422,176.39999389648438,170.6999969482422,168.10000610351562,165.8000030517578,176.3000030517578,178.3000030517578,172.6999969482422,166.8000030517578,179.60000610351562,169.1999969482422,42.827247619628906,1.0386112928390503,1.6396368741989136,1.8188707828521729,1.7124518156051636,1.4847042560577393,4.72916316986084
165.39999389648438,146.10000610351562,119.5999984741211,154.89999389648438,170.60000610351562,176.89999389648438,171.39999389648438,168.5,166.60000610351562,175.60000610351562,179.8000030517578,174.89999389648438,165.6999969482422,179.0,168.89999389648438,42.56051254272461,1.0439397096633911,1.6383155584335327,1.8138939142227173,1.705873966217041,1.4781502485275269,4.986830234527588
165.1999969482422,147.0,119.19999694824219,154.60000610351562,173.1999969482422,176.5,171.8000030517578,168.89999389648438,166.5,175.5,179.6999969482422,174.5,165.60000610351562,179.3000030517578,170.5,42.416683197021484,1.0423521995544434,1.6339939832687378,1.8110079765319824,1.7050833702087402,1.4831992387771606,5.17890739440918
165.5,146.60000610351562,119.80000305175781,155.0,171.60000610351562,178.0,171.5,168.39999389648438,166.5,175.8000030517578,180.0,176.60000610351562,166.8000030517578,179.6999969482422,170.8000030517578,42.35883331298828,1.0347920656204224,1.640036702156067,1.8114004135131836,1.6985503435134888,1.479805827140808,4.861180305480957
165.5,147.60000610351562,116.80000305175781,155.6999969482422,172.39999389648438,176.60000610351562,172.39999389648438,169.8000030517578,164.8000030517578,174.8000030517578,178.3000030517578,175.60000610351562,167.1999969482422,176.89999389648438,170.5,41.9768180847168,1.054317593574524,1.6259222030639648,1.8164236545562744,1.7243993282318115,1.4963617324829102,6.8643574714660645
166.0,148.3000030517578,116.4000015258789,154.89999389648438,174.3000030517578,178.10000610351562,172.39999389648438,168.6999969482422,163.3000030517578,175.5,178.6999969482422,174.0,166.5,178.10000610351562,170.89999389648438,42.68482208251953,1.0607410669326782,1.643448829650879,1.824370265007019,1.727799892425537,1.4957070350646973,5.076456546783447
166.8000030517578,148.1999969482422,119.19999694824219,156.39999389648438,174.0,179.1999969482422,173.5,168.60000610351562,163.89999389648438,175.10000610351562,178.39999389648438,174.3000030517578,166.10000610351562,176.60000610351562,173.10000610351562,41.75562286376953,1.091903567314148,1.6637768745422363,1.842106819152832,1.7460812330245972,1.5150543451309204,5.527132511138916
166.1999969482422,149.60000610351562,119.69999694824219,156.0,174.89999389648438,178.0,173.39999389648438,168.8000030517578,164.1999969482422,175.3000030517578,179.5,173.3000030517578,167.3000030517578,176.89999389648438,172.60000610351562,41.60373306274414,1.0952264070510864,1.6588847637176514,1.8393133878707886,1.7389987707138062,1.5075734853744507,5.239842414855957
166.8000030517578,149.60000610351562,121.5,158.60000610351562,174.39999389648438,177.3000030517578,174.5,169.89999389648438,165.3000030517578,173.3000030517578,179.89999389648438,172.89999389648438,166.0,177.6999969482422,170.0,40.10552978515625,1.115414023399353,1.6652295589447021,1.8426364660263062,1.7452518939971924,1.5152865648269653,6.095198631286621
167.89999389648438,147.39999389648438,122.0999984741211,158.3000030517578,177.39999389648438,176.10000610351562,174.8000030517578,170.5,163.5,173.8000030517578,179.0,173.0,166.8000030517578,175.5,171.89999389648438,41.30263900756836,1.0796946287155151,1.6529805660247803,1.8276000022888184,1.7250579595565796,1.5021517276763916,5.315797328948975
166.60000610351562,149.1999969482422,124.30000305175781,157.0,177.1999969482422,175.39999389648438,174.60000610351562,170.5,163.6999969482422,173.60000610351562,179.1999969482422,173.60000610351562,166.1999969482422,177.10000610351562,172.1999969482422,41.40856170654297,1.065218210220337,1.6320626735687256,1.8205655813217163,1.7165371179580688,1.4933346509933472,4.754702568054199
167.0,149.1999969482422,125.9000015258789,158.1999969482422,175.10000610351562,175.60000610351562,174.6999969482422,169.89999389648438,164.0,174.0,178.89999389648438,173.3000030517578,166.1999969482422,178.39999389648438,170.3000030517578,40.569461822509766,1.0841416120529175,1.6468819379806519,1.8203833103179932,1.723232626914978,1.5054879188537598,4.998973369598389
166.89999389648438,148.6999969482422,124.4000015258789,157.6999969482422,176.3000030517578,174.6999969482422,175.1999969482422,169.39999389648438,164.60000610351562,173.39999389648438,179.6999969482422,173.60000610351562,166.0,176.39999389648438,172.60000610351562,40.71006393432617,1.065950870513916,1.6272268295288086,1.8047000169754028,1.7117551565170288,1.4993993043899536,5.958980560302734
164.39999389648438,148.8000030517578,119.30000305175781,156.8000030517578,177.6999969482422,173.6999969482422,174.39999389648438,168.3000030517578,164.1999969482422,174.1999969482422,179.5,173.39999389648438,165.6999969482422,179.89999389648438,168.1999969482422,40.371665954589844,1.0468106269836426,1.6329214572906494,1.812503695487976,1.7154667377471924,1.5002672672271729,5.619510650634766
165.5,146.89999389648438,120.80000305175781,156.0,176.89999389648438,174.0,174.0,169.3000030517578,166.3000030517578,174.0,179.8000030517578,173.60000610351562,165.10000610351562,180.0,169.3000030517578,42.01287078857422,1.042041540145874,1.6191824674606323,1.8011512756347656,1.7037633657455444,1.4814250469207764,4.683955669403076
167.1999969482422,148.1999969482422,118.5999984741211,155.5,175.10000610351562,174.6999969482422,172.39999389648438,170.1999969482422,165.60000610351562,174.1999969482422,178.60000610351562,171.6999969482422,166.5,179.3000030517578,168.8000030517578,42.64628601074219,1.065399169921875,1.616184949874878,1.7985608577728271,1.7034424543380737,1.4865281581878662,6.04639196395874
166.8000030517578,146.89999389648438,119.80000305175781,154.89999389648438,176.60000610351562,172.5,172.5,170.10000610351562,166.3000030517578,174.5,179.1999969482422,171.39999389648438,164.60000610351562,178.8000030517578,169.10000610351562,43.55341339111328,1.0338150262832642,1.6166248321533203,1.7861077785491943,1.6783907413482666,1.4740759134292603,5.618174076080322
165.60000610351562,147.39999389648438,120.80000305175781,154.39999389648438,174.89999389648438,172.89999389648438,172.10000610351562,169.1999969482422,167.3000030517578,174.60000610351562,178.3000030517578,171.60000610351562,164.5,178.6999969482422,167.89999389648438,42.5767822265625,1.0341366529464722,1.6110743284225464,1.7839289903640747,1.6707990169525146,1.4630972146987915,5.084045886993408
166.1999969482422,145.1999969482422,119.19999694824219,153.1999969482422,175.10000610351562,174.39999389648438,170.1999969482422,170.0,167.39999389648438,176.6999969482422,179.39999389648438,173.1999969482422,166.39999389648438,178.60000610351562,169.8000030517578,44.00507736206055,1.0207370519638062,1.6129281520843506,1.7811729907989502,1.6711907386779785,1.4659138917922974,6.070636749267578
162.89999389648438,148.39999389648438,119.19999694824219,152.8000030517578,171.39999389648438,174.5,169.0,168.89999389648438,169.8000030517578,176.6999969482422,178.10000610351562,176.6999969482422,165.3000030517578,178.8000030517578,170.39999389648438,41.41359329223633,1.0369799137115479,1.617517352104187,1.7788206338882446,1.6684110164642334,1.453758716583252,3.493762254714966
166.5,144.8000030517578,122.19999694824219,152.60000610351562,171.0,174.39999389648438,168.0,170.0,169.8000030517578,177.10000610351562,177.0,175.5,168.1999969482422,179.8000030517578,168.10000610351562,44.381893157958984,1.0722249746322632,1.6392555236816406,1.8007478713989258,1.6817405223846436,1.4705796241760254,4.445282936096191
167.6999969482422,144.3000030517578,121.5,153.60000610351562,171.3000030517578,172.10000610351562,170.10000610351562,167.89999389648438,168.8000030517578,175.0,175.89999389648438,173.8000030517578,166.60000610351562,179.5,167.8000030517578,45.27714157104492,1.092267632484436,1.6501617431640625,1.823129415512085,1.7134045362472534,1.48970627784729,3.9615273475646973
165.1999969482422,145.89999389648438,120.4000015258789,152.5,172.3000030517578,173.6999969482422,168.8000030517578,167.1999969482422,166.89999389648438,176.3000030517578,175.60000610351562,172.8000030517578,166.10000610351562,178.89999389648438,167.0,44.05510330200195,1.076096773147583,1.643634557723999,1.8066813945770264,1.6980441808700562,1.4760258197784424,3.7876107692718506
165.10000610351562,144.8000030517578,123.30000305175781,151.6999969482422,172.60000610351562,174.1999969482422,168.5,167.39999389648438,167.5,176.60000610351562,177.6999969482422,177.5,166.60000610351562,179.8000030517578,168.3000030517578,44.97059631347656,1.080904483795166,1.6445680856704712,1.8083065748214722,1.7017561197280884,1.476345181465149,2.880122184753418
165.1999969482422,142.8000030517578,123.5999984741211,152.1999969482422,172.1999969482422,174.10000610351562,169.1999969482422,166.60000610351562,167.1999969482422,177.0,178.10000610351562,175.89999389648438,167.60000610351562,177.89999389648438,163.8000030517578,45.63489532470703,1.0445828437805176,1.653867483139038,1.8158401250839233,1.7152787446975708,1.4894654750823975,3.284926414489746
164.89999389648438,142.6999969482422,121.4000015258789,152.89999389648438,171.3000030517578,174.0,168.89999389648438,166.1999969482422,166.6999969482422,178.10000610351562,177.3000030517578,172.6999969482422,169.1999969482422,179.3000030517578,163.89999389648438,43.835792541503906,1.02558434009552,1.6440134048461914,1.800710916519165,1.7025762796401978,1.4808034896850586,3.5969367027282715
164.39999389648438,143.1999969482422,124.0999984741211,152.39999389648438,170.6999969482422,174.8000030517578,168.6999969482422,166.0,168.5,177.6999969482422,177.60000610351562,175.6999969482422,168.3000030517578,177.1999969482422,164.5,44.84200668334961,1.044434666633606,1.6476372480392456,1.794263482093811,1.6921064853668213,1.4745965003967285,2.8831303119659424
165.89999389648438,142.1999969482422,124.0999984741211,151.3000030517578,170.39999389648438,171.3000030517578,168.8000030517578,164.1999969482422,168.10000610351562,178.6999969482422,177.89999389648438,177.60000610351562,169.6999969482422,178.89999389648438,166.0,45.740028381347656,1.0604310035705566,1.6413439512252808,1.8106426000595093,1.7124985456466675,1.4856816530227661,4.43213415145874
169.10000610351562,146.5,120.5,153.39999389648438,170.60000610351562,173.6999969482422,170.10000610351562,165.3000030517578,167.39999389648438,176.89999389648438,177.0,173.1999969482422,169.0,178.3000030517578,167.10000610351562,47.15422058105469,1.108843445777893,1.6676690578460693,1.8392051458358765,1.7461209297180176,1.5195151567459106,4.731084823608398
166.89999389648438,142.6999969482422,124.80000305175781,151.6999969482422,170.89999389648438,174.8000030517578,169.10000610351562,167.5,168.10000610351562,176.60000610351562,176.89999389648438,172.6999969482422,166.3000030517578,179.5,167.89999389648438,47.382415771484375,1.1098681688308716,1.6602457761764526,1.8291949033737183,1.7273072004318237,1.5066596269607544,4.966648578643799
167.1999969482422,144.10000610351562,119.9000015258789,152.10000610351562,171.1999969482422,174.60000610351562,168.6999969482422,167.89999389648438,167.10000610351562,176.3000030517578,175.60000610351562,171.60000610351562,167.5,179.3000030517578,167.3000030517578,46.6130256652832,1.0816274881362915,1.6553611755371094,1.826033353805542,1.72621488571167,1.5043059587478638,6.1709818840026855
165.39999389648438,145.1999969482422,119.0999984741211,152.1999969482422,171.0,176.60000610351562,168.89999389648438,167.39999389648438,165.39999389648438,177.6999969482422,177.0,169.8000030517578,167.5,179.89999389648438,165.39999389648438,45.19499206542969,1.0990850925445557,1.650524377822876,1.820657730102539,1.7274208068847656,1.4979032278060913,5.84621000289917
165.60000610351562,145.5,122.19999694824219,153.10000610351562,169.89999389648438,175.1999969482422,169.39999389648438,166.0,167.10000610351562,177.1999969482422,176.3000030517578,171.89999389648438,166.89999389648438,179.89999389648438,169.10000610351562,44.31840133666992,1.107500433921814,1.6526031494140625,1.8084056377410889,1.7118463516235352,1.4848618507385254,6.795470237731934
166.5,145.5,121.5,154.60000610351562,170.6999969482422,177.10000610351562,171.39999389648438,166.5,166.1999969482422,175.5,178.39999389648438,170.60000610351562,166.1999969482422,179.10000610351562,164.60000610351562,43.402496337890625,1.1185839176177979,1.6646921634674072,1.8363776206970215,1.7514970302581787,1.5023760795593262,7.465285301208496
169.60000610351562,145.5,119.0999984741211,156.39999389648438,171.6999969482422,175.10000610351562,172.8000030517578,167.8000030517578,166.6999969482422,173.6999969482422,179.8000030517578,172.10000610351562,163.89999389648438,179.89999389648438,165.0,43.10071563720703,1.0784070491790771,1.6519372463226318,1.8202804327011108,1.7208017110824585,1.4868360757827759,6.40146017074585
151.39999389648438,138.8000030517578,131.60000610351562,154.60000610351562,175.39999389648438,173.5,170.1999969482422,171.60000610351562,166.5,177.6999969482422,175.0,177.5,162.10000610351562,178.89999389648438,170.10000610351562,26.117355346679688,0.9183995723724365,1.5428361892700195,1.6942424774169922,1.5703973770141602,1.370310664176941,8.745631217956543
151.6999969482422,138.10000610351562,132.8000030517578,154.3000030517578,174.10000610351562,173.39999389648438,170.1999969482422,170.39999389648438,166.8000030517578,177.6999969482422,174.8000030517578,179.5,162.3000030517578,179.5,170.8000030517578,26.377187728881836,0.9227869510650635,1.5392574071884155,1.6887378692626953,1.5641999244689941,1.360871434211731,8.828876495361328
152.0,137.89999389648438,132.89999389648438,153.6999969482422,175.1999969482422,174.10000610351562,170.39999389648438,170.1999969482422,165.89999389648438,177.6999969482422,175.6999969482422,177.60000610351562,162.60000610351562,179.39999389648438,169.89999389648438,26.963266372680664,0.9252385497093201,1.531779408454895,1.680279016494751,1.5599485635757446,1.351143479347229,7.5781941413879395
153.0,137.6999969482422,134.10000610351562,154.8000030517578,175.0,174.5,171.0,170.39999389648438,166.3000030517578,177.60000610351562,174.39999389648438,177.89999389648438,162.3000030517578,178.89999389648438,168.89999389648438,26.184961318969727,0.932228684425354,1.535746693611145,1.684253215789795,1.5594922304153442,1.3542993068695068,8.58869457244873
152.6999969482422,138.10000610351562,132.0,154.3000030517578,175.5,174.8000030517578,171.10000610351562,170.60000610351562,165.60000610351562,177.10000610351562,174.8000030517578,177.8000030517578,162.0,179.6999969482422,170.5,26.90900230407715,0.9233774542808533,1.5167429447174072,1.6695038080215454,1.5472006797790527,1.3433305025100708,8.577946662902832
154.3000030517578,137.6999969482422,128.6999969482422,155.60000610351562,173.89999389648438,172.0,170.3000030517578,172.0,167.3000030517578,177.39999389648438,174.5,178.10000610351562,162.6999969482422,179.0,172.10000610351562,26.972198486328125,0.9133885502815247,1.5187323093414307,1.679714322090149,1.5685149431228638,1.3622835874557495,9.796186447143555
152.6999969482422,140.6999969482422,131.1999969482422,154.5,175.8000030517578,173.0,171.60000610351562,170.8000030517578,165.8000030517578,176.6999969482422,174.8000030517578,178.1999969482422,161.60000610351562,178.8000030517578,171.10000610351562,27.118370056152344,0.9277029633522034,1.5127522945404053,1.6683144569396973,1.5468238592147827,1.3475534915924072,7.858428001403809
152.0,139.8000030517578,132.3000030517578,154.60000610351562,175.5,172.60000610351562,171.39999389648438,169.39999389648438,164.5,176.39999389648438,174.8000030517578,178.3000030517578,160.5,179.1999969482422,170.6999969482422,26.143348693847656,0.9152069091796875,1.5018030405044556,1.6530194282531738,1.5255945920944214,1.334836721420288,9.060513496398926
153.89999389648438,139.0,133.60000610351562,156.0,174.3000030517578,174.39999389648438,172.3000030517578,170.60000610351562,165.3000030517578,176.10000610351562,171.6999969482422,179.5,160.6999969482422,177.60000610351562,170.39999389648438,25.54298973083496,0.9358358979225159,1.4993174076080322,1.6386444568634033,1.5167579650878906,1.3298300504684448,9.595876693725586
152.0,138.8000030517578,137.5,156.1999969482422,173.5,172.10000610351562,173.39999389648438,167.89999389648438,165.89999389648438,174.39999389648438,173.6999969482422,178.10000610351562,160.1999969482422,179.1999969482422,172.5,24.226062774658203,0.9358864426612854,1.491887092590332,1.637162685394287,1.5086604356765747,1.3348904848098755,9.316969871520996
154.89999389648438,139.39999389648438,127.4000015258789,153.6999969482422,176.8000030517578,173.10000610351562,172.1999969482422,170.10000610351562,163.0,175.1999969482422,173.8000030517578,178.89999389648438,163.1999969482422,176.5,172.60000610351562,31.01715850830078,0.9236853122711182,1.4759496450424194,1.626924991607666,1.5094637870788574,1.3234997987747192,8.115737915039062
153.3000030517578,140.60000610351562,129.1999969482422,153.6999969482422,177.89999389648438,170.10000610351562,173.1999969482422,169.39999389648438,162.60000610351562,172.60000610351562,177.89999389648438,179.1999969482422,161.89999389648438,177.89999389648438,175.0,31.035934448242188,0.9282243251800537,1.4508965015411377,1.6057133674621582,1.4900593757629395,1.3242542743682861,7.37924861907959
153.8000030517578,140.6999969482422,128.60000610351562,153.5,177.60000610351562,171.39999389648438,172.6999969482422,168.89999389648438,162.5,175.1999969482422,175.3000030517578,178.8000030517578,162.6999969482422,177.6999969482422,174.3000030517578,30.573671340942383,0.9329918622970581,1.4872355461120605,1.6479908227920532,1.5271925926208496,1.3490270376205444,7.644397258758545
154.3000030517578,141.1999969482422,126.0999984741211,153.1999969482422,178.3000030517578,169.5,171.1999969482422,172.3000030517578,167.10000610351562,176.0,174.8000030517578,179.5,160.6999969482422,179.6999969482422,175.0,30.68644142150879,0.9331877827644348,1.5021206140518188,1.6555638313293457,1.5251492261886597,1.360353946685791,7.3638787269592285
154.60000610351562,141.39999389648438,127.9000015258789,153.3000030517578,179.39999389648438,171.0,171.89999389648438,171.6999969482422,164.39999389648438,175.60000610351562,174.6999969482422,178.5,161.5,178.39999389648438,174.8000030517578,30.848426818847656,0.9403407573699951,1.510616421699524,1.6626774072647095,1.5320193767547607,1.3669272661209106,8.054224967956543
153.1999969482422,141.5,131.0,155.6999969482422,177.0,174.3000030517578,172.1999969482422,171.8000030517578,164.3000030517578,176.3000030517578,171.5,178.60000610351562,160.1999969482422,179.5,170.60000610351562,26.916561126708984,0.9271504282951355,1.5188267230987549,1.6586443185806274,1.530007004737854,1.352311134338379,8.949421882629395
153.60000610351562,141.10000610351562,130.60000610351562,155.89999389648438,177.3000030517578,175.10000610351562,172.60000610351562,171.0,162.39999389648438,176.3000030517578,171.89999389648438,177.1999969482422,161.5,178.3000030517578,171.5,28.088111877441406,0.9231908917427063,1.5247310400009155,1.682745099067688,1.5571632385253906,1.3733558654785156,7.96606969833374
152.6999969482422,139.60000610351562,129.6999969482422,154.6999969482422,176.5,173.6999969482422,171.60000610351562,170.89999389648438,164.8000030517578,176.10000610351562,176.0,176.39999389648438,161.1999969482422,179.0,171.89999389648438,27.271530151367188,0.9119264483451843,1.5471538305282593,1.7007466554641724,1.581369161605835,1.3826653957366943,7.498896598815918
151.89999389648438,137.6999969482422,131.60000610351562,154.10000610351562,173.3000030517578,173.8000030517578,170.5,172.10000610351562,166.60000610351562,176.5,175.3000030517578,179.8000030517578,163.10000610351562,178.5,173.89999389648438,28.50704002380371,0.9223037958145142,1.5144084692001343,1.6973851919174194,1.604406714439392,1.3977757692337036,8.215832710266113
153.39999389648438,140.39999389648438,130.8000030517578,153.8000030517578,175.6999969482422,174.0,170.8000030517578,170.5,165.0,177.3000030517578,175.60000610351562,178.6999969482422,163.5,178.0,172.10000610351562,29.001848220825195,0.9391209483146667,1.552375078201294,1.7173078060150146,1.5964677333831787,1.393047571182251,7.930700302124023
156.6999969482422,142.0,129.10000610351562,155.39999389648438,176.1999969482422,173.0,171.89999389648438,168.89999389648438,164.39999389648438,176.39999389648438,176.3000030517578,178.39999389648438,164.3000030517578,179.8000030517578,168.5,31.318960189819336,0.9584023952484131,1.5633978843688965,1.7212740182876587,1.5970309972763062,1.3842331171035767,6.886576175689697
157.60000610351562,144.10000610351562,130.39999389648438,157.60000610351562,176.39999389648438,172.39999389648438,173.6999969482422,169.89999389648438,165.1999969482422,175.10000610351562,175.3000030517578,174.5,161.8000030517578,176.60000610351562,165.39999389648438,30.196767807006836,0.9594590663909912,1.558834195137024,1.714735984802246,1.5861656665802002,1.37101149559021,6.055939197540283
157.1999969482422,141.8000030517578,125.0999984741211,156.5,177.3000030517578,174.6999969482422,174.0,171.8000030517578,165.5,175.8000030517578,173.5,174.8000030517578,163.8000030517578,179.60000610351562,165.60000610351562,31.168243408203125,0.9460994601249695,1.554468035697937,1.7213817834854126,1.597105622291565,1.382753849029541,6.418797492980957
156.89999389648438,142.60000610351562,129.10000610351562,157.3000030517578,178.0,173.60000610351562,174.10000610351562,171.5,165.8000030517578,175.6999969482422,172.89999389648438,175.8000030517578,163.39999389648438,179.1999969482422,164.6999969482422,29.740453720092773,0.9640936255455017,1.5641599893569946,1.7288886308670044,1.6044856309890747,1.392383098602295,6.249837875366211
157.5,143.3000030517578,125.0999984741211,157.5,176.89999389648438,173.6999969482422,173.6999969482422,170.60000610351562,164.1999969482422,175.60000610351562,173.6999969482422,176.3000030517578,164.89999389648438,178.8000030517578,166.1999969482422,30.73674201965332,0.9575144052505493,1.5707238912582397,1.7431440353393555,1.6288061141967773,1.4078879356384277,6.92338228225708
156.39999389648438,142.39999389648438,129.10000610351562,156.10000610351562,177.1999969482422,174.8000030517578,172.8000030517578,170.60000610351562,164.39999389648438,176.8000030517578,172.89999389648438,178.39999389648438,164.10000610351562,178.0,168.8000030517578,30.0581111907959,0.953473687171936,1.572019100189209,1.7205148935317993,1.5935559272766113,1.3852418661117554,6.8137383460998535
155.60000610351562,140.39999389648438,130.3000030517578,155.5,177.8000030517578,173.8000030517578,172.8000030517578,171.39999389648438,165.0,176.10000610351562,172.5,179.60000610351562,162.6999969482422,178.1999969482422,169.39999389648438,29.932064056396484,0.9433678984642029,1.55976402759552,1.7132761478424072,1.5878126621246338,1.379865288734436,7.602945804595947
155.8000030517578,140.5,130.60000610351562,154.6999969482422,176.89999389648438,174.0,172.89999389648438,169.1999969482422,163.60000610351562,176.5,172.6999969482422,179.3000030517578,163.10000610351562,178.3000030517578,169.6999969482422,30.813026428222656,0.9363039135932922,1.5353823900222778,1.6897588968276978,1.5700243711471558,1.370980143547058,7.7529144287109375
156.3000030517578,142.89999389648438,130.0,154.60000610351562,176.5,172.89999389648438,173.60000610351562,168.60000610351562,165.6999969482422,176.0,173.10000610351562,177.60000610351562,161.5,179.89999389648438,169.6999969482422,31.148115158081055,0.9395430088043213,1.5371787548065186,1.6848492622375488,1.5561070442199707,1.3734004497528076,7.59096622467041
155.10000610351562,142.89999389648438,127.4000015258789,154.89999389648438,178.8000030517578,174.6999969482422,173.8000030517578,170.89999389648438,165.1999969482422,175.60000610351562,173.3000030517578,177.6999969482422,161.60000610351562,178.8000030517578,169.0,29.630802154541016,0.9436752796173096,1.5309879779815674,1.682797908782959,1.5564711093902588,1.3688679933547974,8.09817123413086
154.10000610351562,142.3000030517578,129.0,154.10000610351562,178.89999389648438,171.89999389648438,174.3000030517578,169.39999389648438,165.5,175.3000030517578,173.6999969482422,178.6999969482422,160.60000610351562,178.8000030517578,170.3000030517578,29.662691116333008,0.933000922203064,1.5245335102081299,1.6709955930709839,1.5422823429107666,1.3576983213424683,7.6739325523376465
156.1999969482422,141.60000610351562,127.30000305175781,154.89999389648438,176.60000610351562,172.89999389648438,174.8000030517578,166.8000030517578,164.6999969482422,174.89999389648438,174.3000030517578,179.6999969482422,162.6999969482422,177.6999969482422,169.1999969482422,31.75302505493164,0.9406057596206665,1.5262088775634766,1.6808518171310425,1.571473240852356,1.3833155632019043,7.972870349884033
155.89999389648438,141.1999969482422,127.5,157.89999389648438,174.10000610351562,174.3000030517578,177.3000030517578,168.39999389648438,169.5,172.39999389648438,174.0,180.0,158.89999389648438,175.89999389648438,173.10000610351562,27.322534561157227,0.918281614780426,1.497259259223938,1.635987401008606,1.5171846151351929,1.3523064851760864,8.747987747192383
154.10000610351562,143.10000610351562,128.3000030517578,156.0,177.0,172.1999969482422,175.5,169.60000610351562,168.6999969482422,174.0,174.5,175.3000030517578,158.60000610351562,179.60000610351562,169.0,27.01481056213379,0.9381739497184753,1.50421941280365,1.6471443176269531,1.5330568552017212,1.342811942100525,8.380789756774902
155.39999389648438,142.60000610351562,123.19999694824219,155.10000610351562,178.60000610351562,171.3000030517578,175.3000030517578,170.5,169.10000610351562,173.8000030517578,174.3000030517578,174.60000610351562,157.1999969482422,179.1999969482422,170.8000030517578,28.737234115600586,0.9266939163208008,1.5136210918426514,1.6576577425003052,1.5351660251617432,1.3517229557037354,9.224047660827637
155.6999969482422,142.3000030517578,125.19999694824219,157.10000610351562,178.10000610351562,170.10000610351562,176.39999389648438,170.39999389648438,168.6999969482422,173.0,172.8000030517578,175.0,156.6999969482422,178.8000030517578,171.0,26.726055145263672,0.9211106300354004,1.4939955472946167,1.636717438697815,1.5136548280715942,1.3440091609954834,8.681574821472168
156.89999389648438,141.10000610351562,121.19999694824219,157.39999389648438,179.60000610351562,171.89999389648438,178.6999969482422,171.10000610351562,169.3000030517578,171.5,173.6999969482422,174.0,156.6999969482422,176.89999389648438,173.0,27.96440315246582,0.9055461287498474,1.4730085134506226,1.6303460597991943,1.5142723321914673,1.3358359336853027,10.768388748168945
156.39999389648438,140.89999389648438,120.80000305175781,155.6999969482422,179.6999969482422,174.0,177.0,172.3000030517578,169.3000030517578,172.39999389648438,172.1999969482422,174.6999969482422,157.10000610351562,176.3000030517578,172.10000610351562,29.33007049560547,0.90533447265625,1.4826406240463257,1.6430392265319824,1.5174978971481323,1.3414502143859863,10.549397468566895
156.39999389648438,141.8000030517578,120.0999984741211,155.39999389648438,178.89999389648438,173.8000030517578,177.0,173.0,170.1999969482422,172.8000030517578,173.39999389648438,173.39999389648438,156.8000030517578,178.5,171.3000030517578,28.839284896850586,0.9084570407867432,1.498993158340454,1.6614971160888672,1.5330194234848022,1.3501337766647339,10.491445541381836
156.5,141.89999389648438,120.9000015258789,155.3000030517578,179.3000030517578,175.0,175.8000030517578,173.1999969482422,170.5,173.8000030517578,172.60000610351562,175.1999969482422,158.10000610351562,177.89999389648438,170.6999969482422,29.015392303466797,0.9121856689453125,1.504058837890625,1.659777283668518,1.5277166366577148,1.3457685708999634,10.440220832824707
156.89999389648438,140.39999389648438,119.9000015258789,155.60000610351562,179.8000030517578,172.3000030517578,175.89999389648438,173.10000610351562,170.39999389648438,173.1999969482422,173.39999389648438,173.5,157.60000610351562,178.3000030517578,170.60000610351562,29.387250900268555,0.9012297987937927,1.4880542755126953,1.6498810052871704,1.5192201137542725,1.3369873762130737,10.157739639282227
157.10000610351562,141.10000610351562,120.19999694824219,156.6999969482422,179.89999389648438,175.89999389648438,177.0,173.39999389648438,169.1999969482422,172.39999389648438,173.39999389648438,173.10000610351562,158.3000030517578,178.3000030517578,169.0,29.362049102783203,0.9074772596359253,1.4927315711975098,1.6485602855682373,1.5193034410476685,1.3365323543548584,9.411897659301758
156.5,140.89999389648438,120.69999694824219,156.3000030517578,179.6999969482422,173.6999969482422,176.6999969482422,172.10000610351562,169.39999389648438,172.60000610351562,173.6999969482422,173.10000610351562,158.0,178.60000610351562,170.10000610351562,29.064010620117188,0.9011193513870239,1.491481900215149,1.6414791345596313,1.5128172636032104,1.3363621234893799,9.034770965576172
156.3000030517578,141.6999969482422,121.9000015258789,155.60000610351562,179.3000030517578,173.6999969482422,176.6999969482422,171.5,168.60000610351562,172.6999969482422,173.5,173.8000030517578,157.1999969482422,178.3000030517578,171.39999389648438,29.546844482421875,0.9136689305305481,1.5014113187789917,1.6540552377700806,1.5229966640472412,1.3379850387573242,9.535942077636719
156.6999969482422,140.5,120.9000015258789,155.8000030517578,179.3000030517578,174.5,177.1999969482422,172.39999389648438,169.39999389648438,173.0,173.1999969482422,173.8000030517578,157.8000030517578,178.1999969482422,170.89999389648438,28.938310623168945,0.903715193271637,1.4920852184295654,1.6496375799179077,1.5205062627792358,1.33823561668396,10.23777961730957
157.1999969482422,139.89999389648438,120.0,157.1999969482422,179.0,172.60000610351562,177.6999969482422,172.0,167.39999389648438,171.89999389648438,173.8000030517578,173.1999969482422,158.3000030517578,178.0,170.10000610351562,29.752479553222656,0.9010500907897949,1.494422197341919,1.661338448524475,1.5303637981414795,1.3494882583618164,9.412640571594238
157.6999969482422,141.10000610351562,123.19999694824219,157.3000030517578,179.10000610351562,174.3000030517578,177.6999969482422,171.8000030517578,170.0,171.8000030517578,175.0,175.6999969482422,158.39999389648438,178.60000610351562,170.39999389648438,29.500823974609375,0.9354420304298401,1.5271859169006348,1.6940546035766602,1.5728733539581299,1.3803718090057373,7.454721927642822
158.6999969482422,139.89999389648438,122.9000015258789,158.39999389648438,179.5,174.60000610351562,179.39999389648438,173.10000610351562,171.5,170.6999969482422,174.89999389648438,173.89999389648438,159.0,177.5,170.1999969482422,29.563232421875,0.9348552227020264,1.5457134246826172,1.7178964614868164,1.5956605672836304,1.3934296369552612,7.76040506362915
158.10000610351562,140.0,123.0,158.0,179.8000030517578,173.3000030517578,179.39999389648438,172.1999969482422,170.0,169.89999389648438,175.89999389648438,171.89999389648438,157.10000610351562,178.39999389648438,170.6999969482422,29.5320987701416,0.9246086478233337,1.536429524421692,1.7243685722351074,1.6054463386535645,1.3966904878616333,7.068955898284912
157.6999969482422,141.3000030517578,122.69999694824219,159.0,179.6999969482422,172.8000030517578,179.8000030517578,173.0,171.10000610351562,169.3000030517578,174.10000610351562,173.8000030517578,157.5,177.0,171.0,29.0504093170166,0.9282935857772827,1.5451090335845947,1.734318733215332,1.6055487394332886,1.4065361022949219,7.035752296447754
158.10000610351562,141.6999969482422,123.0999984741211,158.8000030517578,177.89999389648438,172.39999389648438,179.60000610351562,172.60000610351562,170.39999389648438,168.6999969482422,176.89999389648438,173.0,157.89999389648438,178.8000030517578,171.89999389648438,29.010412216186523,0.9432933330535889,1.5566675662994385,1.74239981174469,1.627477765083313,1.4177688360214233,6.323670864105225
158.6999969482422,141.0,122.5,159.39999389648438,179.10000610351562,174.8000030517578,179.8000030517578,173.39999389648438,169.6999969482422,168.3000030517578,176.6999969482422,172.10000610351562,158.10000610351562,178.5,172.10000610351562,29.225341796875,0.9524274468421936,1.5612834692001343,1.7540888786315918,1.6317673921585083,1.4344080686569214,7.618344306945801
159.0,141.60000610351562,123.0,159.3000030517578,178.39999389648438,173.39999389648438,179.6999969482422,173.5,170.6999969482422,168.6999969482422,176.60000610351562,171.5,158.3000030517578,178.6999969482422,170.5,29.314939498901367,0.9532445073127747,1.5617491006851196,1.7542587518692017,1.6339620351791382,1.4336881637573242,6.946444511413574
157.6999969482422,141.1999969482422,121.0999984741211,158.8000030517578,177.5,173.5,179.6999969482422,175.10000610351562,171.0,168.10000610351562,176.3000030517578,170.60000610351562,158.1999969482422,178.1999969482422,171.0,28.88250732421875,0.9392964839935303,1.5440690517425537,1.7418954372406006,1.6173495054244995,1.4233611822128296,8.571733474731445
158.0,140.1999969482422,126.0,158.8000030517578,177.6999969482422,174.6999969482422,178.8000030517578,174.60000610351562,169.89999389648438,166.6999969482422,175.89999389648438,171.39999389648438,158.3000030517578,176.60000610351562,173.5,29.67836570739746,0.9549291729927063,1.5589948892593384,1.7578706741333008,1.6266978979110718,1.4302246570587158,7.956690788269043
158.5,140.6999969482422,125.4000015258789,159.0,177.60000610351562,174.6999969482422,179.1999969482422,174.39999389648438,168.89999389648438,167.89999389648438,176.1999969482422,171.6999969482422,158.39999389648438,177.89999389648438,172.6999969482422,29.129213333129883,0.9560632705688477,1.5724726915359497,1.768521785736084,1.634087085723877,1.4390681982040405,6.7527289390563965
157.89999389648438,140.1999969482422,125.5999984741211,159.5,178.1999969482422,175.60000610351562,178.60000610351562,174.0,169.6999969482422,167.1999969482422,175.8000030517578,171.89999389648438,157.5,178.5,172.10000610351562,28.69423484802246,0.9529791474342346,1.5692387819290161,1.7695904970169067,1.6329025030136108,1.440274953842163,7.589436054229736
158.3000030517578,141.39999389648438,123.5,159.0,179.0,175.8000030517578,179.89999389648438,174.10000610351562,169.39999389648438,168.10000610351562,176.0,172.60000610351562,158.6999969482422,177.1999969482422,173.60000610351562,29.361841201782227,0.9504151940345764,1.5611191987991333,1.7512279748916626,1.616786003112793,1.4274787902832031,7.916990756988525
158.1999969482422,141.1999969482422,124.5999984741211,158.5,178.89999389648438,174.5,179.0,173.6999969482422,169.5,169.1999969482422,175.60000610351562,172.39999389648438,159.10000610351562,179.39999389648438,172.0,29.20992088317871,0.955706775188446,1.5662777423858643,1.749747395515442,1.624647855758667,1.4304955005645752,7.858327865600586
157.0,143.3000030517578,123.9000015258789,157.1999969482422,179.1999969482422,173.6999969482422,178.39999389648438,171.6999969482422,166.8000030517578,171.60000610351562,175.5,171.0,159.60000610351562,178.10000610351562,172.0,29.42853355407715,0.9522546529769897,1.5511324405670166,1.7326645851135254,1.6134846210479736,1.4095604419708252,7.500735759735107
157.60000610351562,142.3000030517578,122.80000305175781,156.60000610351562,179.1999969482422,172.10000610351562,176.60000610351562,171.8000030517578,167.6999969482422,172.39999389648438,176.0,173.1999969482422,159.3000030517578,179.6999969482422,171.10000610351562,29.68911361694336,0.9333329200744629,1.5324739217758179,1.701656699180603,1.589815378189087,1.3832186460494995,8.232869148254395
156.5,143.1999969482422,124.9000015258789,157.10000610351562,179.6999969482422,172.39999389648438,176.3000030517578,172.5,167.1999969482422,173.39999389648438,174.0,173.3000030517578,158.89999389648438,179.39999389648438,169.6999969482422,27.912946701049805,0.9368624091148376,1.5130482912063599,1.675086498260498,1.5569093227386475,1.3668211698532104,9.568988800048828
156.6999969482422,142.0,126.30000305175781,156.6999969482422,179.6999969482422,172.89999389648438,176.6999969482422,172.0,166.8000030517578,172.8000030517578,173.89999389648438,172.89999389648438,158.89999389648438,178.60000610351562,170.3000030517578,28.819454193115234,0.9349667429924011,1.5085432529449463,1.6650948524475098,1.5468581914901733,1.3555774688720703,9.491713523864746
157.8000030517578,140.39999389648438,127.80000305175781,157.0,178.0,175.1999969482422,176.39999389648438,171.5,167.6999969482422,173.3000030517578,173.1999969482422,173.10000610351562,158.8000030517578,178.3000030517578,169.8000030517578,28.918071746826172,0.9314374327659607,1.5153435468673706,1.6627717018127441,1.5521137714385986,1.3500511646270752,10.123045921325684
156.6999969482422,143.89999389648438,126.9000015258789,157.10000610351562,176.8000030517578,173.8000030517578,174.60000610351562,172.3000030517578,167.60000610351562,174.5,172.5,176.10000610351562,160.60000610351562,178.39999389648438,171.10000610351562,27.867046356201172,0.9443989992141724,1.507619857788086,1.6481341123580933,1.5342133045196533,1.3437092304229736,9.780341148376465
156.6999969482422,143.8000030517578,127.9000015258789,156.1999969482422,176.8000030517578,172.8000030517578,174.39999389648438,170.60000610351562,167.0,175.1999969482422,172.3000030517578,176.10000610351562,160.39999389648438,178.8000030517578,168.6999969482422,28.378681182861328,0.9555326700210571,1.5105489492416382,1.6526238918304443,1.5264662504196167,1.3370423316955566,8.53178882598877
156.89999389648438,143.8000030517578,128.89999389648438,157.1999969482422,176.1999969482422,172.60000610351562,174.8000030517578,171.1999969482422,167.39999389648438,174.3000030517578,173.89999389648438,175.60000610351562,162.0,177.6999969482422,166.60000610351562,28.798463821411133,0.9695087671279907,1.5103424787521362,1.661164402961731,1.5351858139038086,1.342742919921875,7.561681270599365
157.60000610351562,145.8000030517578,127.0999984741211,155.5,174.1999969482422,172.3000030517578,173.1999969482422,167.60000610351562,167.6999969482422,174.6999969482422,176.3000030517578,176.1999969482422,163.5,178.5,169.1999969482422,31.905733108520508,0.9718677997589111,1.5279117822647095,1.6675914525985718,1.5478157997131348,1.349509596824646,8.349489212036133
156.1999969482422,147.6999969482422,130.10000610351562,157.39999389648438,173.39999389648438,174.10000610351562,173.39999389648438,170.10000610351562,169.0,174.60000610351562,174.1999969482422,176.10000610351562,160.39999389648438,179.89999389648438,167.6999969482422,28.562158584594727,0.9882071018218994,1.55076003074646,1.6899060010910034,1.55845046043396,1.3594666719436646,8.15442180633545
155.8000030517578,148.10000610351562,130.39999389648438,157.39999389648438,172.39999389648438,173.1999969482422,172.5,170.10000610351562,169.3000030517578,175.5,175.39999389648438,175.10000610351562,160.1999969482422,178.60000610351562,166.8000030517578,28.51356315612793,0.9965605735778809,1.5520882606506348,1.700800895690918,1.5694236755371094,1.3629658222198486,7.797356128692627
155.60000610351562,145.10000610351562,128.39999389648438,155.39999389648438,174.6999969482422,172.1999969482422,172.89999389648438,170.60000610351562,168.1999969482422,175.6999969482422,175.6999969482422,176.8000030517578,161.1999969482422,179.8000030517578,169.0,29.760149002075195,0.9810536503791809,1.5402122735977173,1.6990761756896973,1.5697585344314575,1.3514806032180786,7.357922554016113
155.60000610351562,145.0,130.8000030517578,155.6999969482422,175.1999969482422,173.3000030517578,173.3000030517578,169.8000030517578,167.3000030517578,175.89999389648438,173.6999969482422,178.3000030517578,160.6999969482422,178.0,170.39999389648438,28.79604721069336,0.9856595993041992,1.5471779108047485,1.689026117324829,1.569330096244812,1.3594915866851807,8.647732734680176
155.89999389648438,145.0,129.6999969482422,156.5,175.60000610351562,173.3000030517578,174.1999969482422,169.89999389648438,167.60000610351562,175.39999389648438,172.8000030517578,177.60000610351562,160.5,178.6999969482422,169.89999389648438,28.090316772460938,0.9805774688720703,1.551120400428772,1.69576096534729,1.5691841840744019,1.363386869430542,8.676265716552734
155.39999389648438,144.8000030517578,126.4000015258789,155.1999969482422,177.60000610351562,173.10000610351562,174.1999969482422,169.39999389648438,166.1999969482422,175.0,176.0,175.0,162.3000030517578,177.3000030517578,170.10000610351562,29.136455535888672,0.966684877872467,1.547855019569397,1.6968854665756226,1.5716452598571777,1.368246078491211,7.875209331512451
155.5,147.60000610351562,131.6999969482422,157.5,174.5,173.8000030517578,173.39999389648438,170.5,168.1999969482422,174.8000030517578,174.39999389648438,174.39999389648438,158.60000610351562,179.3000030517578,168.10000610351562,27.708559036254883,0.991919994354248,1.5579099655151367,1.6983364820480347,1.5668461322784424,1.3558112382888794,9.711907386779785
155.89999389648438,146.3000030517578,129.39999389648438,156.60000610351562,175.39999389648438,172.0,174.0,168.6999969482422,167.5,175.3000030517578,174.0,174.0,159.10000610351562,179.39999389648438,168.5,28.99704933166504,0.9773617386817932,1.5507774353027344,1.6967978477478027,1.5666460990905762,1.3612505197525024,9.883830070495605
157.60000610351562,145.10000610351562,132.10000610351562,156.6999969482422,175.6999969482422,173.1999969482422,173.6999969482422,170.60000610351562,168.8000030517578,175.39999389648438,173.39999389648438,176.5,160.39999389648438,179.3000030517578,169.39999389648438,29.88241195678711,0.9957895278930664,1.5634088516235352,1.7021384239196777,1.5667365789413452,1.3644996881484985,9.646244049072266
157.6999969482422,144.39999389648438,130.1999969482422,156.8000030517578,175.39999389648438,173.5,173.10000610351562,171.5,168.1999969482422,175.1999969482422,174.60000610351562,175.39999389648438,160.5,179.3000030517578,167.5,29.59465217590332,0.9893723726272583,1.5605772733688354,1.698885202407837,1.5742485523223877,1.3580504655838013,8.692303657531738
155.60000610351562,146.60000610351562,129.3000030517578,157.0,173.8000030517578,172.39999389648438,173.39999389648438,168.60000610351562,169.89999389648438,174.3000030517578,177.60000610351562,174.89999389648438,158.5,179.8000030517578,168.0,27.97768211364746,0.9904652833938599,1.5919595956802368,1.724038004875183,1.5856194496154785,1.3705992698669434,8.119402885437012
155.8000030517578,143.89999389648438,128.6999969482422,157.89999389648438,172.1999969482422,176.3000030517578,173.1999969482422,171.0,168.89999389648438,176.10000610351562,171.8000030517578,176.60000610351562,158.60000610351562,178.60000610351562,164.6999969482422,27.38602066040039,0.9697840809822083,1.5771461725234985,1.717796802520752,1.5803412199020386,1.3565105199813843,8.47925090789795
156.10000610351562,143.89999389648438,129.60000610351562,157.10000610351562,173.1999969482422,174.3000030517578,172.8000030517578,170.10000610351562,167.8000030517578,176.39999389648438,172.3000030517578,177.89999389648438,159.89999389648438,179.60000610351562,167.6999969482422,28.556081771850586,0.9875703454017639,1.5877697467803955,1.7460170984268188,1.6019926071166992,1.3792036771774292,8.264140129089355
156.1999969482422,144.3000030517578,127.30000305175781,157.10000610351562,173.1999969482422,174.6999969482422,173.0,170.89999389648438,169.39999389648438,176.60000610351562,171.8000030517578,177.89999389648438,159.60000610351562,178.5,166.8000030517578,28.603069305419922,0.9796692132949829,1.5855214595794678,1.7342283725738525,1.594417929649353,1.3754124641418457,8.958654403686523
155.3000030517578,142.6999969482422,127.30000305175781,156.0,173.39999389648438,174.39999389648438,171.5,171.6999969482422,168.89999389648438,177.3000030517578,172.3000030517578,177.39999389648438,159.6999969482422,179.10000610351562,166.5,29.085346221923828,0.9641374945640564,1.5761630535125732,1.7279908657073975,1.5966928005218506,1.3706815242767334,8.846031188964844
158.39999389648438,146.39999389648438,132.60000610351562,157.1999969482422,170.1999969482422,174.8000030517578,172.8000030517578,167.3000030517578,169.5,175.10000610351562,176.8000030517578,176.5,160.1999969482422,178.39999389648438,168.0,32.24406814575195,1.0356897115707397,1.62264883518219,1.7875969409942627,1.6588505506515503,1.4220786094665527,6.52100944519043
160.3000030517578,147.39999389648438,135.3000030517578,158.1999969482422,170.1999969482422,175.39999389648438,172.89999389648438,166.8000030517578,167.10000610351562,174.3000030517578,177.6999969482422,175.5,160.1999969482422,177.3000030517578,164.1999969482422,33.84641647338867,1.0914615392684937,1.6604299545288086,1.826053500175476,1.6978942155838013,1.4594885110855103,5.234694004058838
160.10000610351562,143.39999389648438,127.5,156.39999389648438,173.6999969482422,175.39999389648438,173.5,169.10000610351562,169.39999389648438,174.39999389648438,175.89999389648438,175.1999969482422,160.6999969482422,179.8000030517578,166.5,34.30465316772461,0.9904276728630066,1.6099390983581543,1.7522462606430054,1.6213537454605103,1.405815839767456,7.587237358093262
159.39999389648438,143.89999389648438,117.0,156.60000610351562,173.1999969482422,173.89999389648438,173.10000610351562,170.8000030517578,171.10000610351562,174.5,175.8000030517578,176.1999969482422,159.60000610351562,178.10000610351562,167.3000030517578,33.4301643371582,0.9543881416320801,1.6071836948394775,1.7602266073226929,1.6317076683044434,1.4250143766403198,8.577210426330566
156.8000030517578,143.5,119.9000015258789,156.60000610351562,175.10000610351562,172.6999969482422,174.6999969482422,170.1999969482422,170.3000030517578,173.89999389648438,175.1999969482422,177.89999389648438,159.8000030517578,179.60000610351562,172.3000030517578,30.327478408813477,0.9425387382507324,1.5762240886688232,1.733223557472229,1.6160540580749512,1.4077097177505493,8.751928329467773
156.8000030517578,143.10000610351562,121.5,156.39999389648438,175.3000030517578,174.39999389648438,175.3000030517578,170.3000030517578,168.89999389648438,173.3000030517578,175.39999389648438,176.5,161.89999389648438,177.0,170.0,31.664220809936523,0.9545717239379883,1.545462965965271,1.7237253189086914,1.6216540336608887,1.399398922920227,8.897686958312988
158.1999969482422,143.3000030517578,123.30000305175781,155.60000610351562,174.3000030517578,174.3000030517578,173.6999969482422,169.0,167.5,175.0,174.6999969482422,176.5,161.60000610351562,177.8000030517578,170.0,32.54048538208008,0.962704598903656,1.5500011444091797,1.7114793062210083,1.6029083728790283,1.3831690549850464,8.017240524291992
156.8000030517578,144.0,129.60000610351562,155.6999969482422,175.1999969482422,174.0,172.89999389648438,168.8000030517578,165.60000610351562,175.8000030517578,172.89999389648438,177.3000030517578,161.3000030517578,177.8000030517578,168.3000030517578,31.274721145629883,0.9844992160797119,1.5754655599594116,1.736846923828125,1.6197961568832397,1.3994569778442383,7.413265228271484
157.5,143.60000610351562,125.0,154.8000030517578,176.39999389648438,174.10000610351562,172.10000610351562,169.6999969482422,165.89999389648438,176.1999969482422,174.89999389648438,175.8000030517578,162.39999389648438,178.8000030517578,167.0,32.40791320800781,0.9729393124580383,1.5872434377670288,1.7362329959869385,1.6189322471618652,1.391758918762207,5.6305251121521
158.60000610351562,144.6999969482422,131.8000030517578,154.39999389648438,174.6999969482422,173.6999969482422,172.3000030517578,168.10000610351562,166.89999389648438,175.5,176.1999969482422,177.5,161.1999969482422,179.6999969482422,168.39999389648438,33.7165412902832,0.9969332814216614,1.595338225364685,1.7421901226043701,1.604710340499878,1.3949594497680664,7.48198127746582
157.3000030517578,141.39999389648438,131.3000030517578,154.89999389648438,174.6999969482422,175.6999969482422,171.89999389648438,169.0,164.89999389648438,176.10000610351562,172.89999389648438,178.8000030517578,161.0,179.8000030517578,166.3000030517578,32.44404220581055,0.9811220169067383,1.590490460395813,1.7524620294570923,1.627050757408142,1.4031985998153687,7.039931297302246
152.89999389648438,142.10000610351562,127.9000015258789,155.0,176.1999969482422,175.39999389648438,174.6999969482422,168.39999389648438,165.0,174.10000610351562,176.0,173.60000610351562,159.60000610351562,177.89999389648438,169.39999389648438,26.66423225402832,0.9256369471549988,1.5502290725708008,1.7118982076644897,1.59036386013031,1.3866075277328491,9.016708374023438
153.39999389648438,138.60000610351562,129.60000610351562,155.1999969482422,177.10000610351562,174.39999389648438,175.89999389648438,167.39999389648438,166.5,173.1999969482422,175.60000610351562,177.5,157.3000030517578,179.1999969482422,171.10000610351562,26.157548904418945,0.921828031539917,1.548047423362732,1.7036213874816895,1.5826332569122314,1.3863294124603271,10.723705291748047
153.0,140.39999389648438,124.4000015258789,155.3000030517578,176.89999389648438,173.10000610351562,174.5,169.3000030517578,167.39999389648438,174.3000030517578,175.10000610351562,176.3000030517578,159.60000610351562,178.60000610351562,171.3000030517578,26.458251953125,0.9098281264305115,1.5531005859375,1.718700885772705,1.6055066585540771,1.3942824602127075,9.195404052734375
153.10000610351562,140.0,122.69999694824219,154.6999969482422,178.0,173.3000030517578,174.0,171.0,167.89999389648438,174.3000030517578,176.5,175.60000610351562,158.60000610351562,180.0,170.89999389648438,27.24182891845703,0.9063864350318909,1.5490050315856934,1.7150498628616333,1.5989632606506348,1.3875010013580322,9.791011810302734
153.89999389648438,138.3000030517578,121.30000305175781,153.6999969482422,179.1999969482422,173.0,172.60000610351562,172.8000030517578,169.1999969482422,175.60000610351562,175.10000610351562,175.5,159.0,179.5,171.8000030517578,28.636049270629883,0.8869841694831848,1.5479021072387695,1.7210872173309326,1.6060329675674438,1.389085054397583,8.950875282287598
157.10000610351562,142.60000610351562,128.0,155.60000610351562,178.5,173.10000610351562,174.10000610351562,168.6999969482422,166.5,175.8000030517578,174.39999389648438,177.6999969482422,160.89999389648438,179.8000030517578,169.10000610351562,30.248022079467773,0.9578462243080139,1.548595666885376,1.7005280256271362,1.5773636102676392,1.369733452796936,8.612120628356934
158.60000610351562,145.0,124.80000305175781,156.1999969482422,176.10000610351562,173.10000610351562,174.1999969482422,168.3000030517578,168.0,174.3000030517578,176.5,176.8000030517578,161.10000610351562,179.3000030517578,170.5,31.989665985107422,0.9635894298553467,1.550034523010254,1.7012094259262085,1.57986581325531,1.3821556568145752,6.338528633117676
160.89999389648438,147.1999969482422,123.9000015258789,156.10000610351562,173.5,174.5,174.10000610351562,168.8000030517578,170.39999389648438,173.5,177.8000030517578,176.3000030517578,161.60000610351562,179.10000610351562,167.1999969482422,35.52090835571289,0.9857839941978455,1.5529454946517944,1.7098441123962402,1.5959184169769287,1.3894151449203491,5.932619094848633
162.6999969482422,147.6999969482422,122.5999984741211,156.1999969482422,174.39999389648438,172.8000030517578,175.3000030517578,168.0,170.60000610351562,172.5,178.5,176.5,161.3000030517578,179.5,166.0,37.390419006347656,0.9865032434463501,1.544156551361084,1.7030607461929321,1.5892658233642578,1.3928073644638062,6.789416790008545
161.8000030517578,147.1999969482422,122.30000305175781,156.5,173.89999389648438,174.1999969482422,176.0,168.6999969482422,170.10000610351562,171.89999389648438,177.3000030517578,176.0,161.8000030517578,178.5,166.3000030517578,37.12821960449219,0.9997884631156921,1.5510711669921875,1.7142566442489624,1.5966591835021973,1.399381160736084,5.438614368438721
162.6999969482422,149.1999969482422,128.60000610351562,157.89999389648438,174.10000610351562,174.60000610351562,176.5,170.10000610351562,170.6999969482422,169.39999389648438,179.8000030517578,172.3000030517578,160.8000030517578,179.1999969482422,166.3000030517578,36.233150482177734,1.039198398590088,1.576568603515625,1.7179299592971802,1.5977457761764526,1.4033253192901611,6.481891632080078
161.39999389648438,149.1999969482422,136.1999969482422,157.39999389648438,173.10000610351562,176.5,176.3000030517578,170.39999389648438,170.3000030517578,170.39999389648438,177.39999389648438,176.0,161.39999389648438,178.39999389648438,168.3000030517578,35.30889129638672,1.0530520677566528,1.5622376203536987,1.7071927785873413,1.5846935510635376,1.3903926610946655,6.756284713745117
162.0,150.5,139.60000610351562,159.0,174.10000610351562,176.10000610351562,177.60000610351562,170.60000610351562,171.10000610351562,169.8000030517578,175.60000610351562,177.60000610351562,159.6999969482422,179.89999389648438,168.5,34.36589050292969,1.0664063692092896,1.5868589878082275,1.7234333753585815,1.5887764692306519,1.3944429159164429,6.151065826416016
162.60000610351562,148.5,131.60000610351562,158.0,174.10000610351562,175.60000610351562,175.60000610351562,171.3000030517578,170.10000610351562,170.5,177.1999969482422,174.60000610351562,160.5,179.89999389648438,166.6999969482422,35.82940673828125,1.038381814956665,1.5719959735870361,1.7124322652816772,1.5821361541748047,1.3863186836242676,6.566751480102539
165.0,148.10000610351562,122.19999694824219,156.6999969482422,173.1999969482422,173.1999969482422,175.0,170.5,170.8000030517578,171.6999969482422,178.0,173.89999389648438,162.10000610351562,180.0,163.10000610351562,39.790679931640625,1.0225242376327515,1.5675809383392334,1.7343227863311768,1.6111059188842773,1.4089101552963257,5.757253170013428
164.0,148.1999969482422,122.19999694824219,157.10000610351562,173.1999969482422,174.6999969482422,175.1999969482422,170.5,170.8000030517578,171.8000030517578,178.0,173.8000030517578,162.39999389648438,179.0,163.6999969482422,38.87684631347656,1.0192147493362427,1.5714480876922607,1.735056757926941,1.6169508695602417,1.4181196689605713,5.980604648590088
167.6999969482422,147.1999969482422,113.0999984741211,154.6999969482422,174.1999969482422,173.39999389648438,174.0,172.60000610351562,171.60000610351562,172.10000610351562,178.5,172.39999389648438,164.89999389648438,176.10000610351562,165.89999389648438,44.61028289794922,0.9949032068252563,1.5745505094528198,1.7449878454208374,1.641363501548767,1.4264880418777466,6.949291229248047
170.0,144.60000610351562,113.0,153.6999969482422,175.1999969482422,172.8000030517578,172.89999389648438,173.0,171.5,172.1999969482422,179.5,172.0,165.89999389648438,176.0,164.6999969482422,48.295509338378906,0.9988635182380676,1.6010947227478027,1.766520619392395,1.6550863981246948,1.4394913911819458,7.806868076324463
169.5,143.10000610351562,108.30000305175781,153.39999389648438,177.0,171.10000610351562,173.5,171.60000610351562,168.3000030517578,173.0,178.5,170.6999969482422,166.3000030517578,175.1999969482422,165.60000610351562,47.705387115478516,0.9624444842338562,1.5849639177322388,1.7683203220367432,1.6637697219848633,1.4441286325454712,7.103885650634766
167.1999969482422,143.60000610351562,111.19999694824219,153.0,177.39999389648438,170.8000030517578,173.8000030517578,171.10000610351562,168.5,172.6999969482422,178.5,170.6999969482422,163.60000610351562,177.3000030517578,166.6999969482422,46.03471374511719,0.9573964476585388,1.5785133838653564,1.7572938203811646,1.651296854019165,1.438096046447754,6.9511590003967285
165.10000610351562,144.0,113.30000305175781,153.3000030517578,175.89999389648438,173.10000610351562,173.60000610351562,169.8000030517578,167.0,172.5,178.1999969482422,174.1999969482422,163.6999969482422,178.0,168.8000030517578,43.67026138305664,0.9632526636123657,1.5716074705123901,1.7580149173736572,1.6562385559082031,1.4414712190628052,7.2758684158325195
161.60000610351562,144.1999969482422,115.0999984741211,154.39999389648438,175.60000610351562,170.89999389648438,173.0,170.1999969482422,167.1999969482422,174.39999389648438,176.10000610351562,175.8000030517578,163.3000030517578,179.6999969482422,168.89999389648438,39.329978942871094,0.9506009221076965,1.541521668434143,1.7394957542419434,1.636412501335144,1.4271469116210938,6.009663105010986
161.0,142.89999389648438,116.4000015258789,153.8000030517578,177.10000610351562,171.39999389648438,172.3000030517578,171.8000030517578,167.0,174.10000610351562,177.6999969482422,174.3000030517578,163.1999969482422,179.5,167.3000030517578,39.31832504272461,0.9510837197303772,1.5573924779891968,1.749693512916565,1.6439322233200073,1.4278770685195923,6.065168380737305
161.1999969482422,144.5,113.5,152.8000030517578,175.5,172.0,171.8000030517578,170.1999969482422,167.0,174.89999389648438,178.1999969482422,175.0,163.39999389648438,179.89999389648438,169.3000030517578,39.72565841674805,0.9481961131095886,1.553014874458313,1.7434396743774414,1.6424318552017212,1.4316127300262451,7.872099876403809
160.8000030517578,143.10000610351562,113.80000305175781,152.5,176.89999389648438,169.8000030517578,170.89999389648438,171.8000030517578,166.3000030517578,175.89999389648438,177.1999969482422,175.8000030517578,164.39999389648438,179.89999389648438,169.5,39.51219940185547,0.935803234577179,1.5482767820358276,1.74101984500885,1.6403446197509766,1.432258129119873,6.719177722930908
161.0,143.3000030517578,115.5999984741211,151.10000610351562,178.10000610351562,169.89999389648438,170.5,171.3000030517578,165.89999389648438,176.10000610351562,177.60000610351562,175.5,164.60000610351562,179.0,171.6999969482422,41.091915130615234,0.9414749145507812,1.5469967126846313,1.74167799949646,1.644392967224121,1.4297423362731934,6.2894287109375
161.89999389648438,142.1999969482422,114.69999694824219,153.60000610351562,176.6999969482422,170.39999389648438,171.5,173.10000610351562,168.8000030517578,174.89999389648438,178.39999389648438,174.3000030517578,163.8000030517578,178.6999969482422,169.60000610351562,39.07210922241211,0.9362324476242065,1.5621460676193237,1.755913257598877,1.6461231708526611,1.4338693618774414,5.37369441986084
160.3000030517578,141.10000610351562,113.30000305175781,153.0,177.60000610351562,170.39999389648438,172.39999389648438,171.10000610351562,166.60000610351562,175.1999969482422,178.39999389648438,171.6999969482422,163.39999389648438,179.1999969482422,170.0,38.06032180786133,0.9071506857872009,1.5174944400787354,1.7184865474700928,1.6255123615264893,1.4157843589782715,6.4451494216918945
159.6999969482422,141.60000610351562,115.80000305175781,153.60000610351562,177.5,171.1999969482422,172.5,170.5,165.89999389648438,175.1999969482422,179.0,172.60000610351562,164.60000610351562,178.1999969482422,169.1999969482422,36.676456451416016,0.9139289855957031,1.5345708131790161,1.7249259948730469,1.621395468711853,1.414375901222229,6.163241863250732
159.6999969482422,143.1999969482422,116.9000015258789,153.3000030517578,177.60000610351562,172.10000610351562,172.8000030517578,170.5,166.1999969482422,175.1999969482422,178.39999389648438,173.0,164.60000610351562,179.10000610351562,168.39999389648438,38.07575988769531,0.9376397728919983,1.5395301580429077,1.7307759523391724,1.6248669624328613,1.4154084920883179,5.6095170974731445
162.5,142.3000030517578,113.0,152.3000030517578,178.0,169.10000610351562,171.39999389648438,171.3000030517578,167.39999389648438,174.5,179.1999969482422,173.89999389648438,164.6999969482422,179.39999389648438,168.39999389648438,41.49660873413086,0.9358867406845093,1.5547575950622559,1.7429972887039185,1.6272469758987427,1.4267563819885254,5.479283332824707
162.6999969482422,143.8000030517578,109.9000015258789,152.89999389648438,177.5,167.6999969482422,171.10000610351562,172.3000030517578,168.89999389648438,174.39999389648438,179.60000610351562,172.1999969482422,165.39999389648438,179.5,168.5,41.431697845458984,0.9298858642578125,1.5404499769210815,1.7391842603683472,1.6338438987731934,1.4383492469787598,5.762853145599365
157.1999969482422,142.5,118.0999984741211,154.5,176.5,172.8000030517578,173.39999389648438,169.1999969482422,166.6999969482422,174.1999969482422,178.10000610351562,174.39999389648438,162.39999389648438,178.60000610351562,169.8000030517578,33.835689544677734,0.9087923169136047,1.5339089632034302,1.7038617134094238,1.602835774421692,1.4092811346054077,7.3403143882751465
156.6999969482422,140.1999969482422,124.9000015258789,154.39999389648438,175.10000610351562,173.8000030517578,174.10000610351562,167.1999969482422,166.10000610351562,175.1999969482422,178.1999969482422,174.0,162.8000030517578,179.3000030517578,169.3000030517578,32.46535873413086,0.911367654800415,1.5380628108978271,1.7039364576339722,1.5961920022964478,1.4023964405059814,6.855057716369629
160.5,142.3000030517578,111.4000015258789,154.0,176.1999969482422,169.60000610351562,171.10000610351562,171.6999969482422,167.39999389648438,174.89999389648438,179.8000030517578,171.89999389648438,165.6999969482422,178.6999969482422,167.5,37.67195129394531,0.8983199000358582,1.5406678915023804,1.7225823402404785,1.6139271259307861,1.4323691129684448,6.9624409675598145
160.60000610351562,142.6999969482422,113.69999694824219,151.60000610351562,178.3000030517578,167.89999389648438,171.3000030517578,170.5,167.5,175.39999389648438,179.8000030517578,174.3000030517578,165.60000610351562,176.8000030517578,171.89999389648438,40.1397705078125,0.9154012799263,1.5439026355743408,1.7263065576553345,1.622559905052185,1.432702898979187,7.2455668449401855
161.0,142.39999389648438,112.19999694824219,152.6999969482422,177.6999969482422,170.0,170.6999969482422,172.60000610351562,167.0,175.0,179.3000030517578,170.39999389648438,165.1999969482422,179.10000610351562,167.8000030517578,39.99815368652344,0.9235109090805054,1.55560302734375,1.7363213300704956,1.6123074293136597,1.4264273643493652,6.35697603225708
157.5,140.60000610351562,125.4000015258789,153.39999389648438,177.8000030517578,173.5,173.3000030517578,169.10000610351562,164.39999389648438,175.5,176.6999969482422,173.6999969482422,164.39999389648438,178.8000030517578,170.5,34.89289855957031,0.9337577819824219,1.543778657913208,1.705973744392395,1.5892152786254883,1.3965563774108887,7.3044209480285645
155.8000030517578,141.0,124.69999694824219,153.5,177.5,174.3000030517578,173.0,167.39999389648438,163.60000610351562,176.5,178.1999969482422,174.1999969482422,164.6999969482422,179.3000030517578,171.3000030517578,32.19988250732422,0.9314011335372925,1.5556285381317139,1.7146257162094116,1.6072481870651245,1.4144173860549927,7.500432014465332
156.1999969482422,141.0,122.9000015258789,153.5,177.60000610351562,173.8000030517578,173.0,169.6999969482422,165.89999389648438,175.0,178.1999969482422,174.8000030517578,163.8000030517578,178.6999969482422,171.3000030517578,33.3203125,0.931499719619751,1.543999433517456,1.710706114768982,1.6033551692962646,1.4062877893447876,6.753376007080078
158.5,142.89999389648438,121.30000305175781,153.0,177.39999389648438,171.60000610351562,173.10000610351562,168.60000610351562,166.10000610351562,174.1999969482422,179.10000610351562,174.39999389648438,163.89999389648438,178.3000030517578,170.8000030517578,36.5307502746582,0.940910816192627,1.5298517942428589,1.6957368850708008,1.5899678468704224,1.4000651836395264,5.949377059936523
159.1999969482422,145.89999389648438,127.5,154.89999389648438,177.39999389648438,169.5,172.3000030517578,172.3000030517578,168.3000030517578,173.6999969482422,178.5,174.1999969482422,164.6999969482422,179.5,168.3000030517578,35.27136993408203,1.0010720491409302,1.5320460796356201,1.690382480621338,1.5656077861785889,1.3810784816741943,5.78853702545166
160.60000610351562,146.60000610351562,127.0,158.8000030517578,173.8000030517578,172.60000610351562,174.3000030517578,170.60000610351562,169.1999969482422,173.60000610351562,177.89999389648438,175.6999969482422,163.89999389648438,178.0,165.6999969482422,32.823387145996094,0.9996762871742249,1.5416842699050903,1.7043694257736206,1.5840184688568115,1.3895585536956787,4.723707675933838
160.6999969482422,145.6999969482422,121.19999694824219,154.60000610351562,178.10000610351562,172.5,173.6999969482422,171.8000030517578,166.89999389648438,172.39999389648438,179.39999389648438,173.10000610351562,164.10000610351562,177.89999389648438,168.89999389648438,37.94294357299805,0.9788385629653931,1.5763581991195679,1.7440540790557861,1.6257219314575195,1.4306000471115112,6.196923732757568
160.10000610351562,147.0,118.5999984741211,154.1999969482422,178.3000030517578,170.89999389648438,172.0,172.3000030517578,165.5,174.3000030517578,179.1999969482422,172.1999969482422,165.10000610351562,177.6999969482422,169.8000030517578,38.095375061035156,0.9705573916435242,1.5659328699111938,1.7252154350280762,1.6055048704147339,1.4172089099884033,5.200653076171875
160.60000610351562,147.60000610351562,118.5999984741211,154.10000610351562,178.0,169.6999969482422,172.5,171.0,166.5,173.10000610351562,179.89999389648438,173.89999389648438,163.6999969482422,179.89999389648438,169.10000610351562,38.63085174560547,0.9905407428741455,1.5629345178604126,1.7235335111618042,1.5998257398605347,1.4135916233062744,5.62639856338501
161.60000610351562,146.60000610351562,121.0999984741211,155.3000030517578,176.60000610351562,169.6999969482422,172.89999389648438,171.5,167.1999969482422,172.60000610351562,179.6999969482422,174.39999389648438,164.10000610351562,179.10000610351562,167.8000030517578,38.40611267089844,0.9962043762207031,1.5629403591156006,1.7243050336837769,1.6000316143035889,1.407465934753418,4.821554183959961
161.3000030517578,146.89999389648438,120.0,154.6999969482422,177.0,170.10000610351562,172.60000610351562,171.10000610351562,166.8000030517578,173.6999969482422,178.60000610351562,174.39999389648438,165.0,178.39999389648438,167.60000610351562,38.76548385620117,0.9942945241928101,1.5564298629760742,1.7207348346710205,1.5939618349075317,1.4042086601257324,4.547327041625977
161.6999969482422,146.0,122.5999984741211,154.3000030517578,176.8000030517578,170.10000610351562,172.60000610351562,171.10000610351562,167.3000030517578,173.1999969482422,179.10000610351562,174.89999389648438,164.8000030517578,178.39999389648438,168.60000610351562,39.098052978515625,1.005915641784668,1.5606091022491455,1.7191065549850464,1.5960447788238525,1.4053025245666504,4.700212478637695
161.89999389648438,147.1999969482422,122.0999984741211,154.3000030517578,176.5,170.10000610351562,172.8000030517578,170.10000610351562,167.1999969482422,173.6999969482422,178.60000610351562,174.5,164.89999389648438,178.39999389648438,167.6999969482422,39.160484313964844,1.013203740119934,1.5683797597885132,1.728049635887146,1.6064034700393677,1.409990668296814,4.3584771156311035
160.89999389648438,147.89999389648438,120.9000015258789,155.5,177.3000030517578,171.0,174.39999389648438,169.8000030517578,167.10000610351562,171.10000610351562,179.60000610351562,174.5,163.6999969482422,179.8000030517578,167.0,38.26876449584961,0.9898185133934021,1.5741370916366577,1.7348099946975708,1.6125489473342896,1.4188759326934814,5.373074531555176
163.0,147.3000030517578,121.69999694824219,155.39999389648438,176.6999969482422,170.10000610351562,173.6999969482422,170.60000610351562,167.89999389648438,172.8000030517578,179.0,175.60000610351562,165.1999969482422,179.10000610351562,168.3000030517578,39.479217529296875,1.0016958713531494,1.5573840141296387,1.7216819524765015,1.6030445098876953,1.406915307044983,5.0954670906066895
162.0,148.10000610351562,120.19999694824219,155.0,177.39999389648438,172.39999389648438,174.3000030517578,169.6999969482422,166.89999389648438,172.10000610351562,179.8000030517578,176.60000610351562,165.89999389648438,177.6999969482422,171.3000030517578,39.72602462768555,1.0017364025115967,1.569286584854126,1.7364575862884521,1.6204873323440552,1.4263103008270264,6.0238037109375
161.89999389648438,147.10000610351562,122.69999694824219,154.60000610351562,178.89999389648438,170.8000030517578,174.3000030517578,171.0,166.5,172.0,179.39999389648438,175.0,165.5,177.60000610351562,171.3000030517578,40.19114685058594,1.0040024518966675,1.5776951313018799,1.7472158670425415,1.6356881856918335,1.437516450881958,5.749805450439453
161.10000610351562,147.1999969482422,122.5,155.5,177.89999389648438,171.0,174.6999969482422,171.1999969482422,166.0,171.5,179.0,174.3000030517578,165.10000610351562,177.8000030517578,169.3000030517578,38.772274017333984,1.001940369606018,1.579498291015625,1.751452922821045,1.64241623878479,1.4382798671722412,5.677319049835205
161.3000030517578,147.3000030517578,120.69999694824219,154.60000610351562,179.8000030517578,170.5,174.89999389648438,171.10000610351562,166.0,171.1999969482422,179.8000030517578,173.10000610351562,164.5,178.1999969482422,169.10000610351562,40.01254653930664,1.001378059387207,1.5797574520111084,1.754387378692627,1.6445571184158325,1.4423025846481323,6.309564113616943
161.8000030517578,147.5,118.80000305175781,155.0,179.3000030517578,169.6999969482422,175.0,170.5,166.39999389648438,170.8000030517578,179.3000030517578,173.89999389648438,165.10000610351562,177.89999389648438,169.1999969482422,39.83837890625,1.002624273300171,1.580475091934204,1.7534254789352417,1.6485154628753662,1.4487665891647339,6.595470428466797
161.60000610351562,146.89999389648438,118.80000305175781,155.89999389648438,176.6999969482422,173.8000030517578,174.8000030517578,170.3000030517578,167.60000610351562,171.10000610351562,179.1999969482422,174.1999969482422,164.60000610351562,178.5,167.3000030517578,38.39533233642578,0.9892497658729553,1.5618776082992554,1.7151217460632324,1.6069560050964355,1.4085017442703247,7.95957612991333
163.60000610351562,144.6999969482422,121.5,153.60000610351562,176.39999389648438,169.89999389648438,172.6999969482422,170.8000030517578,168.0,173.5,179.60000610351562,173.5,165.6999969482422,176.6999969482422,169.3000030517578,40.959651947021484,0.9910181164741516,1.5531054735183716,1.7094701528549194,1.5855939388275146,1.3985707759857178,6.338639259338379
162.1999969482422,143.8000030517578,123.5999984741211,153.8000030517578,175.5,170.39999389648438,172.5,170.3000030517578,168.39999389648438,173.10000610351562,179.39999389648438,174.60000610351562,165.8000030517578,176.5,168.1999969482422,40.01149368286133,0.9851934909820557,1.5431623458862305,1.7023935317993164,1.5816259384155273,1.3927277326583862,6.224796772003174
162.5,144.10000610351562,122.9000015258789,154.10000610351562,177.10000610351562,168.8000030517578,172.39999389648438,171.1999969482422,167.39999389648438,173.39999389648438,179.1999969482422,171.3000030517578,165.1999969482422,177.3000030517578,165.5,39.56495666503906,0.9870448112487793,1.5475131273269653,1.7020530700683594,1.5811487436294556,1.3882524967193604,6.5244669914245605
162.60000610351562,145.6999969482422,125.80000305175781,154.8000030517578,176.0,170.0,172.8000030517578,171.1999969482422,168.1999969482422,172.6999969482422,178.6999969482422,174.0,165.10000610351562,176.5,166.1999969482422,38.54890441894531,0.9977961778640747,1.5562517642974854,1.7015858888626099,1.5808528661727905,1.388491153717041,6.016618728637695
162.10000610351562,145.1999969482422,124.69999694824219,156.10000610351562,173.60000610351562,172.10000610351562,172.5,171.39999389648438,166.3000030517578,172.0,179.3000030517578,171.60000610351562,166.10000610351562,177.0,163.5,38.12355422973633,0.9941974878311157,1.5483957529067993,1.6946940422058105,1.5709643363952637,1.3745468854904175,7.904278755187988
162.60000610351562,146.60000610351562,122.5999984741211,155.3000030517578,175.6999969482422,171.39999389648438,172.89999389648438,170.3000030517578,166.5,173.1999969482422,178.8000030517578,171.3000030517578,165.89999389648438,177.0,165.39999389648438,38.846649169921875,0.9789935946464539,1.5330560207366943,1.6812043190002441,1.5559735298156738,1.3646564483642578,6.30206298828125
163.6999969482422,145.3000030517578,124.4000015258789,155.5,174.6999969482422,171.10000610351562,172.8000030517578,169.6999969482422,166.8000030517578,172.60000610351562,179.60000610351562,170.5,165.5,178.1999969482422,162.5,38.99883270263672,1.0007370710372925,1.555867314338684,1.7072060108184814,1.5842050313949585,1.384275197982788,7.409621238708496
163.60000610351562,145.60000610351562,120.5,154.5,175.5,173.0,172.5,170.60000610351562,166.3000030517578,173.89999389648438,178.3000030517578,171.5,165.3000030517578,178.5,164.0,40.24429702758789,0.9859723448753357,1.5567691326141357,1.7081859111785889,1.584394097328186,1.3799391984939575,5.8273749351501465
164.8000030517578,144.8000030517578,122.0999984741211,154.3000030517578,175.39999389648438,171.60000610351562,172.39999389648438,170.10000610351562,167.5,173.39999389648438,179.89999389648438,173.0,166.8000030517578,177.10000610351562,166.1999969482422,40.95209884643555,1.00273597240448,1.5588527917861938,1.716863751411438,1.5876537561416626,1.3868589401245117,6.435598373413086
162.8000030517578,146.0,122.4000015258789,154.3000030517578,176.10000610351562,172.89999389648438,173.1999969482422,170.3000030517578,167.6999969482422,172.5,179.6999969482422,171.3000030517578,166.0,177.1999969482422,165.39999389648438,40.13859939575195,0.9963441491127014,1.5569870471954346,1.7198938131332397,1.6046432256698608,1.4019455909729004,6.509613513946533
163.10000610351562,147.89999389648438,120.5,156.5,174.60000610351562,172.3000030517578,174.10000610351562,168.6999969482422,168.60000610351562,172.60000610351562,179.8000030517578,173.60000610351562,164.89999389648438,179.89999389648438,164.10000610351562,38.66590118408203,1.0046367645263672,1.5630606412887573,1.7263734340667725,1.6149420738220215,1.4115064144134521,6.294461727142334
163.1999969482422,146.5,121.5,156.6999969482422,174.60000610351562,172.0,174.60000610351562,169.0,168.39999389648438,171.8000030517578,179.6999969482422,172.3000030517578,163.8000030517578,179.89999389648438,164.39999389648438,38.63618087768555,1.0027759075164795,1.568251371383667,1.743454933166504,1.6247748136520386,1.413803219795227,5.848274230957031
162.39999389648438,147.5,120.0999984741211,156.8000030517578,174.3000030517578,172.10000610351562,175.1999969482422,168.8000030517578,168.10000610351562,171.5,180.0,172.0,162.89999389648438,179.8000030517578,164.8000030517578,37.84011459350586,0.9924920201301575,1.566950798034668,1.7468887567520142,1.6318038702011108,1.4244709014892578,6.253406047821045
164.5,146.89999389648438,117.19999694824219,156.60000610351562,173.8000030517578,172.1999969482422,174.3000030517578,168.8000030517578,169.3000030517578,172.89999389648438,179.0,174.10000610351562,162.89999389648438,178.1999969482422,165.39999389648438,39.546138763427734,0.9899986982345581,1.5740742683410645,1.7507593631744385,1.6304404735565186,1.4171011447906494,4.903402805328369
164.0,147.1999969482422,117.5999984741211,156.60000610351562,174.6999969482422,173.1999969482422,174.5,170.5,168.0,173.39999389648438,176.8000030517578,173.1999969482422,163.89999389648438,178.8000030517578,166.3000030517578,39.037776947021484,0.9892157316207886,1.5654007196426392,1.7383815050125122,1.622710108757019,1.4192880392074585,5.085286617279053
164.39999389648438,145.5,119.4000015258789,156.8000030517578,175.60000610351562,173.5,174.0,171.0,165.89999389648438,173.60000610351562,176.8000030517578,172.3000030517578,165.10000610351562,178.1999969482422,165.3000030517578,39.37807846069336,1.0019463300704956,1.566805124282837,1.7395144701004028,1.6222666501998901,1.4251052141189575,5.506667137145996
164.10000610351562,144.5,124.5999984741211,156.89999389648438,175.6999969482422,173.6999969482422,174.39999389648438,170.8000030517578,166.1999969482422,171.8000030517578,177.3000030517578,173.3000030517578,164.0,178.60000610351562,165.1999969482422,38.77457046508789,0.9969711899757385,1.554449200630188,1.70814049243927,1.5865894556045532,1.3970595598220825,5.996827602386475
163.5,145.89999389648438,122.30000305175781,156.10000610351562,175.10000610351562,171.0,173.10000610351562,170.6999969482422,166.39999389648438,172.39999389648438,179.1999969482422,172.3000030517578,163.5,179.39999389648438,163.8000030517578,39.37674331665039,1.0016565322875977,1.5610166788101196,1.7184947729110718,1.5977122783660889,1.4017548561096191,6.294437885284424
163.1999969482422,145.5,122.4000015258789,156.3000030517578,175.0,170.89999389648438,172.89999389648438,171.8000030517578,166.10000610351562,172.89999389648438,177.39999389648438,172.0,164.10000610351562,178.5,165.0,38.6867561340332,0.9759544134140015,1.541203498840332,1.6914418935775757,1.5621017217636108,1.3717540502548218,5.181243896484375
162.89999389648438,145.10000610351562,121.30000305175781,155.60000610351562,175.89999389648438,169.39999389648438,171.8000030517578,171.6999969482422,165.89999389648438,173.60000610351562,178.10000610351562,172.1999969482422,165.39999389648438,178.5,164.10000610351562,39.38041305541992,0.9796661138534546,1.5409327745437622,1.691650390625,1.5620375871658325,1.3692108392715454,5.270744800567627
164.1999969482422,145.3000030517578,122.19999694824219,155.60000610351562,175.60000610351562,168.8000030517578,172.3000030517578,172.89999389648438,168.0,172.60000610351562,178.6999969482422,172.60000610351562,166.10000610351562,178.0,162.5,40.17018508911133,0.9918555021286011,1.535876989364624,1.6932214498519897,1.5630077123641968,1.3629344701766968,6.406355381011963
163.39999389648438,146.89999389648438,124.0,156.60000610351562,175.8000030517578,168.6999969482422,173.5,171.39999389648438,168.5,171.89999389648438,179.10000610351562,173.5,164.0,179.89999389648438,163.8000030517578,38.61778259277344,0.992311954498291,1.5500026941299438,1.695533037185669,1.5608795881271362,1.3764368295669556,4.626630783081055
163.6999969482422,146.6999969482422,121.9000015258789,156.5,176.5,170.10000610351562,174.1999969482422,172.0,168.10000610351562,171.10000610351562,179.10000610351562,173.60000610351562,164.3000030517578,178.89999389648438,165.3000030517578,39.43376541137695,0.990272581577301,1.5545365810394287,1.7071417570114136,1.5794646739959717,1.3934273719787598,6.2592902183532715
162.8000030517578,146.8000030517578,120.5,156.6999969482422,175.10000610351562,169.6999969482422,173.60000610351562,171.3000030517578,168.3000030517578,171.6999969482422,179.8000030517578,174.0,164.60000610351562,179.8000030517578,164.39999389648438,38.7806510925293,0.9793951511383057,1.5370389223098755,1.6926405429840088,1.5750508308410645,1.383091688156128,5.750716209411621
162.6999969482422,146.5,119.5,156.0,174.39999389648438,171.5,173.0,171.39999389648438,167.89999389648438,172.39999389648438,179.8000030517578,171.5,165.5,178.1999969482422,164.5,39.485843658447266,0.9783023595809937,1.5476367473602295,1.702388048171997,1.5749561786651611,1.378787875175476,6.200435638427734
163.60000610351562,146.10000610351562,119.0,153.8000030517578,176.0,170.6999969482422,173.1999969482422,171.39999389648438,168.39999389648438,172.6999969482422,179.39999389648438,170.10000610351562,166.1999969482422,176.1999969482422,161.5,41.56108856201172,0.9903303980827332,1.5395939350128174,1.7060363292694092,1.5903000831604004,1.3831101655960083,5.844576835632324
164.8000030517578,146.5,120.0999984741211,154.10000610351562,175.0,170.8000030517578,173.1999969482422,169.60000610351562,168.39999389648438,172.6999969482422,179.6999969482422,171.3000030517578,167.1999969482422,174.0,161.60000610351562,41.654476165771484,1.0146352052688599,1.5725594758987427,1.730912208557129,1.608886957168579,1.4005681276321411,7.652027130126953
163.89999389648438,146.5,119.30000305175781,152.5,174.0,172.5,173.0,170.6999969482422,171.3000030517578,172.3000030517578,178.89999389648438,177.0,163.0,176.89999389648438,166.89999389648438,42.36671447753906,1.0119506120681763,1.5694655179977417,1.7253483533859253,1.5995030403137207,1.3796470165252686,4.991067886352539
163.1999969482422,146.60000610351562,120.69999694824219,152.0,174.3000030517578,173.6999969482422,172.39999389648438,170.60000610351562,169.5,173.8000030517578,177.8000030517578,173.6999969482422,163.10000610351562,176.1999969482422,166.3000030517578,42.651363372802734,1.025928258895874,1.5923125743865967,1.7408912181854248,1.621036171913147,1.4008811712265015,5.017919540405273
163.3000030517578,147.8000030517578,115.4000015258789,152.8000030517578,174.10000610351562,171.8000030517578,172.3000030517578,169.60000610351562,171.5,172.6999969482422,178.6999969482422,176.10000610351562,164.6999969482422,176.8000030517578,165.5,42.184410095214844,1.024059772491455,1.6019002199172974,1.75579035282135,1.6426061391830444,1.4273772239685059,4.71566915512085
161.5,150.5,115.9000015258789,153.3000030517578,172.5,173.6999969482422,171.39999389648438,170.1999969482422,172.5,173.60000610351562,179.1999969482422,177.39999389648438,163.10000610351562,179.10000610351562,171.1999969482422,41.14723587036133,1.0307894945144653,1.604307770729065,1.7767785787582397,1.6627495288848877,1.4361612796783447,2.3359556198120117
163.60000610351562,148.1999969482422,117.19999694824219,154.3000030517578,172.89999389648438,174.10000610351562,170.89999389648438,171.10000610351562,170.39999389648438,174.6999969482422,178.5,174.8000030517578,164.60000610351562,179.8000030517578,166.89999389648438,41.50483703613281,1.0327306985855103,1.6161203384399414,1.784313678741455,1.6603398323059082,1.4461983442306519,3.711874008178711
162.6999969482422,147.6999969482422,117.30000305175781,156.1999969482422,174.89999389648438,175.10000610351562,174.10000610351562,171.10000610351562,170.8000030517578,173.1999969482422,177.60000610351562,172.39999389648438,163.5,179.10000610351562,165.0,39.06588363647461,1.009253978729248,1.5939173698425293,1.7617294788360596,1.6619346141815186,1.4512367248535156,5.102785110473633
163.60000610351562,149.3000030517578,120.5999984741211,158.39999389648438,177.0,174.6999969482422,176.10000610351562,171.6999969482422,170.5,170.6999969482422,179.6999969482422,171.10000610351562,161.6999969482422,179.39999389648438,168.1999969482422,37.89008712768555,1.0364776849746704,1.6205334663391113,1.790956974029541,1.6827499866485596,1.471526861190796,5.470165729522705
168.8000030517578,147.6999969482422,117.0,161.6999969482422,175.39999389648438,174.1999969482422,179.10000610351562,171.1999969482422,169.1999969482422,171.10000610351562,178.10000610351562,171.89999389648438,163.5,175.3000030517578,171.39999389648438,37.8990478515625,1.0162512063980103,1.6101053953170776,1.8025892972946167,1.6915258169174194,1.4680418968200684,8.09206771850586
170.39999389648438,147.3000030517578,119.9000015258789,162.1999969482422,175.39999389648438,172.1999969482422,178.39999389648438,170.5,168.89999389648438,170.8000030517578,177.8000030517578,173.10000610351562,162.60000610351562,178.8000030517578,171.89999389648438,38.653141021728516,1.0061761140823364,1.607564091682434,1.794395923614502,1.6690031290054321,1.4592289924621582,5.727762699127197
171.0,147.0,115.69999694824219,160.8000030517578,177.60000610351562,173.39999389648438,178.6999969482422,170.1999969482422,167.3000030517578,172.1999969482422,176.89999389648438,171.39999389648438,164.5,175.5,170.8000030517578,40.50979232788086,1.021447777748108,1.6279011964797974,1.8219728469848633,1.7175275087356567,1.4898136854171753,7.351685047149658
171.1999969482422,146.6999969482422,115.4000015258789,161.6999969482422,179.39999389648438,173.10000610351562,179.89999389648438,172.0,168.6999969482422,169.6999969482422,174.3000030517578,174.8000030517578,163.5,175.10000610351562,168.6999969482422,39.38409423828125,1.0495190620422363,1.6321804523468018,1.82269287109375,1.7120554447174072,1.4944963455200195,7.578306198120117
172.5,146.1999969482422,121.0,160.39999389648438,179.6999969482422,173.0,177.5,171.60000610351562,166.0,172.89999389648438,173.6999969482422,175.0,164.39999389648438,176.8000030517578,171.60000610351562,41.25261306762695,1.0369458198547363,1.6309823989868164,1.801038146018982,1.685899257659912,1.4827083349227905,7.318869590759277
170.39999389648438,148.89999389648438,123.9000015258789,161.3000030517578,178.0,175.8000030517578,176.89999389648438,170.60000610351562,162.8000030517578,173.1999969482422,175.5,173.0,165.0,176.3000030517578,171.10000610351562,39.426551818847656,1.086812138557434,1.6360881328582764,1.815868854522705,1.710274577140808,1.4898924827575684,5.846604824066162
170.39999389648438,149.39999389648438,122.5999984741211,160.0,178.5,176.10000610351562,176.89999389648438,171.3000030517578,164.5,172.8000030517578,176.8000030517578,172.89999389648438,164.10000610351562,178.39999389648438,171.3000030517578,40.37342834472656,1.0525367259979248,1.622937560081482,1.793655276298523,1.687719702720642,1.4720889329910278,4.924298286437988
168.3000030517578,149.6999969482422,122.0,161.6999969482422,178.3000030517578,174.0,178.1999969482422,169.89999389648438,164.5,171.1999969482422,177.10000610351562,172.39999389648438,162.39999389648438,178.8000030517578,166.8000030517578,38.332828521728516,1.0312178134918213,1.6229981184005737,1.801528811454773,1.695468544960022,1.476976990699768,2.957709312438965
170.10000610351562,147.10000610351562,122.4000015258789,160.39999389648438,175.6999969482422,173.1999969482422,176.0,170.0,166.8000030517578,172.39999389648438,177.5,172.8000030517578,162.8000030517578,179.3000030517578,165.1999969482422,39.775413513183594,1.0461572408676147,1.6245887279510498,1.7933082580566406,1.674271583557129,1.4605634212493896,5.562429428100586
168.1999969482422,147.5,122.5999984741211,158.60000610351562,171.6999969482422,173.1999969482422,175.89999389648438,168.60000610351562,171.39999389648438,170.5,179.60000610351562,173.39999389648438,162.39999389648438,178.3000030517578,165.1999969482422,39.37676239013672,1.0382274389266968,1.593953251838684,1.7528618574142456,1.6328359842300415,1.4188579320907593,6.367308616638184
166.60000610351562,147.6999969482422,118.5999984741211,157.10000610351562,169.1999969482422,172.89999389648438,174.39999389648438,168.1999969482422,171.1999969482422,170.89999389648438,177.89999389648438,178.0,162.1999969482422,178.5,163.39999389648438,40.038265228271484,1.0392380952835083,1.592803955078125,1.7579522132873535,1.6399006843566895,1.4160497188568115,5.362854957580566
164.6999969482422,148.60000610351562,119.0,154.39999389648438,173.0,174.5,173.0,171.3000030517578,171.3000030517578,173.89999389648438,175.8000030517578,178.6999969482422,166.39999389648438,172.0,164.89999389648438,41.915103912353516,1.0469528436660767,1.6163402795791626,1.7662723064422607,1.6378579139709473,1.415302038192749,4.526879787445068
170.0,146.0,110.5999984741211,157.39999389648438,175.8000030517578,172.39999389648438,176.10000610351562,169.10000610351562,170.39999389648438,171.6999969482422,176.0,176.0,161.6999969482422,179.89999389648438,164.39999389648438,42.134578704833984,0.9995869994163513,1.6057018041610718,1.7677016258239746,1.658634901046753,1.43865168094635,7.385867595672607
169.5,148.5,117.19999694824219,157.89999389648438,175.8000030517578,174.10000610351562,174.3000030517578,170.10000610351562,165.3000030517578,173.39999389648438,175.5,175.3000030517578,162.8000030517578,179.6999969482422,166.3000030517578,40.924652099609375,1.0507194995880127,1.6258420944213867,1.7818623781204224,1.667514681816101,1.448001503944397,7.463562965393066
169.0,146.3000030517578,117.0,157.8000030517578,174.6999969482422,178.6999969482422,174.1999969482422,170.3000030517578,164.1999969482422,173.89999389648438,176.8000030517578,170.1999969482422,163.1999969482422,179.5,162.60000610351562,42.00260925292969,1.036929965019226,1.6416980028152466,1.805667519569397,1.6901607513427734,1.458700180053711,6.204578399658203
168.39999389648438,146.89999389648438,115.69999694824219,158.6999969482422,175.60000610351562,176.6999969482422,175.3000030517578,168.8000030517578,164.60000610351562,172.89999389648438,177.8000030517578,172.5,162.3000030517578,178.6999969482422,166.0,39.97520446777344,1.0261234045028687,1.6352275609970093,1.793158769607544,1.6776015758514404,1.4535272121429443,6.521521091461182
170.5,145.39999389648438,116.80000305175781,159.10000610351562,174.6999969482422,176.8000030517578,175.10000610351562,170.10000610351562,165.89999389648438,173.0,177.39999389648438,172.3000030517578,163.0,179.0,163.6999969482422,41.48925018310547,1.0197553634643555,1.641640543937683,1.7916288375854492,1.6724746227264404,1.4552594423294067,5.702132225036621
170.1999969482422,147.5,115.30000305175781,157.89999389648438,175.39999389648438,177.89999389648438,175.10000610351562,169.8000030517578,165.39999389648438,173.5,177.89999389648438,171.39999389648438,163.1999969482422,179.10000610351562,164.5,42.360374450683594,1.0333826541900635,1.6536517143249512,1.8117307424545288,1.6933382749557495,1.4670417308807373,4.858114242553711
170.39999389648438,146.60000610351562,116.5,158.1999969482422,175.8000030517578,177.3000030517578,175.1999969482422,170.3000030517578,165.3000030517578,173.5,176.1999969482422,172.1999969482422,162.89999389648438,178.5,163.89999389648438,42.18769836425781,1.0249598026275635,1.6518280506134033,1.8096317052841187,1.6878609657287598,1.463494896888733,5.554769039154053
168.1999969482422,146.1999969482422,120.69999694824219,158.39999389648438,173.10000610351562,178.3000030517578,174.3000030517578,169.60000610351562,164.8000030517578,172.0,179.3000030517578,171.6999969482422,163.60000610351562,179.5,162.0,41.182037353515625,1.0518776178359985,1.6517717838287354,1.8067198991775513,1.6966723203659058,1.4632831811904907,5.042176246643066
167.89999389648438,147.39999389648438,116.5,158.6999969482422,175.39999389648438,176.0,175.6999969482422,168.39999389648438,164.39999389648438,172.89999389648438,178.60000610351562,171.8000030517578,163.3000030517578,179.0,164.6999969482422,40.08876037597656,1.02908194065094,1.6284983158111572,1.7953147888183594,1.677778959274292,1.4546473026275635,4.73945426940918
167.39999389648438,148.60000610351562,121.19999694824219,157.0,174.6999969482422,174.10000610351562,173.6999969482422,169.60000610351562,166.5,172.6999969482422,178.5,172.1999969482422,164.10000610351562,178.5,167.0,41.499786376953125,1.0667539834976196,1.6243693828582764,1.7813678979873657,1.6631416082382202,1.450000524520874,5.198529243469238
166.89999389648438,149.3000030517578,118.9000015258789,154.60000610351562,176.10000610351562,172.1999969482422,172.89999389648438,170.8000030517578,169.5,172.8000030517578,177.89999389648438,173.5,168.3000030517578,172.89999389648438,169.1999969482422,43.25627136230469,1.0802723169326782,1.632318139076233,1.7828692197799683,1.6647439002990723,1.443547010421753,8.088031768798828
163.89999389648438,146.10000610351562,121.0999984741211,152.60000610351562,177.10000610351562,176.39999389648438,172.0,173.89999389648438,167.8000030517578,174.1999969482422,176.10000610351562,174.6999969482422,169.0,171.1999969482422,165.5,42.75753402709961,1.03074049949646,1.5878416299819946,1.7475268840789795,1.6291786432266235,1.40519380569458,7.315915584564209
162.89999389648438,147.5,121.69999694824219,153.5,175.3000030517578,172.39999389648438,172.10000610351562,174.0,169.60000610351562,173.5,177.89999389648438,173.5,167.3000030517578,172.6999969482422,163.89999389648438,41.463401794433594,1.0406389236450195,1.5961147546768188,1.7504615783691406,1.6303997039794922,1.4151872396469116,6.055299282073975
162.39999389648438,146.10000610351562,124.0,153.8000030517578,176.3000030517578,172.39999389648438,172.3000030517578,173.6999969482422,168.60000610351562,173.5,177.3000030517578,171.89999389648438,167.89999389648438,173.0,161.60000610351562,40.82276916503906,1.0235083103179932,1.570077657699585,1.7359198331832886,1.6273266077041626,1.4115763902664185,6.105410099029541
160.89999389648438,147.1999969482422,122.69999694824219,153.89999389648438,177.3000030517578,171.1999969482422,173.89999389648438,171.8000030517578,168.5,174.39999389648438,174.10000610351562,178.10000610351562,166.60000610351562,170.8000030517578,165.5,40.01179122924805,1.0362199544906616,1.5989171266555786,1.7546237707138062,1.6402674913406372,1.4268558025360107,6.177190780639648
162.1999969482422,145.5,121.0,152.89999389648438,177.39999389648438,171.1999969482422,174.10000610351562,171.0,167.5,172.3000030517578,175.5,170.8000030517578,162.5,173.39999389648438,162.3000030517578,42.1340217590332,1.0296189785003662,1.5708919763565063,1.7426221370697021,1.631029725074768,1.416519284248352,5.287236213684082
162.39999389648438,144.60000610351562,121.0999984741211,154.5,177.0,170.60000610351562,174.39999389648438,170.89999389648438,167.1999969482422,172.1999969482422,175.89999389648438,169.0,161.89999389648438,174.6999969482422,162.0,41.17321014404297,1.0302191972732544,1.5849497318267822,1.7559213638305664,1.6389122009277344,1.4302585124969482,5.36931037902832
162.5,145.1999969482422,121.5,154.0,176.1999969482422,169.5,173.60000610351562,171.1999969482422,168.60000610351562,172.1999969482422,177.6999969482422,170.8000030517578,162.8000030517578,175.10000610351562,162.8000030517578,41.399620056152344,1.0363736152648926,1.584127426147461,1.7532237768173218,1.6325665712356567,1.4264216423034668,5.021888732910156
165.60000610351562,144.1999969482422,110.5,152.1999969482422,178.89999389648438,177.6999969482422,173.3000030517578,169.60000610351562,165.60000610351562,174.60000610351562,178.5,171.39999389648438,166.3000030517578,176.60000610351562,171.1999969482422,44.503475189208984,0.9920207858085632,1.6257216930389404,1.8068602085113525,1.7051204442977905,1.4772077798843384,7.260130882263184
166.1999969482422,146.10000610351562,115.5999984741211,155.5,176.0,178.3000030517578,173.39999389648438,169.8000030517578,165.6999969482422,173.6999969482422,178.39999389648438,173.89999389648438,163.39999389648438,179.60000610351562,166.89999389648438,42.32094192504883,1.0173014402389526,1.6462496519088745,1.8114020824432373,1.6960229873657227,1.468120813369751,4.928396224975586
168.8000030517578,145.10000610351562,114.80000305175781,158.39999389648438,174.8000030517578,176.1999969482422,174.39999389648438,170.0,167.10000610351562,173.0,177.5,175.0,162.6999969482422,178.1999969482422,165.89999389648438,41.014286041259766,1.0254254341125488,1.6514884233474731,1.8089998960494995,1.6808017492294312,1.4658411741256714,5.155044078826904
171.6999969482422,147.60000610351562,112.4000015258789,159.10000610351562,176.60000610351562,174.89999389648438,175.5,168.5,166.3000030517578,173.60000610351562,177.89999389648438,172.0,164.3000030517578,178.89999389648438,166.39999389648438,42.42086410522461,1.0506595373153687,1.6599500179290771,1.8151222467422485,1.6997512578964233,1.4790416955947876,5.555481910705566
169.60000610351562,146.89999389648438,114.5999984741211,159.3000030517578,176.1999969482422,174.10000610351562,174.89999389648438,169.8000030517578,165.39999389648438,173.39999389648438,177.5,172.6999969482422,163.39999389648438,177.89999389648438,166.10000610351562,40.54594039916992,1.0397651195526123,1.6467880010604858,1.805245041847229,1.6841990947723389,1.4747439622879028,5.054661750793457
169.0,151.0,114.19999694824219,158.3000030517578,174.89999389648438,174.6999969482422,174.1999969482422,170.10000610351562,166.8000030517578,172.8000030517578,179.60000610351562,173.0,163.5,176.89999389648438,169.0,41.01878356933594,1.050889253616333,1.646903157234192,1.8054134845733643,1.685174584388733,1.4708126783370972,4.349938869476318
167.8000030517578,149.5,117.9000015258789,158.60000610351562,176.60000610351562,175.0,174.89999389648438,170.1999969482422,165.60000610351562,172.0,179.8000030517578,172.60000610351562,164.1999969482422,178.5,168.39999389648438,40.57551956176758,1.0466569662094116,1.641656517982483,1.8053785562515259,1.693816065788269,1.4705179929733276,4.571902751922607
167.39999389648438,147.3000030517578,116.69999694824219,156.6999969482422,175.0,175.60000610351562,173.89999389648438,170.10000610351562,166.5,173.1999969482422,179.8000030517578,172.6999969482422,163.8000030517578,179.6999969482422,168.1999969482422,41.94865417480469,1.0354437828063965,1.6327985525131226,1.798692226409912,1.6808509826660156,1.4638797044754028,5.153720855712891
168.3000030517578,146.0,116.5,157.10000610351562,172.3000030517578,177.10000610351562,173.0,170.1999969482422,167.3000030517578,173.6999969482422,178.5,173.89999389648438,164.10000610351562,179.1999969482422,165.89999389648438,42.31766891479492,1.0268054008483887,1.6260360479354858,1.7877172231674194,1.6689239740371704,1.4514260292053223,5.923667907714844
166.0,144.89999389648438,119.80000305175781,156.3000030517578,172.5,177.89999389648438,173.39999389648438,169.5,167.6999969482422,173.1999969482422,177.8000030517578,175.1999969482422,162.89999389648438,179.3000030517578,165.1999969482422,41.44206619262695,1.0035492181777954,1.630753993988037,1.7977705001831055,1.6681153774261475,1.4485324621200562,4.425081729888916
