179.0,177.6999969482422,138.5,177.0,165.0,135.89999389648438,161.1999969482422,148.60000610351562,150.39999389648438,157.3000030517578,144.8000030517578,152.3000030517578,164.5,150.0,146.39999389648438,48.61588668823242,1.3114780187606812,1.4708229303359985,1.5218937397003174,1.4966768026351929,1.3989180326461792,11.996598243713379
179.10000610351562,177.10000610351562,135.6999969482422,176.3000030517578,165.10000610351562,135.39999389648438,162.1999969482422,147.1999969482422,151.60000610351562,158.10000610351562,143.39999389648438,152.89999389648438,164.10000610351562,149.5,147.10000610351562,49.70976638793945,1.3011505603790283,1.4649728536605835,1.5198222398757935,1.4928956031799316,1.3970917463302612,10.907185554504395
179.10000610351562,177.1999969482422,139.1999969482422,176.8000030517578,165.89999389648438,132.8000030517578,161.6999969482422,147.3000030517578,149.60000610351562,156.8000030517578,145.0,150.5,163.39999389648438,149.89999389648438,146.10000610351562,49.11516189575195,1.301001787185669,1.4647495746612549,1.5175071954727173,1.4894797801971436,1.4027701616287231,11.360376358032227
179.8000030517578,175.60000610351562,140.3000030517578,176.89999389648438,166.3000030517578,134.10000610351562,162.10000610351562,148.39999389648438,150.5,157.8000030517578,143.60000610351562,153.10000610351562,164.6999969482422,150.10000610351562,146.8000030517578,50.262535095214844,1.3036516904830933,1.449615478515625,1.498582124710083,1.4724723100662231,1.3840640783309937,12.078959465026855
178.10000610351562,176.10000610351562,140.3000030517578,176.3000030517578,165.39999389648438,137.8000030517578,160.89999389648438,149.60000610351562,153.39999389648438,157.3000030517578,143.3000030517578,156.3000030517578,165.1999969482422,149.1999969482422,148.3000030517578,49.305110931396484,1.295607089996338,1.4589396715164185,1.5199428796768188,1.4888395071029663,1.3912808895111084,13.346949577331543
178.89999389648438,175.10000610351562,143.39999389648438,176.0,166.1999969482422,134.3000030517578,161.0,150.10000610351562,153.3000030517578,157.60000610351562,144.6999969482422,156.8000030517578,167.10000610351562,148.60000610351562,150.39999389648438,48.81161117553711,1.287832260131836,1.466482162475586,1.5320861339569092,1.5064868927001953,1.4144706726074219,14.659257888793945
177.5,176.3000030517578,141.1999969482422,176.1999969482422,166.5,136.3000030517578,160.1999969482422,150.39999389648438,154.8000030517578,157.0,143.5,158.89999389648438,165.8000030517578,148.39999389648438,151.1999969482422,47.87625503540039,1.2720903158187866,1.462119698524475,1.532818078994751,1.5092747211456299,1.4095031023025513,13.986722946166992
177.60000610351562,174.8000030517578,145.5,176.8000030517578,167.89999389648438,137.10000610351562,159.89999389648438,150.5,156.6999969482422,156.89999389648438,143.5,158.8000030517578,164.10000610351562,150.8000030517578,151.1999969482422,47.578128814697266,1.2813993692398071,1.4638416767120361,1.5364558696746826,1.505534052848816,1.4215850830078125,12.927804946899414
178.8000030517578,175.5,143.39999389648438,179.3000030517578,167.1999969482422,135.6999969482422,159.1999969482422,149.5,154.5,156.10000610351562,143.10000610351562,157.10000610351562,165.10000610351562,148.1999969482422,149.39999389648438,47.80301284790039,1.2502363920211792,1.4553472995758057,1.5243066549301147,1.4932950735092163,1.4076117277145386,13.468913078308105
177.8000030517578,176.39999389648438,148.5,179.10000610351562,167.39999389648438,137.60000610351562,159.10000610351562,149.5,155.3000030517578,157.39999389648438,142.5,158.3000030517578,163.0,153.10000610351562,148.1999969482422,44.286319732666016,1.2383503913879395,1.478652000427246,1.5351295471191406,1.5131161212921143,1.4439173936843872,10.152763366699219
179.1999969482422,178.3000030517578,145.3000030517578,177.8000030517578,166.60000610351562,136.89999389648438,158.89999389648438,145.39999389648438,157.0,156.60000610351562,143.6999969482422,153.8000030517578,161.1999969482422,152.89999389648438,148.89999389648438,43.22608184814453,1.234942078590393,1.4811097383499146,1.5398495197296143,1.5200514793395996,1.4484620094299316,7.979839324951172
176.89999389648438,177.10000610351562,147.89999389648438,175.8000030517578,166.89999389648438,138.0,158.0,143.89999389648438,154.8000030517578,154.60000610351562,144.39999389648438,149.39999389648438,158.8000030517578,154.39999389648438,146.5,41.07780075073242,1.2481571435928345,1.4877145290374756,1.5335795879364014,1.5096970796585083,1.4471944570541382,6.855830192565918
174.1999969482422,178.60000610351562,148.0,172.3000030517578,169.0,136.5,155.39999389648438,143.6999969482422,154.60000610351562,154.89999389648438,142.10000610351562,150.60000610351562,157.89999389648438,155.3000030517578,146.1999969482422,38.28329849243164,1.2267204523086548,1.4770926237106323,1.511255145072937,1.491329312324524,1.4464361667633057,4.60324239730835
174.39999389648438,179.6999969482422,144.39999389648438,170.3000030517578,164.1999969482422,139.60000610351562,153.6999969482422,145.10000610351562,152.5,153.3000030517578,141.8000030517578,154.0,156.10000610351562,157.3000030517578,148.3000030517578,38.39640808105469,1.2286045551300049,1.463040828704834,1.4922906160354614,1.4753518104553223,1.434777855873108,4.159476280212402
169.6999969482422,179.5,151.10000610351562,163.3000030517578,160.5,153.8000030517578,149.10000610351562,143.0,153.10000610351562,149.1999969482422,138.39999389648438,157.1999969482422,153.10000610351562,155.60000610351562,146.89999389648438,31.814910888671875,1.2481547594070435,1.4981107711791992,1.47025465965271,1.4656122922897339,1.4338829517364502,4.22578239440918
170.0,179.60000610351562,153.60000610351562,164.0,161.8000030517578,154.10000610351562,149.3000030517578,145.1999969482422,155.10000610351562,149.5,140.60000610351562,157.39999389648438,153.39999389648438,156.10000610351562,149.6999969482422,31.493438720703125,1.2675738334655762,1.5072009563446045,1.4872510433197021,1.475745677947998,1.4343857765197754,3.976213216781616
166.8000030517578,179.10000610351562,153.1999969482422,158.39999389648438,158.8000030517578,162.0,145.0,145.3000030517578,153.6999969482422,143.39999389648438,142.0,158.1999969482422,151.1999969482422,156.60000610351562,146.0,30.78394889831543,1.3293068408966064,1.510300874710083,1.460770606994629,1.447861671447754,1.4073466062545776,7.902982234954834
169.3000030517578,177.0,151.3000030517578,156.60000610351562,156.8000030517578,161.6999969482422,145.60000610351562,144.8000030517578,151.10000610351562,145.6999969482422,136.89999389648438,161.89999389648438,149.1999969482422,157.6999969482422,147.10000610351562,31.078989028930664,1.3403160572052002,1.4884649515151978,1.448582649230957,1.4283459186553955,1.375609278678894,5.421597003936768
169.39999389648438,177.3000030517578,154.60000610351562,155.5,158.10000610351562,158.0,146.0,142.6999969482422,152.1999969482422,145.0,137.3000030517578,159.6999969482422,149.10000610351562,157.10000610351562,147.10000610351562,33.11931228637695,1.3632147312164307,1.4697829484939575,1.4440486431121826,1.4320706129074097,1.390384316444397,5.505702972412109
166.89999389648438,178.5,153.0,159.0,157.60000610351562,161.6999969482422,145.89999389648438,144.89999389648438,151.3000030517578,145.3000030517578,139.8000030517578,158.3000030517578,151.10000610351562,157.89999389648438,142.3000030517578,30.250507354736328,1.3075251579284668,1.5083810091018677,1.4604761600494385,1.4482200145721436,1.4035147428512573,6.3248772621154785
169.0,179.3000030517578,151.10000610351562,165.39999389648438,162.60000610351562,151.6999969482422,150.1999969482422,145.0,152.5,149.8000030517578,137.8000030517578,160.39999389648438,151.3000030517578,157.3000030517578,149.0,33.36414337158203,1.261519432067871,1.4944713115692139,1.480112075805664,1.4778281450271606,1.4365358352661133,1.9637879133224487
172.39999389648438,179.89999389648438,149.6999969482422,171.39999389648438,164.5,148.6999969482422,152.8000030517578,144.6999969482422,157.1999969482422,152.3000030517578,140.39999389648438,158.39999389648438,155.5,156.0,149.89999389648438,35.352725982666016,1.2506697177886963,1.4999066591262817,1.5140506029129028,1.5094397068023682,1.465907335281372,4.341309070587158
176.0,178.0,146.1999969482422,177.89999389648438,165.6999969482422,138.8000030517578,158.5,145.60000610351562,154.5,155.3000030517578,143.8000030517578,151.1999969482422,158.1999969482422,155.6999969482422,146.39999389648438,41.20813751220703,1.2408652305603027,1.477073311805725,1.5323923826217651,1.5098141431808472,1.4437447786331177,6.072842121124268
179.1999969482422,175.89999389648438,146.6999969482422,176.60000610351562,165.89999389648438,140.3000030517578,161.8000030517578,152.39999389648438,152.6999969482422,157.10000610351562,144.10000610351562,158.1999969482422,163.3000030517578,151.1999969482422,149.89999389648438,48.80142593383789,1.263163447380066,1.4677616357803345,1.5407098531723022,1.5078390836715698,1.4148650169372559,11.340187072753906
178.39999389648438,174.8000030517578,147.89999389648438,174.1999969482422,167.89999389648438,138.89999389648438,162.60000610351562,154.60000610351562,152.10000610351562,158.3000030517578,145.1999969482422,157.5,163.39999389648438,151.60000610351562,153.0,49.69637680053711,1.2939327955245972,1.4742056131362915,1.5464136600494385,1.509164571762085,1.4092382192611694,11.175854682922363
179.6999969482422,174.0,139.1999969482422,173.89999389648438,167.10000610351562,142.0,163.5,154.5,152.3000030517578,157.39999389648438,149.0,155.89999389648438,162.60000610351562,153.5,153.6999969482422,51.009117126464844,1.3025542497634888,1.4912488460540771,1.5587334632873535,1.5278533697128296,1.4219683408737183,11.520389556884766
178.1999969482422,174.10000610351562,140.60000610351562,172.39999389648438,167.0,142.3000030517578,163.6999969482422,153.10000610351562,155.39999389648438,157.8000030517578,147.1999969482422,159.0,163.0,153.1999969482422,153.6999969482422,52.09894943237305,1.318800449371338,1.4737052917480469,1.53760826587677,1.5131018161773682,1.4019975662231445,12.539680480957031
176.8000030517578,175.5,137.1999969482422,171.1999969482422,167.1999969482422,140.60000610351562,165.6999969482422,152.39999389648438,150.0,158.6999969482422,146.1999969482422,156.8000030517578,163.5,152.60000610351562,151.89999389648438,51.88298034667969,1.311311960220337,1.4680888652801514,1.5198858976364136,1.4929616451263428,1.3894031047821045,12.633086204528809
175.10000610351562,173.89999389648438,133.6999969482422,169.10000610351562,165.39999389648438,143.3000030517578,168.89999389648438,152.60000610351562,147.39999389648438,160.10000610351562,148.60000610351562,152.10000610351562,162.60000610351562,155.3000030517578,148.89999389648438,53.331687927246094,1.316899299621582,1.4746012687683105,1.526465654373169,1.487952709197998,1.3782492876052856,11.276103019714355
174.6999969482422,171.60000610351562,134.8000030517578,167.5,168.6999969482422,137.8000030517578,170.0,154.3000030517578,146.39999389648438,160.60000610351562,148.8000030517578,152.0,162.8000030517578,156.39999389648438,146.8000030517578,53.16017532348633,1.3082458972930908,1.4717330932617188,1.5178122520446777,1.476105809211731,1.3615326881408691,12.810407638549805
174.0,172.6999969482422,131.1999969482422,166.6999969482422,167.10000610351562,144.8000030517578,171.60000610351562,159.5,142.1999969482422,163.1999969482422,149.6999969482422,153.10000610351562,161.8000030517578,159.8000030517578,147.39999389648438,52.8509635925293,1.2890102863311768,1.4832769632339478,1.5363596677780151,1.4895573854446411,1.3743051290512085,10.157244682312012
174.1999969482422,174.39999389648438,126.30000305175781,165.8000030517578,166.60000610351562,147.60000610351562,172.6999969482422,160.5,139.10000610351562,164.3000030517578,149.60000610351562,152.10000610351562,161.10000610351562,162.0,147.3000030517578,53.01173400878906,1.276259422302246,1.4948694705963135,1.541364073753357,1.499817967414856,1.3884915113449097,8.314807891845703
172.89999389648438,173.39999389648438,126.4000015258789,163.5,166.39999389648438,149.0,175.60000610351562,160.8000030517578,135.1999969482422,166.5,150.5,147.8000030517578,162.39999389648438,160.5,146.60000610351562,54.89051055908203,1.2676442861557007,1.475738525390625,1.5154504776000977,1.469312310218811,1.361750602722168,8.787744522094727
171.5,171.3000030517578,130.1999969482422,164.1999969482422,168.10000610351562,151.1999969482422,175.10000610351562,160.89999389648438,136.0,166.39999389648438,148.1999969482422,149.5,162.3000030517578,159.89999389648438,147.1999969482422,52.914493560791016,1.2593437433242798,1.4699265956878662,1.5100102424621582,1.4626370668411255,1.358625888824463,9.348616600036621
172.1999969482422,168.3000030517578,126.80000305175781,162.10000610351562,168.8000030517578,152.0,176.6999969482422,162.3000030517578,136.10000610351562,168.0,150.0,146.8000030517578,163.89999389648438,159.60000610351562,148.5,54.139862060546875,1.2197085618972778,1.4579150676727295,1.494840383529663,1.4439643621444702,1.3385640382766724,10.785399436950684
172.60000610351562,167.3000030517578,122.9000015258789,158.6999969482422,173.1999969482422,148.39999389648438,179.39999389648438,165.1999969482422,131.10000610351562,170.6999969482422,151.89999389648438,149.8000030517578,166.39999389648438,160.89999389648438,151.0,55.0057373046875,1.1604044437408447,1.4682053327560425,1.5181479454040527,1.472402811050415,1.3646295070648193,11.537956237792969
172.0,168.10000610351562,124.0999984741211,158.1999969482422,173.3000030517578,148.10000610351562,178.6999969482422,164.8000030517578,130.39999389648438,171.60000610351562,154.89999389648438,144.6999969482422,166.1999969482422,163.0,152.10000610351562,53.87493896484375,1.1548066139221191,1.497715711593628,1.5477699041366577,1.5061860084533691,1.398789405822754,11.888856887817383
172.8000030517578,164.89999389648438,124.0,155.8000030517578,172.8000030517578,154.0,176.6999969482422,166.6999969482422,128.89999389648438,174.39999389648438,156.1999969482422,142.3000030517578,167.5,165.0,150.8000030517578,53.15591812133789,1.1158121824264526,1.5441195964813232,1.6058686971664429,1.5609571933746338,1.4448996782302856,11.738986015319824
171.5,163.5,123.30000305175781,153.5,173.0,168.0,172.5,171.0,127.9000015258789,176.39999389648438,159.8000030517578,142.89999389648438,166.60000610351562,170.3000030517578,150.1999969482422,50.437530517578125,1.1841394901275635,1.5990089178085327,1.6804651021957397,1.624477505683899,1.506805658340454,12.232711791992188
170.8000030517578,164.60000610351562,125.0,152.5,173.60000610351562,166.5,172.60000610351562,170.1999969482422,130.60000610351562,176.6999969482422,159.0,148.8000030517578,167.3000030517578,169.3000030517578,153.10000610351562,50.525516510009766,1.194996953010559,1.6146553754806519,1.697859287261963,1.6395463943481445,1.523516058921814,11.090655326843262
172.3000030517578,162.60000610351562,126.0,154.0,174.6999969482422,178.1999969482422,171.39999389648438,177.0,116.9000015258789,178.3000030517578,161.8000030517578,140.89999389648438,166.5,173.0,149.5,49.754329681396484,1.1989693641662598,1.6089838743209839,1.6952013969421387,1.63278329372406,1.5249356031417847,9.38589859008789
171.1999969482422,162.3000030517578,135.39999389648438,156.60000610351562,176.0,165.3000030517578,174.8000030517578,169.1999969482422,126.0999984741211,175.60000610351562,153.8000030517578,147.0,164.8000030517578,172.3000030517578,147.6999969482422,48.82969284057617,1.1250579357147217,1.6053097248077393,1.6770299673080444,1.6267002820968628,1.5240235328674316,11.691462516784668
170.8000030517578,169.39999389648438,130.5,160.1999969482422,174.89999389648438,161.60000610351562,177.6999969482422,163.0,126.80000305175781,172.8000030517578,151.6999969482422,138.5,164.89999389648438,167.5,143.3000030517578,49.77677536010742,1.1505937576293945,1.5250407457351685,1.5575778484344482,1.507580280303955,1.4161152839660645,12.122550010681152
172.0,171.5,125.5999984741211,161.0,173.1999969482422,150.6999969482422,179.8000030517578,162.5,127.9000015258789,170.10000610351562,152.60000610351562,139.6999969482422,165.89999389648438,162.60000610351562,146.39999389648438,53.28988265991211,1.1968172788619995,1.480507731437683,1.506954550743103,1.4564388990402222,1.3676639795303345,11.436567306518555
171.89999389648438,171.39999389648438,126.0999984741211,162.39999389648438,171.0,148.1999969482422,177.8000030517578,159.89999389648438,130.10000610351562,168.3000030517578,146.8000030517578,143.5,163.10000610351562,161.39999389648438,146.6999969482422,53.328453063964844,1.22712242603302,1.459368109703064,1.4796663522720337,1.4288252592086792,1.3505170345306396,12.09235668182373
172.89999389648438,171.39999389648438,124.0999984741211,161.39999389648438,170.89999389648438,145.89999389648438,178.10000610351562,158.8000030517578,130.3000030517578,169.0,146.0,141.8000030517578,163.1999969482422,160.0,147.5,53.56494903564453,1.2229832410812378,1.4581522941589355,1.4733127355575562,1.4229755401611328,1.351958155632019,12.271888732910156
173.0,172.8000030517578,121.5,162.8000030517578,167.5,146.1999969482422,179.6999969482422,152.6999969482422,95.69999694824219,169.1999969482422,149.0,107.0999984741211,167.3000030517578,160.0,118.5999984741211,50.63067626953125,1.2093967199325562,1.4816176891326904,1.4307116270065308,1.3901537656784058,1.3531123399734497,11.420249938964844
173.5,171.3000030517578,115.5999984741211,162.1999969482422,166.89999389648438,138.5,179.3000030517578,154.3000030517578,103.0999984741211,169.3000030517578,145.89999389648438,116.0,168.0,158.0,122.69999694824219,52.57141876220703,1.172648310661316,1.4653427600860596,1.4534600973129272,1.4014490842819214,1.355556607246399,11.943443298339844
173.89999389648438,171.6999969482422,119.5,164.6999969482422,165.89999389648438,132.39999389648438,177.60000610351562,154.1999969482422,100.9000015258789,168.1999969482422,145.60000610351562,120.9000015258789,168.10000610351562,157.8000030517578,127.4000015258789,50.61713409423828,1.2068235874176025,1.4454479217529297,1.432145595550537,1.3942500352859497,1.3498784303665161,12.194286346435547
172.8000030517578,171.5,120.69999694824219,164.5,163.60000610351562,125.80000305175781,176.6999969482422,154.89999389648438,106.0999984741211,167.3000030517578,148.8000030517578,122.19999694824219,169.3000030517578,156.5,128.6999969482422,50.6845703125,1.2008171081542969,1.4336192607879639,1.4452732801437378,1.4058276414871216,1.3531676530838013,13.772220611572266
172.60000610351562,172.3000030517578,128.60000610351562,167.3000030517578,165.60000610351562,127.5,174.1999969482422,150.60000610351562,117.5,164.8000030517578,146.3000030517578,131.0,168.5,155.89999389648438,131.89999389648438,50.676116943359375,1.268970012664795,1.4167369604110718,1.4272494316101074,1.383481740951538,1.3366813659667969,15.636555671691895
174.0,171.60000610351562,126.30000305175781,167.8000030517578,162.8000030517578,122.4000015258789,172.1999969482422,150.3000030517578,123.0,163.39999389648438,145.5,132.6999969482422,169.0,153.6999969482422,132.0,51.88325119018555,1.2724003791809082,1.4162641763687134,1.4451650381088257,1.3995137214660645,1.3420827388763428,15.677860260009766
174.10000610351562,173.8000030517578,126.5999984741211,168.8000030517578,163.5,126.5999984741211,171.10000610351562,149.8000030517578,130.0,163.0,141.6999969482422,142.3000030517578,166.39999389648438,156.0,138.39999389648438,51.22461700439453,1.2868170738220215,1.419227957725525,1.4423508644104004,1.4061331748962402,1.3554818630218506,14.222935676574707
174.0,174.0,126.5999984741211,170.1999969482422,161.8000030517578,131.0,170.0,147.3000030517578,134.1999969482422,160.8000030517578,141.0,144.5,166.8000030517578,154.6999969482422,140.0,50.42165756225586,1.2944564819335938,1.4095078706741333,1.4379702806472778,1.3894909620285034,1.3467081785202026,15.272165298461914
173.6999969482422,174.60000610351562,129.10000610351562,171.0,160.5,129.39999389648438,166.10000610351562,145.5,137.1999969482422,157.3000030517578,142.60000610351562,143.89999389648438,165.8000030517578,151.6999969482422,140.10000610351562,49.54417419433594,1.3056734800338745,1.4172011613845825,1.4432270526885986,1.406549334526062,1.346954584121704,16.769020080566406
173.5,174.5,128.6999969482422,171.1999969482422,160.6999969482422,131.89999389648438,165.1999969482422,148.39999389648438,138.0,156.39999389648438,145.89999389648438,143.60000610351562,164.8000030517578,153.3000030517578,141.3000030517578,48.7130012512207,1.2946134805679321,1.4135136604309082,1.4448597431182861,1.4055588245391846,1.3479492664337158,16.864526748657227
173.8000030517578,173.10000610351562,126.9000015258789,173.39999389648438,159.10000610351562,126.69999694824219,162.60000610351562,144.89999389648438,141.6999969482422,154.39999389648438,143.6999969482422,145.1999969482422,162.60000610351562,152.5,142.5,46.57086944580078,1.2678215503692627,1.4022413492202759,1.4324935674667358,1.3979958295822144,1.3419798612594604,16.56561279296875
172.39999389648438,173.89999389648438,128.8000030517578,174.89999389648438,160.89999389648438,127.19999694824219,161.1999969482422,145.89999389648438,139.8000030517578,153.60000610351562,142.39999389648438,144.60000610351562,162.6999969482422,151.8000030517578,141.10000610351562,45.03580093383789,1.2648334503173828,1.398146629333496,1.4390746355056763,1.3995850086212158,1.348192811012268,16.894054412841797
172.10000610351562,174.89999389648438,127.80000305175781,177.0,160.10000610351562,125.9000015258789,160.10000610351562,144.10000610351562,143.0,153.89999389648438,141.60000610351562,143.89999389648438,161.3000030517578,150.39999389648438,138.3000030517578,43.519203186035156,1.2519961595535278,1.3868534564971924,1.4347918033599854,1.3987702131271362,1.3367849588394165,14.774982452392578
174.10000610351562,174.39999389648438,133.10000610351562,179.0,157.10000610351562,124.5,158.3000030517578,143.89999389648438,143.0,153.10000610351562,141.3000030517578,148.1999969482422,162.5,150.0,143.89999389648438,43.99889373779297,1.2836014032363892,1.3890224695205688,1.4393670558929443,1.413979411125183,1.3509646654129028,15.558714866638184
173.5,174.8000030517578,135.3000030517578,179.10000610351562,157.6999969482422,124.30000305175781,155.6999969482422,143.5,144.1999969482422,152.5,137.6999969482422,151.60000610351562,163.10000610351562,147.3000030517578,143.39999389648438,42.11772537231445,1.2593024969100952,1.3674907684326172,1.4114571809768677,1.3947559595108032,1.3435983657836914,16.329940795898438
172.10000610351562,175.89999389648438,135.0,177.6999969482422,158.39999389648438,129.39999389648438,155.89999389648438,141.6999969482422,147.3000030517578,151.10000610351562,139.60000610351562,148.89999389648438,161.5,147.60000610351562,141.3000030517578,41.36273956298828,1.253411889076233,1.3769140243530273,1.4334934949874878,1.401517391204834,1.3496588468551636,15.744499206542969
173.1999969482422,175.5,134.60000610351562,179.60000610351562,157.8000030517578,129.0,157.10000610351562,142.3000030517578,146.10000610351562,151.6999969482422,141.89999389648438,149.5,161.1999969482422,149.60000610351562,142.5,43.258968353271484,1.2597497701644897,1.384954571723938,1.4341703653335571,1.4129917621612549,1.3507033586502075,14.926034927368164
171.0,174.3000030517578,133.5,179.0,155.89999389648438,128.5,157.8000030517578,142.1999969482422,144.6999969482422,152.6999969482422,140.8000030517578,149.3000030517578,161.8000030517578,149.5,141.6999969482422,42.105960845947266,1.2477366924285889,1.3802156448364258,1.4283020496368408,1.4101197719573975,1.3480451107025146,15.020004272460938
170.6999969482422,174.6999969482422,138.3000030517578,177.8000030517578,155.89999389648438,132.5,155.10000610351562,142.1999969482422,147.5,151.5,139.3000030517578,152.60000610351562,161.3000030517578,146.8000030517578,144.1999969482422,39.52689743041992,1.2445155382156372,1.3871703147888184,1.4411948919296265,1.4302693605422974,1.3702884912490845,14.838873863220215
173.8000030517578,174.10000610351562,137.5,177.0,157.3000030517578,128.89999389648438,153.39999389648438,143.8000030517578,146.10000610351562,150.0,140.5,151.39999389648438,160.8000030517578,148.89999389648438,146.5,40.574405670166016,1.2272104024887085,1.3703118562698364,1.4233269691467285,1.414061427116394,1.3702983856201172,15.470879554748535
172.6999969482422,174.10000610351562,133.8000030517578,178.39999389648438,157.89999389648438,133.6999969482422,154.8000030517578,144.60000610351562,150.1999969482422,151.8000030517578,139.6999969482422,154.89999389648438,160.1999969482422,148.6999969482422,145.3000030517578,39.5651969909668,1.2223448753356934,1.4087893962860107,1.4633054733276367,1.4615039825439453,1.4020015001296997,13.706338882446289
172.10000610351562,176.6999969482422,135.5,176.10000610351562,161.8000030517578,128.10000610351562,154.6999969482422,141.5,152.5,150.1999969482422,142.0,155.0,160.6999969482422,146.3000030517578,148.89999389648438,38.62561798095703,1.2349385023117065,1.403180718421936,1.4777259826660156,1.4831280708312988,1.4337186813354492,14.287307739257812
170.10000610351562,178.1999969482422,138.1999969482422,173.6999969482422,164.8000030517578,133.8000030517578,153.3000030517578,141.89999389648438,155.6999969482422,148.0,144.89999389648438,156.5,155.3000030517578,155.1999969482422,150.1999969482422,35.64786911010742,1.225862741470337,1.4198379516601562,1.4727672338485718,1.476273775100708,1.4380542039871216,10.136137962341309
169.6999969482422,175.39999389648438,140.6999969482422,174.8000030517578,166.0,134.3000030517578,153.0,145.1999969482422,153.89999389648438,150.1999969482422,139.0,157.10000610351562,156.89999389648438,149.89999389648438,147.60000610351562,36.95957946777344,1.1967520713806152,1.4091185331344604,1.4641528129577637,1.458091139793396,1.4384455680847168,9.890501976013184
174.10000610351562,174.0,144.6999969482422,179.1999969482422,162.10000610351562,132.60000610351562,156.3000030517578,145.0,152.39999389648438,151.3000030517578,140.3000030517578,159.0,159.10000610351562,150.5,154.10000610351562,44.13324737548828,1.2502862215042114,1.3971161842346191,1.4724712371826172,1.4700617790222168,1.454107403755188,11.262161254882812
173.0,169.1999969482422,146.8000030517578,176.1999969482422,163.39999389648438,139.60000610351562,151.8000030517578,146.8000030517578,153.10000610351562,147.89999389648438,142.60000610351562,156.0,156.89999389648438,150.5,145.6999969482422,41.55440902709961,1.2409226894378662,1.418630599975586,1.4531514644622803,1.4660680294036865,1.444778561592102,11.928613662719727
171.60000610351562,168.3000030517578,146.5,177.8000030517578,165.89999389648438,142.10000610351562,149.6999969482422,150.5,162.60000610351562,143.60000610351562,149.0,161.6999969482422,158.89999389648438,146.8000030517578,152.39999389648438,42.18217468261719,1.2341755628585815,1.4256929159164429,1.467672348022461,1.4620752334594727,1.433886170387268,19.068571090698242
170.8000030517578,168.5,142.0,174.39999389648438,162.89999389648438,142.39999389648438,147.10000610351562,150.10000610351562,165.89999389648438,140.89999389648438,151.10000610351562,162.5,154.39999389648438,147.39999389648438,153.8000030517578,41.716041564941406,1.1814837455749512,1.3932405710220337,1.4781221151351929,1.4753490686416626,1.4437689781188965,17.22988510131836
169.60000610351562,165.6999969482422,147.39999389648438,175.1999969482422,164.60000610351562,145.1999969482422,144.39999389648438,152.10000610351562,169.39999389648438,138.39999389648438,152.0,165.0,155.39999389648438,144.6999969482422,157.3000030517578,41.88210678100586,1.1902109384536743,1.4167890548706055,1.4739400148391724,1.4685906171798706,1.4411200284957886,20.96418571472168
171.39999389648438,161.3000030517578,148.3000030517578,172.6999969482422,165.1999969482422,147.0,141.39999389648438,154.60000610351562,167.60000610351562,135.10000610351562,155.39999389648438,164.10000610351562,154.3000030517578,150.1999969482422,153.3000030517578,42.77297592163086,1.1907172203063965,1.392428994178772,1.462959885597229,1.4544401168823242,1.440027117729187,22.990001678466797
169.8000030517578,159.60000610351562,150.1999969482422,171.6999969482422,160.6999969482422,146.89999389648438,139.5,155.60000610351562,167.6999969482422,134.89999389648438,156.89999389648438,162.6999969482422,154.10000610351562,147.60000610351562,157.3000030517578,43.26220703125,1.1909254789352417,1.3662831783294678,1.452993392944336,1.4220494031906128,1.3971396684646606,22.24981117248535
164.8000030517578,157.6999969482422,149.3000030517578,170.89999389648438,159.8000030517578,154.3000030517578,136.0,159.39999389648438,169.39999389648438,131.0,161.5,162.89999389648438,152.1999969482422,147.10000610351562,159.5,42.00764465332031,1.1792975664138794,1.4012352228164673,1.486336588859558,1.4582383632659912,1.4240607023239136,23.454071044921875
169.0,156.89999389648438,147.0,172.39999389648438,160.89999389648438,153.0,140.39999389648438,155.39999389648438,169.39999389648438,136.5,155.6999969482422,164.8000030517578,156.39999389648438,146.10000610351562,157.0,43.2507209777832,1.1713979244232178,1.3873043060302734,1.4961134195327759,1.4803045988082886,1.4470230340957642,22.71339988708496
167.1999969482422,156.60000610351562,146.60000610351562,170.1999969482422,162.10000610351562,151.10000610351562,136.5,158.0,169.6999969482422,130.5,161.10000610351562,165.5,155.5,144.5,160.1999969482422,42.469688415527344,1.1442371606826782,1.3691457509994507,1.4740017652511597,1.441794514656067,1.4102816581726074,27.68048858642578
169.5,157.60000610351562,145.8000030517578,169.0,164.10000610351562,143.6999969482422,138.3000030517578,156.10000610351562,168.3000030517578,133.60000610351562,156.60000610351562,168.0,158.39999389648438,144.8000030517578,157.3000030517578,42.704307556152344,1.1467437744140625,1.3607090711593628,1.4722505807876587,1.4483433961868286,1.4231276512145996,27.312820434570312
169.8000030517578,161.39999389648438,152.8000030517578,171.8000030517578,163.89999389648438,140.60000610351562,145.10000610351562,154.10000610351562,160.5,139.1999969482422,151.60000610351562,165.8000030517578,158.3000030517578,148.10000610351562,156.0,41.7797737121582,1.2226519584655762,1.352957010269165,1.4495128393173218,1.4412778615951538,1.417059302330017,22.613630294799805
166.89999389648438,162.89999389648438,154.8000030517578,170.1999969482422,165.10000610351562,149.8000030517578,142.5,154.1999969482422,169.6999969482422,138.1999969482422,150.39999389648438,167.0,154.5,149.1999969482422,153.5,38.05561447143555,1.1728577613830566,1.3675369024276733,1.451481819152832,1.4217512607574463,1.4025651216506958,20.093456268310547
166.1999969482422,166.39999389648438,143.89999389648438,174.10000610351562,158.60000610351562,153.60000610351562,143.10000610351562,153.3000030517578,174.0,134.1999969482422,158.39999389648438,163.1999969482422,152.8000030517578,147.3000030517578,159.60000610351562,39.67927551269531,1.162919521331787,1.3337897062301636,1.4320173263549805,1.3973088264465332,1.3664652109146118,22.45798110961914
171.1999969482422,165.3000030517578,143.60000610351562,175.60000610351562,172.10000610351562,140.0,149.1999969482422,153.10000610351562,167.39999389648438,139.1999969482422,153.5,164.3000030517578,154.39999389648438,150.6999969482422,153.60000610351562,42.18684387207031,1.2500932216644287,1.4029182195663452,1.478294849395752,1.4599167108535767,1.4442015886306763,21.100112915039062
172.8000030517578,166.60000610351562,142.8000030517578,179.6999969482422,169.1999969482422,137.39999389648438,152.6999969482422,152.3000030517578,162.0,145.60000610351562,150.1999969482422,159.89999389648438,157.3000030517578,148.1999969482422,153.39999389648438,45.90702819824219,1.2255682945251465,1.3936759233474731,1.4613927602767944,1.4610366821289062,1.4292933940887451,18.680133819580078
174.1999969482422,167.10000610351562,133.0,178.39999389648438,167.6999969482422,130.0,155.3000030517578,149.6999969482422,154.8000030517578,148.89999389648438,146.3000030517578,154.89999389648438,158.5,146.10000610351562,150.3000030517578,43.98358154296875,1.188678503036499,1.366929054260254,1.4307442903518677,1.419636607170105,1.382880687713623,15.22695255279541
176.60000610351562,167.10000610351562,139.3000030517578,179.0,168.89999389648438,125.0999984741211,156.6999969482422,149.8000030517578,154.0,152.0,143.3000030517578,154.3000030517578,159.1999969482422,148.5,146.6999969482422,45.272586822509766,1.2300208806991577,1.3803130388259888,1.4560739994049072,1.4341548681259155,1.386287808418274,12.976431846618652
175.60000610351562,170.0,134.60000610351562,179.0,172.0,130.39999389648438,156.1999969482422,152.10000610351562,158.1999969482422,150.39999389648438,146.3000030517578,157.89999389648438,158.89999389648438,149.0,149.8000030517578,43.52444076538086,1.237979531288147,1.3820382356643677,1.4490891695022583,1.4273074865341187,1.3813133239746094,15.6873197555542
176.8000030517578,168.8000030517578,133.0,177.8000030517578,165.5,122.30000305175781,158.5,148.89999389648438,152.3000030517578,153.39999389648438,143.39999389648438,152.5,159.6999969482422,151.0,148.5,46.0018196105957,1.2235848903656006,1.3958123922348022,1.470237135887146,1.4420878887176514,1.3791128396987915,12.529691696166992
176.0,173.10000610351562,130.6999969482422,178.8000030517578,162.60000610351562,130.60000610351562,157.8000030517578,148.8000030517578,150.3000030517578,151.1999969482422,146.10000610351562,154.60000610351562,160.8000030517578,151.6999969482422,147.39999389648438,44.547767639160156,1.2584015130996704,1.4033957719802856,1.4617172479629517,1.4428120851516724,1.3725509643554688,15.883801460266113
176.1999969482422,173.60000610351562,136.89999389648438,177.8000030517578,164.6999969482422,126.5,159.5,148.6999969482422,146.39999389648438,155.1999969482422,142.6999969482422,152.8000030517578,164.10000610351562,147.8000030517578,147.10000610351562,45.875614166259766,1.2855348587036133,1.4188388586044312,1.4746254682540894,1.4554375410079956,1.3706374168395996,14.6752290725708
176.8000030517578,173.0,141.60000610351562,175.89999389648438,165.1999969482422,135.0,160.6999969482422,154.0,147.8000030517578,155.10000610351562,147.5,156.39999389648438,163.8000030517578,151.1999969482422,151.60000610351562,47.095516204833984,1.30886971950531,1.4630545377731323,1.527243733406067,1.496795892715454,1.3944483995437622,14.199617385864258
174.1999969482422,175.5,155.0,175.39999389648438,164.5,138.0,160.0,154.89999389648438,151.0,154.8000030517578,148.10000610351562,158.60000610351562,162.39999389648438,151.8000030517578,154.0,45.16481399536133,1.3368926048278809,1.4600290060043335,1.5276838541030884,1.495632529258728,1.3804550170898438,13.171015739440918
173.5,174.10000610351562,154.0,174.1999969482422,166.10000610351562,131.39999389648438,165.1999969482422,149.89999389648438,150.10000610351562,162.10000610351562,139.89999389648438,157.6999969482422,169.6999969482422,145.10000610351562,151.39999389648438,47.21865463256836,1.2999083995819092,1.4480352401733398,1.5228787660598755,1.4777833223342896,1.373085618019104,14.643535614013672
172.6999969482422,176.6999969482422,147.1999969482422,176.1999969482422,160.8000030517578,139.10000610351562,160.89999389648438,148.60000610351562,148.0,155.39999389648438,142.5,156.8000030517578,167.6999969482422,146.3000030517578,144.10000610351562,45.49549865722656,1.3250528573989868,1.432172417640686,1.489205241203308,1.4594371318817139,1.3588480949401855,18.379560470581055
171.8000030517578,176.8000030517578,146.5,176.89999389648438,165.5,135.89999389648438,161.1999969482422,150.5,153.0,156.39999389648438,144.6999969482422,159.8000030517578,162.39999389648438,152.10000610351562,151.1999969482422,43.990638732910156,1.3245106935501099,1.4474530220031738,1.5175976753234863,1.4874712228775024,1.3886504173278809,12.671390533447266
172.5,174.89999389648438,147.89999389648438,175.5,163.60000610351562,138.60000610351562,160.8000030517578,154.1999969482422,153.0,154.60000610351562,151.39999389648438,158.8000030517578,160.60000610351562,154.8000030517578,155.6999969482422,44.624267578125,1.3167166709899902,1.4472811222076416,1.524120807647705,1.4974944591522217,1.4008355140686035,13.19762897491455
172.0,176.0,149.6999969482422,176.3000030517578,163.10000610351562,135.0,161.3000030517578,151.8000030517578,149.1999969482422,154.6999969482422,149.5,155.10000610351562,160.5,154.10000610351562,152.0,43.736576080322266,1.3268336057662964,1.448196291923523,1.5189846754074097,1.4919031858444214,1.3979028463363647,11.869711875915527
172.8000030517578,176.5,144.5,177.89999389648438,161.8000030517578,134.60000610351562,158.60000610351562,149.89999389648438,149.1999969482422,153.10000610351562,146.89999389648438,154.39999389648438,160.60000610351562,152.60000610351562,147.89999389648438,42.16244888305664,1.3028240203857422,1.4330862760543823,1.4886842966079712,1.4642807245254517,1.3768526315689087,12.937082290649414
173.10000610351562,175.39999389648438,145.8000030517578,178.0,166.0,131.89999389648438,159.39999389648438,149.89999389648438,150.8000030517578,153.6999969482422,146.60000610351562,156.6999969482422,161.39999389648438,153.39999389648438,149.8000030517578,43.29743957519531,1.2960983514785767,1.4325567483901978,1.5058718919754028,1.4815611839294434,1.402093768119812,13.18682861328125
174.60000610351562,175.10000610351562,140.0,174.6999969482422,161.89999389648438,130.39999389648438,163.6999969482422,146.1999969482422,147.1999969482422,158.6999969482422,138.89999389648438,155.60000610351562,167.10000610351562,146.0,149.3000030517578,48.31496810913086,1.3015453815460205,1.4223095178604126,1.481033205986023,1.4558794498443604,1.3691107034683228,14.640142440795898
175.1999969482422,174.3000030517578,138.39999389648438,175.3000030517578,160.60000610351562,131.5,162.3000030517578,143.0,150.3000030517578,156.8000030517578,137.3000030517578,154.8000030517578,166.39999389648438,144.8000030517578,145.6999969482422,49.83732223510742,1.3046025037765503,1.4051531553268433,1.4536094665527344,1.428971529006958,1.3661140203475952,16.020471572875977
177.0,176.5,142.10000610351562,177.8000030517578,162.10000610351562,127.0999984741211,160.60000610351562,143.8000030517578,150.39999389648438,156.0,139.8000030517578,154.6999969482422,165.89999389648438,143.6999969482422,150.0,46.80497360229492,1.2846126556396484,1.4173626899719238,1.4804444313049316,1.4620174169540405,1.389508843421936,15.146132469177246
179.10000610351562,175.5,147.39999389648438,176.3000030517578,162.89999389648438,124.9000015258789,155.10000610351562,145.89999389648438,148.10000610351562,154.1999969482422,140.3000030517578,154.39999389648438,161.6999969482422,148.6999969482422,150.89999389648438,43.57571792602539,1.2597309350967407,1.3943887948989868,1.462446689605713,1.4596906900405884,1.4004144668579102,11.557415962219238
178.1999969482422,177.3000030517578,147.60000610351562,175.8000030517578,161.8000030517578,131.6999969482422,154.8000030517578,144.3000030517578,149.8000030517578,152.6999969482422,141.39999389648438,153.6999969482422,160.39999389648438,152.1999969482422,149.1999969482422,41.769447326660156,1.2465953826904297,1.4176087379455566,1.4761019945144653,1.4719069004058838,1.429527759552002,11.0552339553833
177.39999389648438,177.60000610351562,150.1999969482422,176.5,162.89999389648438,136.3000030517578,155.1999969482422,144.10000610351562,153.39999389648438,151.89999389648438,144.10000610351562,154.3000030517578,160.39999389648438,153.6999969482422,150.0,41.63743591308594,1.2421371936798096,1.422091007232666,1.4726570844650269,1.4741579294204712,1.4383656978607178,12.12539005279541
174.8000030517578,177.89999389648438,147.89999389648438,174.0,164.0,130.3000030517578,154.89999389648438,141.6999969482422,151.5,152.8000030517578,141.5,151.60000610351562,160.60000610351562,151.5,147.39999389648438,40.055519104003906,1.2386656999588013,1.424553632736206,1.4764357805252075,1.4770746231079102,1.4475709199905396,10.271827697753906
175.10000610351562,176.60000610351562,150.1999969482422,172.3000030517578,166.8000030517578,133.6999969482422,154.0,143.10000610351562,152.89999389648438,152.1999969482422,141.8000030517578,155.8000030517578,159.3000030517578,153.6999969482422,149.8000030517578,38.78485107421875,1.2354207038879395,1.4528734683990479,1.4867123365402222,1.4881449937820435,1.454567551612854,8.596105575561523
171.0,176.3000030517578,154.1999969482422,168.3000030517578,164.10000610351562,140.0,150.60000610351562,141.0,155.60000610351562,147.5,141.60000610351562,157.39999389648438,155.3000030517578,153.39999389648438,150.60000610351562,37.35586929321289,1.2708518505096436,1.4458587169647217,1.4512324333190918,1.4543520212173462,1.4308027029037476,8.379530906677246
166.8000030517578,175.60000610351562,155.3000030517578,161.10000610351562,160.3000030517578,158.8000030517578,146.10000610351562,144.3000030517578,156.3000030517578,143.1999969482422,143.39999389648438,158.5,150.39999389648438,158.1999969482422,148.10000610351562,31.494434356689453,1.3039523363113403,1.4906142950057983,1.4554179906845093,1.443727731704712,1.4246606826782227,7.041369915008545
164.6999969482422,171.3000030517578,157.5,153.1999969482422,160.60000610351562,157.39999389648438,143.6999969482422,145.8000030517578,153.60000610351562,140.10000610351562,145.1999969482422,157.60000610351562,150.39999389648438,157.10000610351562,145.0,34.32901382446289,1.4696396589279175,1.4646828174591064,1.4278498888015747,1.3801229000091553,1.3477919101715088,9.975276947021484
172.10000610351562,179.6999969482422,140.39999389648438,140.89999389648438,151.10000610351562,151.5,143.1999969482422,121.4000015258789,169.3000030517578,154.39999389648438,131.89999389648438,175.10000610351562,166.60000610351562,167.60000610351562,153.1999969482422,31.88941192626953,1.2743829488754272,1.410409927368164,1.4148155450820923,1.445978045463562,1.3724701404571533,17.435546875
178.39999389648438,169.1999969482422,130.6999969482422,128.6999969482422,155.39999389648438,139.6999969482422,131.10000610351562,134.0,147.60000610351562,149.3000030517578,132.1999969482422,152.10000610351562,162.3000030517578,159.8000030517578,132.89999389648438,21.84171485900879,1.4086694717407227,1.414910912513733,1.4356456995010376,1.4478676319122314,1.428553819656372,17.49408531188965
178.8000030517578,178.1999969482422,149.39999389648438,128.39999389648438,158.39999389648438,138.5,133.6999969482422,135.1999969482422,151.6999969482422,148.8000030517578,132.39999389648438,152.60000610351562,159.60000610351562,156.3000030517578,134.1999969482422,27.134033203125,1.5166187286376953,1.407041072845459,1.460666298866272,1.437862515449524,1.3972357511520386,13.041318893432617
178.6999969482422,173.89999389648438,145.0,127.0999984741211,160.39999389648438,144.3000030517578,130.6999969482422,139.1999969482422,152.8000030517578,146.5,136.5,152.89999389648438,158.39999389648438,159.89999389648438,130.6999969482422,22.5819034576416,1.4470112323760986,1.45015549659729,1.4948809146881104,1.4678500890731812,1.4253267049789429,16.65851593017578
178.5,175.0,140.6999969482422,130.0,158.0,138.3000030517578,134.6999969482422,135.8000030517578,149.3000030517578,150.60000610351562,133.8000030517578,151.89999389648438,163.1999969482422,159.60000610351562,133.5,22.0242977142334,1.421354055404663,1.4384294748306274,1.4842314720153809,1.469308853149414,1.4300938844680786,15.733846664428711
169.10000610351562,171.89999389648438,167.10000610351562,156.3000030517578,162.5,146.6999969482422,147.89999389648438,142.60000610351562,154.6999969482422,147.60000610351562,133.60000610351562,163.0,150.8000030517578,154.6999969482422,148.5,35.242855072021484,1.4678601026535034,1.431187391281128,1.4123315811157227,1.392435073852539,1.3677393198013306,3.893824338912964
169.6999969482422,178.5,154.0,168.0,161.5,144.3000030517578,150.5,140.1999969482422,154.1999969482422,148.5,139.6999969482422,157.1999969482422,154.1999969482422,157.60000610351562,149.0,33.69191360473633,1.2587004899978638,1.4647082090377808,1.4374148845672607,1.4388383626937866,1.4315359592437744,6.03905725479126
171.8000030517578,177.6999969482422,150.3000030517578,170.39999389648438,162.89999389648438,138.39999389648438,150.60000610351562,142.1999969482422,156.89999389648438,148.1999969482422,140.6999969482422,158.60000610351562,156.10000610351562,152.6999969482422,149.8000030517578,35.73921585083008,1.2328306436538696,1.4235734939575195,1.462383508682251,1.4626877307891846,1.4357972145080566,9.856969833374023
172.3000030517578,177.60000610351562,149.8000030517578,173.8000030517578,164.5,138.10000610351562,153.0,144.0,155.89999389648438,149.0,142.39999389648438,157.3000030517578,159.0,152.10000610351562,149.0,37.876304626464844,1.2527183294296265,1.4422096014022827,1.4910807609558105,1.4812135696411133,1.456173300743103,12.893959999084473
177.6999969482422,175.60000610351562,145.39999389648438,176.60000610351562,164.60000610351562,131.3000030517578,155.1999969482422,145.8000030517578,153.10000610351562,151.5,142.8000030517578,155.8000030517578,157.39999389648438,150.3000030517578,150.1999969482422,41.842472076416016,1.2667959928512573,1.4273148775100708,1.4833883047103882,1.4758566617965698,1.4181138277053833,10.365160942077637
177.6999969482422,173.39999389648438,144.0,179.10000610351562,166.39999389648438,133.0,157.0,146.3000030517578,157.10000610351562,151.5,144.6999969482422,157.5,161.3000030517578,148.1999969482422,152.60000610351562,44.290138244628906,1.2555652856826782,1.4295775890350342,1.4973046779632568,1.474488615989685,1.416292428970337,15.112517356872559
177.5,169.5,142.60000610351562,179.3000030517578,163.5,126.5999984741211,157.6999969482422,145.6999969482422,152.6999969482422,154.39999389648438,138.8000030517578,158.60000610351562,165.60000610351562,146.3000030517578,151.0,46.83778762817383,1.2587902545928955,1.401252031326294,1.4640750885009766,1.4361869096755981,1.3839313983917236,16.646121978759766
175.1999969482422,174.10000610351562,146.1999969482422,174.6999969482422,165.0,134.5,164.1999969482422,147.1999969482422,150.6999969482422,157.89999389648438,141.60000610351562,153.6999969482422,162.3000030517578,150.1999969482422,147.39999389648438,48.08164596557617,1.2654554843902588,1.4292172193527222,1.4964410066604614,1.460120439529419,1.3936619758605957,11.064435005187988
176.0,171.60000610351562,146.6999969482422,176.60000610351562,166.3000030517578,134.5,161.8000030517578,148.6999969482422,149.60000610351562,156.0,145.1999969482422,149.60000610351562,160.3000030517578,155.0,146.1999969482422,46.43862533569336,1.2499667406082153,1.4184776544570923,1.490769386291504,1.4556763172149658,1.4160716533660889,11.260695457458496
175.1999969482422,173.0,149.1999969482422,179.5,167.0,140.3000030517578,157.8000030517578,147.6999969482422,158.39999389648438,152.8000030517578,147.5,152.6999969482422,158.5,151.60000610351562,147.89999389648438,44.521358489990234,1.230301022529602,1.425391435623169,1.497650384902954,1.4763007164001465,1.4209730625152588,10.944425582885742
174.1999969482422,172.1999969482422,153.8000030517578,175.0,163.89999389648438,142.39999389648438,152.10000610351562,152.89999389648438,158.1999969482422,149.89999389648438,148.10000610351562,159.3000030517578,157.1999969482422,151.0,148.8000030517578,41.5500602722168,1.1831001043319702,1.4250317811965942,1.5038503408432007,1.4993185997009277,1.44176185131073,11.07673168182373
172.0,173.1999969482422,155.1999969482422,172.89999389648438,169.3000030517578,142.10000610351562,149.6999969482422,154.5,160.5,148.60000610351562,147.10000610351562,161.39999389648438,157.5,147.10000610351562,153.3000030517578,39.59391403198242,1.1898722648620605,1.4000167846679688,1.4561750888824463,1.436890959739685,1.4043333530426025,12.274039268493652
169.5,173.10000610351562,152.60000610351562,175.1999969482422,167.60000610351562,142.60000610351562,150.0,155.8000030517578,159.6999969482422,147.89999389648438,152.10000610351562,160.39999389648438,157.6999969482422,149.8000030517578,153.1999969482422,42.14996337890625,1.2198036909103394,1.4333807229995728,1.4810963869094849,1.4854320287704468,1.441971778869629,12.65944766998291
169.10000610351562,169.10000610351562,157.5,174.0,169.1999969482422,146.60000610351562,146.10000610351562,160.0,167.8000030517578,141.6999969482422,156.39999389648438,169.5,160.3000030517578,147.1999969482422,162.1999969482422,42.2043342590332,1.2150146961212158,1.4436900615692139,1.4976840019226074,1.4720427989959717,1.440181851387024,21.140625
168.3000030517578,167.6999969482422,152.89999389648438,171.8000030517578,168.1999969482422,149.10000610351562,143.1999969482422,165.89999389648438,165.8000030517578,141.8000030517578,157.0,174.89999389648438,161.89999389648438,149.89999389648438,162.8000030517578,41.8128662109375,1.1874717473983765,1.4853945970535278,1.5675389766693115,1.5438281297683716,1.4986340999603271,22.279516220092773
166.60000610351562,166.0,155.1999969482422,172.89999389648438,171.0,147.8000030517578,144.6999969482422,164.5,167.10000610351562,144.5,151.1999969482422,178.39999389648438,160.8000030517578,150.8000030517578,161.5,41.49854278564453,1.1974141597747803,1.4921963214874268,1.5846049785614014,1.5565918684005737,1.5056049823760986,18.583345413208008
165.3000030517578,166.89999389648438,156.60000610351562,171.8000030517578,168.5,150.1999969482422,142.1999969482422,167.3000030517578,163.6999969482422,144.1999969482422,149.60000610351562,180.0,161.39999389648438,149.60000610351562,160.8000030517578,39.49574279785156,1.1825906038284302,1.489357352256775,1.5705010890960693,1.5537468194961548,1.5075511932373047,19.51980972290039
167.89999389648438,167.3000030517578,156.39999389648438,172.1999969482422,168.5,148.89999389648438,142.6999969482422,165.0,165.39999389648438,143.5,152.6999969482422,175.3000030517578,161.39999389648438,148.6999969482422,160.6999969482422,39.87084197998047,1.200168490409851,1.4636975526809692,1.5353095531463623,1.524887204170227,1.4873446226119995,20.415122985839844
171.1999969482422,167.5,153.1999969482422,173.3000030517578,167.60000610351562,145.10000610351562,148.60000610351562,158.1999969482422,161.10000610351562,149.39999389648438,151.5,164.1999969482422,162.6999969482422,148.6999969482422,155.39999389648438,40.92979049682617,1.2235162258148193,1.4781904220581055,1.5442715883255005,1.5310262441635132,1.4858959913253784,15.824783325195312
173.6999969482422,171.3000030517578,151.10000610351562,176.1999969482422,169.8000030517578,136.0,152.89999389648438,154.89999389648438,163.10000610351562,151.6999969482422,149.6999969482422,166.39999389648438,164.89999389648438,144.0,161.10000610351562,44.30708694458008,1.2758259773254395,1.454447627067566,1.5320011377334595,1.536227822303772,1.4825338125228882,16.513574600219727
172.1999969482422,173.89999389648438,153.89999389648438,176.39999389648438,169.10000610351562,144.1999969482422,153.5,153.39999389648438,163.8000030517578,151.60000610351562,146.89999389648438,164.89999389648438,161.1999969482422,147.1999969482422,155.1999969482422,41.58296203613281,1.229727029800415,1.456236720085144,1.5199790000915527,1.517975926399231,1.458350419998169,12.944869995117188
176.8000030517578,173.5,147.60000610351562,178.6999969482422,171.6999969482422,131.39999389648438,158.8000030517578,150.3000030517578,161.1999969482422,152.89999389648438,149.0,159.1999969482422,160.10000610351562,148.8000030517578,157.1999969482422,45.485618591308594,1.2411472797393799,1.4677499532699585,1.5451958179473877,1.5414283275604248,1.4724032878875732,10.695773124694824
174.1999969482422,175.3000030517578,149.3000030517578,178.0,168.6999969482422,144.1999969482422,159.89999389648438,156.8000030517578,156.5,156.0,149.10000610351562,158.10000610351562,160.6999969482422,154.3000030517578,152.89999389648438,45.06864929199219,1.2300870418548584,1.4811794757843018,1.5451830625534058,1.51669442653656,1.4522291421890259,8.909220695495605
176.3000030517578,176.0,134.39999389648438,177.60000610351562,164.1999969482422,146.0,161.60000610351562,153.60000610351562,157.10000610351562,156.0,149.6999969482422,158.1999969482422,161.60000610351562,150.5,151.10000610351562,46.73744201660156,1.2112443447113037,1.4951624870300293,1.5724326372146606,1.5559518337249756,1.4747490882873535,9.653646469116211
179.1999969482422,174.10000610351562,131.1999969482422,178.10000610351562,164.3000030517578,132.89999389648438,161.6999969482422,146.8000030517578,148.6999969482422,157.10000610351562,140.89999389648438,154.0,162.89999389648438,148.6999969482422,147.60000610351562,49.25529098510742,1.225753903388977,1.421972393989563,1.485406517982483,1.4719882011413574,1.403354287147522,10.602239608764648
178.39999389648438,174.1999969482422,129.60000610351562,177.6999969482422,163.60000610351562,134.8000030517578,160.5,145.60000610351562,150.0,156.0,137.8000030517578,155.6999969482422,163.3000030517578,146.0,145.60000610351562,49.35463333129883,1.2088432312011719,1.4167253971099854,1.4902448654174805,1.4779822826385498,1.427527904510498,12.510671615600586
177.5,170.5,135.60000610351562,179.60000610351562,161.3000030517578,130.39999389648438,158.6999969482422,143.0,148.39999389648438,154.6999969482422,137.6999969482422,154.60000610351562,163.5,148.1999969482422,144.6999969482422,47.80852508544922,1.2394609451293945,1.3719006776809692,1.4448902606964111,1.4450892210006714,1.4188258647918701,14.172311782836914
178.10000610351562,170.0,133.0,178.89999389648438,162.5,124.80000305175781,160.39999389648438,142.1999969482422,146.60000610351562,156.60000610351562,136.10000610351562,151.89999389648438,165.60000610351562,144.5,140.1999969482422,48.914215087890625,1.253400444984436,1.386184573173523,1.4511630535125732,1.4347519874572754,1.3850246667861938,15.009210586547852
176.3000030517578,172.5,130.0,177.89999389648438,161.0,131.60000610351562,158.1999969482422,142.10000610351562,146.5,152.1999969482422,138.6999969482422,150.39999389648438,165.39999389648438,146.89999389648438,137.3000030517578,48.789527893066406,1.2576583623886108,1.3686708211898804,1.423052191734314,1.4033910036087036,1.3712139129638672,19.417264938354492
174.6999969482422,173.60000610351562,130.89999389648438,178.1999969482422,159.89999389648438,131.89999389648438,159.3000030517578,142.0,140.39999389648438,153.0,136.0,148.0,164.6999969482422,147.0,134.89999389648438,46.17011260986328,1.2414387464523315,1.351359248161316,1.3976867198944092,1.3685015439987183,1.345192313194275,18.584930419921875
176.60000610351562,171.3000030517578,131.1999969482422,178.60000610351562,162.1999969482422,122.0999984741211,158.60000610351562,141.39999389648438,144.6999969482422,153.1999969482422,137.6999969482422,146.3000030517578,165.3000030517578,144.89999389648438,136.3000030517578,47.567726135253906,1.245398759841919,1.3462167978286743,1.4024500846862793,1.370880365371704,1.3377091884613037,19.48943519592285
174.6999969482422,172.39999389648438,128.0,179.8000030517578,160.1999969482422,118.5,159.3000030517578,136.6999969482422,137.1999969482422,152.6999969482422,133.8000030517578,143.39999389648438,164.3000030517578,144.6999969482422,132.60000610351562,45.89664840698242,1.2488421201705933,1.3393566608428955,1.3803197145462036,1.3503910303115845,1.3363958597183228,18.182464599609375
175.0,170.5,129.5,179.89999389648438,157.6999969482422,103.19999694824219,159.89999389648438,130.89999389648438,135.39999389648438,154.8000030517578,127.69999694824219,139.8000030517578,166.10000610351562,140.39999389648438,129.8000030517578,46.50666046142578,1.2433470487594604,1.294513463973999,1.3445204496383667,1.3071954250335693,1.297831654548645,17.94446563720703
173.8000030517578,171.1999969482422,127.0,179.0,161.60000610351562,105.0,160.10000610351562,133.89999389648438,134.5,154.39999389648438,128.5,140.39999389648438,166.60000610351562,140.5,129.89999389648438,46.05018997192383,1.2427481412887573,1.3140889406204224,1.356871485710144,1.3155354261398315,1.3043327331542969,19.135709762573242
174.60000610351562,173.8000030517578,125.0,179.89999389648438,159.60000610351562,108.0,160.8000030517578,132.10000610351562,138.10000610351562,156.60000610351562,129.60000610351562,143.3000030517578,165.60000610351562,141.5,133.0,46.10407638549805,1.2263202667236328,1.3267611265182495,1.3681108951568604,1.3482977151870728,1.3120373487472534,14.906542778015137
173.8000030517578,174.6999969482422,129.6999969482422,177.8000030517578,157.39999389648438,123.19999694824219,156.5,136.10000610351562,142.1999969482422,148.89999389648438,135.89999389648438,144.8000030517578,159.6999969482422,146.0,131.60000610351562,43.09638595581055,1.2322726249694824,1.3375335931777954,1.3780958652496338,1.3515064716339111,1.3175636529922485,16.080812454223633
173.1999969482422,174.89999389648438,130.39999389648438,175.8000030517578,159.39999389648438,115.0,155.6999969482422,138.10000610351562,138.89999389648438,150.39999389648438,131.3000030517578,147.89999389648438,159.10000610351562,145.39999389648438,134.89999389648438,42.25833511352539,1.2374721765518188,1.322800636291504,1.3650460243225098,1.339759349822998,1.3054479360580444,13.369393348693848
172.5,176.89999389648438,133.89999389648438,175.3000030517578,158.6999969482422,119.9000015258789,154.89999389648438,136.39999389648438,143.1999969482422,150.89999389648438,133.6999969482422,147.5,156.5,147.1999969482422,138.10000610351562,41.887699127197266,1.2355163097381592,1.3487173318862915,1.3938910961151123,1.395526647567749,1.3644020557403564,8.538091659545898
175.89999389648438,175.3000030517578,134.1999969482422,175.8000030517578,159.89999389648438,113.30000305175781,155.6999969482422,136.3000030517578,144.8000030517578,152.10000610351562,133.5,147.89999389648438,159.10000610351562,145.5,139.5,44.12286376953125,1.2549277544021606,1.3378150463104248,1.3921213150024414,1.3827427625656128,1.3459339141845703,11.10204029083252
171.39999389648438,177.0,137.1999969482422,175.3000030517578,160.60000610351562,130.10000610351562,154.89999389648438,137.60000610351562,149.39999389648438,151.3000030517578,135.60000610351562,150.8000030517578,157.3000030517578,149.1999969482422,141.0,40.32225036621094,1.2269195318222046,1.3776781558990479,1.4169390201568604,1.4207086563110352,1.4036953449249268,8.796320915222168
178.39999389648438,173.60000610351562,124.5,178.89999389648438,156.5,123.69999694824219,157.5,137.89999389648438,145.0,150.6999969482422,138.5,147.5,162.60000610351562,146.10000610351562,138.6999969482422,48.279544830322266,1.2555294036865234,1.3661227226257324,1.4078844785690308,1.3925182819366455,1.3672428131103516,18.400726318359375
174.5,174.0,126.30000305175781,175.8000030517578,156.89999389648438,126.9000015258789,160.10000610351562,142.3000030517578,141.0,153.10000610351562,140.39999389648438,145.60000610351562,162.1999969482422,149.60000610351562,138.39999389648438,47.08616638183594,1.291304349899292,1.3789546489715576,1.414289116859436,1.3863372802734375,1.3374589681625366,16.43045997619629
173.39999389648438,172.8000030517578,122.19999694824219,175.10000610351562,159.8000030517578,135.89999389648438,161.10000610351562,141.1999969482422,145.39999389648438,152.39999389648438,137.39999389648438,146.8000030517578,161.39999389648438,150.1999969482422,136.3000030517578,47.677486419677734,1.271270513534546,1.394368052482605,1.4195419549942017,1.3740547895431519,1.3364455699920654,18.149065017700195
173.0,170.60000610351562,136.1999969482422,168.10000610351562,165.1999969482422,136.1999969482422,170.3000030517578,147.6999969482422,132.39999389648438,162.60000610351562,135.1999969482422,142.89999389648438,165.5,151.6999969482422,136.89999389648438,52.50251007080078,1.3285044431686401,1.404991626739502,1.4274295568466187,1.3799769878387451,1.3308643102645874,12.870845794677734
172.60000610351562,172.1999969482422,129.8000030517578,168.0,167.3000030517578,133.8000030517578,171.5,147.60000610351562,135.5,161.1999969482422,143.39999389648438,140.0,164.89999389648438,152.6999969482422,138.1999969482422,52.570281982421875,1.318960189819336,1.4022095203399658,1.4229720830917358,1.3724902868270874,1.3186777830123901,14.895896911621094
173.8000030517578,171.89999389648438,129.0,168.10000610351562,165.5,135.5,172.39999389648438,151.10000610351562,127.5999984741211,163.6999969482422,140.0,143.6999969482422,163.89999389648438,156.89999389648438,139.6999969482422,52.00071334838867,1.2915421724319458,1.400251030921936,1.4236016273498535,1.3834068775177002,1.3322888612747192,12.522990226745605
173.1999969482422,170.89999389648438,128.39999389648438,167.5,168.1999969482422,129.8000030517578,173.1999969482422,150.3000030517578,128.1999969482422,164.60000610351562,140.5,140.39999389648438,163.60000610351562,156.60000610351562,137.5,52.136253356933594,1.300918698310852,1.3956711292266846,1.420484185218811,1.3735520839691162,1.32485830783844,12.66634750366211
173.5,169.5,130.6999969482422,167.0,168.89999389648438,126.5999984741211,174.5,152.60000610351562,125.0,165.39999389648438,143.1999969482422,137.39999389648438,163.89999389648438,158.3000030517578,137.1999969482422,52.18887710571289,1.2790865898132324,1.404949426651001,1.4379740953445435,1.3869482278823853,1.3295209407806396,11.802284240722656
173.39999389648438,170.6999969482422,127.0999984741211,166.5,169.0,116.69999694824219,175.89999389648438,152.39999389648438,120.5999984741211,167.1999969482422,141.8000030517578,133.5,165.1999969482422,157.1999969482422,134.3000030517578,52.29468536376953,1.2573046684265137,1.4164769649505615,1.4529341459274292,1.4011293649673462,1.3443114757537842,11.020112037658691
173.6999969482422,169.5,126.30000305175781,164.3000030517578,167.60000610351562,121.80000305175781,177.3000030517578,147.89999389648438,122.9000015258789,167.89999389648438,141.89999389648438,129.89999389648438,169.6999969482422,151.8000030517578,128.0,53.7362060546875,1.2406729459762573,1.3983192443847656,1.4130327701568604,1.3634408712387085,1.3049412965774536,16.15557098388672
173.5,171.89999389648438,128.1999969482422,166.10000610351562,164.8000030517578,131.60000610351562,174.0,149.8000030517578,126.80000305175781,166.10000610351562,140.60000610351562,137.8000030517578,167.6999969482422,153.10000610351562,137.10000610351562,53.27095031738281,1.2937172651290894,1.3873928785324097,1.3969480991363525,1.3473851680755615,1.3057811260223389,14.128766059875488
173.1999969482422,172.39999389648438,126.69999694824219,167.6999969482422,167.0,128.60000610351562,172.60000610351562,151.0,130.3000030517578,162.89999389648438,146.39999389648438,139.89999389648438,163.8000030517578,157.10000610351562,139.1999969482422,51.41261291503906,1.2959986925125122,1.4004371166229248,1.4221259355545044,1.3829174041748047,1.3229528665542603,12.391118049621582
172.60000610351562,172.5,129.10000610351562,168.6999969482422,165.10000610351562,131.0,169.0,147.0,135.89999389648438,158.3000030517578,146.1999969482422,140.3000030517578,162.5,155.6999969482422,140.39999389648438,50.504547119140625,1.2971868515014648,1.3870142698287964,1.407205581665039,1.3705068826675415,1.3230341672897339,15.422118186950684
172.3000030517578,172.8000030517578,128.60000610351562,168.5,162.89999389648438,129.1999969482422,168.89999389648438,147.60000610351562,135.6999969482422,158.60000610351562,144.3000030517578,140.6999969482422,161.8000030517578,156.10000610351562,140.10000610351562,49.56439208984375,1.2989920377731323,1.3794196844100952,1.3955973386764526,1.3564906120300293,1.310998558998108,14.214221000671387
172.6999969482422,173.3000030517578,130.3000030517578,169.60000610351562,163.0,128.6999969482422,167.60000610351562,147.6999969482422,139.1999969482422,158.6999969482422,143.6999969482422,144.10000610351562,161.5,154.60000610351562,144.1999969482422,48.6533203125,1.3147106170654297,1.3999927043914795,1.4287147521972656,1.394614338874817,1.3381074666976929,13.149602890014648
175.10000610351562,172.0,134.39999389648438,169.1999969482422,161.89999389648438,129.89999389648438,165.3000030517578,150.10000610351562,136.60000610351562,156.1999969482422,148.0,146.1999969482422,166.39999389648438,151.8000030517578,141.0,50.95147705078125,1.3149728775024414,1.414117693901062,1.4329243898391724,1.4069578647613525,1.3298276662826538,17.696802139282227
173.6999969482422,172.89999389648438,134.8000030517578,171.10000610351562,165.39999389648438,132.5,166.60000610351562,151.1999969482422,143.0,157.39999389648438,146.39999389648438,149.6999969482422,162.89999389648438,153.89999389648438,144.1999969482422,48.84261703491211,1.2989369630813599,1.4214415550231934,1.458821415901184,1.428255558013916,1.339762806892395,13.748680114746094
174.0,173.60000610351562,136.39999389648438,172.8000030517578,162.8000030517578,136.1999969482422,164.6999969482422,151.5,145.1999969482422,156.39999389648438,148.3000030517578,149.8000030517578,161.5,153.6999969482422,147.8000030517578,47.78329086303711,1.2862417697906494,1.4202992916107178,1.4659279584884644,1.443076252937317,1.351711630821228,12.67715072631836
174.3000030517578,174.10000610351562,133.8000030517578,173.5,161.1999969482422,137.5,163.0,150.8000030517578,149.10000610351562,154.8000030517578,148.10000610351562,152.60000610351562,162.10000610351562,153.0,147.8000030517578,47.592491149902344,1.289452075958252,1.4173334836959839,1.4665781259536743,1.4401013851165771,1.3547415733337402,14.181648254394531
174.60000610351562,175.60000610351562,136.89999389648438,174.1999969482422,162.1999969482422,134.89999389648438,161.39999389648438,150.8000030517578,145.10000610351562,155.0,145.0,155.6999969482422,161.8000030517578,153.1999969482422,148.1999969482422,46.233604431152344,1.2888991832733154,1.4221211671829224,1.4571728706359863,1.4471886157989502,1.3660575151443481,13.57960319519043
173.8000030517578,174.8000030517578,138.5,176.1999969482422,165.39999389648438,129.10000610351562,161.6999969482422,149.5,144.1999969482422,155.39999389648438,144.10000610351562,150.8000030517578,159.89999389648438,154.8000030517578,147.3000030517578,44.54996109008789,1.3001292943954468,1.42442786693573,1.4689477682113647,1.447108507156372,1.3723680973052979,11.306357383728027
175.3000030517578,175.6999969482422,139.1999969482422,177.89999389648438,164.8000030517578,130.10000610351562,160.1999969482422,148.0,148.0,154.0,146.5,152.10000610351562,159.8000030517578,154.8000030517578,148.39999389648438,44.025367736816406,1.2934303283691406,1.4259612560272217,1.4722332954406738,1.4608089923858643,1.39042067527771,11.415971755981445
175.60000610351562,175.1999969482422,143.3000030517578,178.6999969482422,167.10000610351562,129.60000610351562,159.0,151.1999969482422,146.89999389648438,154.60000610351562,144.1999969482422,153.39999389648438,160.39999389648438,151.6999969482422,151.0,43.50092315673828,1.2905046939849854,1.4296660423278809,1.4789735078811646,1.4657042026519775,1.401120662689209,11.107416152954102
175.39999389648438,176.39999389648438,140.60000610351562,179.5,163.39999389648438,127.9000015258789,159.3000030517578,145.1999969482422,143.8000030517578,153.5,144.39999389648438,147.89999389648438,158.5,153.3000030517578,145.6999969482422,42.03419494628906,1.2923022508621216,1.426779866218567,1.4613021612167358,1.450947880744934,1.396544337272644,9.624045372009277
175.8000030517578,176.5,143.39999389648438,176.6999969482422,162.8000030517578,127.80000305175781,158.0,145.0,142.60000610351562,152.1999969482422,144.10000610351562,146.60000610351562,156.39999389648438,156.39999389648438,144.3000030517578,40.765869140625,1.2654414176940918,1.4159679412841797,1.4592355489730835,1.4451581239700317,1.4040766954421997,8.138887405395508
171.39999389648438,179.5,145.89999389648438,175.10000610351562,163.10000610351562,128.5,155.0,143.60000610351562,145.0,152.0,138.60000610351562,152.89999389648438,154.8000030517578,152.5,148.39999389648438,37.6142463684082,1.2660671472549438,1.4206342697143555,1.4521102905273438,1.4555164575576782,1.4192153215408325,5.87013578414917
170.0,179.39999389648438,147.6999969482422,174.3000030517578,165.10000610351562,125.30000305175781,158.0,136.3000030517578,147.6999969482422,154.3000030517578,133.6999969482422,151.8000030517578,156.1999969482422,151.6999969482422,145.1999969482422,39.19983673095703,1.253418207168579,1.4328291416168213,1.4597939252853394,1.4590591192245483,1.423310399055481,3.67195725440979
170.6999969482422,179.89999389648438,151.89999389648438,169.6999969482422,160.6999969482422,133.6999969482422,156.1999969482422,135.0,147.10000610351562,152.39999389648438,135.0,150.39999389648438,153.39999389648438,156.6999969482422,143.60000610351562,36.19705581665039,1.2679328918457031,1.4313406944274902,1.4428976774215698,1.4402443170547485,1.4114887714385986,1.8551639318466187
171.1999969482422,178.39999389648438,155.10000610351562,167.39999389648438,161.3000030517578,125.4000015258789,157.6999969482422,132.10000610351562,145.3000030517578,155.5,128.5,150.60000610351562,151.10000610351562,158.60000610351562,139.1999969482422,39.695274353027344,1.3269176483154297,1.4052960872650146,1.4304395914077759,1.420655608177185,1.381953477859497,4.64366340637207
169.6999969482422,178.39999389648438,151.6999969482422,166.3000030517578,157.10000610351562,132.5,156.3000030517578,129.5,145.10000610351562,154.1999969482422,129.1999969482422,147.5,151.5,158.8000030517578,134.89999389648438,38.19927215576172,1.3446757793426514,1.400070071220398,1.4113473892211914,1.4091382026672363,1.378818154335022,3.135995864868164
170.60000610351562,178.1999969482422,150.5,165.89999389648438,158.10000610351562,130.1999969482422,155.60000610351562,132.5,143.60000610351562,152.39999389648438,130.3000030517578,151.39999389648438,150.60000610351562,158.8000030517578,139.0,38.22016525268555,1.3540390729904175,1.396520972251892,1.4074786901474,1.40498685836792,1.3773173093795776,2.4417216777801514
172.3000030517578,178.39999389648438,147.60000610351562,169.3000030517578,158.89999389648438,133.6999969482422,153.6999969482422,138.0,143.60000610351562,150.0,136.1999969482422,153.0,152.0,157.8000030517578,144.3000030517578,36.94000244140625,1.2670820951461792,1.4203115701675415,1.438719630241394,1.4438449144363403,1.413928508758545,3.07991099357605
172.5,179.60000610351562,145.39999389648438,173.3000030517578,158.6999969482422,136.1999969482422,156.1999969482422,139.5,145.60000610351562,152.5,136.8000030517578,153.8000030517578,153.5,157.3000030517578,145.39999389648438,38.11985397338867,1.2491569519042969,1.4323748350143433,1.4547752141952515,1.459351897239685,1.4228384494781494,2.8887228965759277
173.3000030517578,178.6999969482422,144.6999969482422,171.6999969482422,160.39999389648438,133.6999969482422,153.39999389648438,142.10000610351562,145.89999389648438,150.10000610351562,141.0,150.0,153.0,155.89999389648438,146.6999969482422,36.81894302368164,1.2294327020645142,1.4249846935272217,1.453940510749817,1.4597423076629639,1.439210057258606,5.170882701873779
175.0,175.89999389648438,143.5,176.8000030517578,159.6999969482422,132.1999969482422,153.5,143.3000030517578,145.8000030517578,149.10000610351562,142.5,150.6999969482422,155.0,152.6999969482422,148.10000610351562,40.674705505371094,1.2388490438461304,1.4157158136367798,1.4325226545333862,1.4355568885803223,1.4055613279342651,8.392488479614258
175.39999389648438,174.3000030517578,139.6999969482422,179.0,163.60000610351562,123.80000305175781,158.8000030517578,145.0,147.0,152.1999969482422,140.1999969482422,153.39999389648438,158.5,150.60000610351562,146.1999969482422,43.778472900390625,1.276698112487793,1.4169487953186035,1.473868489265442,1.4607373476028442,1.406557321548462,10.980541229248047
176.89999389648438,172.6999969482422,136.8000030517578,177.39999389648438,162.1999969482422,129.39999389648438,158.6999969482422,149.39999389648438,147.89999389648438,152.6999969482422,143.3000030517578,153.39999389648438,161.3000030517578,149.3000030517578,146.60000610351562,46.001014709472656,1.2546244859695435,1.4154489040374756,1.4822773933410645,1.4591981172561646,1.3862252235412598,14.227635383605957
176.1999969482422,174.0,134.3000030517578,176.0,161.60000610351562,133.39999389648438,162.0,145.8000030517578,148.6999969482422,154.89999389648438,144.8000030517578,149.6999969482422,163.10000610351562,148.89999389648438,147.60000610351562,48.1769905090332,1.2945252656936646,1.4166207313537598,1.4724804162979126,1.4493634700775146,1.3693209886550903,14.299298286437988
173.3000030517578,173.6999969482422,137.0,173.5,163.10000610351562,137.6999969482422,164.0,145.6999969482422,148.89999389648438,156.60000610351562,141.89999389648438,150.6999969482422,160.5,151.39999389648438,147.1999969482422,49.546913146972656,1.31441330909729,1.4045438766479492,1.4442847967147827,1.409363865852356,1.3374404907226562,12.220296859741211
174.89999389648438,172.39999389648438,135.89999389648438,173.0,167.1999969482422,130.10000610351562,166.39999389648438,149.5,142.39999389648438,160.10000610351562,138.89999389648438,152.89999389648438,162.5,154.10000610351562,146.39999389648438,50.31385040283203,1.3306927680969238,1.4305278062820435,1.467669129371643,1.4286396503448486,1.3614490032196045,11.049294471740723
175.1999969482422,172.0,131.39999389648438,170.8000030517578,166.39999389648438,134.3000030517578,167.1999969482422,150.10000610351562,146.0,158.89999389648438,144.1999969482422,152.60000610351562,161.60000610351562,155.5,150.60000610351562,51.08090591430664,1.2920559644699097,1.3936071395874023,1.4425597190856934,1.4067434072494507,1.3388009071350098,12.729028701782227
173.6999969482422,172.6999969482422,131.89999389648438,169.5,164.8000030517578,134.10000610351562,167.0,149.6999969482422,143.5,159.89999389648438,142.6999969482422,155.1999969482422,163.1999969482422,155.5,151.89999389648438,51.18273162841797,1.324048638343811,1.3896106481552124,1.4304054975509644,1.401079773902893,1.3399935960769653,13.220050811767578
172.8000030517578,169.5,136.3000030517578,170.39999389648438,169.3000030517578,132.1999969482422,168.8000030517578,150.1999969482422,142.89999389648438,160.60000610351562,146.5,145.6999969482422,161.5,160.0,149.60000610351562,49.34193801879883,1.3181297779083252,1.3835560083389282,1.4252716302871704,1.385919451713562,1.3426302671432495,12.208280563354492
170.60000610351562,170.5,136.3000030517578,167.3000030517578,170.39999389648438,132.6999969482422,173.3000030517578,152.8000030517578,137.0,165.8000030517578,139.0,151.89999389648438,163.39999389648438,158.0,147.60000610351562,49.851192474365234,1.3236855268478394,1.397517442703247,1.43844735622406,1.3961102962493896,1.3349493741989136,10.303261756896973
170.8000030517578,165.3000030517578,137.5,163.8000030517578,167.5,140.1999969482422,175.3000030517578,159.8000030517578,130.1999969482422,166.6999969482422,148.10000610351562,141.1999969482422,161.6999969482422,164.60000610351562,146.10000610351562,49.670692443847656,1.2801405191421509,1.3806421756744385,1.4360071420669556,1.3813725709915161,1.3377504348754883,10.882001876831055
169.8000030517578,164.89999389648438,137.3000030517578,161.6999969482422,172.60000610351562,148.39999389648438,176.8000030517578,164.39999389648438,127.69999694824219,167.60000610351562,150.1999969482422,144.1999969482422,164.10000610351562,164.60000610351562,147.6999969482422,48.01638412475586,1.2466576099395752,1.3908792734146118,1.44296395778656,1.3903998136520386,1.3460848331451416,12.898141860961914
171.0,162.1999969482422,134.89999389648438,159.6999969482422,171.0,150.8000030517578,177.5,165.8000030517578,125.9000015258789,167.8000030517578,151.6999969482422,137.89999389648438,161.8000030517578,166.6999969482422,148.39999389648438,49.826988220214844,1.2161493301391602,1.3942725658416748,1.4530917406082153,1.3978406190872192,1.354518175125122,11.323243141174316
170.39999389648438,164.39999389648438,136.1999969482422,161.0,172.1999969482422,149.8000030517578,177.5,163.60000610351562,131.0,167.8000030517578,152.10000610351562,141.0,162.3000030517578,167.0,148.8000030517578,47.95245361328125,1.2415975332260132,1.3884127140045166,1.4513198137283325,1.3968722820281982,1.3493587970733643,11.811043739318848
171.10000610351562,172.10000610351562,139.0,172.1999969482422,169.10000610351562,127.5999984741211,164.6999969482422,152.3000030517578,148.6999969482422,157.6999969482422,146.1999969482422,152.1999969482422,158.60000610351562,160.10000610351562,152.8000030517578,44.79071807861328,1.3298341035842896,1.3846571445465088,1.4509981870651245,1.4166152477264404,1.3447848558425903,11.994542121887207
174.60000610351562,174.5,136.0,172.60000610351562,161.3000030517578,135.8000030517578,162.89999389648438,150.0,148.39999389648438,154.60000610351562,147.3000030517578,153.8000030517578,160.6999969482422,153.8000030517578,149.89999389648438,47.38414001464844,1.3169282674789429,1.421276330947876,1.4771260023117065,1.4543076753616333,1.366831660270691,12.706413269042969
175.8000030517578,175.8000030517578,139.8000030517578,176.89999389648438,163.60000610351562,134.39999389648438,161.39999389648438,148.8000030517578,148.89999389648438,153.89999389648438,145.39999389648438,156.10000610351562,161.8000030517578,152.60000610351562,149.6999969482422,46.13510513305664,1.3071379661560059,1.4399605989456177,1.4985204935073853,1.4726403951644897,1.393196940422058,12.84829044342041
178.10000610351562,178.10000610351562,143.60000610351562,178.39999389648438,164.0,133.60000610351562,160.0,147.3000030517578,150.5,155.60000610351562,147.1999969482422,152.39999389648438,163.6999969482422,151.89999389648438,148.3000030517578,46.366268157958984,1.294987678527832,1.450681209564209,1.498227834701538,1.487395167350769,1.401739478111267,12.345660209655762
177.5,179.0,139.10000610351562,175.8000030517578,160.1999969482422,125.4000015258789,163.89999389648438,144.5,147.8000030517578,158.3000030517578,146.5,149.5,166.1999969482422,151.39999389648438,148.0,49.12936782836914,1.3251734972000122,1.4596264362335205,1.5133978128433228,1.4925719499588013,1.4041084051132202,11.83100414276123
177.8000030517578,177.39999389648438,141.60000610351562,178.3000030517578,160.39999389648438,126.80000305175781,161.39999389648438,142.6999969482422,148.5,156.0,146.1999969482422,150.6999969482422,162.3000030517578,155.39999389648438,149.1999969482422,46.75578689575195,1.325573444366455,1.4624930620193481,1.5049744844436646,1.4976001977920532,1.4150276184082031,10.270047187805176
178.3000030517578,177.3000030517578,136.3000030517578,178.0,157.5,128.5,160.3000030517578,144.1999969482422,147.5,154.60000610351562,149.10000610351562,150.5,164.10000610351562,153.10000610351562,150.1999969482422,45.537296295166016,1.279281735420227,1.448256492614746,1.4886771440505981,1.4835231304168701,1.394950032234192,13.26823616027832
178.5,174.89999389648438,142.1999969482422,175.1999969482422,158.10000610351562,131.1999969482422,162.6999969482422,146.39999389648438,149.60000610351562,157.3000030517578,145.39999389648438,155.89999389648438,166.60000610351562,150.3000030517578,152.10000610351562,49.27614974975586,1.3046929836273193,1.4655120372772217,1.5256831645965576,1.509281873703003,1.4081146717071533,14.362920761108398
179.0,174.5,143.8000030517578,172.8000030517578,162.8000030517578,143.89999389648438,165.0,152.8000030517578,150.60000610351562,157.60000610351562,151.10000610351562,156.39999389648438,165.8000030517578,153.1999969482422,156.10000610351562,53.292747497558594,1.3040069341659546,1.4905431270599365,1.540919303894043,1.5177180767059326,1.4312217235565186,12.990602493286133
175.39999389648438,175.6999969482422,147.6999969482422,172.8000030517578,164.10000610351562,141.8000030517578,166.39999389648438,151.0,151.3000030517578,158.6999969482422,149.0,157.0,165.60000610351562,152.0,154.6999969482422,51.62411117553711,1.3100316524505615,1.4785672426223755,1.5408246517181396,1.5101165771484375,1.407092809677124,12.393758773803711
175.6999969482422,174.0,152.8000030517578,174.6999969482422,166.0,148.3000030517578,163.1999969482422,157.6999969482422,158.8000030517578,156.5,152.89999389648438,166.0,160.3000030517578,161.0,160.8000030517578,50.86330795288086,1.2955642938613892,1.4816142320632935,1.571083664894104,1.5404037237167358,1.472551941871643,11.606942176818848
172.3000030517578,173.1999969482422,153.10000610351562,170.8000030517578,162.8000030517578,155.10000610351562,164.6999969482422,158.8000030517578,158.6999969482422,158.6999969482422,155.1999969482422,162.3000030517578,160.0,158.60000610351562,158.5,50.84157180786133,1.2854223251342773,1.4750019311904907,1.5482251644134521,1.5153642892837524,1.4406771659851074,8.632794380187988
171.0,175.6999969482422,150.10000610351562,169.8000030517578,164.3000030517578,154.3000030517578,163.39999389648438,157.6999969482422,159.0,156.8000030517578,153.89999389648438,163.89999389648438,160.60000610351562,159.89999389648438,156.60000610351562,48.73141860961914,1.2575019598007202,1.471280813217163,1.5369617938995361,1.5024067163467407,1.4585014581680298,10.047080039978027
170.0,176.1999969482422,154.10000610351562,170.0,165.60000610351562,150.39999389648438,163.5,157.89999389648438,160.6999969482422,157.10000610351562,155.0,160.8000030517578,160.3000030517578,159.10000610351562,158.10000610351562,47.6817512512207,1.2747446298599243,1.4593911170959473,1.5409815311431885,1.4902617931365967,1.4261233806610107,10.071069717407227
173.60000610351562,176.0,153.8000030517578,168.5,163.6999969482422,156.1999969482422,168.6999969482422,155.89999389648438,156.1999969482422,161.5,155.10000610351562,159.89999389648438,163.1999969482422,157.1999969482422,156.3000030517578,51.16358947753906,1.3054918050765991,1.5134886503219604,1.5781739950180054,1.5484936237335205,1.4387164115905762,9.612569808959961
174.89999389648438,175.1999969482422,152.6999969482422,171.8000030517578,163.5,133.0,167.60000610351562,147.60000610351562,151.60000610351562,163.1999969482422,139.5,159.3000030517578,167.89999389648438,149.0,154.60000610351562,50.155033111572266,1.314666748046875,1.4539752006530762,1.5368177890777588,1.5108962059020996,1.4199718236923218,11.342175483703613
173.89999389648438,176.8000030517578,140.5,177.3000030517578,157.39999389648438,129.0,164.1999969482422,139.39999389648438,145.8000030517578,157.0,139.3000030517578,150.1999969482422,163.5,148.39999389648438,142.39999389648438,45.336334228515625,1.3000869750976562,1.414476752281189,1.4558672904968262,1.4204148054122925,1.3452435731887817,12.5104398727417
173.5,177.5,141.60000610351562,177.89999389648438,161.5,125.0,162.1999969482422,142.3000030517578,140.3000030517578,157.10000610351562,136.8000030517578,148.0,160.1999969482422,151.8000030517578,141.5,43.678863525390625,1.2983713150024414,1.4029630422592163,1.4324835538864136,1.4138710498809814,1.3600610494613647,9.086522102355957
174.0,178.5,144.6999969482422,176.5,157.3000030517578,114.80000305175781,163.39999389648438,137.8000030517578,139.1999969482422,158.5,133.5,146.5,160.5,151.89999389648438,141.39999389648438,47.16425704956055,1.3140367269515991,1.3887923955917358,1.419927716255188,1.3955782651901245,1.345054268836975,7.035782814025879
173.39999389648438,177.6999969482422,149.39999389648438,179.6999969482422,156.1999969482422,114.69999694824219,160.10000610351562,135.6999969482422,138.1999969482422,154.89999389648438,130.5,148.89999389648438,154.5,150.3000030517578,144.3000030517578,43.86222839355469,1.3410552740097046,1.3750510215759277,1.4063549041748047,1.3896018266677856,1.3282079696655273,3.9346446990966797
174.0,175.0,154.3000030517578,178.8000030517578,159.1999969482422,115.0999984741211,161.8000030517578,132.6999969482422,145.3000030517578,156.8000030517578,129.89999389648438,150.60000610351562,155.10000610351562,152.3000030517578,145.6999969482422,43.386024475097656,1.326802134513855,1.3793892860412598,1.4192180633544922,1.3993573188781738,1.344760775566101,3.791168212890625
171.3000030517578,178.0,147.5,170.1999969482422,158.3000030517578,120.19999694824219,157.6999969482422,125.9000015258789,149.8000030517578,154.1999969482422,130.60000610351562,146.3000030517578,149.1999969482422,155.3000030517578,141.0,37.35618209838867,1.3097319602966309,1.3492461442947388,1.3885836601257324,1.3887214660644531,1.3561891317367554,5.864988327026367
172.3000030517578,176.3000030517578,148.1999969482422,163.89999389648438,150.8000030517578,132.39999389648438,150.39999389648438,130.39999389648438,145.60000610351562,146.1999969482422,138.10000610351562,142.89999389648438,149.60000610351562,157.8000030517578,135.3000030517578,37.24985122680664,1.3464633226394653,1.3499641418457031,1.3749938011169434,1.3815422058105469,1.3717249631881714,4.840758800506592
173.60000610351562,178.6999969482422,149.89999389648438,151.10000610351562,154.0,138.89999389648438,143.39999389648438,135.60000610351562,148.3000030517578,143.39999389648438,137.1999969482422,152.1999969482422,141.3000030517578,166.1999969482422,137.60000610351562,37.14153289794922,1.44797945022583,1.3675416707992554,1.411512851715088,1.4114201068878174,1.3723669052124023,4.946992874145508
171.1999969482422,177.6999969482422,130.8000030517578,137.1999969482422,161.5,132.5,134.6999969482422,136.60000610351562,152.10000610351562,140.89999389648438,141.39999389648438,154.39999389648438,148.5,164.89999389648438,136.0,28.555564880371094,1.356108546257019,1.4059336185455322,1.4350061416625977,1.4333710670471191,1.3794077634811401,12.239837646484375
175.89999389648438,179.0,144.89999389648438,140.89999389648438,151.10000610351562,140.39999389648438,135.6999969482422,137.89999389648438,147.5,140.8000030517578,141.39999389648438,150.6999969482422,144.3000030517578,166.89999389648438,137.1999969482422,27.696500778198242,1.3918958902359009,1.3892871141433716,1.4260368347167969,1.4074980020523071,1.3624452352523804,4.270439147949219
175.6999969482422,179.60000610351562,146.10000610351562,139.39999389648438,149.89999389648438,142.89999389648438,136.39999389648438,138.3000030517578,148.10000610351562,142.10000610351562,138.3000030517578,155.6999969482422,147.39999389648438,161.60000610351562,141.1999969482422,30.61309814453125,1.3924275636672974,1.3772907257080078,1.428011417388916,1.4098273515701294,1.3529301881790161,4.055848121643066
178.10000610351562,179.0,150.0,142.60000610351562,156.0,146.5,136.10000610351562,145.0,150.89999389648438,138.89999389648438,138.8000030517578,163.3000030517578,142.1999969482422,160.8000030517578,148.8000030517578,38.30626678466797,1.4980353116989136,1.3854366540908813,1.4155778884887695,1.3996646404266357,1.3560168743133545,4.653757572174072
173.6999969482422,175.0,156.6999969482422,154.39999389648438,157.60000610351562,144.3000030517578,146.5,141.60000610351562,148.10000610351562,143.89999389648438,139.1999969482422,157.60000610351562,145.1999969482422,160.60000610351562,145.5,33.063514709472656,1.3734407424926758,1.4096633195877075,1.4433066844940186,1.4464027881622314,1.4194968938827515,1.4764404296875
176.10000610351562,173.89999389648438,149.89999389648438,179.5,163.0,134.8000030517578,156.3000030517578,146.10000610351562,156.3000030517578,150.5,146.0,157.60000610351562,156.5,151.89999389648438,155.3000030517578,41.86510467529297,1.2626631259918213,1.4195431470870972,1.471994161605835,1.4631212949752808,1.40755033493042,11.282296180725098
173.0,176.10000610351562,147.5,179.0,165.6999969482422,134.39999389648438,155.1999969482422,148.6999969482422,153.8000030517578,150.10000610351562,143.0,160.6999969482422,157.39999389648438,149.5,152.89999389648438,39.65462875366211,1.2660568952560425,1.4176820516586304,1.4795420169830322,1.4589389562606812,1.4069368839263916,12.336803436279297
172.6999969482422,176.89999389648438,146.8000030517578,179.10000610351562,167.1999969482422,136.8000030517578,157.0,149.6999969482422,155.5,150.8000030517578,146.0,159.3000030517578,157.1999969482422,152.1999969482422,151.0,41.32228088378906,1.278847336769104,1.4370782375335693,1.495453119277954,1.4762002229690552,1.4204405546188354,12.076604843139648
174.60000610351562,175.10000610351562,147.10000610351562,180.0,162.8000030517578,134.39999389648438,157.8000030517578,147.10000610351562,152.10000610351562,150.6999969482422,145.89999389648438,154.6999969482422,156.89999389648438,153.8000030517578,150.5,41.86368942260742,1.2882170677185059,1.4097630977630615,1.4620922803878784,1.4443575143814087,1.391010046005249,11.482315063476562
173.89999389648438,174.3000030517578,148.3000030517578,179.39999389648438,164.1999969482422,132.5,159.8000030517578,147.60000610351562,149.5,151.89999389648438,147.10000610351562,151.8000030517578,158.89999389648438,153.8000030517578,146.10000610351562,41.57807540893555,1.2942497730255127,1.4201016426086426,1.4810153245925903,1.452070951461792,1.3851814270019531,12.512815475463867
171.6999969482422,172.6999969482422,147.8000030517578,174.6999969482422,164.60000610351562,142.39999389648438,163.10000610351562,149.60000610351562,154.6999969482422,154.60000610351562,145.89999389648438,157.10000610351562,158.6999969482422,156.0,153.0,45.00801086425781,1.3169065713882446,1.4254192113876343,1.484735369682312,1.4462344646453857,1.3693103790283203,12.4534273147583
171.6999969482422,172.5,149.6999969482422,174.6999969482422,165.60000610351562,140.89999389648438,161.1999969482422,151.89999389648438,154.1999969482422,155.1999969482422,144.39999389648438,161.5,161.3000030517578,153.6999969482422,155.60000610351562,43.89640426635742,1.3142354488372803,1.4129894971847534,1.4839447736740112,1.44730806350708,1.374815821647644,13.20572280883789
171.6999969482422,172.8000030517578,148.60000610351562,172.3000030517578,165.1999969482422,134.5,164.39999389648438,150.6999969482422,148.6999969482422,158.6999969482422,143.39999389648438,156.60000610351562,161.0,153.89999389648438,154.0,46.19362258911133,1.3284746408462524,1.4097099304199219,1.4765095710754395,1.4418201446533203,1.36414635181427,11.102312088012695
170.60000610351562,174.60000610351562,148.1999969482422,173.3000030517578,167.1999969482422,135.60000610351562,161.89999389648438,153.6999969482422,150.5,156.3000030517578,144.1999969482422,159.3000030517578,160.1999969482422,154.89999389648438,153.8000030517578,44.46477508544922,1.319202184677124,1.4048854112625122,1.4745022058486938,1.4384489059448242,1.3594105243682861,12.72010612487793
170.0,174.6999969482422,146.0,173.3000030517578,165.5,135.8000030517578,163.5,151.39999389648438,150.6999969482422,157.1999969482422,143.6999969482422,158.60000610351562,160.6999969482422,154.10000610351562,155.3000030517578,44.46424102783203,1.3200440406799316,1.4004878997802734,1.4686365127563477,1.4331215620040894,1.3549703359603882,11.734292030334473
170.89999389648438,170.1999969482422,148.5,168.60000610351562,167.6999969482422,134.6999969482422,170.6999969482422,153.0,140.5,163.10000610351562,143.8000030517578,153.1999969482422,164.5,157.5,152.39999389648438,48.498130798339844,1.3510814905166626,1.4147393703460693,1.4692487716674805,1.422325611114502,1.3614442348480225,12.613715171813965
169.89999389648438,167.60000610351562,146.6999969482422,165.8000030517578,169.6999969482422,132.0,176.3000030517578,155.0,127.69999694824219,168.6999969482422,139.3000030517578,144.5,163.5,159.89999389648438,146.6999969482422,49.0422248840332,1.33060622215271,1.4044848680496216,1.4516929388046265,1.3896340131759644,1.3407233953475952,9.389105796813965
170.39999389648438,168.0,145.89999389648438,164.89999389648438,171.10000610351562,141.10000610351562,174.60000610351562,160.89999389648438,133.0,167.5,142.6999969482422,153.8000030517578,164.39999389648438,162.39999389648438,147.0,49.162662506103516,1.3033092021942139,1.3840688467025757,1.4416325092315674,1.3892713785171509,1.3389943838119507,13.51423168182373
169.60000610351562,165.3000030517578,146.10000610351562,161.89999389648438,170.60000610351562,148.89999389648438,177.6999969482422,163.10000610351562,127.0999984741211,171.1999969482422,143.3000030517578,147.8000030517578,165.89999389648438,164.6999969482422,146.10000610351562,45.41901779174805,1.2281323671340942,1.4165159463882446,1.4478483200073242,1.396956205368042,1.3518010377883911,13.620705604553223
168.8000030517578,163.5,140.10000610351562,160.10000610351562,174.60000610351562,150.6999969482422,178.60000610351562,165.8000030517578,125.4000015258789,174.10000610351562,146.0,148.89999389648438,163.5,171.3000030517578,148.89999389648438,42.661983489990234,1.1674138307571411,1.4349873065948486,1.4877283573150635,1.4388128519058228,1.3840792179107666,12.34156608581543
164.39999389648438,161.3000030517578,142.89999389648438,154.6999969482422,173.0,159.1999969482422,174.60000610351562,171.1999969482422,119.5,174.39999389648438,153.39999389648438,142.5,163.5,173.3000030517578,152.39999389648438,42.37839126586914,1.2186329364776611,1.4998267889022827,1.5642024278640747,1.5083813667297363,1.4470847845077515,11.313023567199707
166.8000030517578,157.10000610351562,147.5,154.5,179.0,175.39999389648438,172.5,175.8000030517578,119.0,175.60000610351562,159.1999969482422,137.89999389648438,165.0,177.8000030517578,151.89999389648438,43.45930862426758,1.2859588861465454,1.5648301839828491,1.6392370462417603,1.5715152025222778,1.507273554801941,11.48741340637207
166.1999969482422,156.39999389648438,148.5,154.89999389648438,179.10000610351562,176.6999969482422,172.5,178.10000610351562,123.9000015258789,176.1999969482422,160.39999389648438,142.3000030517578,163.60000610351562,178.8000030517578,155.1999969482422,42.2406120300293,1.2817378044128418,1.5659693479537964,1.646043062210083,1.571776032447815,1.509319543838501,10.470715522766113
167.89999389648438,163.60000610351562,144.3000030517578,159.10000610351562,175.10000610351562,150.10000610351562,176.10000610351562,165.5,116.5,175.39999389648438,145.89999389648438,139.1999969482422,164.1999969482422,171.3000030517578,144.60000610351562,42.13430404663086,1.1667890548706055,1.4502477645874023,1.5090699195861816,1.456583023071289,1.40422785282135,12.520702362060547
170.8000030517578,168.10000610351562,141.5,163.6999969482422,174.60000610351562,131.5,179.0,156.39999389648438,123.80000305175781,171.89999389648438,143.5,138.60000610351562,165.6999969482422,166.8000030517578,142.8000030517578,46.74409103393555,1.2745569944381714,1.4105044603347778,1.4351764917373657,1.3846904039382935,1.3402851819992065,12.051441192626953
170.60000610351562,171.0,142.5,166.3000030517578,173.39999389648438,129.89999389648438,174.3000030517578,158.89999389648438,131.6999969482422,167.1999969482422,146.5,149.89999389648438,164.6999969482422,162.5,146.5,46.88411331176758,1.311710238456726,1.4304993152618408,1.4809088706970215,1.4334760904312134,1.356601595878601,10.019416809082031
171.5,172.5,142.10000610351562,168.5,170.1999969482422,132.3000030517578,171.3000030517578,158.6999969482422,135.0,164.6999969482422,143.0,155.1999969482422,164.60000610351562,159.6999969482422,148.60000610351562,47.44209289550781,1.3117022514343262,1.4297717809677124,1.489304780960083,1.4450737237930298,1.3658037185668945,10.402121543884277
170.3000030517578,173.5,146.60000610351562,169.8000030517578,172.3000030517578,134.3000030517578,168.89999389648438,158.3000030517578,144.89999389648438,161.1999969482422,148.10000610351562,157.8000030517578,162.5,159.89999389648438,154.10000610351562,45.581844329833984,1.3193182945251465,1.439805507659912,1.5084686279296875,1.46293044090271,1.3733408451080322,12.425331115722656
173.0,173.0,147.1999969482422,171.5,166.0,145.60000610351562,164.5,155.60000610351562,155.8000030517578,157.5,151.5,163.8000030517578,162.39999389648438,157.39999389648438,159.89999389648438,47.802093505859375,1.306199312210083,1.4747127294540405,1.5581846237182617,1.5237733125686646,1.4222158193588257,12.232584953308105
175.39999389648438,175.10000610351562,145.60000610351562,176.1999969482422,165.60000610351562,142.39999389648438,161.8000030517578,153.10000610351562,154.0,154.89999389648438,147.6999969482422,163.89999389648438,160.1999969482422,155.60000610351562,156.39999389648438,45.48164749145508,1.3025084733963013,1.4802772998809814,1.543278694152832,1.516668677330017,1.4186959266662598,11.308065414428711
176.8000030517578,174.5,147.89999389648438,179.39999389648438,166.8000030517578,138.10000610351562,158.0,151.5,156.1999969482422,151.8000030517578,148.6999969482422,161.5,159.10000610351562,154.1999969482422,153.8000030517578,43.237064361572266,1.2867931127548218,1.4793496131896973,1.5546350479125977,1.5292723178863525,1.437012791633606,11.730456352233887
175.89999389648438,175.60000610351562,151.60000610351562,176.60000610351562,169.6999969482422,134.8000030517578,156.8000030517578,149.0,155.0,151.0,149.1999969482422,156.3000030517578,156.89999389648438,157.1999969482422,149.89999389648438,40.53400421142578,1.2761746644973755,1.4730976819992065,1.5384691953659058,1.51432204246521,1.4423500299453735,9.608028411865234
175.60000610351562,175.89999389648438,150.0,176.10000610351562,168.8000030517578,138.3000030517578,155.8000030517578,149.60000610351562,159.5,150.60000610351562,150.89999389648438,159.5,156.8000030517578,158.0,152.10000610351562,40.96034622192383,1.2668899297714233,1.4924001693725586,1.5584297180175781,1.5339962244033813,1.46133291721344,9.482325553894043
175.3000030517578,177.60000610351562,147.10000610351562,174.5,168.5,137.6999969482422,154.5,150.1999969482422,156.89999389648438,150.89999389648438,150.0,159.8000030517578,155.1999969482422,161.0,152.60000610351562,38.82549285888672,1.2436037063598633,1.4905579090118408,1.5490310192108154,1.5309534072875977,1.472693920135498,7.25522518157959
174.89999389648438,177.39999389648438,151.3000030517578,173.5,167.6999969482422,137.8000030517578,154.60000610351562,149.89999389648438,159.10000610351562,150.5,146.39999389648438,164.0,155.3000030517578,158.1999969482422,153.8000030517578,38.5514030456543,1.256888508796692,1.4860433340072632,1.567465901374817,1.547109603881836,1.4943821430206299,7.1241278648376465
172.8000030517578,178.3000030517578,149.1999969482422,175.60000610351562,165.0,143.1999969482422,154.5,147.8000030517578,159.8000030517578,149.10000610351562,149.60000610351562,160.10000610351562,153.39999389648438,159.0,152.1999969482422,38.49909210205078,1.253068208694458,1.481304407119751,1.5483461618423462,1.5413596630096436,1.4892886877059937,7.359225749969482
173.1999969482422,177.6999969482422,151.39999389648438,174.39999389648438,164.10000610351562,146.89999389648438,152.3000030517578,148.8000030517578,163.0,146.8000030517578,151.1999969482422,162.60000610351562,152.89999389648438,160.10000610351562,154.10000610351562,38.35557556152344,1.2486721277236938,1.4872561693191528,1.5484294891357422,1.536205768585205,1.4918688535690308,8.347716331481934
174.5,176.39999389648438,154.60000610351562,175.10000610351562,165.3000030517578,146.0,152.8000030517578,149.10000610351562,160.1999969482422,148.60000610351562,146.0,166.39999389648438,154.5,157.8000030517578,154.0,40.181270599365234,1.2698912620544434,1.4870585203170776,1.5452345609664917,1.5288196802139282,1.4895589351654053,8.114806175231934
176.1999969482422,178.5,151.0,176.8000030517578,168.1999969482422,149.39999389648438,155.5,154.6999969482422,163.60000610351562,147.1999969482422,155.6999969482422,168.0,151.8000030517578,162.0,160.0,41.98976516723633,1.2706565856933594,1.5047041177749634,1.5971786975860596,1.5752801895141602,1.5185625553131104,8.181309700012207
172.0,176.1999969482422,153.10000610351562,177.6999969482422,164.39999389648438,158.60000610351562,155.39999389648438,157.0,166.1999969482422,146.89999389648438,158.0,167.60000610351562,151.60000610351562,162.60000610351562,154.1999969482422,40.56231689453125,1.287539005279541,1.541320562362671,1.6243382692337036,1.6091030836105347,1.5286709070205688,8.033218383789062
169.6999969482422,174.0,153.39999389648438,179.89999389648438,164.1999969482422,155.6999969482422,152.6999969482422,155.8000030517578,166.1999969482422,145.1999969482422,157.3000030517578,168.5,156.60000610351562,157.39999389648438,159.5,40.960235595703125,1.2163041830062866,1.5005013942718506,1.5181899070739746,1.511679768562317,1.4863072633743286,13.984307289123535
173.89999389648438,174.60000610351562,151.60000610351562,177.1999969482422,158.0,156.10000610351562,156.60000610351562,155.0,165.89999389648438,149.5,158.60000610351562,166.8000030517578,154.60000610351562,160.1999969482422,160.60000610351562,45.61975860595703,1.244512677192688,1.4874873161315918,1.5547704696655273,1.554079294204712,1.4920960664749146,9.029717445373535
174.6999969482422,174.89999389648438,149.8000030517578,177.10000610351562,163.3000030517578,155.3000030517578,158.1999969482422,155.39999389648438,166.0,149.10000610351562,158.5,168.10000610351562,156.60000610351562,159.0,162.6999969482422,44.50774002075195,1.2480695247650146,1.5105355978012085,1.5697405338287354,1.5472736358642578,1.492417812347412,11.656850814819336
174.3000030517578,174.3000030517578,150.1999969482422,175.39999389648438,162.10000610351562,158.0,159.6999969482422,156.8000030517578,165.39999389648438,150.89999389648438,157.8000030517578,168.6999969482422,155.8000030517578,159.89999389648438,160.6999969482422,46.63083267211914,1.2575950622558594,1.5019313097000122,1.5681160688400269,1.5372098684310913,1.4732004404067993,9.33144474029541
173.6999969482422,177.39999389648438,146.8000030517578,178.0,163.89999389648438,158.8000030517578,156.10000610351562,158.39999389648438,165.6999969482422,147.10000610351562,158.39999389648438,172.0,156.60000610351562,158.3000030517578,163.1999969482422,43.40522766113281,1.2389014959335327,1.4978991746902466,1.5561294555664062,1.5242035388946533,1.4754358530044556,13.305935859680176
172.5,176.0,150.3000030517578,176.89999389648438,163.6999969482422,156.60000610351562,156.3000030517578,158.6999969482422,166.8000030517578,147.89999389648438,160.6999969482422,166.5,155.5,159.89999389648438,158.10000610351562,43.744258880615234,1.240475058555603,1.501593828201294,1.5681899785995483,1.5349044799804688,1.469760775566101,11.654003143310547
170.8000030517578,176.5,151.5,178.60000610351562,163.5,158.3000030517578,154.1999969482422,159.0,164.39999389648438,148.39999389648438,155.0,170.10000610351562,156.6999969482422,159.10000610351562,159.39999389648438,41.580718994140625,1.2111005783081055,1.5042942762374878,1.5389057397842407,1.5080333948135376,1.4765346050262451,12.057607650756836
172.89999389648438,175.5,149.6999969482422,176.8000030517578,163.89999389648438,154.3000030517578,156.89999389648438,159.1999969482422,166.39999389648438,149.60000610351562,158.6999969482422,167.8000030517578,154.89999389648438,159.10000610351562,163.10000610351562,43.09058380126953,1.2669161558151245,1.5131750106811523,1.5888707637786865,1.5627245903015137,1.496962308883667,10.12951374053955
172.6999969482422,175.5,149.3000030517578,178.39999389648438,165.89999389648438,157.0,157.10000610351562,158.10000610351562,168.39999389648438,149.5,152.89999389648438,174.8000030517578,154.5,159.10000610351562,161.3000030517578,42.54889678955078,1.2745325565338135,1.507086157798767,1.5839709043502808,1.5543906688690186,1.5033326148986816,10.042405128479004
175.39999389648438,174.5,150.10000610351562,178.6999969482422,176.89999389648438,143.10000610351562,157.6999969482422,157.60000610351562,170.5,149.5,154.5,174.39999389648438,158.6999969482422,159.39999389648438,168.0,43.008304595947266,1.3021639585494995,1.4878169298171997,1.5715575218200684,1.536522388458252,1.5020678043365479,13.832858085632324
173.5,175.6999969482422,145.0,178.5,166.3000030517578,151.0,158.10000610351562,155.39999389648438,159.1999969482422,148.8000030517578,154.3000030517578,163.39999389648438,159.10000610351562,156.6999969482422,158.0,41.30734634399414,1.2297089099884033,1.458971619606018,1.5222597122192383,1.4878556728363037,1.4385206699371338,14.456730842590332
176.89999389648438,173.60000610351562,143.3000030517578,173.3000030517578,169.1999969482422,143.60000610351562,163.39999389648438,155.60000610351562,158.89999389648438,154.6999969482422,155.3000030517578,161.89999389648438,159.3000030517578,160.0,157.60000610351562,47.597679138183594,1.2750320434570312,1.5073332786560059,1.561505913734436,1.5311588048934937,1.4566869735717773,11.456189155578613
175.60000610351562,174.8000030517578,145.0,174.89999389648438,166.39999389648438,142.5,162.60000610351562,152.89999389648438,151.89999389648438,154.5,150.1999969482422,159.0,160.1999969482422,157.5,153.5,44.87629699707031,1.2698830366134644,1.4642176628112793,1.5201431512832642,1.4934122562408447,1.4175993204116821,11.502830505371094
174.60000610351562,174.1999969482422,146.39999389648438,175.89999389648438,168.0,147.10000610351562,162.1999969482422,155.60000610351562,156.10000610351562,154.5,152.89999389648438,161.10000610351562,157.6999969482422,161.6999969482422,153.6999969482422,43.8901252746582,1.2957149744033813,1.481295108795166,1.5468554496765137,1.5212507247924805,1.4311367273330688,9.719056129455566
173.8000030517578,173.3000030517578,148.10000610351562,175.60000610351562,166.3000030517578,146.8000030517578,161.89999389648438,155.5,156.5,156.0,149.6999969482422,163.5,158.39999389648438,160.10000610351562,153.5,44.50601577758789,1.293927550315857,1.4749031066894531,1.5443085432052612,1.5175814628601074,1.4197604656219482,8.558310508728027
175.3000030517578,174.60000610351562,146.1999969482422,176.10000610351562,168.1999969482422,142.10000610351562,161.5,155.10000610351562,155.60000610351562,154.89999389648438,149.5,162.8000030517578,159.0,159.8000030517578,150.3000030517578,44.34313201904297,1.2926634550094604,1.4896479845046997,1.5569266080856323,1.5236434936523438,1.4286428689956665,9.618731498718262
176.60000610351562,174.89999389648438,145.10000610351562,174.6999969482422,163.6999969482422,129.39999389648438,164.0,151.8000030517578,145.39999389648438,158.3000030517578,146.39999389648438,153.1999969482422,161.5,158.89999389648438,148.0,46.83766174316406,1.3101050853729248,1.4684571027755737,1.5299060344696045,1.5037981271743774,1.4190572500228882,7.90980339050293
175.60000610351562,176.0,143.1999969482422,174.3000030517578,160.39999389648438,131.5,164.1999969482422,150.60000610351562,145.0,157.60000610351562,150.0,150.89999389648438,162.89999389648438,156.6999969482422,153.6999969482422,46.56435775756836,1.3159390687942505,1.4740264415740967,1.5234007835388184,1.4965829849243164,1.4050580263137817,9.922774314880371
172.39999389648438,177.1999969482422,142.89999389648438,175.39999389648438,161.0,133.1999969482422,163.5,149.39999389648438,142.3000030517578,157.89999389648438,146.5,148.8000030517578,159.39999389648438,159.89999389648438,149.8000030517578,44.3983154296875,1.3221092224121094,1.4641724824905396,1.4963582754135132,1.4738214015960693,1.3860317468643188,5.5638813972473145
174.60000610351562,175.39999389648438,144.3000030517578,176.3000030517578,160.1999969482422,132.89999389648438,162.5,146.39999389648438,147.3000030517578,156.60000610351562,145.0,154.6999969482422,157.6999969482422,158.89999389648438,153.6999969482422,45.187095642089844,1.3338137865066528,1.4592574834823608,1.4967761039733887,1.4744101762771606,1.3879529237747192,5.778528213500977
174.6999969482422,176.5,144.5,176.5,161.89999389648438,129.89999389648438,162.60000610351562,146.3000030517578,146.8000030517578,157.39999389648438,144.1999969482422,154.39999389648438,157.1999969482422,159.6999969482422,154.8000030517578,45.05131149291992,1.3375428915023804,1.4620285034179688,1.5004515647888184,1.4856631755828857,1.400815725326538,4.13399600982666
174.5,175.89999389648438,146.1999969482422,176.8000030517578,162.0,132.5,162.39999389648438,147.89999389648438,147.8000030517578,157.39999389648438,144.3000030517578,157.10000610351562,156.8000030517578,161.3000030517578,154.60000610351562,43.9473876953125,1.3279474973678589,1.4650263786315918,1.5135208368301392,1.4975649118423462,1.4081425666809082,4.079009056091309
173.8000030517578,176.89999389648438,148.1999969482422,178.3000030517578,161.8000030517578,131.39999389648438,162.0,145.6999969482422,149.5,156.39999389648438,145.0,156.1999969482422,155.1999969482422,162.39999389648438,153.1999969482422,42.813453674316406,1.3429816961288452,1.4466638565063477,1.484237790107727,1.4694119691848755,1.377860188484192,3.8209939002990723
175.5,175.6999969482422,148.10000610351562,178.39999389648438,161.8000030517578,130.60000610351562,161.89999389648438,147.10000610351562,148.1999969482422,156.5,145.39999389648438,156.0,153.89999389648438,162.89999389648438,156.39999389648438,44.23820114135742,1.3461946249008179,1.453281044960022,1.4946308135986328,1.4774619340896606,1.3888604640960693,3.253779649734497
176.0,174.1999969482422,144.1999969482422,174.6999969482422,160.5,121.4000015258789,165.6999969482422,149.5,138.89999389648438,160.10000610351562,146.8000030517578,150.0,163.60000610351562,160.0,149.3000030517578,47.89563751220703,1.3506817817687988,1.4615188837051392,1.5094988346099854,1.4824877977371216,1.3908443450927734,9.079185485839844
174.8000030517578,175.8000030517578,144.1999969482422,174.39999389648438,162.5,137.10000610351562,163.10000610351562,151.5,149.8000030517578,158.0,148.6999969482422,157.89999389648438,160.6999969482422,162.10000610351562,152.39999389648438,46.081512451171875,1.3185601234436035,1.473144769668579,1.5405681133270264,1.5178232192993164,1.4179695844650269,8.70798110961914
174.0,174.5,145.1999969482422,168.60000610351562,162.1999969482422,152.3000030517578,168.39999389648438,158.10000610351562,151.10000610351562,158.8000030517578,158.10000610351562,153.8000030517578,162.10000610351562,161.89999389648438,154.1999969482422,53.7696533203125,1.3354729413986206,1.4907660484313965,1.5727934837341309,1.5333236455917358,1.421393632888794,11.668478012084961
172.0,173.89999389648438,144.1999969482422,166.6999969482422,164.60000610351562,152.0,169.6999969482422,161.0,144.6999969482422,161.5,153.89999389648438,152.3000030517578,161.5,159.3000030517578,147.5,52.21940231323242,1.320084571838379,1.4714423418045044,1.5472171306610107,1.5020405054092407,1.373844027519226,7.786571502685547
172.0,170.8000030517578,148.89999389648438,170.3000030517578,167.8000030517578,154.6999969482422,164.1999969482422,163.3000030517578,160.60000610351562,154.8000030517578,155.0,173.0,156.89999389648438,165.1999969482422,163.10000610351562,50.019561767578125,1.2360916137695312,1.451515555381775,1.5497363805770874,1.4815837144851685,1.4308313131332397,11.802338600158691
174.8000030517578,174.10000610351562,138.3000030517578,170.1999969482422,167.1999969482422,162.3000030517578,166.8000030517578,160.60000610351562,161.1999969482422,154.39999389648438,160.8000030517578,164.5,158.6999969482422,164.0,157.89999389648438,50.01515197753906,1.2658803462982178,1.5243639945983887,1.593286395072937,1.5424134731292725,1.470031976699829,11.44612979888916
174.5,174.8000030517578,131.10000610351562,168.5,163.89999389648438,157.10000610351562,168.60000610351562,156.39999389648438,160.10000610351562,156.6999969482422,160.0,161.0,160.3000030517578,161.1999969482422,156.6999969482422,52.085960388183594,1.2478350400924683,1.5170799493789673,1.591414451599121,1.5505098104476929,1.457021713256836,10.296896934509277
178.5,173.1999969482422,137.3000030517578,170.6999969482422,169.3000030517578,130.8000030517578,168.3000030517578,156.1999969482422,143.89999389648438,160.5,152.10000610351562,150.89999389648438,163.8000030517578,159.8000030517578,149.0,50.820457458496094,1.3170876502990723,1.494796633720398,1.5401862859725952,1.5090513229370117,1.4051940441131592,10.113855361938477
177.5,175.5,138.5,171.8000030517578,167.10000610351562,132.6999969482422,165.1999969482422,157.39999389648438,144.10000610351562,159.0,153.39999389648438,153.6999969482422,163.10000610351562,158.60000610351562,154.1999969482422,49.586883544921875,1.305868148803711,1.4875268936157227,1.5240956544876099,1.506592035293579,1.4096256494522095,9.491387367248535
179.6999969482422,174.6999969482422,141.1999969482422,171.1999969482422,163.1999969482422,131.60000610351562,165.5,155.3000030517578,142.1999969482422,157.5,155.39999389648438,149.1999969482422,163.8000030517578,159.0,153.5,52.6837043762207,1.3139373064041138,1.4939813613891602,1.5297549962997437,1.5005309581756592,1.3955485820770264,11.921875953674316
178.6999969482422,174.1999969482422,142.5,171.8000030517578,162.5,137.10000610351562,164.60000610351562,154.0,148.1999969482422,157.3000030517578,154.89999389648438,149.6999969482422,163.1999969482422,160.0,152.3000030517578,51.92499923706055,1.3429760932922363,1.488964319229126,1.5164488554000854,1.4904751777648926,1.395241379737854,12.273258209228516
179.39999389648438,172.8000030517578,145.1999969482422,172.5,160.39999389648438,133.8000030517578,165.0,150.10000610351562,148.6999969482422,159.8000030517578,154.5,149.0,163.5,159.6999969482422,152.10000610351562,53.87034606933594,1.3700752258300781,1.491092562675476,1.5107176303863525,1.501824140548706,1.4013091325759888,9.753020286560059
178.8000030517578,174.60000610351562,143.10000610351562,172.10000610351562,160.0,137.1999969482422,165.0,153.1999969482422,147.10000610351562,158.8000030517578,154.60000610351562,149.6999969482422,162.3000030517578,159.3000030517578,154.5,52.46961975097656,1.346055269241333,1.4982255697250366,1.5331125259399414,1.5013585090637207,1.402594804763794,9.41250228881836
179.5,174.3000030517578,141.6999969482422,171.8000030517578,158.89999389648438,134.1999969482422,165.3000030517578,152.10000610351562,143.89999389648438,159.0,153.39999389648438,149.0,160.8000030517578,161.10000610351562,156.10000610351562,52.78095626831055,1.3389763832092285,1.4864346981048584,1.5153785943984985,1.4965306520462036,1.3944252729415894,8.039204597473145
177.8000030517578,176.60000610351562,140.5,173.3000030517578,160.6999969482422,136.39999389648438,164.10000610351562,154.0,145.10000610351562,157.0,152.0,150.89999389648438,160.60000610351562,159.8000030517578,153.39999389648438,51.70211410522461,1.3358274698257446,1.4711967706680298,1.5022363662719727,1.4709467887878418,1.3688901662826538,9.543818473815918
179.3000030517578,172.0,145.3000030517578,171.60000610351562,163.6999969482422,137.3000030517578,168.1999969482422,152.5,147.10000610351562,161.60000610351562,149.89999389648438,151.39999389648438,164.0,160.60000610351562,149.1999969482422,51.68684005737305,1.322392463684082,1.5015485286712646,1.5485470294952393,1.5082378387451172,1.3906641006469727,9.196857452392578
176.1999969482422,170.39999389648438,139.39999389648438,172.6999969482422,163.39999389648438,149.39999389648438,163.8000030517578,153.89999389648438,157.1999969482422,155.8000030517578,155.1999969482422,155.60000610351562,159.3000030517578,162.89999389648438,153.39999389648438,48.539207458496094,1.3004869222640991,1.4898264408111572,1.5448784828186035,1.520738959312439,1.4274895191192627,10.568120002746582
178.5,169.5,141.8000030517578,173.60000610351562,165.3000030517578,145.8000030517578,164.39999389648438,156.39999389648438,153.10000610351562,156.39999389648438,153.10000610351562,154.5,159.10000610351562,161.3000030517578,153.3000030517578,50.32206344604492,1.3031507730484009,1.5018184185028076,1.5657620429992676,1.5288549661636353,1.4252668619155884,9.829577445983887
177.10000610351562,170.1999969482422,144.1999969482422,173.60000610351562,167.0,149.1999969482422,163.0,156.60000610351562,158.0,155.10000610351562,154.39999389648438,158.1999969482422,160.6999969482422,157.39999389648438,157.10000610351562,48.665260314941406,1.3044624328613281,1.4996429681777954,1.5621975660324097,1.52399742603302,1.4206777811050415,12.56228256225586
176.5,172.60000610351562,142.0,172.39999389648438,166.6999969482422,148.10000610351562,164.10000610351562,156.10000610351562,154.60000610351562,155.89999389648438,154.89999389648438,158.1999969482422,162.0,156.39999389648438,158.1999969482422,49.207122802734375,1.3055330514907837,1.4999520778656006,1.554236650466919,1.525907278060913,1.4261953830718994,11.835375785827637
175.8000030517578,171.1999969482422,145.10000610351562,171.10000610351562,167.6999969482422,148.89999389648438,164.10000610351562,156.8000030517578,157.89999389648438,156.1999969482422,155.60000610351562,160.5,161.6999969482422,159.3000030517578,158.6999969482422,49.56970977783203,1.3112475872039795,1.5007848739624023,1.5616437196731567,1.5330731868743896,1.4318195581436157,12.00607967376709
176.60000610351562,172.3000030517578,140.6999969482422,171.60000610351562,166.10000610351562,146.3000030517578,163.6999969482422,157.0,156.60000610351562,156.39999389648438,155.0,161.39999389648438,161.3000030517578,158.6999969482422,160.60000610351562,49.46142578125,1.2861782312393188,1.4967548847198486,1.559425950050354,1.537731647491455,1.4362064599990845,11.037617683410645
176.6999969482422,172.5,137.6999969482422,171.60000610351562,166.5,144.60000610351562,164.5,157.39999389648438,154.3000030517578,157.39999389648438,154.0,160.3000030517578,163.3000030517578,156.3000030517578,159.10000610351562,49.65681076049805,1.3117916584014893,1.5059760808944702,1.568753957748413,1.5380585193634033,1.4266074895858765,12.247034072875977
175.39999389648438,172.3000030517578,140.0,172.60000610351562,165.0,151.6999969482422,162.10000610351562,156.5,157.5,154.6999969482422,155.1999969482422,159.1999969482422,160.89999389648438,158.6999969482422,157.8000030517578,48.27808380126953,1.296883225440979,1.5004242658615112,1.5568517446517944,1.5276734828948975,1.43781578540802,11.996981620788574
175.89999389648438,172.6999969482422,141.0,172.60000610351562,167.5,148.60000610351562,162.8000030517578,156.89999389648438,158.10000610351562,155.5,153.89999389648438,160.10000610351562,160.39999389648438,159.6999969482422,157.60000610351562,48.75758743286133,1.3054652214050293,1.5047069787979126,1.5631366968154907,1.5305153131484985,1.4401886463165283,11.295774459838867
174.5,173.3000030517578,139.39999389648438,171.3000030517578,164.5,151.1999969482422,162.39999389648438,157.3000030517578,155.60000610351562,154.5,154.39999389648438,159.60000610351562,160.1999969482422,159.5,156.3000030517578,47.644622802734375,1.2976378202438354,1.4869755506515503,1.541603922843933,1.5182169675827026,1.4279712438583374,12.362956047058105
176.0,172.89999389648438,137.6999969482422,171.5,166.39999389648438,148.89999389648438,164.10000610351562,158.39999389648438,154.5,155.0,155.8000030517578,159.39999389648438,160.5,162.0,156.0,48.61464309692383,1.3159717321395874,1.5093653202056885,1.5648647546768188,1.5316991806030273,1.438860535621643,11.900945663452148
176.39999389648438,171.60000610351562,138.6999969482422,172.89999389648438,165.8000030517578,148.3000030517578,162.6999969482422,156.3000030517578,156.60000610351562,154.1999969482422,156.1999969482422,158.8000030517578,160.3000030517578,161.10000610351562,155.6999969482422,47.19309997558594,1.2927277088165283,1.5038552284240723,1.5637937784194946,1.5372554063796997,1.4458165168762207,12.48487377166748
176.10000610351562,172.39999389648438,138.39999389648438,172.89999389648438,167.0,146.39999389648438,163.60000610351562,156.1999969482422,155.60000610351562,154.3000030517578,155.60000610351562,158.39999389648438,160.10000610351562,161.39999389648438,155.8000030517578,47.36526870727539,1.2993944883346558,1.4887616634368896,1.5487370491027832,1.5200227499008179,1.4282742738723755,12.308453559875488
176.0,172.60000610351562,138.10000610351562,172.3000030517578,165.8000030517578,145.10000610351562,163.8000030517578,156.8000030517578,154.60000610351562,154.8000030517578,155.3000030517578,158.5,160.0,161.10000610351562,157.0,48.553924560546875,1.3073899745941162,1.4866957664489746,1.5475685596466064,1.518593668937683,1.4241639375686646,11.602805137634277
176.6999969482422,171.60000610351562,138.5,173.10000610351562,166.10000610351562,146.89999389648438,163.6999969482422,155.8000030517578,154.5,154.6999969482422,155.10000610351562,158.3000030517578,160.60000610351562,159.1999969482422,155.8000030517578,48.23021697998047,1.3075194358825684,1.4946162700653076,1.5593910217285156,1.53275728225708,1.4380356073379517,12.205795288085938
176.5,171.60000610351562,139.5,172.60000610351562,166.39999389648438,149.1999969482422,163.1999969482422,157.1999969482422,154.3000030517578,154.39999389648438,155.10000610351562,158.3000030517578,160.0,160.10000610351562,154.6999969482422,47.84433364868164,1.2936797142028809,1.4869954586029053,1.548169732093811,1.52188241481781,1.4266669750213623,12.235377311706543
175.39999389648438,172.6999969482422,138.8000030517578,172.5,167.10000610351562,147.5,163.6999969482422,156.5,153.0,155.3000030517578,155.5,157.0,160.10000610351562,160.60000610351562,154.39999389648438,47.364418029785156,1.3196436166763306,1.494944453239441,1.5494720935821533,1.524964690208435,1.425825834274292,11.138407707214355
175.5,171.10000610351562,141.60000610351562,173.1999969482422,165.1999969482422,147.89999389648438,163.3000030517578,155.0,155.60000610351562,154.60000610351562,156.0,156.3000030517578,160.39999389648438,160.60000610351562,155.0,46.635677337646484,1.2970595359802246,1.4923174381256104,1.553937554359436,1.5268298387527466,1.439600944519043,12.247306823730469
175.39999389648438,172.8000030517578,140.39999389648438,172.89999389648438,167.8000030517578,150.39999389648438,164.39999389648438,157.0,154.0,154.6999969482422,157.39999389648438,154.10000610351562,159.89999389648438,160.39999389648438,155.0,46.74049377441406,1.3042073249816895,1.4950312376022339,1.5517421960830688,1.5162484645843506,1.4188870191574097,11.517253875732422
175.1999969482422,172.60000610351562,140.0,173.39999389648438,167.1999969482422,142.0,163.0,155.5,155.3000030517578,155.0,154.0,158.5,160.6999969482422,160.10000610351562,154.89999389648438,47.051902770996094,1.2935409545898438,1.4794200658798218,1.5440855026245117,1.5125104188919067,1.4279009103775024,12.088492393493652
173.5,173.0,141.1999969482422,172.39999389648438,167.60000610351562,145.1999969482422,162.89999389648438,156.10000610351562,155.10000610351562,155.39999389648438,152.6999969482422,160.5,161.3000030517578,159.6999969482422,155.10000610351562,46.12115478515625,1.3038147687911987,1.484682559967041,1.5469818115234375,1.5140055418014526,1.423503041267395,12.580059051513672
172.0,173.3000030517578,139.0,171.0,166.5,152.0,163.6999969482422,157.3000030517578,154.8000030517578,156.39999389648438,151.89999389648438,161.89999389648438,162.39999389648438,157.6999969482422,156.10000610351562,46.06344223022461,1.2872273921966553,1.485068440437317,1.5467381477355957,1.5109038352966309,1.4210277795791626,12.747513771057129
174.0,172.10000610351562,138.89999389648438,171.8000030517578,164.6999969482422,155.1999969482422,163.1999969482422,156.89999389648438,156.39999389648438,153.89999389648438,158.39999389648438,157.8000030517578,158.89999389648438,161.1999969482422,157.60000610351562,47.279937744140625,1.304031491279602,1.4902929067611694,1.5426414012908936,1.5111093521118164,1.419156551361084,11.213042259216309
174.6999969482422,173.3000030517578,139.89999389648438,171.1999969482422,167.5,150.89999389648438,166.1999969482422,157.0,156.39999389648438,157.89999389648438,154.0,159.6999969482422,160.39999389648438,160.1999969482422,152.5,47.86444854736328,1.298794150352478,1.5144637823104858,1.57100510597229,1.5330497026443481,1.4250065088272095,8.874543190002441
175.0,174.10000610351562,138.39999389648438,172.10000610351562,166.8000030517578,147.6999969482422,163.0,158.60000610351562,157.39999389648438,154.8000030517578,155.5,162.6999969482422,159.6999969482422,160.5,157.60000610351562,47.10416030883789,1.2822962999343872,1.4846805334091187,1.549850583076477,1.5172104835510254,1.4236280918121338,11.548358917236328
174.3000030517578,173.3000030517578,141.39999389648438,171.60000610351562,166.8000030517578,152.39999389648438,163.8000030517578,158.0,156.6999969482422,155.8000030517578,155.39999389648438,161.39999389648438,159.89999389648438,162.10000610351562,156.6999969482422,47.173187255859375,1.3016752004623413,1.4993373155593872,1.5502736568450928,1.5245482921600342,1.4288272857666016,11.316226959228516
175.8000030517578,172.6999969482422,138.1999969482422,171.89999389648438,164.10000610351562,147.3000030517578,166.3000030517578,155.60000610351562,151.3000030517578,156.39999389648438,157.1999969482422,153.6999969482422,160.0,160.6999969482422,152.89999389648438,48.44404602050781,1.284966230392456,1.4902130365371704,1.5663611888885498,1.5439897775650024,1.4391182661056519,10.64052677154541
171.3000030517578,172.3000030517578,138.0,167.5,165.3000030517578,147.3000030517578,167.5,155.5,150.8000030517578,158.60000610351562,153.3000030517578,156.39999389648438,161.5,158.6999969482422,155.3000030517578,49.677242279052734,1.3121083974838257,1.4543954133987427,1.5157204866409302,1.4802048206329346,1.3964697122573853,11.889934539794922
172.5,172.10000610351562,138.89999389648438,166.5,165.1999969482422,150.3000030517578,167.10000610351562,157.8000030517578,152.8000030517578,158.6999969482422,155.39999389648438,157.10000610351562,161.8000030517578,159.3000030517578,157.39999389648438,50.491546630859375,1.3157169818878174,1.4736599922180176,1.5361748933792114,1.498506784439087,1.412047266960144,11.511284828186035
172.5,171.8000030517578,146.10000610351562,166.39999389648438,166.89999389648438,148.89999389648438,168.5,157.60000610351562,147.5,158.39999389648438,157.39999389648438,151.89999389648438,162.3000030517578,158.3000030517578,154.89999389648438,50.87517547607422,1.35504150390625,1.4728364944458008,1.530807375907898,1.4869942665100098,1.3934742212295532,12.363550186157227
169.10000610351562,172.60000610351562,148.3000030517578,167.6999969482422,166.89999389648438,149.3000030517578,168.60000610351562,158.10000610351562,148.1999969482422,159.1999969482422,153.6999969482422,156.5,159.89999389648438,160.10000610351562,155.10000610351562,49.034393310546875,1.3407783508300781,1.439382791519165,1.5066503286361694,1.4585676193237305,1.3517684936523438,9.949934959411621
169.6999969482422,170.10000610351562,150.5,167.10000610351562,166.3000030517578,155.8000030517578,164.60000610351562,163.39999389648438,152.8000030517578,154.39999389648438,158.0,162.3000030517578,158.1999969482422,161.39999389648438,157.1999969482422,49.29615020751953,1.3179795742034912,1.4206851720809937,1.4969134330749512,1.4492549896240234,1.378862977027893,13.17280101776123
170.6999969482422,166.3000030517578,148.5,165.39999389648438,165.0,152.39999389648438,164.3000030517578,164.0,156.89999389648438,153.89999389648438,159.0,169.8000030517578,157.60000610351562,164.60000610351562,161.8000030517578,50.879451751708984,1.2931885719299316,1.417816400527954,1.5153576135635376,1.4711402654647827,1.426662564277649,14.53013801574707
171.3000030517578,165.0,147.6999969482422,165.89999389648438,167.89999389648438,154.1999969482422,164.89999389648438,167.3000030517578,157.89999389648438,155.0,156.89999389648438,175.60000610351562,156.6999969482422,167.8000030517578,162.3000030517578,50.55255889892578,1.2763293981552124,1.4125375747680664,1.5233577489852905,1.4687384366989136,1.4284377098083496,13.548738479614258
172.0,170.6999969482422,137.60000610351562,165.3000030517578,164.5,152.3000030517578,169.1999969482422,159.89999389648438,151.8000030517578,156.8000030517578,160.10000610351562,155.5,161.5,162.10000610351562,155.39999389648438,51.730430603027344,1.2851279973983765,1.4287757873535156,1.5007357597351074,1.4514797925949097,1.375062346458435,14.05909252166748
172.5,179.39999389648438,147.39999389648438,178.3000030517578,170.89999389648438,151.0,160.60000610351562,156.60000610351562,160.1999969482422,153.5,150.8000030517578,164.89999389648438,158.6999969482422,156.1999969482422,154.3000030517578,41.84120559692383,1.2436439990997314,1.5299416780471802,1.5932629108428955,1.5476484298706055,1.4564669132232666,8.923988342285156
174.3000030517578,176.1999969482422,147.10000610351562,179.39999389648438,168.6999969482422,144.1999969482422,158.8000030517578,154.60000610351562,161.0,152.10000610351562,152.60000610351562,163.89999389648438,160.3000030517578,156.3000030517578,156.8000030517578,42.555084228515625,1.2451896667480469,1.5120584964752197,1.5785642862319946,1.5487985610961914,1.4738082885742188,11.547401428222656
171.0,179.60000610351562,146.60000610351562,176.6999969482422,163.89999389648438,140.3000030517578,154.6999969482422,148.60000610351562,156.60000610351562,149.10000610351562,148.60000610351562,158.10000610351562,152.10000610351562,156.6999969482422,151.1999969482422,37.952796936035156,1.2864985466003418,1.471774935722351,1.5340827703475952,1.5288361310958862,1.4459537267684937,6.742544651031494
171.89999389648438,178.60000610351562,152.6999969482422,173.5,166.6999969482422,139.0,153.89999389648438,148.39999389648438,154.10000610351562,149.60000610351562,145.5,161.1999969482422,151.1999969482422,158.1999969482422,154.39999389648438,36.55824661254883,1.2735470533370972,1.4633173942565918,1.5194776058197021,1.5235981941223145,1.455417275428772,4.0004658699035645
173.6999969482422,178.1999969482422,148.89999389648438,169.3000030517578,163.3000030517578,142.89999389648438,151.39999389648438,145.8000030517578,156.60000610351562,148.1999969482422,144.89999389648438,159.89999389648438,150.3000030517578,158.6999969482422,153.5,36.231239318847656,1.2755018472671509,1.478167176246643,1.530623197555542,1.5307133197784424,1.479477882385254,3.9592316150665283
171.60000610351562,178.6999969482422,149.60000610351562,167.3000030517578,160.89999389648438,148.0,150.3000030517578,145.8000030517578,155.8000030517578,147.39999389648438,145.5,158.3000030517578,149.0,160.39999389648438,151.1999969482422,33.871795654296875,1.2565758228302002,1.479467749595642,1.5195833444595337,1.5214906930923462,1.466354250907898,3.9877736568450928
