159.8000030517578,144.6999969482422,137.1999969482422,164.89999389648438,170.8000030517578,176.1999969482422,167.6999969482422,3.0,168.0,179.6999969482422,46.599998474121094,156.5,169.10000610351562,130.60000610351562,75.4000015258789,39.76203536987305,1.230307936668396,1.766453742980957,1.382532000541687,1.3044378757476807,1.252135157585144,16.456756591796875
160.60000610351562,145.3000030517578,136.0,165.0,172.6999969482422,178.1999969482422,167.6999969482422,2.299999952316284,166.8000030517578,179.6999969482422,48.79999923706055,154.39999389648438,169.3000030517578,131.1999969482422,75.0999984741211,39.38500213623047,1.227149486541748,1.7632774114608765,1.386449933052063,1.317703127861023,1.2573505640029907,15.393440246582031
159.1999969482422,146.39999389648438,135.5,165.60000610351562,172.1999969482422,176.89999389648438,166.6999969482422,2.5,169.1999969482422,179.39999389648438,44.599998474121094,156.39999389648438,168.8000030517578,133.1999969482422,74.0,38.80375671386719,1.2220826148986816,1.769065499305725,1.3794832229614258,1.303936243057251,1.2484359741210938,16.63715362548828
158.3000030517578,147.5,134.10000610351562,166.0,173.39999389648438,178.39999389648438,167.8000030517578,2.700000047683716,167.10000610351562,179.60000610351562,43.29999923706055,157.5,168.3000030517578,132.60000610351562,71.5,39.06781768798828,1.1973352432250977,1.769444227218628,1.3916364908218384,1.3144137859344482,1.247538447380066,14.733997344970703
158.6999969482422,147.3000030517578,136.0,164.10000610351562,174.0,177.5,167.10000610351562,2.700000047683716,161.5,179.8000030517578,43.5,157.89999389648438,169.0,131.89999389648438,73.9000015258789,39.20848846435547,1.2202571630477905,1.7616103887557983,1.3902734518051147,1.3170933723449707,1.2551671266555786,16.181819915771484
159.39999389648438,145.39999389648438,138.1999969482422,164.60000610351562,173.3000030517578,175.39999389648438,167.89999389648438,2.0,165.60000610351562,179.89999389648438,45.099998474121094,155.89999389648438,168.60000610351562,131.0,73.5,40.61623001098633,1.2243098020553589,1.7668308019638062,1.3931915760040283,1.3137094974517822,1.2585347890853882,16.343727111816406
160.39999389648438,145.39999389648438,135.5,165.60000610351562,171.5,176.39999389648438,167.5,3.799999952316284,168.39999389648438,179.1999969482422,43.70000076293945,157.39999389648438,169.8000030517578,132.10000610351562,72.19999694824219,39.955841064453125,1.2120592594146729,1.767176866531372,1.3959965705871582,1.321853756904602,1.260125994682312,15.738462448120117
159.0,146.5,135.1999969482422,165.0,172.8000030517578,177.3000030517578,166.89999389648438,1.7999999523162842,167.3000030517578,179.10000610351562,41.70000076293945,160.3000030517578,171.1999969482422,130.6999969482422,73.80000305175781,39.807861328125,1.224160075187683,1.7689841985702515,1.3819828033447266,1.3082404136657715,1.2555036544799805,14.643105506896973
159.0,147.3000030517578,135.1999969482422,164.8000030517578,173.0,179.60000610351562,165.89999389648438,5.800000190734863,160.89999389648438,178.1999969482422,36.400001525878906,161.10000610351562,169.89999389648438,133.8000030517578,69.19999694824219,40.725276947021484,1.2260934114456177,1.7748652696609497,1.391182541847229,1.3254262208938599,1.2563066482543945,13.837508201599121
158.60000610351562,146.5,134.3000030517578,164.0,173.5,179.8000030517578,166.5,3.200000047683716,170.39999389648438,179.39999389648438,35.599998474121094,162.60000610351562,168.89999389648438,135.3000030517578,65.5999984741211,43.33713150024414,1.227986216545105,1.7831718921661377,1.3987663984298706,1.31804358959198,1.2449158430099487,14.99912166595459
155.39999389648438,147.0,136.39999389648438,166.6999969482422,171.1999969482422,177.60000610351562,167.10000610351562,4.0,168.0,179.5,31.799999237060547,165.1999969482422,166.39999389648438,131.0,66.4000015258789,41.69725799560547,1.2300105094909668,1.7894306182861328,1.3677499294281006,1.290465235710144,1.2053816318511963,17.39995574951172
156.39999389648438,146.5,137.1999969482422,166.39999389648438,173.1999969482422,179.0,165.89999389648438,0.20000000298023224,171.5,177.1999969482422,31.899999618530273,159.89999389648438,165.5,127.19999694824219,70.19999694824219,41.26087188720703,1.2132588624954224,1.7914798259735107,1.3814812898635864,1.2943789958953857,1.1946529150009155,13.247411727905273
160.0,146.89999389648438,132.0,165.6999969482422,170.60000610351562,175.6999969482422,166.10000610351562,5.5,173.8000030517578,179.5,41.099998474121094,157.5,164.89999389648438,128.39999389648438,74.19999694824219,40.72435760498047,1.2027606964111328,1.7798526287078857,1.3841180801391602,1.3088873624801636,1.2095907926559448,13.385136604309082
161.6999969482422,147.3000030517578,131.60000610351562,166.1999969482422,170.60000610351562,177.5,168.5,15.199999809265137,177.1999969482422,179.6999969482422,50.20000076293945,153.5,164.10000610351562,126.0,80.5999984741211,41.24432373046875,1.2615045309066772,1.800519347190857,1.4319701194763184,1.3542835712432861,1.2494980096817017,14.862967491149902
165.0,149.89999389648438,127.5999984741211,168.10000610351562,168.39999389648438,178.0,169.60000610351562,30.799999237060547,171.5,179.5,56.599998474121094,150.3000030517578,164.5,124.80000305175781,80.80000305175781,39.812591552734375,1.280709981918335,1.8014553785324097,1.4349358081817627,1.3642131090164185,1.2656339406967163,13.769820213317871
166.3000030517578,152.39999389648438,129.3000030517578,168.5,168.8000030517578,180.0,170.6999969482422,40.599998474121094,167.3000030517578,178.39999389648438,61.5,154.0,167.89999389648438,119.80000305175781,105.0999984741211,39.84431076049805,1.306118130683899,1.796878457069397,1.4192709922790527,1.3517682552337646,1.3126168251037598,16.423004150390625
168.3000030517578,153.10000610351562,130.0,170.1999969482422,170.39999389648438,177.89999389648438,172.10000610351562,50.400001525878906,162.39999389648438,178.6999969482422,65.5999984741211,151.39999389648438,166.5,120.4000015258789,105.80000305175781,38.481746673583984,1.3002641201019287,1.8072704076766968,1.429464340209961,1.3396648168563843,1.305737018585205,17.677711486816406
170.6999969482422,152.3000030517578,129.10000610351562,169.39999389648438,174.6999969482422,178.3000030517578,175.1999969482422,57.20000076293945,160.3000030517578,174.8000030517578,72.9000015258789,151.1999969482422,165.3000030517578,117.0999984741211,114.0,41.48745346069336,1.3077267408370972,1.7933231592178345,1.4425946474075317,1.361965537071228,1.3210222721099854,17.672733306884766
174.5,153.89999389648438,131.60000610351562,171.10000610351562,173.3000030517578,178.39999389648438,179.8000030517578,64.5,156.5,173.3000030517578,76.5999984741211,153.39999389648438,166.89999389648438,119.30000305175781,120.0999984741211,41.49757766723633,1.2906255722045898,1.793998122215271,1.4384428262710571,1.3720813989639282,1.3508906364440918,17.8092098236084
174.0,157.6999969482422,130.39999389648438,173.39999389648438,176.3000030517578,177.5,177.60000610351562,72.19999694824219,153.1999969482422,169.3000030517578,81.0,158.0,165.1999969482422,120.19999694824219,126.30000305175781,35.75251007080078,1.2141190767288208,1.7737910747528076,1.4058507680892944,1.3222777843475342,1.3257614374160767,17.997638702392578
175.1999969482422,159.1999969482422,127.80000305175781,172.89999389648438,176.39999389648438,174.5,177.5,77.80000305175781,149.60000610351562,169.8000030517578,82.0999984741211,155.8000030517578,163.89999389648438,117.69999694824219,124.5,37.98943328857422,1.2102477550506592,1.7848454713821411,1.4377193450927734,1.3411551713943481,1.303835153579712,16.180089950561523
176.89999389648438,164.60000610351562,124.5,171.3000030517578,178.1999969482422,179.5,174.0,73.0,154.39999389648438,167.0,85.5,154.3000030517578,161.3000030517578,121.4000015258789,127.0999984741211,39.97018814086914,1.172693133354187,1.8001232147216797,1.3732562065124512,1.30410897731781,1.3058239221572876,15.131692886352539
177.0,164.89999389648438,120.5999984741211,170.0,178.89999389648438,177.8000030517578,173.89999389648438,71.0,154.89999389648438,167.1999969482422,84.5999984741211,153.3000030517578,159.3000030517578,122.5999984741211,127.5999984741211,41.60592269897461,1.2099424600601196,1.7920385599136353,1.3754442930221558,1.3112910985946655,1.3227522373199463,13.680549621582031
176.1999969482422,167.1999969482422,119.80000305175781,168.89999389648438,176.5,177.6999969482422,171.39999389648438,74.0,155.39999389648438,166.3000030517578,84.80000305175781,155.8000030517578,160.5,121.4000015258789,124.80000305175781,42.35373306274414,1.234931230545044,1.8021663427352905,1.3814486265182495,1.3201320171356201,1.319575309753418,12.746488571166992
176.89999389648438,168.0,120.30000305175781,171.39999389648438,177.0,176.0,168.10000610351562,78.30000305175781,155.1999969482422,162.8000030517578,87.69999694824219,157.89999389648438,158.1999969482422,123.0,128.8000030517578,40.385799407958984,1.2237770557403564,1.796440601348877,1.3741462230682373,1.3149975538253784,1.3240385055541992,13.265961647033691
178.0,167.0,119.19999694824219,170.8000030517578,176.1999969482422,177.6999969482422,167.8000030517578,80.5,153.6999969482422,161.39999389648438,91.5,155.10000610351562,157.3000030517578,124.0999984741211,128.6999969482422,42.44708251953125,1.237635850906372,1.8081804513931274,1.366310715675354,1.3038344383239746,1.3092844486236572,12.507623672485352
178.60000610351562,166.1999969482422,122.19999694824219,169.6999969482422,178.3000030517578,173.1999969482422,166.3000030517578,84.0,151.60000610351562,159.1999969482422,93.19999694824219,155.5,156.5,125.69999694824219,131.3000030517578,43.77145767211914,1.2231134176254272,1.7916760444641113,1.351130485534668,1.290255069732666,1.312171220779419,14.174612998962402
177.8000030517578,167.39999389648438,123.69999694824219,169.8000030517578,179.3000030517578,173.89999389648438,165.1999969482422,84.69999694824219,152.5,157.5,92.5,156.3000030517578,154.5,125.80000305175781,132.8000030517578,43.28999710083008,1.206738829612732,1.7965680360794067,1.347479224205017,1.2759590148925781,1.2970805168151855,13.560890197753906
179.3000030517578,168.6999969482422,125.69999694824219,168.1999969482422,178.0,175.60000610351562,163.1999969482422,85.80000305175781,151.39999389648438,154.5,95.5,156.3000030517578,153.3000030517578,125.5999984741211,137.60000610351562,45.427330017089844,1.2109148502349854,1.8114029169082642,1.3394031524658203,1.2654902935028076,1.309038758277893,14.755743026733398
178.60000610351562,168.0,126.5,167.5,179.1999969482422,176.5,164.8000030517578,84.0999984741211,152.1999969482422,156.39999389648438,92.4000015258789,155.3000030517578,155.3000030517578,122.69999694824219,135.5,45.18622970581055,1.2064859867095947,1.8113954067230225,1.3382062911987305,1.246502161026001,1.286148190498352,14.934260368347168
178.6999969482422,167.39999389648438,126.0999984741211,168.6999969482422,178.6999969482422,178.10000610351562,163.0,83.5,154.89999389648438,152.60000610351562,96.19999694824219,156.60000610351562,151.8000030517578,124.5,138.39999389648438,44.23821258544922,1.2170567512512207,1.8093149662017822,1.343111276626587,1.2533745765686035,1.2884418964385986,15.316794395446777
179.1999969482422,167.8000030517578,127.4000015258789,168.39999389648438,179.39999389648438,179.89999389648438,164.0,83.0999984741211,154.89999389648438,156.6999969482422,93.0999984741211,157.0,154.10000610351562,125.4000015258789,137.3000030517578,44.293785095214844,1.2168021202087402,1.8086705207824707,1.3495360612869263,1.266819715499878,1.3107786178588867,14.740168571472168
178.60000610351562,168.8000030517578,124.0999984741211,168.60000610351562,179.5,179.60000610351562,162.1999969482422,84.0999984741211,156.1999969482422,153.3000030517578,94.9000015258789,158.1999969482422,151.5,124.4000015258789,137.8000030517578,43.398223876953125,1.2075376510620117,1.7990700006484985,1.3343219757080078,1.2451081275939941,1.274754524230957,15.322633743286133
179.89999389648438,169.1999969482422,125.80000305175781,169.5,179.5,178.60000610351562,161.10000610351562,84.0,154.89999389648438,154.39999389648438,95.19999694824219,157.60000610351562,151.10000610351562,126.9000015258789,138.3000030517578,43.47723388671875,1.2005233764648438,1.8004810810089111,1.310680627822876,1.244972825050354,1.2935363054275513,15.482816696166992
178.5,166.8000030517578,125.4000015258789,171.5,178.1999969482422,177.89999389648438,163.89999389648438,82.5,157.5,156.60000610351562,94.4000015258789,157.60000610351562,155.10000610351562,126.69999694824219,132.60000610351562,42.207916259765625,1.21135675907135,1.823210597038269,1.3661285638809204,1.3055378198623657,1.321300745010376,15.658782005310059
176.89999389648438,165.89999389648438,120.69999694824219,170.1999969482422,179.3000030517578,179.39999389648438,167.6999969482422,78.5999984741211,157.89999389648438,159.8000030517578,91.19999694824219,158.8000030517578,157.60000610351562,123.30000305175781,130.8000030517578,42.41059112548828,1.2426543235778809,1.8111799955368042,1.376924753189087,1.3249077796936035,1.3133858442306519,14.179984092712402
176.5,165.1999969482422,126.0,170.60000610351562,178.39999389648438,180.0,171.6999969482422,73.19999694824219,155.39999389648438,166.8000030517578,84.19999694824219,153.39999389648438,157.3000030517578,124.4000015258789,128.6999969482422,42.507972717285156,1.251859426498413,1.8170512914657593,1.3728561401367188,1.3047455549240112,1.319296956062317,11.677603721618652
173.10000610351562,161.89999389648438,131.6999969482422,171.1999969482422,177.60000610351562,178.60000610351562,174.3000030517578,72.9000015258789,152.6999969482422,167.39999389648438,80.30000305175781,153.0,160.3000030517578,120.80000305175781,123.30000305175781,39.250144958496094,1.2300077676773071,1.8177365064620972,1.3662135601043701,1.2837047576904297,1.2977770566940308,13.831014633178711
172.60000610351562,155.5,130.60000610351562,166.0,178.3000030517578,178.39999389648438,179.5,57.0,165.0,174.5,70.80000305175781,157.6999969482422,165.39999389648438,115.9000015258789,118.69999694824219,44.20773696899414,1.3206523656845093,1.8023797273635864,1.4599007368087769,1.3743139505386353,1.3503457307815552,18.905380249023438
172.10000610351562,158.10000610351562,124.69999694824219,166.0,174.5,177.8000030517578,174.3000030517578,48.20000076293945,167.3000030517578,177.60000610351562,67.69999694824219,154.6999969482422,168.0,117.0999984741211,113.4000015258789,44.9796257019043,1.327358365058899,1.799653172492981,1.4379346370697021,1.3433661460876465,1.3304096460342407,18.678415298461914
168.1999969482422,154.6999969482422,129.8000030517578,168.60000610351562,171.0,179.39999389648438,172.60000610351562,53.79999923706055,157.8000030517578,177.8000030517578,66.5999984741211,151.1999969482422,165.39999389648438,124.0999984741211,103.19999694824219,39.61336135864258,1.3017135858535767,1.8076541423797607,1.4145375490188599,1.3262243270874023,1.309849739074707,17.704130172729492
168.39999389648438,154.60000610351562,130.8000030517578,168.3000030517578,170.5,178.8000030517578,172.6999969482422,49.70000076293945,163.1999969482422,178.10000610351562,65.30000305175781,153.10000610351562,168.10000610351562,120.4000015258789,106.19999694824219,40.267459869384766,1.3140722513198853,1.7979719638824463,1.4361865520477295,1.3479377031326294,1.313673496246338,17.70067024230957
168.0,157.0,130.6999969482422,167.5,172.8000030517578,175.89999389648438,169.1999969482422,45.5,164.1999969482422,179.5,65.4000015258789,149.8000030517578,169.10000610351562,124.69999694824219,100.0,40.365386962890625,1.3118884563446045,1.7971007823944092,1.4262025356292725,1.3557647466659546,1.3250806331634521,15.987069129943848
167.10000610351562,155.6999969482422,128.1999969482422,166.6999969482422,170.10000610351562,178.10000610351562,170.10000610351562,46.29999923706055,162.1999969482422,179.5,64.4000015258789,149.8000030517578,168.8000030517578,125.0,98.0,40.00625228881836,1.2956424951553345,1.7948877811431885,1.4108103513717651,1.3282175064086914,1.3036456108093262,16.639841079711914
168.10000610351562,154.5,131.8000030517578,163.8000030517578,170.3000030517578,177.39999389648438,172.60000610351562,45.599998474121094,161.8000030517578,178.89999389648438,62.900001525878906,148.39999389648438,168.5,127.69999694824219,91.5,44.276824951171875,1.3052771091461182,1.7878681421279907,1.3928269147872925,1.3187732696533203,1.3112833499908447,16.734594345092773
164.60000610351562,152.1999969482422,130.60000610351562,163.39999389648438,171.5,175.5,171.3000030517578,33.79999923706055,169.5,177.1999969482422,58.70000076293945,152.0,167.60000610351562,128.39999389648438,87.80000305175781,42.07918167114258,1.2925411462783813,1.791290521621704,1.3649120330810547,1.2940694093704224,1.2798460721969604,17.836753845214844
166.8000030517578,152.89999389648438,128.5,164.6999969482422,169.89999389648438,175.5,169.6999969482422,33.0,172.10000610351562,178.3000030517578,56.5,154.39999389648438,169.5,122.9000015258789,87.0999984741211,42.10460662841797,1.2900434732437134,1.7850230932235718,1.3834333419799805,1.3023455142974854,1.2741739749908447,18.433090209960938
166.39999389648438,153.0,130.10000610351562,163.60000610351562,170.8000030517578,175.39999389648438,171.5,30.799999237060547,175.0,177.8000030517578,54.70000076293945,158.5,168.89999389648438,123.5,89.5999984741211,43.25637435913086,1.2783151865005493,1.7771899700164795,1.3541667461395264,1.2749407291412354,1.2600678205490112,20.671016693115234
164.1999969482422,147.6999969482422,129.0,162.60000610351562,169.60000610351562,178.10000610351562,168.60000610351562,15.5,176.1999969482422,178.8000030517578,46.70000076293945,154.60000610351562,169.1999969482422,132.10000610351562,73.30000305175781,43.27791976928711,1.2413430213928223,1.7755178213119507,1.384891390800476,1.306113600730896,1.2537709474563599,17.98861312866211
156.89999389648438,143.6999969482422,135.1999969482422,163.6999969482422,171.6999969482422,178.39999389648438,167.3000030517578,2.299999952316284,172.6999969482422,179.39999389648438,28.5,163.10000610351562,167.5,141.89999389648438,55.79999923706055,40.69327926635742,1.170571208000183,1.775168776512146,1.3251818418502808,1.2441744804382324,1.1952239274978638,15.890999794006348
151.10000610351562,147.39999389648438,140.89999389648438,164.5,170.6999969482422,177.10000610351562,166.10000610351562,20.600000381469727,162.6999969482422,177.0,11.800000190734863,166.3000030517578,166.0,145.60000610351562,45.599998474121094,39.09144592285156,1.1714742183685303,1.7802045345306396,1.304495096206665,1.2144155502319336,1.167872667312622,15.835155487060547
143.10000610351562,146.0,150.3000030517578,165.0,173.39999389648438,179.89999389648438,160.60000610351562,35.5,157.3000030517578,174.6999969482422,0.6000000238418579,169.10000610351562,166.6999969482422,122.5,70.4000015258789,35.7979850769043,1.1758594512939453,1.7644814252853394,1.256903886795044,1.1478402614593506,1.0803940296173096,16.673046112060547
141.5,143.60000610351562,153.3000030517578,162.39999389648438,175.60000610351562,179.60000610351562,157.10000610351562,43.20000076293945,154.89999389648438,172.3000030517578,10.899999618530273,174.5,169.1999969482422,130.8000030517578,60.900001525878906,36.57952117919922,1.172106146812439,1.7567243576049805,1.248255968093872,1.147416591644287,1.0956053733825684,16.246957778930664
139.6999969482422,144.10000610351562,152.5,162.39999389648438,174.8000030517578,178.8000030517578,156.8000030517578,43.20000076293945,154.5,175.5,16.200000762939453,171.8000030517578,172.0,128.5,62.20000076293945,35.628353118896484,1.1825928688049316,1.7651365995407104,1.2759026288986206,1.1861764192581177,1.1073113679885864,18.874706268310547
137.89999389648438,147.10000610351562,150.89999389648438,162.0,176.60000610351562,179.39999389648438,158.0,42.0,153.8000030517578,174.60000610351562,16.100000381469727,178.1999969482422,170.6999969482422,138.60000610351562,47.20000076293945,34.258209228515625,1.1440627574920654,1.7402359247207642,1.1938906908035278,1.0961061716079712,1.0555886030197144,19.244686126708984
141.8000030517578,142.60000610351562,148.5,163.0,175.10000610351562,178.8000030517578,158.5,37.20000076293945,157.1999969482422,175.5,19.899999618530273,166.8000030517578,173.1999969482422,165.89999389648438,27.899999618530273,34.58049392700195,1.1353338956832886,1.7623718976974487,1.196524977684021,1.133879542350769,1.1019824743270874,19.18169593811035
146.5,145.3000030517578,145.60000610351562,162.6999969482422,174.6999969482422,178.89999389648438,163.5,29.5,157.5,176.5,0.699999988079071,174.3000030517578,169.1999969482422,163.6999969482422,24.700000762939453,35.64433670043945,1.1548470258712769,1.7582316398620605,1.2508937120437622,1.1689777374267578,1.1073557138442993,16.21082305908203
152.6999969482422,142.89999389648438,140.6999969482422,165.0,170.89999389648438,179.10000610351562,164.89999389648438,11.5,168.5,178.0,23.100000381469727,161.6999969482422,167.8000030517578,149.3000030517578,49.70000076293945,33.93101119995117,1.1385499238967896,1.7500327825546265,1.2688751220703125,1.214897871017456,1.1619467735290527,17.107370376586914
157.8000030517578,141.6999969482422,139.0,163.60000610351562,168.60000610351562,176.39999389648438,166.39999389648438,2.299999952316284,173.89999389648438,179.5,29.600000381469727,160.8000030517578,167.5,149.10000610351562,53.099998474121094,37.89493942260742,1.1714773178100586,1.7351738214492798,1.3260011672973633,1.272046446800232,1.2163605690002441,16.298402786254883
160.6999969482422,146.60000610351562,136.3000030517578,162.0,170.5,179.39999389648438,166.89999389648438,14.5,176.3000030517578,179.39999389648438,53.70000076293945,150.1999969482422,168.89999389648438,133.10000610351562,73.5,42.05630111694336,1.2529526948928833,1.7799094915390015,1.3921329975128174,1.2995190620422363,1.235063076019287,18.02398681640625
164.60000610351562,153.3000030517578,128.3000030517578,163.0,171.0,177.6999969482422,170.0,44.79999923706055,162.5,178.3000030517578,68.0999984741211,146.6999969482422,170.89999389648438,127.19999694824219,91.5999984741211,41.320518493652344,1.2841864824295044,1.7948094606399536,1.4237935543060303,1.3583111763000488,1.3064303398132324,16.443912506103516
171.89999389648438,148.8000030517578,137.5,162.8000030517578,171.10000610351562,179.8000030517578,173.8000030517578,64.30000305175781,154.8000030517578,175.89999389648438,74.9000015258789,148.8000030517578,166.5,123.19999694824219,109.5999984741211,45.688804626464844,1.3201082944869995,1.7940661907196045,1.4691898822784424,1.37773859500885,1.341453194618225,15.80078125
171.60000610351562,158.5,127.0,163.6999969482422,172.39999389648438,179.39999389648438,178.39999389648438,73.5,150.1999969482422,173.5,79.0999984741211,150.5,168.60000610351562,119.9000015258789,111.5,42.88022232055664,1.2763898372650146,1.7809864282608032,1.4473216533660889,1.369521141052246,1.3334587812423706,17.125585556030273
170.89999389648438,161.5,130.60000610351562,163.1999969482422,175.89999389648438,179.6999969482422,177.3000030517578,73.69999694824219,156.39999389648438,171.8000030517578,79.0999984741211,155.3000030517578,164.10000610351562,118.0,121.9000015258789,44.4245719909668,1.2530361413955688,1.7895091772079468,1.4065194129943848,1.3214304447174072,1.3093152046203613,14.8349609375
174.10000610351562,163.39999389648438,125.0,163.89999389648438,177.0,178.89999389648438,174.60000610351562,80.0,155.8000030517578,167.89999389648438,84.69999694824219,154.89999389648438,161.6999969482422,119.30000305175781,125.4000015258789,45.735965728759766,1.2000138759613037,1.7665868997573853,1.4064137935638428,1.324376106262207,1.3157248497009277,14.729357719421387
175.60000610351562,165.3000030517578,134.60000610351562,166.10000610351562,179.39999389648438,177.10000610351562,169.39999389648438,84.5,154.60000610351562,163.6999969482422,91.0999984741211,148.6999969482422,160.5,123.5999984741211,122.0,44.09634780883789,1.1773061752319336,1.7708889245986938,1.355431079864502,1.2685223817825317,1.2907994985580444,14.227235794067383
176.0,164.10000610351562,133.5,166.8000030517578,179.10000610351562,179.10000610351562,170.1999969482422,85.0,153.0,164.10000610351562,90.30000305175781,148.60000610351562,159.39999389648438,125.4000015258789,121.9000015258789,44.04413986206055,1.1877543926239014,1.77493155002594,1.3753905296325684,1.2932718992233276,1.318004846572876,13.575337409973145
176.6999969482422,166.1999969482422,133.0,166.5,179.3000030517578,179.89999389648438,168.10000610351562,88.4000015258789,154.1999969482422,160.1999969482422,95.5999984741211,150.39999389648438,158.0,127.30000305175781,123.69999694824219,45.84678649902344,1.1853669881820679,1.7781778573989868,1.3959287405014038,1.3126955032348633,1.3298643827438354,13.718897819519043
178.6999969482422,168.6999969482422,128.8000030517578,164.39999389648438,177.39999389648438,179.89999389648438,166.39999389648438,89.0999984741211,153.6999969482422,160.3000030517578,95.19999694824219,151.89999389648438,155.39999389648438,131.3000030517578,129.0,48.76998519897461,1.1548829078674316,1.749799370765686,1.3649535179138184,1.295917272567749,1.3357715606689453,10.828393936157227
178.10000610351562,168.10000610351562,130.3000030517578,165.0,177.3000030517578,180.0,165.60000610351562,90.0,152.6999969482422,159.6999969482422,95.69999694824219,149.39999389648438,154.5,130.60000610351562,127.4000015258789,47.84605026245117,1.1663379669189453,1.7518104314804077,1.3659756183624268,1.2913354635238647,1.3308919668197632,9.948192596435547
178.89999389648438,168.89999389648438,129.1999969482422,167.5,176.10000610351562,179.0,161.89999389648438,95.19999694824219,151.8000030517578,156.10000610351562,99.5,148.3000030517578,151.3000030517578,131.8000030517578,126.5999984741211,46.571632385253906,1.1752452850341797,1.737009048461914,1.3563679456710815,1.2755203247070312,1.3146812915802002,9.943864822387695
179.39999389648438,170.60000610351562,129.89999389648438,168.0,174.5,179.8000030517578,160.5,96.0,151.8000030517578,152.60000610351562,103.4000015258789,148.39999389648438,148.10000610351562,131.39999389648438,133.10000610351562,46.86918640136719,1.1823811531066895,1.7111769914627075,1.3349519968032837,1.2465769052505493,1.2855504751205444,9.742005348205566
178.39999389648438,173.6999969482422,128.3000030517578,168.3000030517578,175.1999969482422,176.0,160.0,97.69999694824219,148.1999969482422,152.1999969482422,104.30000305175781,147.10000610351562,148.0,131.3000030517578,134.8000030517578,45.817142486572266,1.1968251466751099,1.725113034248352,1.3250011205673218,1.2493501901626587,1.2874701023101807,10.791945457458496
178.39999389648438,173.89999389648438,128.3000030517578,170.39999389648438,175.1999969482422,178.1999969482422,157.10000610351562,95.80000305175781,151.39999389648438,143.3000030517578,110.19999694824219,147.0,140.6999969482422,134.39999389648438,138.6999969482422,44.22199249267578,1.1558409929275513,1.705296516418457,1.3162026405334473,1.2212233543395996,1.2608405351638794,8.447522163391113
179.0,175.3000030517578,128.3000030517578,170.3000030517578,174.5,178.5,158.1999969482422,94.30000305175781,150.39999389648438,145.6999969482422,108.5999984741211,146.3000030517578,143.3000030517578,134.89999389648438,136.10000610351562,43.70319747924805,1.1621193885803223,1.7282016277313232,1.311764121055603,1.2120112180709839,1.2686728239059448,9.745758056640625
179.6999969482422,173.89999389648438,134.3000030517578,168.60000610351562,173.6999969482422,176.60000610351562,157.89999389648438,95.9000015258789,152.1999969482422,147.1999969482422,109.5999984741211,145.5,147.39999389648438,130.1999969482422,139.10000610351562,47.239749908447266,1.205847978591919,1.715842843055725,1.305364966392517,1.220772624015808,1.263809323310852,10.871485710144043
178.60000610351562,175.5,130.1999969482422,166.39999389648438,173.89999389648438,174.10000610351562,160.5,96.5999984741211,153.1999969482422,149.89999389648438,108.4000015258789,147.60000610351562,149.8000030517578,129.89999389648438,136.39999389648438,48.21103286743164,1.2104947566986084,1.7193443775177002,1.3300869464874268,1.251039981842041,1.2851803302764893,11.779149055480957
178.1999969482422,173.60000610351562,131.6999969482422,170.1999969482422,175.60000610351562,173.1999969482422,157.0,108.0,148.8000030517578,147.60000610351562,113.0,148.0,147.3000030517578,133.1999969482422,136.8000030517578,46.88262176513672,1.2945594787597656,1.7241419553756714,1.3631740808486938,1.2896989583969116,1.3027706146240234,11.193917274475098
179.0,172.39999389648438,136.89999389648438,173.6999969482422,176.89999389648438,173.0,154.0,109.69999694824219,148.5,143.8000030517578,114.0,149.8000030517578,141.89999389648438,136.10000610351562,140.1999969482422,44.57844924926758,1.3179452419281006,1.694380760192871,1.3172452449798584,1.2377058267593384,1.2541600465774536,10.368260383605957
180.0,172.60000610351562,129.10000610351562,170.0,175.89999389648438,174.6999969482422,159.10000610351562,97.5,149.60000610351562,149.6999969482422,108.0,147.89999389648438,147.6999969482422,131.39999389648438,133.89999389648438,45.415199279785156,1.197460651397705,1.7087032794952393,1.3218361139297485,1.2467467784881592,1.2738542556762695,10.105181694030762
179.60000610351562,172.3000030517578,129.60000610351562,169.0,175.60000610351562,176.10000610351562,160.8000030517578,97.0999984741211,151.60000610351562,151.39999389648438,106.80000305175781,147.5,149.60000610351562,132.3000030517578,130.3000030517578,46.228206634521484,1.172009825706482,1.728066325187683,1.337477684020996,1.2550075054168701,1.2844940423965454,10.273003578186035
176.39999389648438,164.10000610351562,132.89999389648438,167.8000030517578,176.89999389648438,178.1999969482422,172.3000030517578,84.5,151.8000030517578,163.1999969482422,89.30000305175781,153.6999969482422,159.1999969482422,124.5999984741211,124.30000305175781,44.700706481933594,1.1618361473083496,1.7860023975372314,1.3924096822738647,1.310688853263855,1.3047242164611816,12.427313804626465
174.5,161.5,126.80000305175781,167.6999969482422,172.6999969482422,180.0,176.60000610351562,78.30000305175781,151.10000610351562,170.0,80.4000015258789,155.0,161.5,120.5,120.9000015258789,42.68780517578125,1.205443024635315,1.7712305784225464,1.4018640518188477,1.3228974342346191,1.2989634275436401,14.957815170288086
173.1999969482422,158.6999969482422,127.5999984741211,166.0,174.1999969482422,177.10000610351562,180.0,68.30000305175781,155.6999969482422,172.3000030517578,76.4000015258789,152.3000030517578,163.6999969482422,118.80000305175781,115.5999984741211,42.863555908203125,1.2377941608428955,1.7822911739349365,1.3837336301803589,1.2981165647506714,1.2863844633102417,16.359333038330078
171.39999389648438,156.60000610351562,128.8000030517578,165.0,172.3000030517578,177.0,177.89999389648438,62.79999923706055,157.39999389648438,174.10000610351562,71.80000305175781,153.3000030517578,162.6999969482422,120.80000305175781,108.5999984741211,43.404457092285156,1.275712251663208,1.7911590337753296,1.414358377456665,1.3039202690124512,1.2797598838806152,17.743370056152344
170.10000610351562,156.8000030517578,129.1999969482422,165.1999969482422,172.1999969482422,177.1999969482422,176.89999389648438,60.400001525878906,159.1999969482422,174.39999389648438,71.4000015258789,153.8000030517578,164.10000610351562,124.4000015258789,104.5999984741211,43.0864372253418,1.294161081314087,1.7957649230957031,1.4162545204162598,1.3186376094818115,1.3054614067077637,17.77943992614746
169.5,158.0,127.80000305175781,164.6999969482422,171.6999969482422,177.0,174.60000610351562,53.400001525878906,162.3000030517578,176.8000030517578,68.4000015258789,150.0,166.10000610351562,127.5,93.5999984741211,43.16426086425781,1.291550874710083,1.7992463111877441,1.3957955837249756,1.3104779720306396,1.2900840044021606,18.342845916748047
168.8000030517578,157.8000030517578,127.5,164.3000030517578,171.3000030517578,176.8000030517578,174.10000610351562,45.400001525878906,164.8000030517578,176.3000030517578,64.5999984741211,151.0,166.39999389648438,127.5,88.80000305175781,44.5260124206543,1.2913591861724854,1.805668592453003,1.3874211311340332,1.3032852411270142,1.2850345373153687,19.134620666503906
167.5,156.0,128.1999969482422,164.3000030517578,171.6999969482422,174.89999389648438,172.5,38.79999923706055,170.5,176.89999389648438,61.0,155.89999389648438,166.0,124.0999984741211,91.80000305175781,43.89818572998047,1.2869110107421875,1.797311544418335,1.3832069635391235,1.2877107858657837,1.2605563402175903,19.838611602783203
167.6999969482422,154.5,127.19999694824219,164.0,170.3000030517578,177.8000030517578,172.10000610351562,32.099998474121094,172.8000030517578,177.39999389648438,56.29999923706055,152.8000030517578,167.10000610351562,128.0,84.5,46.03926467895508,1.2677617073059082,1.796595811843872,1.3576161861419678,1.278977394104004,1.263765811920166,18.75509262084961
162.1999969482422,151.10000610351562,130.10000610351562,166.0,167.89999389648438,178.5,169.8000030517578,11.0,172.5,179.89999389648438,42.70000076293945,158.6999969482422,165.89999389648438,138.1999969482422,68.0999984741211,42.70254135131836,1.2105703353881836,1.7852561473846436,1.370790958404541,1.2736560106277466,1.2425392866134644,20.704010009765625
158.39999389648438,149.1999969482422,134.60000610351562,165.5,167.5,177.1999969482422,169.8000030517578,3.700000047683716,170.89999389648438,179.39999389648438,35.400001525878906,159.89999389648438,164.39999389648438,142.1999969482422,64.9000015258789,42.691341400146484,1.2156381607055664,1.7852308750152588,1.3652145862579346,1.2689883708953857,1.242261528968811,19.89215660095215
154.8000030517578,149.3000030517578,133.8000030517578,163.5,170.8000030517578,179.10000610351562,168.8000030517578,7.800000190734863,164.39999389648438,179.1999969482422,26.700000762939453,163.6999969482422,163.8000030517578,147.89999389648438,53.29999923706055,41.754722595214844,1.2009291648864746,1.790086030960083,1.3346771001815796,1.2583831548690796,1.2217708826065063,21.761354446411133
152.60000610351562,144.89999389648438,141.3000030517578,163.60000610351562,171.60000610351562,178.60000610351562,168.10000610351562,17.799999237060547,159.89999389648438,179.60000610351562,11.899999618530273,170.5,161.5,143.8000030517578,53.5,46.90141296386719,1.2399511337280273,1.8031466007232666,1.358899474143982,1.2482699155807495,1.196860671043396,21.8095760345459
141.10000610351562,139.5,154.1999969482422,161.89999389648438,171.1999969482422,176.60000610351562,158.0,41.599998474121094,146.0,172.6999969482422,11.399999618530273,179.39999389648438,169.10000610351562,133.10000610351562,56.099998474121094,36.59857177734375,1.1526201963424683,1.7793785333633423,1.258782982826233,1.1781511306762695,1.110733985900879,15.180229187011719
133.60000610351562,146.0,154.60000610351562,161.1999969482422,174.8000030517578,179.10000610351562,158.60000610351562,41.70000076293945,153.10000610351562,172.8000030517578,12.800000190734863,178.10000610351562,169.39999389648438,153.6999969482422,26.100000381469727,37.711036682128906,1.18781316280365,1.7757126092910767,1.2532129287719727,1.143225073814392,1.0872093439102173,16.26414680480957
135.0,148.0,156.10000610351562,159.6999969482422,174.8000030517578,179.39999389648438,153.89999389648438,56.20000076293945,151.89999389648438,167.6999969482422,29.700000762939453,178.10000610351562,176.60000610351562,144.5,37.400001525878906,34.4954948425293,1.1437891721725464,1.7627947330474854,1.1784396171569824,1.0924057960510254,1.056879997253418,12.273946762084961
136.10000610351562,148.0,159.3000030517578,161.3000030517578,173.39999389648438,178.39999389648438,152.60000610351562,63.79999923706055,149.1999969482422,160.89999389648438,42.900001525878906,179.60000610351562,179.1999969482422,117.0,78.19999694824219,36.26200866699219,1.1185839176177979,1.7501261234283447,1.186610221862793,1.0892096757888794,1.0577712059020996,11.649951934814453
134.6999969482422,150.60000610351562,156.89999389648438,165.5,170.5,178.60000610351562,151.6999969482422,66.80000305175781,149.1999969482422,156.10000610351562,50.0,178.3000030517578,177.5,99.0999984741211,97.5,39.701438903808594,1.0536410808563232,1.7360384464263916,1.1279486417770386,1.032334327697754,1.037835955619812,14.430486679077148
137.3000030517578,146.8000030517578,159.8000030517578,163.0,173.10000610351562,178.1999969482422,156.10000610351562,54.70000076293945,153.8000030517578,160.8000030517578,34.20000076293945,178.60000610351562,177.8000030517578,84.0,96.4000015258789,40.01057434082031,1.0814622640609741,1.7326350212097168,1.1410590410232544,1.0132896900177002,0.9983710050582886,13.396859169006348
135.1999969482422,147.8000030517578,156.89999389648438,161.60000610351562,174.1999969482422,179.6999969482422,156.89999389648438,52.20000076293945,153.5,166.10000610351562,29.899999618530273,179.3000030517578,176.1999969482422,92.30000305175781,91.19999694824219,38.451290130615234,1.1233477592468262,1.7470755577087402,1.1927311420440674,1.0757912397384644,1.0265223979949951,13.968509674072266
134.1999969482422,147.0,156.89999389648438,162.0,175.60000610351562,178.0,157.0,48.099998474121094,155.1999969482422,169.8000030517578,26.700000762939453,179.0,174.0,144.6999969482422,42.29999923706055,37.367034912109375,1.2134193181991577,1.7770071029663086,1.2164307832717896,1.1406288146972656,1.0939209461212158,16.138185501098633
138.8000030517578,146.6999969482422,147.39999389648438,161.3000030517578,174.60000610351562,178.39999389648438,157.3000030517578,43.099998474121094,154.0,171.1999969482422,12.899999618530273,177.39999389648438,169.39999389648438,138.8000030517578,48.79999923706055,35.95393371582031,1.1281864643096924,1.744800090789795,1.2130495309829712,1.112296223640442,1.081330418586731,17.060258865356445
142.8000030517578,143.39999389648438,150.3000030517578,161.39999389648438,174.10000610351562,177.5,156.5,42.599998474121094,153.39999389648438,170.10000610351562,9.300000190734863,174.3000030517578,169.5,134.60000610351562,53.70000076293945,37.00981903076172,1.126872181892395,1.7505757808685303,1.2263624668121338,1.130429744720459,1.077121376991272,16.44782829284668
146.10000610351562,145.3000030517578,143.8000030517578,162.39999389648438,172.6999969482422,177.39999389648438,160.6999969482422,35.70000076293945,153.6999969482422,172.60000610351562,5.199999809265137,178.39999389648438,166.89999389648438,112.5,78.4000015258789,40.00008773803711,1.159900188446045,1.7600220441818237,1.2677862644195557,1.1593202352523804,1.101465106010437,16.876712799072266
151.5,144.10000610351562,138.60000610351562,163.39999389648438,168.5,177.60000610351562,160.5,26.399999618530273,162.60000610351562,172.8000030517578,1.7999999523162842,172.89999389648438,165.60000610351562,123.9000015258789,68.4000015258789,42.93262481689453,1.1716588735580444,1.7648677825927734,1.2818353176116943,1.19185209274292,1.1466459035873413,18.251314163208008
153.1999969482422,144.6999969482422,138.6999969482422,164.8000030517578,165.89999389648438,174.6999969482422,167.60000610351562,1.2000000476837158,175.60000610351562,177.39999389648438,20.799999237060547,164.3000030517578,163.5,125.19999694824219,76.19999694824219,43.190181732177734,1.176948070526123,1.773349404335022,1.3076225519180298,1.2114663124084473,1.1654243469238281,20.28586196899414
161.10000610351562,145.89999389648438,134.10000610351562,163.39999389648438,167.6999969482422,177.5,168.6999969482422,7.099999904632568,174.3000030517578,178.3000030517578,37.599998474121094,157.39999389648438,165.5,138.39999389648438,68.0,44.76124954223633,1.236341953277588,1.7869173288345337,1.3772671222686768,1.3026468753814697,1.2601490020751953,18.672819137573242
168.10000610351562,152.3000030517578,125.80000305175781,163.60000610351562,169.89999389648438,176.10000610351562,170.89999389648438,29.0,178.89999389648438,179.60000610351562,54.29999923706055,155.6999969482422,167.10000610351562,122.30000305175781,87.19999694824219,45.667423248291016,1.2874236106872559,1.8044328689575195,1.3706635236740112,1.2923840284347534,1.2617371082305908,19.564796447753906
171.1999969482422,155.60000610351562,124.69999694824219,163.5,171.39999389648438,176.1999969482422,174.5,53.29999923706055,163.89999389648438,176.0,67.69999694824219,151.8000030517578,168.0,122.30000305175781,96.69999694824219,46.29002380371094,1.2885336875915527,1.7841496467590332,1.3897857666015625,1.302726149559021,1.2795710563659668,20.069028854370117
171.8000030517578,157.60000610351562,124.9000015258789,164.6999969482422,176.5,178.0,178.10000610351562,65.80000305175781,154.89999389648438,169.5,72.80000305175781,152.60000610351562,164.60000610351562,117.30000305175781,110.5999984741211,44.456153869628906,1.2289116382598877,1.8084357976913452,1.3801259994506836,1.2903367280960083,1.2924717664718628,18.950428009033203
173.6999969482422,161.10000610351562,123.0999984741211,165.60000610351562,176.89999389648438,180.0,174.5,72.0,153.60000610351562,168.5,77.69999694824219,153.0,164.3000030517578,119.5,116.0,44.59584045410156,1.187148928642273,1.7904735803604126,1.3416627645492554,1.2738299369812012,1.2905926704406738,18.03921127319336
174.6999969482422,163.8000030517578,128.0,166.3000030517578,177.6999969482422,179.3000030517578,172.5,78.30000305175781,150.3000030517578,164.5,85.69999694824219,151.5,162.5,121.30000305175781,119.5999984741211,43.28077697753906,1.1589361429214478,1.7893707752227783,1.3440667390823364,1.2756168842315674,1.2953342199325562,17.167795181274414
174.8000030517578,163.10000610351562,129.8000030517578,166.0,179.8000030517578,179.0,171.6999969482422,77.80000305175781,155.10000610351562,162.39999389648438,89.0,150.60000610351562,159.8000030517578,122.69999694824219,125.69999694824219,44.425567626953125,1.1828795671463013,1.782274603843689,1.3578230142593384,1.2767069339752197,1.313787817955017,15.408910751342773
178.10000610351562,168.39999389648438,126.5999984741211,164.0,175.60000610351562,176.6999969482422,162.6999969482422,83.69999694824219,150.89999389648438,155.3000030517578,95.5,146.10000610351562,157.1999969482422,122.80000305175781,133.60000610351562,49.0701904296875,1.1277437210083008,1.7552660703659058,1.259663701057434,1.2067840099334717,1.284438967704773,15.225142478942871
179.60000610351562,170.5,130.8000030517578,165.1999969482422,173.3000030517578,179.3000030517578,162.10000610351562,89.4000015258789,148.39999389648438,154.6999969482422,96.80000305175781,148.3000030517578,152.89999389648438,125.80000305175781,134.10000610351562,49.52528762817383,1.1665120124816895,1.7343014478683472,1.2711814641952515,1.200374722480774,1.2668876647949219,11.59819221496582
178.60000610351562,173.6999969482422,130.10000610351562,167.89999389648438,172.1999969482422,177.0,155.0,94.69999694824219,148.8000030517578,146.60000610351562,106.0999984741211,146.8000030517578,150.1999969482422,126.5,133.39999389648438,47.57225799560547,1.2321585416793823,1.7260555028915405,1.2388185262680054,1.1920228004455566,1.236283302307129,13.730112075805664
179.89999389648438,168.3000030517578,134.8000030517578,164.6999969482422,174.60000610351562,174.1999969482422,161.3000030517578,92.5,150.60000610351562,154.6999969482422,98.4000015258789,148.6999969482422,157.8000030517578,125.30000305175781,129.10000610351562,51.75614547729492,1.25948965549469,1.7449016571044922,1.2906163930892944,1.2281941175460815,1.2858418226242065,16.09136962890625
179.39999389648438,167.10000610351562,130.10000610351562,166.10000610351562,175.89999389648438,175.6999969482422,161.5,96.30000305175781,148.8000030517578,158.5,99.5999984741211,145.39999389648438,160.6999969482422,131.1999969482422,124.0,49.16530227661133,1.2169996500015259,1.7343717813491821,1.3196145296096802,1.2770915031433105,1.3327316045761108,14.441629409790039
177.3000030517578,168.60000610351562,131.3000030517578,166.0,175.3000030517578,175.3000030517578,161.1999969482422,96.80000305175781,145.5,157.1999969482422,99.4000015258789,145.89999389648438,159.39999389648438,129.6999969482422,124.0999984741211,47.144432067871094,1.2519663572311401,1.7445063591003418,1.287904143333435,1.2553619146347046,1.3050035238265991,14.884895324707031
177.60000610351562,168.60000610351562,133.6999969482422,165.8000030517578,176.8000030517578,174.89999389648438,163.3000030517578,94.69999694824219,146.1999969482422,158.6999969482422,99.5,147.1999969482422,160.89999389648438,130.1999969482422,126.69999694824219,46.68314743041992,1.2165260314941406,1.7412768602371216,1.3092235326766968,1.2837969064712524,1.3308501243591309,15.867572784423828
176.3000030517578,163.6999969482422,132.5,164.89999389648438,176.8000030517578,179.6999969482422,166.89999389648438,91.0999984741211,144.1999969482422,163.10000610351562,96.9000015258789,146.5,163.6999969482422,130.39999389648438,121.4000015258789,45.25238800048828,1.149242877960205,1.7298153638839722,1.3175376653671265,1.3083547353744507,1.340201497077942,15.720388412475586
174.60000610351562,162.5,131.39999389648438,166.89999389648438,179.6999969482422,179.8000030517578,169.0,88.69999694824219,146.10000610351562,164.1999969482422,96.69999694824219,147.3000030517578,166.39999389648438,126.4000015258789,118.9000015258789,41.37222671508789,1.151928424835205,1.7118580341339111,1.306396722793579,1.297414779663086,1.308518648147583,17.773761749267578
172.60000610351562,162.60000610351562,128.89999389648438,167.1999969482422,178.3000030517578,176.89999389648438,170.8000030517578,91.5999984741211,143.0,165.8000030517578,93.5,150.89999389648438,164.6999969482422,129.10000610351562,113.0999984741211,39.97483825683594,1.1737645864486694,1.7367113828659058,1.3433345556259155,1.3277482986450195,1.3236582279205322,16.237577438354492
173.39999389648438,159.8000030517578,131.1999969482422,166.0,179.0,177.39999389648438,170.1999969482422,93.80000305175781,143.39999389648438,167.5,94.5,149.8000030517578,166.60000610351562,127.30000305175781,118.5999984741211,40.98567581176758,1.1654132604599,1.7028945684432983,1.343973159790039,1.3304208517074585,1.321156620979309,16.82904815673828
170.39999389648438,160.39999389648438,131.39999389648438,165.5,179.10000610351562,178.60000610351562,174.89999389648438,95.0999984741211,138.8000030517578,169.10000610351562,95.69999694824219,144.3000030517578,166.1999969482422,128.5,114.5999984741211,37.74000549316406,1.1853636503219604,1.706148386001587,1.3503426313400269,1.3179559707641602,1.3012959957122803,16.1309757232666
171.1999969482422,159.6999969482422,131.39999389648438,167.1999969482422,177.6999969482422,176.89999389648438,173.60000610351562,98.9000015258789,133.89999389648438,168.89999389648438,95.0999984741211,143.0,165.1999969482422,130.3000030517578,110.19999694824219,37.102352142333984,1.176479697227478,1.7125905752182007,1.3300961256027222,1.304903507232666,1.2906403541564941,16.030887603759766
172.89999389648438,156.5,131.3000030517578,165.89999389648438,176.6999969482422,178.8000030517578,173.5,89.9000015258789,140.10000610351562,169.5,90.5999984741211,146.1999969482422,168.89999389648438,123.9000015258789,114.0999984741211,40.38576889038086,1.1570322513580322,1.7076705694198608,1.3355275392532349,1.3136440515518188,1.3069775104522705,16.35700798034668
170.0,155.60000610351562,132.89999389648438,166.3000030517578,173.10000610351562,179.3000030517578,179.10000610351562,81.0999984741211,136.5,173.3000030517578,82.19999694824219,142.8000030517578,168.5,127.30000305175781,105.5,38.94723129272461,1.1892038583755493,1.7333296537399292,1.346371054649353,1.2997307777404785,1.2912274599075317,14.94407844543457
166.6999969482422,153.6999969482422,128.5,164.8000030517578,172.60000610351562,174.89999389648438,172.89999389648438,66.9000015258789,139.10000610351562,177.6999969482422,82.5,134.89999389648438,166.10000610351562,142.6999969482422,90.4000015258789,39.7991828918457,1.2701401710510254,1.7664597034454346,1.3896647691726685,1.340713620185852,1.316347599029541,13.971590995788574
167.10000610351562,153.39999389648438,124.4000015258789,164.5,170.3000030517578,174.10000610351562,170.3000030517578,39.20000076293945,164.10000610351562,180.0,72.4000015258789,136.39999389648438,170.0,144.1999969482422,76.9000015258789,41.55189895629883,1.226361632347107,1.7699273824691772,1.3489344120025635,1.2999718189239502,1.2737289667129517,16.201066970825195
166.3000030517578,154.8000030517578,126.5,165.1999969482422,168.6999969482422,174.8000030517578,172.1999969482422,37.79999923706055,165.8000030517578,178.1999969482422,66.69999694824219,144.0,169.3000030517578,142.1999969482422,80.5999984741211,41.194820404052734,1.2506625652313232,1.7655359506607056,1.3574693202972412,1.3010615110397339,1.280759334564209,15.472616195678711
166.6999969482422,154.6999969482422,125.80000305175781,165.10000610351562,168.60000610351562,173.89999389648438,171.39999389648438,30.5,169.89999389648438,179.89999389648438,66.80000305175781,142.1999969482422,169.5,146.8000030517578,75.0,40.662750244140625,1.2488290071487427,1.7688981294631958,1.3633837699890137,1.304710030555725,1.286301851272583,17.828807830810547
166.0,153.5,130.39999389648438,165.39999389648438,170.0,173.6999969482422,172.3000030517578,65.5999984741211,139.8000030517578,177.89999389648438,79.5,134.0,167.3000030517578,144.1999969482422,82.9000015258789,38.19127655029297,1.2387357950210571,1.765604019165039,1.3612463474273682,1.28705632686615,1.2540771961212158,14.622550964355469
166.39999389648438,152.8000030517578,129.60000610351562,166.39999389648438,170.1999969482422,173.5,172.60000610351562,82.5999984741211,124.5999984741211,178.39999389648438,84.5,131.5,166.60000610351562,143.89999389648438,83.4000015258789,37.469505310058594,1.2250165939331055,1.7604442834854126,1.374598741531372,1.3051968812942505,1.2580479383468628,13.442880630493164
170.60000610351562,155.6999969482422,129.0,165.5,171.1999969482422,177.89999389648438,178.6999969482422,74.0999984741211,141.89999389648438,174.8000030517578,82.19999694824219,141.1999969482422,164.0,133.0,103.4000015258789,40.7622184753418,1.2362579107284546,1.7508049011230469,1.3805928230285645,1.3196182250976562,1.2962424755096436,15.354175567626953
173.3000030517578,160.5,124.69999694824219,166.60000610351562,176.0,176.10000610351562,175.39999389648438,88.19999694824219,145.0,169.60000610351562,92.4000015258789,146.60000610351562,165.6999969482422,132.6999969482422,109.5,38.8123893737793,1.1692780256271362,1.7281675338745117,1.3725849390029907,1.3309342861175537,1.3235045671463013,15.269457817077637
174.5,163.8000030517578,126.0999984741211,165.39999389648438,179.60000610351562,175.6999969482422,168.1999969482422,89.19999694824219,148.3000030517578,164.5,95.80000305175781,150.10000610351562,165.10000610351562,132.0,114.9000015258789,43.0540657043457,1.1462494134902954,1.7060564756393433,1.3143688440322876,1.3011029958724976,1.3097236156463623,15.276309967041016
177.1999969482422,162.10000610351562,129.39999389648438,167.0,177.39999389648438,174.39999389648438,167.0,91.30000305175781,143.39999389648438,163.3000030517578,97.4000015258789,144.10000610351562,164.60000610351562,132.5,116.9000015258789,44.431060791015625,1.1773511171340942,1.6965408325195312,1.2949161529541016,1.280684471130371,1.3155651092529297,14.352790832519531
176.5,163.89999389648438,129.8000030517578,166.10000610351562,175.1999969482422,174.5,167.1999969482422,94.19999694824219,141.10000610351562,163.1999969482422,96.9000015258789,145.10000610351562,161.39999389648438,135.8000030517578,118.5,44.20142364501953,1.1874743700027466,1.708561658859253,1.3040071725845337,1.2830255031585693,1.3217136859893799,14.277538299560547
177.39999389648438,167.60000610351562,129.8000030517578,168.5,176.6999969482422,177.3000030517578,162.3000030517578,95.30000305175781,144.3000030517578,159.60000610351562,101.0,145.3000030517578,160.5,136.5,116.19999694824219,43.74323272705078,1.243632435798645,1.715275764465332,1.2724186182022095,1.2732429504394531,1.3049771785736084,14.666764259338379
177.10000610351562,168.0,130.0,167.60000610351562,173.6999969482422,178.1999969482422,160.8000030517578,98.80000305175781,144.6999969482422,158.6999969482422,99.69999694824219,145.39999389648438,161.0,131.6999969482422,118.30000305175781,45.23582077026367,1.2656170129776,1.6746747493743896,1.2583446502685547,1.2451395988464355,1.2610039710998535,13.815996170043945
176.0,171.1999969482422,132.6999969482422,171.1999969482422,174.3000030517578,179.6999969482422,158.89999389648438,104.5,138.39999389648438,155.8000030517578,102.19999694824219,143.6999969482422,159.60000610351562,130.60000610351562,119.80000305175781,41.83253860473633,1.2859808206558228,1.684643268585205,1.2658027410507202,1.2349412441253662,1.2483385801315308,13.71999740600586
176.1999969482422,170.3000030517578,133.60000610351562,170.8000030517578,174.10000610351562,179.6999969482422,158.3000030517578,102.5,141.60000610351562,155.5,102.4000015258789,141.89999389648438,161.3000030517578,128.8000030517578,118.5,43.501277923583984,1.2929834127426147,1.676072359085083,1.2532106637954712,1.2296215295791626,1.2353283166885376,13.121962547302246
175.89999389648438,172.5,137.0,173.0,173.6999969482422,178.5,155.0,103.80000305175781,142.10000610351562,152.1999969482422,102.9000015258789,144.5,157.89999389648438,129.3000030517578,123.4000015258789,43.380958557128906,1.326235055923462,1.675856113433838,1.2435576915740967,1.206469178199768,1.2282028198242188,13.541547775268555
176.0,172.3000030517578,133.1999969482422,169.6999969482422,172.6999969482422,176.3000030517578,156.1999969482422,102.0,139.60000610351562,151.5,102.69999694824219,141.8000030517578,156.6999969482422,128.5,121.5999984741211,45.04542541503906,1.3275874853134155,1.680111050605774,1.235275387763977,1.19374680519104,1.2213982343673706,13.435887336730957
174.5,175.8000030517578,127.5,169.0,171.10000610351562,172.8000030517578,153.89999389648438,98.0,138.8000030517578,149.10000610351562,102.0999984741211,140.89999389648438,154.6999969482422,125.80000305175781,125.0,46.06517028808594,1.2997952699661255,1.7003682851791382,1.1867550611495972,1.1498738527297974,1.191920518875122,13.278555870056152
176.10000610351562,176.5,127.19999694824219,168.60000610351562,169.39999389648438,177.8000030517578,152.8000030517578,93.9000015258789,143.1999969482422,145.39999389648438,105.5,143.89999389648438,151.89999389648438,129.89999389648438,129.10000610351562,46.73729705810547,1.281924843788147,1.7260053157806396,1.1808767318725586,1.1559144258499146,1.226514220237732,14.21387004852295
177.5,175.6999969482422,126.80000305175781,169.89999389648438,172.39999389648438,176.39999389648438,155.39999389648438,93.5999984741211,145.3000030517578,146.39999389648438,105.0,145.0,148.6999969482422,130.3000030517578,130.39999389648438,45.9616813659668,1.262566089630127,1.737328290939331,1.2162811756134033,1.1654727458953857,1.218422770500183,11.599180221557617
177.10000610351562,175.5,128.0,168.6999969482422,171.89999389648438,178.10000610351562,155.1999969482422,92.19999694824219,146.5,148.6999969482422,103.30000305175781,144.6999969482422,152.1999969482422,128.1999969482422,128.1999969482422,46.647613525390625,1.279522180557251,1.7528473138809204,1.2089418172836304,1.1705615520477295,1.22569739818573,12.973898887634277
178.0,175.3000030517578,131.0,167.89999389648438,171.89999389648438,179.89999389648438,157.0,91.0999984741211,146.60000610351562,149.0,102.9000015258789,146.3000030517578,151.6999969482422,130.0,129.10000610351562,47.00568771362305,1.2544986009597778,1.7343266010284424,1.2158536911010742,1.1677919626235962,1.2257624864578247,11.892595291137695
178.60000610351562,173.3000030517578,130.89999389648438,167.0,171.3000030517578,179.6999969482422,156.60000610351562,88.80000305175781,149.5,149.89999389648438,98.9000015258789,146.39999389648438,151.6999969482422,127.80000305175781,130.3000030517578,47.741329193115234,1.2021527290344238,1.7324620485305786,1.2166615724563599,1.1571720838546753,1.224392294883728,11.171244621276855
179.39999389648438,174.1999969482422,130.1999969482422,168.3000030517578,171.6999969482422,178.10000610351562,156.10000610351562,88.19999694824219,152.1999969482422,148.8000030517578,100.4000015258789,147.39999389648438,149.89999389648438,131.0,130.8000030517578,47.605682373046875,1.1889712810516357,1.727418303489685,1.2229663133621216,1.1544718742370605,1.2322337627410889,10.696539878845215
179.1999969482422,175.60000610351562,133.60000610351562,166.10000610351562,171.8000030517578,176.3000030517578,154.5,87.30000305175781,151.8000030517578,146.10000610351562,101.5,147.89999389648438,147.10000610351562,133.5,130.8000030517578,50.668922424316406,1.1912295818328857,1.7416636943817139,1.1759729385375977,1.117326259613037,1.197587251663208,10.225842475891113
178.3000030517578,175.6999969482422,132.60000610351562,167.6999969482422,172.3000030517578,176.3000030517578,153.5,87.4000015258789,151.39999389648438,144.8000030517578,103.0,147.3000030517578,146.3000030517578,133.3000030517578,131.39999389648438,48.74211502075195,1.1674222946166992,1.7328718900680542,1.1824090480804443,1.1190617084503174,1.1990736722946167,10.138848304748535
178.5,174.6999969482422,134.0,167.0,172.10000610351562,175.1999969482422,153.60000610351562,87.9000015258789,154.5,146.1999969482422,102.19999694824219,150.0,146.39999389648438,134.0,132.0,49.55558395385742,1.160697102546692,1.7357412576675415,1.192623257637024,1.1283910274505615,1.2003132104873657,9.999530792236328
179.3000030517578,174.89999389648438,129.6999969482422,167.89999389648438,172.0,175.60000610351562,153.6999969482422,85.19999694824219,153.3000030517578,145.8000030517578,100.19999694824219,148.0,146.39999389648438,131.10000610351562,132.3000030517578,48.51780700683594,1.1756564378738403,1.7303240299224854,1.1724947690963745,1.104179859161377,1.1849696636199951,10.423413276672363
178.89999389648438,175.60000610351562,127.9000015258789,167.3000030517578,170.3000030517578,177.10000610351562,155.60000610351562,86.5999984741211,153.60000610351562,149.6999969482422,98.69999694824219,149.39999389648438,148.3000030517578,132.6999969482422,134.10000610351562,48.01824951171875,1.1313798427581787,1.7211644649505615,1.206579327583313,1.1469486951828003,1.2278755903244019,9.033244132995605
179.0,173.39999389648438,127.80000305175781,165.0,170.1999969482422,180.0,155.3000030517578,88.30000305175781,152.8000030517578,148.0,100.69999694824219,147.39999389648438,148.89999389648438,131.0,133.0,50.075618743896484,1.1247360706329346,1.7352488040924072,1.2219178676605225,1.148352861404419,1.233300805091858,10.25025463104248
179.10000610351562,173.89999389648438,129.8000030517578,165.89999389648438,170.0,179.89999389648438,153.1999969482422,88.30000305175781,151.0,146.60000610351562,101.30000305175781,145.0,148.10000610351562,129.60000610351562,129.89999389648438,49.76435852050781,1.1507678031921387,1.7303868532180786,1.1872022151947021,1.1184202432632446,1.1897339820861816,10.21303939819336
178.89999389648438,174.0,130.8000030517578,165.3000030517578,170.60000610351562,177.89999389648438,154.1999969482422,84.9000015258789,152.5,147.39999389648438,99.0999984741211,146.8000030517578,147.10000610351562,130.3000030517578,132.39999389648438,49.81563949584961,1.1407983303070068,1.7285656929016113,1.1792380809783936,1.1162687540054321,1.1973344087600708,9.603109359741211
178.6999969482422,173.6999969482422,132.10000610351562,166.60000610351562,171.10000610351562,177.3000030517578,153.60000610351562,86.0,153.0,147.39999389648438,100.0999984741211,148.3000030517578,145.8000030517578,131.10000610351562,132.5,49.727561950683594,1.1507000923156738,1.715395212173462,1.1752345561981201,1.1140838861465454,1.1823201179504395,9.694218635559082
178.8000030517578,173.60000610351562,131.0,167.1999969482422,170.1999969482422,179.39999389648438,154.10000610351562,87.80000305175781,151.0,147.5,100.0999984741211,147.1999969482422,146.1999969482422,134.10000610351562,131.10000610351562,48.68169403076172,1.1526907682418823,1.7416080236434937,1.1833583116531372,1.119857668876648,1.2046914100646973,9.660638809204102
179.8000030517578,174.10000610351562,127.69999694824219,166.10000610351562,168.89999389648438,177.5,155.0,87.9000015258789,149.10000610351562,147.5,100.0,146.89999389648438,149.39999389648438,130.6999969482422,134.10000610351562,49.47671127319336,1.1573611497879028,1.7018746137619019,1.1896741390228271,1.1284668445587158,1.2124756574630737,10.404678344726562
179.60000610351562,167.89999389648438,129.1999969482422,166.1999969482422,174.8000030517578,180.0,161.39999389648438,83.30000305175781,148.10000610351562,154.3000030517578,95.5,145.10000610351562,153.3000030517578,128.10000610351562,131.3000030517578,47.828582763671875,1.1330745220184326,1.763849139213562,1.2289928197860718,1.179984211921692,1.2670716047286987,13.048002243041992
179.10000610351562,168.8000030517578,130.39999389648438,164.1999969482422,173.89999389648438,178.10000610351562,163.3000030517578,80.5999984741211,153.5,157.60000610351562,93.0999984741211,147.10000610351562,158.5,124.30000305175781,127.5,49.43467330932617,1.1258271932601929,1.7577403783798218,1.2257698774337769,1.1851372718811035,1.2471234798431396,14.47923755645752
178.6999969482422,167.89999389648438,128.6999969482422,165.1999969482422,174.6999969482422,179.5,163.1999969482422,82.30000305175781,150.8000030517578,156.0,93.9000015258789,145.60000610351562,157.8000030517578,124.5999984741211,126.19999694824219,48.527076721191406,1.1302460432052612,1.7646015882492065,1.2315254211425781,1.1746760606765747,1.2471296787261963,14.894923210144043
177.60000610351562,167.6999969482422,130.60000610351562,165.8000030517578,179.3000030517578,179.60000610351562,167.3000030517578,82.0,151.39999389648438,159.5,92.0999984741211,149.89999389648438,158.0,124.69999694824219,129.8000030517578,46.21010971069336,1.1328519582748413,1.7594505548477173,1.2853467464447021,1.2274752855300903,1.270401954650879,16.00189971923828
177.39999389648438,164.8000030517578,123.5999984741211,164.89999389648438,178.6999969482422,179.89999389648438,169.10000610351562,79.9000015258789,148.6999969482422,159.1999969482422,90.4000015258789,146.8000030517578,157.89999389648438,120.5999984741211,122.30000305175781,48.273170471191406,1.1315021514892578,1.790306568145752,1.2970539331436157,1.2172231674194336,1.2445220947265625,15.689879417419434
175.0,163.39999389648438,129.6999969482422,164.8000030517578,179.6999969482422,179.3000030517578,168.6999969482422,76.80000305175781,152.5,160.5,85.0999984741211,153.1999969482422,160.3000030517578,118.19999694824219,124.0,46.45090866088867,1.1402711868286133,1.7727813720703125,1.2886778116226196,1.2244582176208496,1.2523179054260254,16.353721618652344
175.10000610351562,164.8000030517578,129.10000610351562,166.39999389648438,178.6999969482422,179.39999389648438,169.1999969482422,77.80000305175781,151.3000030517578,161.1999969482422,86.19999694824219,151.60000610351562,160.10000610351562,121.0,122.30000305175781,44.89841079711914,1.1467169523239136,1.7777727842330933,1.3034383058547974,1.2318509817123413,1.2683782577514648,16.360591888427734
176.8000030517578,164.39999389648438,130.60000610351562,166.5,179.5,178.10000610351562,169.6999969482422,77.19999694824219,154.0,163.1999969482422,84.9000015258789,152.60000610351562,160.8000030517578,121.5999984741211,119.5999984741211,45.735103607177734,1.131980299949646,1.7831801176071167,1.3098888397216797,1.2350175380706787,1.2555700540542603,15.381630897521973
175.3000030517578,166.1999969482422,130.8000030517578,167.1999969482422,179.6999969482422,178.6999969482422,171.3000030517578,77.80000305175781,151.10000610351562,163.8000030517578,86.0,151.3000030517578,161.0,123.9000015258789,120.19999694824219,44.33304214477539,1.1407427787780762,1.7986680269241333,1.337803602218628,1.2669504880905151,1.2861840724945068,15.285652160644531
174.6999969482422,163.6999969482422,131.89999389648438,166.8000030517578,179.39999389648438,179.89999389648438,172.6999969482422,73.80000305175781,151.89999389648438,166.6999969482422,81.4000015258789,149.60000610351562,162.3000030517578,120.0,118.0999984741211,43.65961837768555,1.1309300661087036,1.79184091091156,1.3176250457763672,1.245656967163086,1.2607808113098145,16.061206817626953
172.3000030517578,164.1999969482422,128.1999969482422,168.1999969482422,178.6999969482422,179.60000610351562,173.1999969482422,74.4000015258789,151.0,168.1999969482422,79.19999694824219,150.0,162.39999389648438,120.0,115.4000015258789,40.57558822631836,1.1456005573272705,1.777982234954834,1.335654616355896,1.2626216411590576,1.2754944562911987,15.355918884277344
173.1999969482422,164.60000610351562,128.1999969482422,168.6999969482422,179.39999389648438,179.0,173.10000610351562,76.69999694824219,148.39999389648438,167.10000610351562,81.0,149.3000030517578,162.60000610351562,120.9000015258789,116.80000305175781,39.941078186035156,1.1348868608474731,1.7747008800506592,1.3316394090652466,1.2621194124221802,1.272916555404663,14.227582931518555
174.8000030517578,167.10000610351562,138.6999969482422,170.6999969482422,178.0,175.3000030517578,168.0,83.69999694824219,151.6999969482422,163.0,90.9000015258789,148.5,161.1999969482422,122.5,122.19999694824219,38.74665832519531,1.1338801383972168,1.7452871799468994,1.3257644176483154,1.266534447669983,1.2698577642440796,12.633065223693848
176.3000030517578,168.60000610351562,136.6999969482422,172.3000030517578,177.8000030517578,170.89999389648438,165.39999389648438,87.69999694824219,151.5,160.8000030517578,94.0,150.0,158.8000030517578,129.39999389648438,126.30000305175781,39.38206100463867,1.1507188081741333,1.746936321258545,1.3412292003631592,1.2880141735076904,1.3236476182937622,12.942339897155762
178.0,170.3000030517578,135.1999969482422,174.1999969482422,178.0,172.1999969482422,164.39999389648438,91.19999694824219,154.8000030517578,158.5,100.0999984741211,151.3000030517578,156.1999969482422,131.39999389648438,128.5,38.56898498535156,1.1593883037567139,1.746896743774414,1.3826417922973633,1.3134077787399292,1.3271030187606812,11.900391578674316
176.8000030517578,173.8000030517578,135.60000610351562,173.60000610351562,173.1999969482422,174.6999969482422,163.0,98.0999984741211,151.10000610351562,154.8000030517578,105.69999694824219,152.5,152.10000610351562,135.10000610351562,134.1999969482422,38.73236846923828,1.1660056114196777,1.7480442523956299,1.4033088684082031,1.3270111083984375,1.3394575119018555,9.777140617370605
177.3000030517578,172.6999969482422,137.39999389648438,174.39999389648438,175.60000610351562,171.10000610351562,161.3000030517578,100.30000305175781,150.89999389648438,153.8000030517578,107.30000305175781,151.8000030517578,153.39999389648438,134.5,131.1999969482422,39.38186264038086,1.194030523300171,1.7528811693191528,1.3971600532531738,1.3223884105682373,1.330157995223999,11.639616012573242
177.60000610351562,174.10000610351562,139.5,174.1999969482422,175.1999969482422,172.10000610351562,161.8000030517578,100.0,151.6999969482422,154.6999969482422,108.4000015258789,151.0,152.3000030517578,136.0,133.1999969482422,39.84812545776367,1.196962594985962,1.7498785257339478,1.4070509672164917,1.3334416151046753,1.3395997285842896,9.80954360961914
177.3000030517578,174.5,136.3000030517578,172.6999969482422,174.60000610351562,171.3000030517578,161.3000030517578,99.80000305175781,151.89999389648438,153.6999969482422,109.5,151.10000610351562,151.3000030517578,137.5,133.39999389648438,40.0926628112793,1.1793489456176758,1.7464333772659302,1.412092685699463,1.3424969911575317,1.3530550003051758,8.713275909423828
176.6999969482422,173.39999389648438,134.0,172.1999969482422,173.0,173.3000030517578,161.6999969482422,101.69999694824219,150.39999389648438,153.8000030517578,108.9000015258789,150.60000610351562,151.89999389648438,135.5,131.8000030517578,40.21794509887695,1.1649757623672485,1.7546930313110352,1.41969895362854,1.3422306776046753,1.3384920358657837,9.491521835327148
177.5,174.1999969482422,134.89999389648438,172.39999389648438,174.1999969482422,171.39999389648438,161.5,101.19999694824219,151.39999389648438,153.89999389648438,109.9000015258789,149.10000610351562,151.5,136.8000030517578,132.3000030517578,40.02104949951172,1.1794393062591553,1.7455676794052124,1.4244182109832764,1.3457975387573242,1.353804349899292,9.21315860748291
178.10000610351562,173.39999389648438,136.5,174.0,175.39999389648438,171.39999389648438,161.39999389648438,100.5,152.39999389648438,153.3000030517578,109.30000305175781,151.0,152.89999389648438,135.8000030517578,131.6999969482422,39.7579231262207,1.1791913509368896,1.7520618438720703,1.4240516424179077,1.3398621082305908,1.349761724472046,10.342853546142578
177.1999969482422,173.6999969482422,137.89999389648438,172.89999389648438,175.0,171.8000030517578,162.10000610351562,99.5999984741211,151.3000030517578,154.10000610351562,108.5,149.1999969482422,154.0,135.6999969482422,129.8000030517578,40.16042709350586,1.1938556432724,1.7607802152633667,1.4043618440628052,1.323238730430603,1.3420655727386475,11.067802429199219
177.5,173.5,136.10000610351562,173.89999389648438,175.1999969482422,172.8000030517578,160.60000610351562,100.19999694824219,153.8000030517578,153.0,109.4000015258789,151.10000610351562,151.60000610351562,135.60000610351562,133.10000610351562,39.26332092285156,1.1810048818588257,1.7424143552780151,1.4125680923461914,1.3300714492797852,1.3390748500823975,8.670004844665527
178.5,173.3000030517578,136.3000030517578,174.1999969482422,175.60000610351562,172.5,160.0,102.30000305175781,151.60000610351562,153.0,109.0,150.60000610351562,151.0,136.60000610351562,131.8000030517578,40.24520492553711,1.1753854751586914,1.7470422983169556,1.4093557596206665,1.323623538017273,1.3377667665481567,9.004860877990723
175.89999389648438,174.60000610351562,136.10000610351562,173.3000030517578,174.0,173.5,161.60000610351562,99.0,151.6999969482422,151.6999969482422,109.69999694824219,149.6999969482422,149.89999389648438,134.89999389648438,132.89999389648438,38.79204559326172,1.1822905540466309,1.7440472841262817,1.4017698764801025,1.3158937692642212,1.3305326700210571,8.522644996643066
177.39999389648438,173.0,137.1999969482422,173.3000030517578,175.1999969482422,173.10000610351562,161.39999389648438,99.5999984741211,152.89999389648438,153.39999389648438,108.5999984741211,149.10000610351562,151.39999389648438,135.5,131.5,40.140777587890625,1.1827563047409058,1.7414788007736206,1.405639886856079,1.319774866104126,1.3336507081985474,8.262520790100098
178.1999969482422,173.60000610351562,133.89999389648438,172.60000610351562,174.1999969482422,174.6999969482422,161.89999389648438,97.9000015258789,152.5,152.6999969482422,108.0999984741211,150.3000030517578,150.8000030517578,136.8000030517578,131.3000030517578,40.763851165771484,1.1735875606536865,1.7511159181594849,1.3950526714324951,1.3130661249160767,1.3367263078689575,9.033307075500488
177.39999389648438,169.5,133.89999389648438,172.0,177.3000030517578,176.89999389648438,166.3000030517578,94.5,154.1999969482422,157.6999969482422,103.5,153.60000610351562,151.1999969482422,137.1999969482422,133.8000030517578,40.36091995239258,1.181579828262329,1.7635666131973267,1.44999361038208,1.3756040334701538,1.3753174543380737,10.260628700256348
175.8000030517578,167.1999969482422,139.60000610351562,172.89999389648438,179.89999389648438,176.8000030517578,167.8000030517578,91.0,154.6999969482422,161.10000610351562,97.80000305175781,156.10000610351562,157.60000610351562,132.60000610351562,130.89999389648438,37.984764099121094,1.1791627407073975,1.764038324356079,1.448907732963562,1.3867483139038086,1.3893494606018066,10.880196571350098
175.3000030517578,166.10000610351562,138.1999969482422,172.8000030517578,179.89999389648438,177.89999389648438,168.8000030517578,87.69999694824219,152.8000030517578,162.10000610351562,94.69999694824219,153.10000610351562,158.6999969482422,130.3000030517578,125.5,37.56735610961914,1.1703249216079712,1.768392562866211,1.4231839179992676,1.3478810787200928,1.3585408926010132,11.414852142333984
176.39999389648438,167.1999969482422,137.89999389648438,172.39999389648438,179.89999389648438,174.39999389648438,168.1999969482422,87.19999694824219,154.89999389648438,160.89999389648438,94.9000015258789,153.89999389648438,158.39999389648438,129.0,128.60000610351562,38.5212516784668,1.146752119064331,1.7529677152633667,1.4062615633010864,1.3354849815368652,1.350071907043457,11.43598461151123
175.39999389648438,166.0,139.5,171.6999969482422,179.6999969482422,176.1999969482422,170.6999969482422,87.80000305175781,154.89999389648438,163.6999969482422,93.9000015258789,154.89999389648438,159.8000030517578,126.5,129.0,38.023983001708984,1.1691508293151855,1.7584292888641357,1.4359841346740723,1.3567901849746704,1.3459497690200806,11.907654762268066
175.89999389648438,164.39999389648438,138.8000030517578,171.8000030517578,179.1999969482422,177.39999389648438,170.89999389648438,85.0999984741211,159.5,162.6999969482422,94.80000305175781,156.8000030517578,159.39999389648438,128.3000030517578,129.5,38.51393127441406,1.1803951263427734,1.7527382373809814,1.4576706886291504,1.3761167526245117,1.3713555335998535,11.654183387756348
174.5,164.39999389648438,136.5,171.8000030517578,178.10000610351562,179.8000030517578,171.0,84.80000305175781,155.3000030517578,163.1999969482422,91.5,156.89999389648438,159.1999969482422,127.30000305175781,128.5,37.5632209777832,1.184946894645691,1.7760169506072998,1.4500904083251953,1.3612277507781982,1.3632147312164307,13.068824768066406
172.39999389648438,162.0,134.89999389648438,169.10000610351562,177.5,178.39999389648438,172.0,82.69999694824219,151.5,165.8000030517578,88.19999694824219,152.60000610351562,163.10000610351562,124.5999984741211,122.4000015258789,38.42430114746094,1.2034046649932861,1.7683842182159424,1.4293400049209595,1.3522725105285645,1.3587504625320435,14.892498016357422
173.0,160.1999969482422,133.39999389648438,169.39999389648438,177.89999389648438,177.3000030517578,172.89999389648438,83.5,148.5,166.89999389648438,89.4000015258789,149.39999389648438,165.3000030517578,124.0,120.30000305175781,38.50899887084961,1.2134177684783936,1.7758092880249023,1.4398112297058105,1.3631716966629028,1.3706235885620117,15.167216300964355
174.0,158.89999389648438,136.6999969482422,169.3000030517578,179.3000030517578,177.6999969482422,172.60000610351562,83.69999694824219,148.6999969482422,167.8000030517578,88.5999984741211,150.6999969482422,164.6999969482422,125.4000015258789,122.69999694824219,39.5155029296875,1.2041703462600708,1.7781049013137817,1.4422409534454346,1.3644903898239136,1.3715753555297852,15.727736473083496
173.1999969482422,158.39999389648438,135.60000610351562,168.5,178.60000610351562,177.8000030517578,172.8000030517578,83.69999694824219,147.6999969482422,167.39999389648438,90.19999694824219,149.3000030517578,165.3000030517578,124.0999984741211,121.69999694824219,39.620059967041016,1.2209120988845825,1.7592440843582153,1.4453567266464233,1.3720906972885132,1.3721866607666016,14.788183212280273
173.89999389648438,157.89999389648438,132.10000610351562,168.10000610351562,178.3000030517578,179.8000030517578,174.3000030517578,82.30000305175781,148.89999389648438,168.10000610351562,89.0,151.39999389648438,166.10000610351562,124.5,119.0,40.62094497680664,1.2357083559036255,1.7770836353302002,1.4570084810256958,1.37921142578125,1.3700534105300903,14.89514446258545
173.8000030517578,157.1999969482422,136.1999969482422,167.3000030517578,179.60000610351562,179.89999389648438,174.5,77.5,151.60000610351562,169.39999389648438,87.30000305175781,148.3000030517578,167.39999389648438,122.4000015258789,120.5,41.28833770751953,1.229606032371521,1.7687597274780273,1.4365980625152588,1.3655904531478882,1.367690920829773,15.667726516723633
174.60000610351562,155.89999389648438,134.8000030517578,168.1999969482422,177.1999969482422,179.8000030517578,175.3000030517578,77.80000305175781,150.60000610351562,169.5,86.9000015258789,148.0,167.8000030517578,123.0,119.80000305175781,41.5716667175293,1.2560886144638062,1.7701067924499512,1.4541101455688477,1.3801255226135254,1.3796263933181763,15.629303932189941
175.0,155.6999969482422,136.6999969482422,168.8000030517578,177.89999389648438,178.8000030517578,175.10000610351562,80.9000015258789,150.0,168.39999389648438,88.9000015258789,148.3000030517578,165.10000610351562,125.0,120.9000015258789,41.43412399291992,1.2471427917480469,1.7743582725524902,1.4670214653015137,1.3823349475860596,1.3800705671310425,15.688679695129395
174.10000610351562,156.89999389648438,136.3000030517578,168.6999969482422,179.60000610351562,177.5,174.1999969482422,78.80000305175781,150.10000610351562,168.10000610351562,87.80000305175781,148.89999389648438,164.8000030517578,124.5,120.5,40.39982986450195,1.2384271621704102,1.7673101425170898,1.4348622560501099,1.356923222541809,1.3585513830184937,15.416153907775879
173.6999969482422,158.5,136.6999969482422,168.6999969482422,178.60000610351562,179.1999969482422,173.60000610351562,78.69999694824219,151.3000030517578,168.89999389648438,87.0999984741211,149.10000610351562,165.1999969482422,123.5999984741211,121.30000305175781,40.50486755371094,1.2326111793518066,1.7871983051300049,1.4464730024337769,1.365500569343567,1.3687161207199097,15.57595157623291
174.10000610351562,157.5,136.0,168.60000610351562,179.10000610351562,179.0,175.0,79.4000015258789,150.3000030517578,169.5,86.5,150.0,165.10000610351562,123.69999694824219,122.30000305175781,40.29947280883789,1.2329274415969849,1.781808614730835,1.4477108716964722,1.3596887588500977,1.3612926006317139,15.423937797546387
174.60000610351562,156.5,136.5,167.8000030517578,178.8000030517578,179.0,174.3000030517578,78.69999694824219,149.5,169.89999389648438,85.69999694824219,148.8000030517578,166.10000610351562,123.19999694824219,120.4000015258789,41.11483383178711,1.2152891159057617,1.762080192565918,1.4271290302276611,1.3509832620620728,1.3558717966079712,14.863748550415039
173.89999389648438,156.5,138.3000030517578,168.5,179.10000610351562,178.8000030517578,174.6999969482422,79.80000305175781,148.89999389648438,169.89999389648438,86.0999984741211,147.5,165.6999969482422,126.0999984741211,118.0999984741211,40.7453498840332,1.2402793169021606,1.7658791542053223,1.4440633058547974,1.3640410900115967,1.3728333711624146,14.952564239501953
172.6999969482422,156.5,137.60000610351562,166.6999969482422,179.89999389648438,177.6999969482422,176.0,78.9000015258789,149.39999389648438,169.1999969482422,85.80000305175781,149.1999969482422,166.89999389648438,122.19999694824219,119.9000015258789,40.89085388183594,1.2462342977523804,1.756631851196289,1.4509119987487793,1.370831847190857,1.3625015020370483,15.851871490478516
173.39999389648438,156.60000610351562,134.3000030517578,167.6999969482422,177.60000610351562,179.39999389648438,175.5,78.5999984741211,149.5,168.39999389648438,88.4000015258789,148.10000610351562,167.39999389648438,125.0,117.5,41.27225875854492,1.2452632188796997,1.7826919555664062,1.4454740285873413,1.3657655715942383,1.3700636625289917,16.35489845275879
174.3000030517578,156.1999969482422,133.60000610351562,168.10000610351562,178.39999389648438,180.0,174.6999969482422,79.0999984741211,148.0,168.60000610351562,87.9000015258789,145.60000610351562,166.1999969482422,124.19999694824219,118.30000305175781,40.888946533203125,1.2315515279769897,1.7702562808990479,1.4304308891296387,1.3549551963806152,1.3538354635238647,15.393169403076172
174.8000030517578,156.60000610351562,131.6999969482422,168.0,177.8000030517578,178.10000610351562,174.6999969482422,78.30000305175781,147.89999389648438,168.6999969482422,87.69999694824219,145.60000610351562,166.39999389648438,125.4000015258789,117.19999694824219,42.19108200073242,1.2511287927627563,1.7857491970062256,1.432385802268982,1.3677514791488647,1.372329831123352,15.712691307067871
173.0,154.8000030517578,134.3000030517578,167.8000030517578,174.1999969482422,179.3000030517578,179.5,70.69999694824219,149.5,170.89999389648438,82.80000305175781,144.6999969482422,168.0,127.30000305175781,108.69999694824219,42.772891998291016,1.295081377029419,1.794121265411377,1.464404821395874,1.375618815422058,1.3737369775772095,17.569963455200195
170.5,154.89999389648438,136.8000030517578,167.0,172.3000030517578,176.39999389648438,180.0,68.0,148.0,171.5,78.5,146.0,167.5,126.30000305175781,111.5,41.280555725097656,1.2883524894714355,1.8040411472320557,1.4438261985778809,1.349377989768982,1.3642405271530151,17.72153091430664
167.10000610351562,154.8000030517578,139.0,165.60000610351562,173.39999389648438,179.5,175.6999969482422,57.20000076293945,151.8000030517578,173.8000030517578,72.69999694824219,143.1999969482422,167.60000610351562,132.6999969482422,99.30000305175781,42.0277214050293,1.3279399871826172,1.8044774532318115,1.4491111040115356,1.3630938529968262,1.3668994903564453,15.47368335723877
167.0,152.5,141.1999969482422,163.60000610351562,174.60000610351562,178.39999389648438,173.39999389648438,55.0,153.8000030517578,177.6999969482422,74.69999694824219,137.39999389648438,167.8000030517578,137.60000610351562,92.9000015258789,44.57713317871094,1.3239268064498901,1.812574028968811,1.4579380750656128,1.3809689283370972,1.3639694452285767,15.110941886901855
165.60000610351562,152.6999969482422,139.5,164.39999389648438,173.39999389648438,178.39999389648438,172.6999969482422,46.79999923706055,159.0,176.6999969482422,71.0,141.10000610351562,168.0,136.3000030517578,91.0999984741211,43.15070724487305,1.3270487785339355,1.8087226152420044,1.4151246547698975,1.347895622253418,1.3355655670166016,14.952160835266113
164.8000030517578,152.39999389648438,140.10000610351562,163.10000610351562,174.5,179.39999389648438,172.10000610351562,46.5,158.8000030517578,177.8000030517578,75.9000015258789,134.89999389648438,170.60000610351562,137.8000030517578,83.80000305175781,43.56001663208008,1.3172378540039062,1.8061305284500122,1.4436126947402954,1.3993703126907349,1.3497202396392822,15.303739547729492
163.1999969482422,152.0,142.1999969482422,164.0,172.60000610351562,179.3000030517578,171.10000610351562,37.900001525878906,165.8000030517578,179.10000610351562,68.0,140.0,170.10000610351562,139.10000610351562,82.0999984741211,43.13542556762695,1.3189611434936523,1.8054357767105103,1.437186598777771,1.3761851787567139,1.331254005432129,15.483494758605957
164.6999969482422,150.89999389648438,140.3000030517578,164.8000030517578,172.1999969482422,177.1999969482422,170.5,45.0,159.8000030517578,178.8000030517578,78.4000015258789,132.39999389648438,172.6999969482422,139.8000030517578,83.19999694824219,39.48735427856445,1.2978579998016357,1.7823543548583984,1.4456889629364014,1.399629831314087,1.3383805751800537,16.92247200012207
165.5,150.8000030517578,138.89999389648438,164.6999969482422,173.0,177.6999969482422,171.0,31.799999237060547,171.5,179.1999969482422,71.4000015258789,137.3000030517578,172.3000030517578,143.1999969482422,76.5,43.02339553833008,1.2826173305511475,1.7800623178482056,1.4352774620056152,1.381358027458191,1.3243286609649658,15.853378295898438
162.8000030517578,149.60000610351562,143.60000610351562,163.89999389648438,172.89999389648438,179.8000030517578,171.89999389648438,20.399999618530273,178.1999969482422,177.8000030517578,60.20000076293945,145.10000610351562,171.0,138.1999969482422,76.5999984741211,43.18460464477539,1.307360291481018,1.7765809297561646,1.4227491617202759,1.3571293354034424,1.316044807434082,18.170177459716797
158.8000030517578,154.6999969482422,145.5,165.10000610351562,173.1999969482422,178.3000030517578,169.6999969482422,14.199999809265137,176.5,178.6999969482422,54.900001525878906,147.39999389648438,165.60000610351562,144.3000030517578,68.80000305175781,44.33394241333008,1.3226909637451172,1.8041768074035645,1.4242777824401855,1.3417439460754395,1.2870361804962158,17.85759925842285
160.89999389648438,150.89999389648438,141.3000030517578,164.8000030517578,175.6999969482422,178.1999969482422,170.39999389648438,10.5,174.1999969482422,178.0,60.79999923706055,144.1999969482422,167.8000030517578,143.39999389648438,72.5,43.78398513793945,1.3047538995742798,1.798050880432129,1.4091620445251465,1.3582288026809692,1.300856590270996,17.529279708862305
160.5,148.5,140.39999389648438,163.39999389648438,175.1999969482422,179.89999389648438,168.39999389648438,3.4000000953674316,169.60000610351562,178.8000030517578,50.900001525878906,154.10000610351562,170.60000610351562,140.10000610351562,70.5,42.497413635253906,1.286378026008606,1.7678773403167725,1.4152907133102417,1.352875828742981,1.2846064567565918,19.252151489257812
159.6999969482422,149.6999969482422,141.5,162.39999389648438,175.1999969482422,179.89999389648438,168.0,3.5,163.6999969482422,179.1999969482422,47.20000076293945,155.0,169.8000030517578,139.89999389648438,67.80000305175781,42.29711151123047,1.270101547241211,1.7596213817596436,1.4167076349258423,1.3457250595092773,1.282896637916565,17.793554306030273
164.60000610351562,149.89999389648438,145.8000030517578,163.1999969482422,173.89999389648438,177.1999969482422,172.6999969482422,35.099998474121094,170.10000610351562,178.39999389648438,63.29999923706055,147.6999969482422,171.10000610351562,128.89999389648438,92.5999984741211,43.390380859375,1.3213932514190674,1.7876521348953247,1.4134957790374756,1.3454291820526123,1.319727897644043,17.875213623046875
168.60000610351562,153.10000610351562,141.8000030517578,164.60000610351562,176.0,178.8000030517578,175.60000610351562,57.400001525878906,152.10000610351562,177.6999969482422,76.80000305175781,137.8000030517578,167.8000030517578,137.5,95.80000305175781,44.32724380493164,1.3096529245376587,1.8114584684371948,1.424198031425476,1.361706256866455,1.3519734144210815,15.366578102111816
168.60000610351562,152.6999969482422,145.3000030517578,165.10000610351562,175.5,179.60000610351562,177.10000610351562,57.79999923706055,153.0,174.10000610351562,72.9000015258789,145.60000610351562,167.10000610351562,131.39999389648438,99.0999984741211,44.45841598510742,1.3125171661376953,1.8086926937103271,1.430084466934204,1.336116075515747,1.3423033952713013,17.63959503173828
173.39999389648438,150.5,146.0,168.1999969482422,174.3000030517578,177.60000610351562,177.89999389648438,75.9000015258789,145.1999969482422,171.10000610351562,84.5999984741211,143.3000030517578,168.39999389648438,132.5,110.5,41.309669494628906,1.2864254713058472,1.7880955934524536,1.4863317012786865,1.4071553945541382,1.420645833015442,15.875649452209473
174.89999389648438,159.60000610351562,137.1999969482422,169.10000610351562,177.10000610351562,178.39999389648438,173.10000610351562,91.80000305175781,146.39999389648438,164.89999389648438,95.5999984741211,155.8000030517578,160.8000030517578,129.89999389648438,125.80000305175781,40.3180046081543,1.2214491367340088,1.7793272733688354,1.4828866720199585,1.395201325416565,1.3814311027526855,14.796341896057129
172.5,167.39999389648438,142.5,168.89999389648438,175.0,177.6999969482422,163.39999389648438,99.5999984741211,147.3000030517578,160.10000610351562,101.5999984741211,147.10000610351562,158.89999389648438,136.1999969482422,117.30000305175781,39.64685821533203,1.2685116529464722,1.7502690553665161,1.3741847276687622,1.3202753067016602,1.3317670822143555,12.657293319702148
171.5,166.60000610351562,147.1999969482422,169.10000610351562,175.1999969482422,179.10000610351562,164.89999389648438,103.30000305175781,148.6999969482422,160.6999969482422,105.69999694824219,152.10000610351562,163.89999389648438,135.0,122.0999984741211,38.76420974731445,1.29097580909729,1.714317798614502,1.385350227355957,1.3401682376861572,1.3383303880691528,16.61760139465332
168.39999389648438,164.10000610351562,150.6999969482422,169.60000610351562,179.1999969482422,174.10000610351562,163.10000610351562,118.0,143.60000610351562,165.0,106.69999694824219,156.3000030517578,165.5,131.5,138.10000610351562,35.85443878173828,1.2742325067520142,1.6732510328292847,1.391268014907837,1.3683090209960938,1.3486623764038086,17.590776443481445
167.60000610351562,163.0,154.60000610351562,168.1999969482422,179.8000030517578,174.3000030517578,162.5,120.0999984741211,140.6999969482422,166.8000030517578,108.80000305175781,152.6999969482422,168.89999389648438,129.10000610351562,136.10000610351562,35.080291748046875,1.2510408163070679,1.642547607421875,1.370549201965332,1.3616282939910889,1.3271899223327637,20.901769638061523
164.89999389648438,161.5,151.8000030517578,166.1999969482422,177.60000610351562,177.5,162.10000610351562,133.1999969482422,140.60000610351562,161.10000610351562,117.4000015258789,144.89999389648438,166.60000610351562,137.10000610351562,125.0999984741211,35.64243698120117,1.2750251293182373,1.6395314931869507,1.4140956401824951,1.348217248916626,1.2931225299835205,21.647451400756836
167.8000030517578,163.3000030517578,144.39999389648438,165.6999969482422,174.5,170.5,162.6999969482422,134.8000030517578,146.1999969482422,158.8000030517578,118.0999984741211,148.39999389648438,163.39999389648438,136.60000610351562,129.3000030517578,40.649925231933594,1.2788282632827759,1.6517281532287598,1.446812629699707,1.3563486337661743,1.308009147644043,20.314741134643555
166.39999389648438,162.60000610351562,144.39999389648438,168.3000030517578,177.60000610351562,174.39999389648438,157.39999389648438,141.5,144.60000610351562,154.39999389648438,121.19999694824219,154.5,161.6999969482422,138.10000610351562,130.10000610351562,39.464271545410156,1.313178300857544,1.6272730827331543,1.428032398223877,1.3624414205551147,1.285334825515747,19.908241271972656
164.5,164.60000610351562,144.60000610351562,167.60000610351562,176.39999389648438,174.8000030517578,154.5,141.6999969482422,155.8000030517578,150.5,125.19999694824219,153.10000610351562,159.3000030517578,135.6999969482422,136.60000610351562,38.665557861328125,1.304863452911377,1.5997730493545532,1.4016406536102295,1.3032366037368774,1.2523283958435059,19.74273681640625
167.5,165.6999969482422,141.5,169.0,175.6999969482422,178.6999969482422,152.39999389648438,138.8000030517578,154.6999969482422,150.1999969482422,124.19999694824219,157.89999389648438,158.89999389648438,137.39999389648438,135.6999969482422,40.161705017089844,1.3044910430908203,1.649953007698059,1.4113551378250122,1.3610838651657104,1.304924488067627,17.343765258789062
165.60000610351562,167.1999969482422,141.1999969482422,170.6999969482422,179.39999389648438,175.89999389648438,155.8000030517578,133.1999969482422,151.1999969482422,152.1999969482422,117.4000015258789,158.39999389648438,155.8000030517578,138.6999969482422,133.39999389648438,38.16038131713867,1.318580150604248,1.6376529932022095,1.3707621097564697,1.3076852560043335,1.2671587467193604,13.803110122680664
164.8000030517578,167.39999389648438,144.1999969482422,168.5,178.0,179.10000610351562,155.0,129.60000610351562,150.1999969482422,153.5,114.5999984741211,156.8000030517578,159.1999969482422,130.3000030517578,136.10000610351562,39.37404251098633,1.3345690965652466,1.6846078634262085,1.3747527599334717,1.323056936264038,1.282966136932373,14.426700592041016
167.39999389648438,167.8000030517578,140.39999389648438,166.5,177.5,177.5,159.39999389648438,124.5,146.8000030517578,153.60000610351562,113.0,158.5,157.6999969482422,133.39999389648438,139.3000030517578,43.411865234375,1.323082685470581,1.617020606994629,1.354934573173523,1.3167210817337036,1.2953163385391235,14.370179176330566
166.3000030517578,167.1999969482422,146.60000610351562,167.39999389648438,178.10000610351562,179.8000030517578,155.8000030517578,125.0999984741211,152.5,148.89999389648438,118.30000305175781,155.39999389648438,154.1999969482422,136.10000610351562,139.89999389648438,42.71519088745117,1.337792158126831,1.6332781314849854,1.3605104684829712,1.309247612953186,1.3068164587020874,15.70866870880127
167.10000610351562,169.1999969482422,141.5,166.3000030517578,175.5,175.89999389648438,158.39999389648438,122.9000015258789,146.3000030517578,152.1999969482422,118.69999694824219,152.3000030517578,156.1999969482422,137.10000610351562,137.5,44.34633255004883,1.3433029651641846,1.6113386154174805,1.355485439300537,1.333385705947876,1.3075922727584839,12.662336349487305
168.39999389648438,166.8000030517578,145.1999969482422,165.39999389648438,180.0,178.39999389648438,158.6999969482422,125.5,146.39999389648438,153.1999969482422,114.0999984741211,154.1999969482422,157.8000030517578,133.10000610351562,141.5,43.487815856933594,1.3447259664535522,1.648392677307129,1.3594294786453247,1.3129140138626099,1.3170398473739624,14.773294448852539
167.0,169.3000030517578,143.0,165.89999389648438,178.0,178.89999389648438,156.39999389648438,124.0,151.1999969482422,151.60000610351562,116.0999984741211,154.8000030517578,156.5,133.60000610351562,141.8000030517578,45.342952728271484,1.3571690320968628,1.6487228870391846,1.3696606159210205,1.3232113122940063,1.3214833736419678,13.855134010314941
168.3000030517578,166.3000030517578,146.8000030517578,164.3000030517578,178.3000030517578,177.3000030517578,157.3000030517578,125.0,150.5,152.39999389648438,115.9000015258789,155.10000610351562,159.39999389648438,133.0,141.6999969482422,46.166656494140625,1.350838303565979,1.6282696723937988,1.3711069822311401,1.325258731842041,1.3215246200561523,17.086946487426758
168.39999389648438,168.6999969482422,143.6999969482422,166.39999389648438,178.0,178.3000030517578,157.0,124.4000015258789,152.3000030517578,150.10000610351562,114.80000305175781,157.6999969482422,154.8000030517578,136.60000610351562,143.6999969482422,44.38665771484375,1.3194454908370972,1.642061471939087,1.3672161102294922,1.314308524131775,1.329384207725525,13.683067321777344
169.8000030517578,167.6999969482422,147.60000610351562,168.3000030517578,178.0,179.0,157.89999389648438,122.0,152.1999969482422,150.89999389648438,114.0,156.39999389648438,150.89999389648438,138.60000610351562,144.6999969482422,43.57132339477539,1.3565186262130737,1.6525650024414062,1.3702497482299805,1.3197542428970337,1.3387947082519531,9.581697463989258
168.8000030517578,169.0,147.3000030517578,167.39999389648438,179.60000610351562,177.39999389648438,155.39999389648438,120.0,149.8000030517578,147.89999389648438,116.69999694824219,156.1999969482422,151.5,137.39999389648438,145.0,44.38743209838867,1.3582403659820557,1.6475327014923096,1.3390908241271973,1.3084934949874878,1.3306437730789185,12.228657722473145
169.1999969482422,169.10000610351562,145.0,165.60000610351562,178.10000610351562,179.0,155.60000610351562,121.9000015258789,149.0,151.0,112.5999984741211,157.5,151.89999389648438,139.10000610351562,142.8000030517578,44.938499450683594,1.35045325756073,1.6518282890319824,1.354961633682251,1.302938461303711,1.3028533458709717,11.407731056213379
169.89999389648438,166.60000610351562,145.3000030517578,168.5,178.60000610351562,177.60000610351562,155.0,122.4000015258789,145.6999969482422,152.0,109.5999984741211,158.6999969482422,154.5,135.39999389648438,140.10000610351562,44.14163589477539,1.3601759672164917,1.6610099077224731,1.3274813890457153,1.2839272022247314,1.2882314920425415,12.368128776550293
169.60000610351562,167.5,145.0,166.89999389648438,177.5,176.5,158.3000030517578,116.69999694824219,148.10000610351562,154.5,110.19999694824219,157.3000030517578,158.1999969482422,135.3000030517578,136.10000610351562,45.44572448730469,1.35598886013031,1.6887484788894653,1.3485040664672852,1.3171887397766113,1.3191866874694824,14.619370460510254
169.10000610351562,169.3000030517578,137.60000610351562,163.60000610351562,178.6999969482422,178.89999389648438,164.0,113.30000305175781,145.89999389648438,157.60000610351562,107.19999694824219,157.8000030517578,162.89999389648438,129.5,134.8000030517578,45.60666275024414,1.315948486328125,1.7157583236694336,1.399176001548767,1.366411805152893,1.3578572273254395,14.018993377685547
170.1999969482422,162.8000030517578,141.60000610351562,164.39999389648438,177.39999389648438,178.10000610351562,165.1999969482422,106.0999984741211,144.10000610351562,159.5,106.0,149.8000030517578,163.6999969482422,131.3000030517578,122.69999694824219,44.355979919433594,1.2247377634048462,1.740557312965393,1.4149417877197266,1.3806265592575073,1.377596378326416,16.903173446655273
174.1999969482422,163.10000610351562,135.10000610351562,161.6999969482422,177.0,176.6999969482422,170.5,92.0,153.5,164.39999389648438,93.80000305175781,153.10000610351562,163.8000030517578,126.5,123.0,48.44731903076172,1.1772454977035522,1.7281006574630737,1.4146291017532349,1.3489161729812622,1.3535999059677124,12.3546724319458
175.39999389648438,166.3000030517578,131.6999969482422,162.89999389648438,178.39999389648438,174.39999389648438,171.60000610351562,87.4000015258789,151.39999389648438,164.89999389648438,93.0,154.10000610351562,159.5,124.9000015258789,130.60000610351562,48.39101028442383,1.2081105709075928,1.787856936454773,1.4443408250808716,1.3718937635421753,1.3730396032333374,11.775962829589844
178.89999389648438,165.39999389648438,133.10000610351562,164.3000030517578,177.10000610351562,176.5,163.60000610351562,87.0999984741211,151.6999969482422,158.89999389648438,94.9000015258789,156.10000610351562,154.5,129.6999969482422,136.8000030517578,47.78261184692383,1.2240463495254517,1.7765862941741943,1.3895803689956665,1.3272737264633179,1.3716659545898438,11.767682075500488
179.60000610351562,168.8000030517578,132.5,165.0,176.5,175.1999969482422,160.60000610351562,85.0,157.0,155.10000610351562,98.30000305175781,153.89999389648438,153.6999969482422,130.3000030517578,133.89999389648438,47.63045883178711,1.2036254405975342,1.7774606943130493,1.3385708332061768,1.276703953742981,1.3446292877197266,13.436939239501953
177.5,170.5,135.5,167.1999969482422,174.8000030517578,176.10000610351562,155.8000030517578,86.80000305175781,164.3000030517578,149.60000610351562,102.80000305175781,156.8000030517578,144.0,139.1999969482422,139.8000030517578,45.27422332763672,1.1894996166229248,1.7406344413757324,1.3210099935531616,1.2506589889526367,1.319848895072937,9.394977569580078
173.10000610351562,169.60000610351562,139.60000610351562,173.89999389648438,178.6999969482422,174.1999969482422,145.3000030517578,91.19999694824219,158.89999389648438,135.0,113.9000015258789,157.39999389648438,127.69999694824219,146.8000030517578,145.89999389648438,42.181129455566406,1.1443829536437988,1.740243673324585,1.2050044536590576,1.1687297821044922,1.2430102825164795,12.47982406616211
167.5,171.3000030517578,138.0,175.89999389648438,179.0,171.0,134.89999389648438,100.19999694824219,157.10000610351562,121.69999694824219,126.0999984741211,155.5,116.19999694824219,150.89999389648438,157.89999389648438,36.4092903137207,1.097891926765442,1.7119040489196777,1.116595983505249,1.079524278640747,1.1426734924316406,13.536471366882324
167.60000610351562,172.1999969482422,139.6999969482422,173.3000030517578,178.10000610351562,174.39999389648438,133.6999969482422,99.69999694824219,156.39999389648438,121.0,123.9000015258789,157.0,114.0999984741211,151.60000610351562,156.6999969482422,34.55117416381836,1.1030362844467163,1.7203587293624878,1.1001757383346558,1.0727819204330444,1.1313550472259521,13.079713821411133
171.39999389648438,169.8000030517578,140.89999389648438,180.0,179.60000610351562,175.0,139.0,94.0,160.1999969482422,121.5999984741211,122.4000015258789,158.1999969482422,116.30000305175781,151.5,153.5,37.11975860595703,1.1095895767211914,1.7236297130584717,1.1318986415863037,1.0866109132766724,1.158616304397583,13.33217716217041
171.1999969482422,170.89999389648438,144.6999969482422,177.60000610351562,178.60000610351562,172.60000610351562,136.5,98.9000015258789,158.0,123.9000015258789,122.69999694824219,156.5,117.5999984741211,150.3000030517578,152.60000610351562,36.15507125854492,1.0948762893676758,1.7341512441635132,1.1338133811950684,1.0974452495574951,1.153502106666565,12.428790092468262
171.10000610351562,173.60000610351562,142.60000610351562,177.3000030517578,180.0,170.5,136.0,98.69999694824219,156.8000030517578,123.5,123.69999694824219,157.1999969482422,116.69999694824219,152.8000030517578,157.39999389648438,34.82991409301758,1.109133005142212,1.7341645956039429,1.1312276124954224,1.108717441558838,1.1813459396362305,12.926886558532715
170.8000030517578,172.60000610351562,140.39999389648438,178.1999969482422,179.60000610351562,173.3000030517578,135.6999969482422,98.80000305175781,159.3000030517578,122.19999694824219,125.19999694824219,156.8000030517578,118.0999984741211,152.3000030517578,155.8000030517578,35.7929801940918,1.1215763092041016,1.7320077419281006,1.1378448009490967,1.1109740734100342,1.1973321437835693,13.031084060668945
168.8000030517578,170.89999389648438,138.8000030517578,178.10000610351562,179.1999969482422,172.10000610351562,137.1999969482422,97.5,158.10000610351562,123.5999984741211,123.9000015258789,157.0,117.0,153.0,154.0,36.81045150756836,1.1606706380844116,1.7362347841262817,1.1466060876846313,1.1155259609222412,1.1838977336883545,13.105470657348633
169.6999969482422,170.89999389648438,146.1999969482422,176.10000610351562,177.0,173.5,137.0,98.5999984741211,154.8000030517578,126.0,121.5,156.6999969482422,116.4000015258789,149.3000030517578,155.3000030517578,34.58085250854492,1.1164538860321045,1.7379305362701416,1.1217975616455078,1.0986543893814087,1.1288552284240723,14.48802375793457
169.89999389648438,171.3000030517578,143.89999389648438,176.0,178.10000610351562,173.89999389648438,135.5,98.9000015258789,155.1999969482422,122.4000015258789,124.30000305175781,156.6999969482422,116.5,150.3000030517578,156.6999969482422,35.51670455932617,1.0953561067581177,1.741700530052185,1.107088327407837,1.0835540294647217,1.1426970958709717,11.709260940551758
167.89999389648438,170.89999389648438,139.3000030517578,176.1999969482422,177.89999389648438,170.3000030517578,137.0,98.30000305175781,157.0,124.69999694824219,122.4000015258789,154.6999969482422,118.69999694824219,149.1999969482422,150.39999389648438,36.711734771728516,1.0948981046676636,1.7375441789627075,1.141491413116455,1.1042662858963013,1.1534327268600464,14.187580108642578
167.0,172.0,134.8000030517578,172.6999969482422,179.6999969482422,170.5,133.1999969482422,102.0,159.60000610351562,120.30000305175781,123.80000305175781,159.39999389648438,112.80000305175781,149.89999389648438,156.89999389648438,35.2617301940918,1.064365029335022,1.720710277557373,1.1213549375534058,1.0702863931655884,1.098100185394287,13.599123001098633
170.1999969482422,173.6999969482422,138.89999389648438,174.6999969482422,177.10000610351562,170.1999969482422,134.6999969482422,102.9000015258789,154.39999389648438,123.0,122.5,156.39999389648438,112.9000015258789,150.89999389648438,151.3000030517578,34.110107421875,1.097083330154419,1.7344990968704224,1.1347613334655762,1.0873713493347168,1.0886040925979614,13.470281600952148
168.0,173.89999389648438,143.10000610351562,170.6999969482422,179.6999969482422,168.0,131.1999969482422,104.4000015258789,154.60000610351562,117.4000015258789,126.0,156.39999389648438,110.80000305175781,151.6999969482422,153.5,32.68280029296875,1.0704140663146973,1.735581874847412,1.0938876867294312,1.0411680936813354,1.0613709688186646,12.205972671508789
167.6999969482422,172.8000030517578,143.60000610351562,168.6999969482422,177.3000030517578,166.89999389648438,130.10000610351562,105.19999694824219,154.3000030517578,118.0999984741211,124.5999984741211,157.60000610351562,110.4000015258789,153.6999969482422,156.10000610351562,31.22484016418457,1.0730664730072021,1.7189661264419556,1.0878114700317383,1.0434329509735107,1.0822136402130127,11.43541431427002
168.60000610351562,172.39999389648438,140.1999969482422,173.89999389648438,178.3000030517578,169.0,133.5,102.5999984741211,155.0,120.80000305175781,123.0999984741211,157.5,112.30000305175781,151.3000030517578,153.10000610351562,34.60566711425781,1.0902516841888428,1.7214494943618774,1.11029851436615,1.0609461069107056,1.0804493427276611,12.549931526184082
167.10000610351562,173.39999389648438,139.6999969482422,171.6999969482422,179.6999969482422,168.0,131.3000030517578,105.5,153.3000030517578,118.5999984741211,124.80000305175781,158.6999969482422,111.4000015258789,152.3000030517578,156.3000030517578,34.172271728515625,1.0710020065307617,1.7210246324539185,1.0991688966751099,1.0565286874771118,1.0772731304168701,11.461215019226074
168.10000610351562,172.5,144.39999389648438,171.1999969482422,179.60000610351562,168.1999969482422,130.89999389648438,104.69999694824219,153.10000610351562,119.0,124.5,157.5,112.0,150.39999389648438,157.1999969482422,33.06199264526367,1.0680748224258423,1.7284270524978638,1.0878552198410034,1.0513184070587158,1.0789718627929688,11.326276779174805
167.1999969482422,173.39999389648438,140.60000610351562,168.5,176.8000030517578,164.3000030517578,129.6999969482422,106.19999694824219,153.5,119.30000305175781,124.5,156.5,112.0999984741211,153.3000030517578,157.3000030517578,32.01583480834961,1.054310917854309,1.7122514247894287,1.0850626230239868,1.0449801683425903,1.0906314849853516,11.727371215820312
170.0,173.8000030517578,137.1999969482422,172.10000610351562,179.0,167.8000030517578,132.6999969482422,104.0999984741211,154.10000610351562,121.4000015258789,121.5999984741211,157.0,112.5,152.10000610351562,154.39999389648438,32.951534271240234,1.0725886821746826,1.7216228246688843,1.1061091423034668,1.0644279718399048,1.0934947729110718,11.578710556030273
168.60000610351562,173.8000030517578,143.60000610351562,170.8000030517578,178.6999969482422,165.5,131.6999969482422,104.19999694824219,155.39999389648438,119.4000015258789,123.69999694824219,157.60000610351562,111.69999694824219,152.89999389648438,158.10000610351562,33.63429641723633,1.0524243116378784,1.710964560508728,1.0934396982192993,1.0427625179290771,1.0746326446533203,12.354269027709961
168.10000610351562,173.0,143.60000610351562,169.10000610351562,178.3000030517578,164.1999969482422,130.60000610351562,104.0,155.60000610351562,118.0999984741211,123.30000305175781,157.8000030517578,110.9000015258789,154.10000610351562,156.3000030517578,32.6439323425293,1.06150221824646,1.7026854753494263,1.0851058959960938,1.0297014713287354,1.0688681602478027,10.79277515411377
167.60000610351562,173.5,139.89999389648438,169.8000030517578,178.8000030517578,167.89999389648438,131.6999969482422,103.80000305175781,155.3000030517578,119.80000305175781,123.19999694824219,158.5,112.5999984741211,152.8000030517578,157.0,32.9971809387207,1.0693868398666382,1.7114744186401367,1.0949004888534546,1.0492901802062988,1.0868760347366333,12.123123168945312
168.0,172.1999969482422,141.10000610351562,172.0,179.5,168.8000030517578,132.6999969482422,103.5999984741211,155.1999969482422,120.5999984741211,121.9000015258789,159.0,112.5999984741211,151.6999969482422,155.6999969482422,33.701141357421875,1.0794779062271118,1.717944622039795,1.1006603240966797,1.0508004426956177,1.0773636102676392,12.176430702209473
169.1999969482422,173.1999969482422,141.5,171.8000030517578,179.3000030517578,167.10000610351562,132.8000030517578,104.4000015258789,153.8000030517578,121.0999984741211,121.69999694824219,157.10000610351562,112.0,151.10000610351562,152.10000610351562,32.93547439575195,1.0739250183105469,1.72346830368042,1.104607105255127,1.0478065013885498,1.0549317598342896,12.017578125
167.6999969482422,173.3000030517578,138.60000610351562,171.1999969482422,179.3000030517578,168.1999969482422,131.39999389648438,104.0999984741211,154.6999969482422,120.19999694824219,123.0,157.3000030517578,111.4000015258789,151.89999389648438,158.89999389648438,34.56229019165039,1.0578113794326782,1.711488127708435,1.088750958442688,1.0464249849319458,1.0819332599639893,12.41109848022461
169.1999969482422,174.0,138.89999389648438,170.89999389648438,179.6999969482422,169.3000030517578,132.39999389648438,104.0999984741211,153.0,121.5999984741211,121.80000305175781,157.60000610351562,112.30000305175781,150.39999389648438,151.39999389648438,31.619245529174805,1.0855242013931274,1.7269883155822754,1.1052825450897217,1.0573606491088867,1.0632874965667725,12.672706604003906
169.60000610351562,174.8000030517578,140.10000610351562,171.8000030517578,179.0,167.6999969482422,131.6999969482422,104.4000015258789,154.0,120.30000305175781,122.69999694824219,157.5,111.0999984741211,152.39999389648438,155.0,31.766271591186523,1.0796892642974854,1.7313474416732788,1.0983471870422363,1.0550627708435059,1.0735833644866943,12.691483497619629
169.89999389648438,174.89999389648438,141.89999389648438,171.3000030517578,179.0,169.10000610351562,131.0,105.0999984741211,154.1999969482422,118.30000305175781,124.30000305175781,158.1999969482422,111.0,149.60000610351562,153.8000030517578,31.867448806762695,1.0734829902648926,1.7247684001922607,1.096975564956665,1.0440200567245483,1.048136830329895,12.226157188415527
169.3000030517578,175.8000030517578,139.6999969482422,168.5,178.60000610351562,167.89999389648438,129.60000610351562,105.69999694824219,155.0,118.30000305175781,123.9000015258789,158.39999389648438,108.5999984741211,154.1999969482422,154.6999969482422,30.243505477905273,1.0621529817581177,1.7130146026611328,1.0881237983703613,1.037109136581421,1.0451689958572388,13.325981140136719
169.39999389648438,175.39999389648438,139.5,169.0,179.5,166.6999969482422,129.60000610351562,105.0999984741211,157.10000610351562,119.4000015258789,123.19999694824219,159.0,111.69999694824219,152.10000610351562,156.1999969482422,30.554027557373047,1.067095398902893,1.7065510749816895,1.085852861404419,1.041975736618042,1.068057656288147,12.514310836791992
168.39999389648438,172.60000610351562,140.5,170.60000610351562,178.3000030517578,166.0,132.0,105.30000305175781,154.10000610351562,121.5,122.69999694824219,157.89999389648438,112.80000305175781,152.5,155.1999969482422,31.60323143005371,1.0882972478866577,1.7197339534759521,1.109038233757019,1.0641982555389404,1.0854601860046387,12.231573104858398
170.39999389648438,174.3000030517578,143.10000610351562,170.8000030517578,178.10000610351562,168.10000610351562,132.1999969482422,103.80000305175781,154.89999389648438,119.80000305175781,122.80000305175781,159.1999969482422,111.0,153.5,154.89999389648438,30.723373413085938,1.0673511028289795,1.7301527261734009,1.0999104976654053,1.0581382513046265,1.0847325325012207,12.271536827087402
169.8000030517578,173.6999969482422,139.1999969482422,172.1999969482422,179.89999389648438,170.6999969482422,132.89999389648438,103.5999984741211,154.6999969482422,121.5999984741211,122.0999984741211,158.10000610351562,113.80000305175781,150.89999389648438,151.10000610351562,32.418724060058594,1.080054759979248,1.7237579822540283,1.1060783863067627,1.0628095865249634,1.0727978944778442,12.200121879577637
168.5,174.10000610351562,139.39999389648438,170.10000610351562,179.6999969482422,168.6999969482422,132.0,103.80000305175781,156.10000610351562,121.0,122.9000015258789,159.39999389648438,113.30000305175781,151.1999969482422,155.6999969482422,31.93912696838379,1.074217677116394,1.7152739763259888,1.1051459312438965,1.0628916025161743,1.0796267986297607,12.940319061279297
171.1999969482422,175.5,136.89999389648438,172.6999969482422,179.89999389648438,171.1999969482422,133.1999969482422,104.5999984741211,155.8000030517578,122.30000305175781,122.0,159.0,112.5999984741211,151.60000610351562,155.89999389648438,31.858186721801758,1.090183973312378,1.7254996299743652,1.1226328611373901,1.0755739212036133,1.0856537818908691,13.333281517028809
168.5,173.39999389648438,143.39999389648438,172.3000030517578,179.1999969482422,168.1999969482422,133.0,105.30000305175781,153.8000030517578,122.5999984741211,123.30000305175781,157.39999389648438,115.0999984741211,149.60000610351562,154.60000610351562,33.28582000732422,1.083514928817749,1.7335855960845947,1.1170705556869507,1.075965404510498,1.0863854885101318,12.95583438873291
169.1999969482422,172.60000610351562,143.5,173.39999389648438,178.5,169.0,134.5,102.9000015258789,153.1999969482422,125.0,121.0999984741211,157.89999389648438,116.5999984741211,149.10000610351562,156.10000610351562,32.9354133605957,1.1064159870147705,1.7230144739151,1.1203945875167847,1.0874509811401367,1.111821174621582,13.541542053222656
168.6999969482422,174.1999969482422,140.8000030517578,170.89999389648438,178.39999389648438,165.10000610351562,130.89999389648438,105.69999694824219,153.89999389648438,119.9000015258789,123.69999694824219,157.5,112.5,152.3000030517578,156.3000030517578,31.958471298217773,1.0682196617126465,1.7168989181518555,1.093021273612976,1.048754334449768,1.0830669403076172,12.810310363769531
168.6999969482422,174.0,140.39999389648438,170.6999969482422,178.5,166.6999969482422,131.5,102.5999984741211,157.60000610351562,117.9000015258789,125.19999694824219,157.39999389648438,111.5,154.10000610351562,157.3000030517578,32.811805725097656,1.055137276649475,1.7086458206176758,1.087863564491272,1.0394076108932495,1.0918844938278198,12.02129077911377
169.8000030517578,172.89999389648438,137.6999969482422,172.8000030517578,179.6999969482422,169.0,132.60000610351562,100.9000015258789,158.5,119.4000015258789,123.5,158.5,111.5,152.89999389648438,156.39999389648438,33.46491241455078,1.0531697273254395,1.701211929321289,1.0948295593261719,1.0483261346817017,1.0944138765335083,13.83713150024414
168.89999389648438,173.6999969482422,139.1999969482422,170.10000610351562,178.5,164.0,130.6999969482422,105.19999694824219,154.0,118.80000305175781,123.5999984741211,158.39999389648438,110.5999984741211,152.60000610351562,156.60000610351562,32.267669677734375,1.057142972946167,1.7114737033843994,1.091113567352295,1.0397627353668213,1.06805419921875,12.681068420410156
169.1999969482422,175.6999969482422,141.10000610351562,169.3000030517578,178.6999969482422,168.60000610351562,132.5,105.30000305175781,152.89999389648438,122.5999984741211,122.5,156.60000610351562,112.0999984741211,154.39999389648438,153.0,30.466289520263672,1.0976595878601074,1.7301008701324463,1.1132373809814453,1.0696643590927124,1.0849255323410034,13.465721130371094
168.60000610351562,174.6999969482422,141.0,170.0,179.3000030517578,168.10000610351562,131.39999389648438,105.0,154.89999389648438,120.30000305175781,123.19999694824219,158.89999389648438,111.4000015258789,153.3000030517578,156.3000030517578,31.589935302734375,1.076926350593567,1.7212474346160889,1.1022275686264038,1.0593069791793823,1.0824376344680786,12.20311450958252
170.10000610351562,175.39999389648438,138.89999389648438,171.6999969482422,178.3000030517578,170.3000030517578,133.5,104.30000305175781,153.8000030517578,123.80000305175781,121.5999984741211,156.89999389648438,114.5999984741211,152.1999969482422,154.0,31.46023941040039,1.0913736820220947,1.731520652770996,1.1196599006652832,1.0833643674850464,1.117191195487976,12.78470516204834
169.1999969482422,175.6999969482422,139.3000030517578,169.5,177.89999389648438,169.5,132.10000610351562,104.9000015258789,154.3000030517578,122.30000305175781,122.0,158.10000610351562,113.69999694824219,152.89999389648438,155.39999389648438,30.6649112701416,1.0720151662826538,1.725932002067566,1.1004492044448853,1.0604685544967651,1.089715838432312,13.522924423217773
169.6999969482422,178.1999969482422,138.6999969482422,168.89999389648438,178.39999389648438,168.3000030517578,131.8000030517578,105.19999694824219,156.3000030517578,122.9000015258789,122.9000015258789,158.3000030517578,115.0,151.39999389648438,155.89999389648438,29.93695640563965,1.0794371366500854,1.7179629802703857,1.1021565198898315,1.0629193782806396,1.0844992399215698,13.5730619430542
169.89999389648438,176.89999389648438,138.5,170.3000030517578,178.3000030517578,170.60000610351562,131.89999389648438,105.9000015258789,155.60000610351562,119.5999984741211,124.9000015258789,159.0,113.9000015258789,152.3000030517578,156.6999969482422,31.645038604736328,1.063819408416748,1.7241719961166382,1.1079941987991333,1.0644054412841797,1.0995814800262451,12.237125396728516
167.8000030517578,178.0,139.39999389648438,167.6999969482422,179.1999969482422,165.8000030517578,131.39999389648438,105.0,155.10000610351562,123.5999984741211,123.0,154.6999969482422,114.0999984741211,151.0,151.1999969482422,29.6743221282959,1.0816676616668701,1.7143222093582153,1.1130505800247192,1.0530025959014893,1.0493390560150146,14.740272521972656
167.89999389648438,177.10000610351562,144.10000610351562,170.10000610351562,179.6999969482422,164.89999389648438,131.0,105.69999694824219,156.6999969482422,122.0,124.19999694824219,153.60000610351562,113.9000015258789,150.0,147.60000610351562,31.829015731811523,1.0858874320983887,1.7256783246994019,1.114585518836975,1.0483365058898926,1.0349242687225342,14.706108093261719
166.10000610351562,175.8000030517578,143.5,168.60000610351562,179.89999389648438,164.39999389648438,130.5,108.19999694824219,155.1999969482422,121.4000015258789,126.9000015258789,152.8000030517578,115.5999984741211,149.5,147.60000610351562,33.16398620605469,1.0830395221710205,1.722367525100708,1.1262089014053345,1.0645365715026855,1.0388476848602295,14.247513771057129
166.8000030517578,173.39999389648438,148.3000030517578,168.89999389648438,178.5,162.8000030517578,130.1999969482422,107.9000015258789,156.1999969482422,120.5,128.39999389648438,151.89999389648438,116.19999694824219,150.10000610351562,150.60000610351562,32.76820373535156,1.077430248260498,1.720218300819397,1.1230242252349854,1.0588072538375854,1.0576272010803223,14.248757362365723
167.89999389648438,173.60000610351562,148.8000030517578,171.1999969482422,179.5,164.39999389648438,130.8000030517578,108.0999984741211,155.10000610351562,121.9000015258789,127.30000305175781,149.60000610351562,114.9000015258789,152.5,152.60000610351562,35.599910736083984,1.0862462520599365,1.7247508764266968,1.1213001012802124,1.051105260848999,1.0609716176986694,14.956513404846191
168.89999389648438,174.3000030517578,150.39999389648438,169.10000610351562,179.6999969482422,168.39999389648438,130.0,108.5999984741211,158.8000030517578,122.0999984741211,127.4000015258789,152.0,117.5,151.6999969482422,151.5,35.57283401489258,1.1104775667190552,1.7222810983657837,1.125542402267456,1.0595808029174805,1.0657556056976318,13.43943977355957
167.89999389648438,172.8000030517578,151.0,168.89999389648438,179.10000610351562,165.60000610351562,129.39999389648438,110.0999984741211,156.8000030517578,120.0,129.0,151.89999389648438,115.0999984741211,150.6999969482422,155.89999389648438,37.02519226074219,1.1410106420516968,1.7182204723358154,1.1233694553375244,1.0493741035461426,1.052293300628662,13.920284271240234
168.10000610351562,172.8000030517578,147.1999969482422,171.60000610351562,179.3000030517578,166.6999969482422,130.89999389648438,107.0,157.8000030517578,121.0,126.80000305175781,154.0,116.19999694824219,151.1999969482422,156.1999969482422,35.96498489379883,1.0956976413726807,1.7217403650283813,1.1152220964431763,1.0598987340927124,1.08652663230896,13.026162147521973
168.10000610351562,174.5,148.39999389648438,170.39999389648438,177.5,168.5,130.6999969482422,108.30000305175781,157.1999969482422,120.9000015258789,128.0,151.39999389648438,115.9000015258789,150.10000610351562,152.10000610351562,36.57075119018555,1.1191322803497314,1.7267296314239502,1.1225136518478394,1.052320957183838,1.0498408079147339,13.354592323303223
167.6999969482422,172.1999969482422,145.1999969482422,173.3000030517578,179.5,168.60000610351562,134.8000030517578,105.80000305175781,156.89999389648438,122.30000305175781,127.30000305175781,153.60000610351562,119.9000015258789,149.5,150.0,39.004173278808594,1.0882935523986816,1.713973879814148,1.1328085660934448,1.0721482038497925,1.0873032808303833,13.283634185791016
172.60000610351562,172.0,138.5,179.3000030517578,178.8000030517578,173.1999969482422,140.3000030517578,98.4000015258789,161.0,128.60000610351562,120.9000015258789,155.89999389648438,122.0999984741211,149.0,151.60000610351562,38.980533599853516,1.086295485496521,1.7272144556045532,1.1756559610366821,1.126692533493042,1.1672468185424805,14.270303726196289
174.8000030517578,171.10000610351562,138.60000610351562,175.6999969482422,179.5,177.1999969482422,143.39999389648438,96.80000305175781,160.6999969482422,128.5,119.4000015258789,159.10000610351562,123.4000015258789,146.1999969482422,153.5,40.85526657104492,1.0955535173416138,1.6965200901031494,1.2057212591171265,1.140631914138794,1.190011739730835,13.692281723022461
174.8000030517578,171.10000610351562,135.8000030517578,175.3000030517578,179.8000030517578,177.1999969482422,141.39999389648438,96.30000305175781,162.8000030517578,124.9000015258789,121.0999984741211,161.1999969482422,121.19999694824219,148.0,153.89999389648438,41.83243942260742,1.0900025367736816,1.6809910535812378,1.2017977237701416,1.1399476528167725,1.195774793624878,12.368743896484375
169.1999969482422,173.8000030517578,142.1999969482422,170.0,178.10000610351562,175.5,130.39999389648438,109.5,160.10000610351562,118.30000305175781,129.1999969482422,156.6999969482422,113.9000015258789,155.0,156.5,39.05897521972656,1.1551896333694458,1.706800103187561,1.136513590812683,1.0661875009536743,1.1065752506256104,9.757521629333496
167.10000610351562,172.60000610351562,144.60000610351562,170.39999389648438,179.3000030517578,170.0,131.1999969482422,108.9000015258789,156.3000030517578,117.80000305175781,129.10000610351562,156.10000610351562,113.4000015258789,154.10000610351562,157.0,37.2146110534668,1.1116353273391724,1.7163022756576538,1.128538727760315,1.0558356046676636,1.0894321203231812,12.473023414611816
174.60000610351562,172.89999389648438,146.0,172.8000030517578,175.1999969482422,172.10000610351562,142.89999389648438,97.9000015258789,158.1999969482422,129.5,120.69999694824219,156.5,127.80000305175781,145.1999969482422,151.1999969482422,42.951744079589844,1.0905699729919434,1.7305546998977661,1.2115533351898193,1.1566271781921387,1.2064409255981445,12.154694557189941
173.1999969482422,173.8000030517578,144.8000030517578,177.10000610351562,176.39999389648438,174.6999969482422,140.10000610351562,99.80000305175781,154.60000610351562,127.0,121.0999984741211,154.10000610351562,124.0,151.0,148.6999969482422,40.95840072631836,1.090417742729187,1.7118728160858154,1.1865278482437134,1.1207218170166016,1.2147175073623657,10.387632369995117
175.60000610351562,170.1999969482422,135.8000030517578,170.1999969482422,173.6999969482422,174.8000030517578,155.39999389648438,82.4000015258789,162.10000610351562,142.60000610351562,106.19999694824219,157.1999969482422,137.5,143.10000610351562,139.89999389648438,44.82954406738281,1.149654746055603,1.7378684282302856,1.290448546409607,1.2348030805587769,1.3069231510162354,7.9764227867126465
179.0,167.8000030517578,131.1999969482422,168.8000030517578,176.89999389648438,179.0,158.6999969482422,81.5,157.6999969482422,150.89999389648438,97.80000305175781,159.0,147.60000610351562,135.6999969482422,141.1999969482422,44.692684173583984,1.1863702535629272,1.7587203979492188,1.3294180631637573,1.2841060161590576,1.38569176197052,10.946676254272461
179.8000030517578,167.0,127.80000305175781,166.6999969482422,177.89999389648438,178.89999389648438,161.60000610351562,77.4000015258789,159.89999389648438,155.39999389648438,93.30000305175781,158.60000610351562,150.89999389648438,133.39999389648438,135.60000610351562,46.34346389770508,1.2109020948410034,1.7581567764282227,1.3554483652114868,1.3064569234848022,1.3854821920394897,13.83598804473877
179.10000610351562,166.0,130.8000030517578,166.10000610351562,179.39999389648438,178.5,163.6999969482422,77.30000305175781,154.6999969482422,158.10000610351562,89.5999984741211,156.5,157.0,126.0,134.6999969482422,46.316776275634766,1.2170771360397339,1.7662818431854248,1.3413934707641602,1.292714238166809,1.370792031288147,14.84581470489502
179.60000610351562,166.10000610351562,129.3000030517578,163.89999389648438,175.89999389648438,179.39999389648438,163.0,78.5999984741211,153.60000610351562,161.1999969482422,88.0,158.6999969482422,153.60000610351562,129.10000610351562,137.5,48.975791931152344,1.2225253582000732,1.7683693170547485,1.3643369674682617,1.3175575733184814,1.3839515447616577,10.792841911315918
179.5,162.39999389648438,131.1999969482422,164.1999969482422,176.60000610351562,179.3000030517578,163.89999389648438,78.5,154.6999969482422,161.1999969482422,89.0,153.89999389648438,159.60000610351562,122.9000015258789,131.8000030517578,48.040771484375,1.2263596057891846,1.7663664817810059,1.3671910762786865,1.3188388347625732,1.371393084526062,13.906259536743164
178.89999389648438,162.89999389648438,130.1999969482422,164.8000030517578,178.5,178.6999969482422,165.10000610351562,77.5,154.39999389648438,159.8000030517578,88.5999984741211,155.60000610351562,157.5,125.30000305175781,132.0,47.91239547729492,1.2396146059036255,1.752366065979004,1.3895758390426636,1.3263887166976929,1.3720004558563232,12.52772045135498
178.1999969482422,162.60000610351562,130.1999969482422,164.39999389648438,179.10000610351562,179.39999389648438,166.39999389648438,75.5,156.6999969482422,160.39999389648438,87.5,156.89999389648438,159.60000610351562,121.30000305175781,131.6999969482422,47.64561462402344,1.2374813556671143,1.7507745027542114,1.384459137916565,1.3247058391571045,1.3600066900253296,14.795058250427246
176.5,162.89999389648438,129.0,166.0,179.8000030517578,178.1999969482422,165.6999969482422,73.4000015258789,160.0,156.6999969482422,87.5,156.6999969482422,156.0,124.69999694824219,131.3000030517578,44.58042907714844,1.2398356199264526,1.7559776306152344,1.3821555376052856,1.2965811491012573,1.3586522340774536,13.414103507995605
178.0,162.1999969482422,130.5,164.8000030517578,179.10000610351562,179.89999389648438,164.5,78.9000015258789,155.3000030517578,159.0,88.0999984741211,156.5,159.10000610351562,122.4000015258789,131.39999389648438,46.43417739868164,1.2405470609664917,1.7608152627944946,1.3963345289230347,1.3317545652389526,1.372450828552246,13.8967866897583
179.39999389648438,161.8000030517578,128.5,164.3000030517578,179.5,179.8000030517578,165.60000610351562,74.80000305175781,157.8000030517578,160.8000030517578,85.69999694824219,157.39999389648438,159.1999969482422,122.4000015258789,130.39999389648438,48.66178512573242,1.2399646043777466,1.765803575515747,1.3921735286712646,1.3264259099960327,1.3696951866149902,14.210366249084473
179.8000030517578,159.89999389648438,128.6999969482422,164.5,179.0,179.5,165.6999969482422,72.4000015258789,157.89999389648438,157.5,88.19999694824219,155.89999389648438,156.8000030517578,123.5999984741211,131.39999389648438,49.172691345214844,1.2373582124710083,1.7653969526290894,1.3764686584472656,1.3064886331558228,1.3683983087539673,15.11273193359375
179.3000030517578,159.10000610351562,126.9000015258789,162.8000030517578,178.60000610351562,179.8000030517578,168.39999389648438,71.5,158.0,159.60000610351562,85.5999984741211,156.8000030517578,158.39999389648438,122.0999984741211,131.5,50.13058090209961,1.2464114427566528,1.7670855522155762,1.3830857276916504,1.3025920391082764,1.3591850996017456,14.953110694885254
179.3000030517578,159.3000030517578,133.89999389648438,165.1999969482422,178.0,179.0,163.5,79.5999984741211,155.8000030517578,159.39999389648438,88.69999694824219,158.1999969482422,153.1999969482422,127.0999984741211,136.1999969482422,47.203372955322266,1.2331541776657104,1.7602415084838867,1.395029902458191,1.334174633026123,1.389101266860962,11.222574234008789
179.10000610351562,165.8000030517578,131.0,163.89999389648438,173.1999969482422,178.39999389648438,159.1999969482422,78.9000015258789,157.10000610351562,151.8000030517578,97.69999694824219,152.0,146.3000030517578,134.39999389648438,139.5,49.5145149230957,1.1663585901260376,1.7491830587387085,1.33009934425354,1.2718466520309448,1.3609519004821777,12.233838081359863
175.8000030517578,169.6999969482422,133.39999389648438,168.60000610351562,172.89999389648438,174.1999969482422,153.8000030517578,83.4000015258789,161.3000030517578,143.6999969482422,104.80000305175781,157.5,135.60000610351562,144.0,144.5,45.43592834472656,1.152318000793457,1.7312171459197998,1.2808525562286377,1.2267810106277466,1.3115322589874268,7.686694145202637
174.6999969482422,171.1999969482422,134.0,174.39999389648438,178.39999389648438,179.39999389648438,143.89999389648438,93.0999984741211,161.0,127.5999984741211,117.19999694824219,161.3000030517578,122.9000015258789,148.1999969482422,153.5,42.25419235229492,1.0731964111328125,1.6827462911605835,1.2222604751586914,1.1549588441848755,1.230870246887207,11.348137855529785
172.1999969482422,174.10000610351562,138.60000610351562,178.3000030517578,178.6999969482422,175.39999389648438,136.5,100.19999694824219,156.89999389648438,119.80000305175781,126.0999984741211,156.0,121.19999694824219,150.60000610351562,155.0,41.950225830078125,1.069657564163208,1.6872143745422363,1.1393755674362183,1.0747690200805664,1.1757614612579346,14.496650695800781
171.5,173.39999389648438,143.60000610351562,177.10000610351562,175.8000030517578,175.8000030517578,135.8000030517578,102.9000015258789,157.5,122.4000015258789,124.0999984741211,153.8000030517578,121.0999984741211,152.10000610351562,156.10000610351562,43.475486755371094,1.1355063915252686,1.7001651525497437,1.1417615413665771,1.0715123414993286,1.1671773195266724,11.59635066986084
169.89999389648438,174.1999969482422,142.5,168.60000610351562,176.60000610351562,168.39999389648438,131.3000030517578,105.30000305175781,157.39999389648438,118.0,127.5,155.8000030517578,117.30000305175781,155.1999969482422,155.10000610351562,39.42522430419922,1.1444356441497803,1.6924649477005005,1.1191827058792114,1.0548049211502075,1.1406809091567993,12.69271469116211
171.3000030517578,173.5,142.1999969482422,175.0,175.60000610351562,172.6999969482422,135.6999969482422,100.5999984741211,157.6999969482422,121.5,126.80000305175781,152.10000610351562,120.19999694824219,152.8000030517578,155.89999389648438,41.357051849365234,1.1307923793792725,1.6751188039779663,1.1398593187332153,1.068954348564148,1.1629277467727661,12.13789176940918
174.39999389648438,173.60000610351562,140.0,176.8000030517578,175.6999969482422,177.3000030517578,144.0,94.0999984741211,157.89999389648438,129.8000030517578,118.30000305175781,154.3000030517578,126.30000305175781,150.5,151.39999389648438,41.276485443115234,1.0847500562667847,1.693169355392456,1.1845166683197021,1.1268683671951294,1.233183741569519,12.99291706085205
175.0,172.60000610351562,134.5,173.89999389648438,174.60000610351562,176.0,149.0,90.30000305175781,155.60000610351562,135.39999389648438,110.5999984741211,159.0,131.60000610351562,145.0,143.8000030517578,42.31113815307617,1.1040903329849243,1.7045687437057495,1.2273842096328735,1.1783699989318848,1.2425775527954102,8.355433464050293
178.5,168.6999969482422,130.0,163.1999969482422,172.8000030517578,177.1999969482422,161.8000030517578,77.5999984741211,161.5,152.39999389648438,97.0,153.5,149.8000030517578,132.3000030517578,135.3000030517578,47.85405349731445,1.1933525800704956,1.76655113697052,1.3392542600631714,1.265733003616333,1.3545950651168823,11.75133228302002
179.6999969482422,167.1999969482422,130.8000030517578,164.5,173.3000030517578,178.3000030517578,160.0,77.80000305175781,160.8000030517578,152.10000610351562,98.0,153.6999969482422,148.39999389648438,132.8000030517578,138.1999969482422,47.504024505615234,1.1857717037200928,1.75294828414917,1.3130106925964355,1.2498747110366821,1.334642767906189,12.7466402053833
179.89999389648438,168.10000610351562,133.0,165.10000610351562,173.60000610351562,178.0,160.0,79.0999984741211,156.6999969482422,154.0,96.19999694824219,152.5,146.1999969482422,134.6999969482422,140.39999389648438,46.42491912841797,1.1699107885360718,1.7409956455230713,1.3141696453094482,1.2548809051513672,1.343802809715271,11.643135070800781
179.5,170.1999969482422,131.5,163.8000030517578,171.3000030517578,177.89999389648438,160.1999969482422,78.5,157.0,152.5,96.80000305175781,152.1999969482422,148.5,133.89999389648438,138.1999969482422,47.72104263305664,1.165714979171753,1.761484146118164,1.3155672550201416,1.2513395547866821,1.3512587547302246,12.272662162780762
178.8000030517578,171.10000610351562,133.39999389648438,166.10000610351562,172.10000610351562,177.5,159.1999969482422,77.9000015258789,160.0,153.60000610351562,95.69999694824219,154.39999389648438,145.89999389648438,133.5,144.0,44.68887710571289,1.1732714176177979,1.7505072355270386,1.2974716424942017,1.2448590993881226,1.332697868347168,11.444334983825684
179.39999389648438,170.6999969482422,130.1999969482422,164.0,171.3000030517578,177.5,160.6999969482422,77.30000305175781,158.89999389648438,152.8000030517578,95.69999694824219,154.3000030517578,148.5,132.8000030517578,139.39999389648438,47.805091857910156,1.1623367071151733,1.7579313516616821,1.3113808631896973,1.2481534481048584,1.3329684734344482,12.909717559814453
178.89999389648438,171.6999969482422,130.1999969482422,166.0,173.89999389648438,174.39999389648438,159.3000030517578,76.69999694824219,158.60000610351562,151.8000030517578,95.30000305175781,156.89999389648438,146.39999389648438,132.5,141.60000610351562,44.85606002807617,1.16934072971344,1.7415528297424316,1.3017709255218506,1.2568187713623047,1.3375046253204346,11.807762145996094
179.0,169.89999389648438,129.6999969482422,163.89999389648438,173.6999969482422,175.60000610351562,161.5,73.69999694824219,161.0,153.39999389648438,92.69999694824219,156.1999969482422,151.5,129.1999969482422,139.10000610351562,46.85126495361328,1.1789939403533936,1.7429664134979248,1.3015143871307373,1.2467869520187378,1.353176474571228,13.25039005279541
178.3000030517578,166.39999389648438,128.6999969482422,163.60000610351562,175.39999389648438,179.89999389648438,163.3000030517578,75.5999984741211,160.39999389648438,157.89999389648438,89.5999984741211,154.6999969482422,152.8000030517578,124.9000015258789,134.5,47.4298095703125,1.1916074752807617,1.7569634914398193,1.3281294107437134,1.2583688497543335,1.3193296194076538,13.250333786010742
179.10000610351562,166.0,128.8000030517578,165.60000610351562,177.0,178.5,161.5,78.5,156.6999969482422,157.6999969482422,89.5,156.60000610351562,149.10000610351562,127.4000015258789,139.89999389648438,45.71183395385742,1.207091212272644,1.7549328804016113,1.3213404417037964,1.2666054964065552,1.334904432296753,12.244149208068848
179.10000610351562,166.5,128.5,166.10000610351562,178.0,179.39999389648438,163.3000030517578,77.30000305175781,155.39999389648438,158.6999969482422,89.0,155.10000610351562,151.6999969482422,127.80000305175781,136.8000030517578,45.112060546875,1.181473731994629,1.7484943866729736,1.3084050416946411,1.2510786056518555,1.3299726247787476,13.125492095947266
178.60000610351562,165.0,130.89999389648438,166.10000610351562,177.89999389648438,179.0,164.0,76.4000015258789,157.10000610351562,157.0,89.9000015258789,154.1999969482422,152.1999969482422,126.0,136.1999969482422,44.870262145996094,1.1874008178710938,1.7508423328399658,1.314881443977356,1.2402904033660889,1.3193275928497314,12.58416748046875
179.8000030517578,166.60000610351562,127.80000305175781,164.60000610351562,176.10000610351562,177.0,160.6999969482422,78.0,159.1999969482422,157.10000610351562,90.0,151.8000030517578,153.5,123.69999694824219,136.89999389648438,46.87953567504883,1.1640946865081787,1.7477341890335083,1.304222822189331,1.2322347164154053,1.319639801979065,13.183439254760742
178.1999969482422,165.6999969482422,126.69999694824219,164.3000030517578,179.3000030517578,178.6999969482422,163.60000610351562,77.69999694824219,155.60000610351562,159.5,85.80000305175781,160.39999389648438,155.39999389648438,122.69999694824219,138.0,46.89308547973633,1.1934256553649902,1.75717031955719,1.3428767919540405,1.2973322868347168,1.3596676588058472,13.312612533569336
176.3000030517578,165.89999389648438,125.5,163.3000030517578,179.6999969482422,179.39999389648438,169.1999969482422,67.9000015258789,158.6999969482422,159.8000030517578,80.9000015258789,161.5,158.5,119.9000015258789,131.60000610351562,47.225589752197266,1.2272610664367676,1.75447678565979,1.373388648033142,1.295759677886963,1.3541364669799805,15.184209823608398
175.0,158.3000030517578,124.80000305175781,162.5,177.0,176.89999389648438,175.60000610351562,49.79999923706055,166.6999969482422,166.8000030517578,67.80000305175781,159.60000610351562,165.0,114.5,113.80000305175781,49.17992401123047,1.3138638734817505,1.7858790159225464,1.3955315351486206,1.2996466159820557,1.3183691501617432,21.259729385375977
175.10000610351562,154.60000610351562,126.4000015258789,162.6999969482422,175.8000030517578,175.6999969482422,174.89999389648438,51.0,165.5,169.10000610351562,67.0999984741211,152.3000030517578,160.8000030517578,121.5,116.30000305175781,52.032501220703125,1.3298578262329102,1.7863503694534302,1.4401775598526,1.3641109466552734,1.3659746646881104,16.145732879638672
172.6999969482422,156.39999389648438,127.4000015258789,160.89999389648438,174.1999969482422,178.8000030517578,178.39999389648438,41.400001525878906,169.60000610351562,169.89999389648438,60.599998474121094,152.8000030517578,167.10000610351562,114.0,105.9000015258789,52.83334732055664,1.335005760192871,1.7839995622634888,1.4173873662948608,1.3346314430236816,1.3172197341918945,21.62407684326172
172.10000610351562,154.10000610351562,126.69999694824219,163.8000030517578,173.3000030517578,175.39999389648438,178.10000610351562,37.099998474121094,172.3000030517578,171.10000610351562,57.5,151.60000610351562,165.39999389648438,124.4000015258789,93.9000015258789,50.21696853637695,1.3080649375915527,1.7781946659088135,1.3876957893371582,1.301400899887085,1.3039665222167969,21.94186019897461
173.8000030517578,156.5,128.39999389648438,164.39999389648438,177.0,174.6999969482422,176.60000610351562,47.5,166.1999969482422,170.3000030517578,64.9000015258789,147.3000030517578,166.8000030517578,124.69999694824219,96.69999694824219,50.777957916259766,1.3311562538146973,1.7880752086639404,1.427958369255066,1.3454339504241943,1.350090503692627,20.402570724487305
177.0,160.1999969482422,131.8000030517578,163.3000030517578,176.10000610351562,177.8000030517578,172.39999389648438,66.0999984741211,161.1999969482422,166.1999969482422,75.4000015258789,160.39999389648438,166.8000030517578,116.30000305175781,120.30000305175781,49.649871826171875,1.276224970817566,1.8020384311676025,1.4293458461761475,1.3477500677108765,1.3635103702545166,19.053556442260742
177.1999969482422,163.89999389648438,127.30000305175781,163.89999389648438,177.0,178.8000030517578,167.3000030517578,68.80000305175781,163.89999389648438,156.6999969482422,87.80000305175781,161.0,159.1999969482422,123.69999694824219,127.0,46.50233840942383,1.2493839263916016,1.758723258972168,1.3977192640304565,1.3393235206604004,1.378542423248291,16.106361389160156
177.60000610351562,163.6999969482422,130.3000030517578,162.8000030517578,175.5,173.3000030517578,165.3000030517578,78.5999984741211,154.89999389648438,160.89999389648438,88.0999984741211,157.10000610351562,159.60000610351562,122.0,133.5,47.7169303894043,1.2367366552352905,1.757941484451294,1.3884586095809937,1.3365845680236816,1.3770209550857544,12.707745552062988
176.8000030517578,165.10000610351562,132.60000610351562,162.6999969482422,178.0,175.89999389648438,163.8000030517578,79.30000305175781,155.8000030517578,160.60000610351562,86.5999984741211,156.8000030517578,154.6999969482422,124.69999694824219,132.5,47.94770812988281,1.264323353767395,1.765341877937317,1.3902928829193115,1.3326270580291748,1.385664939880371,10.370107650756836
179.3000030517578,163.6999969482422,132.6999969482422,162.60000610351562,178.39999389648438,174.89999389648438,167.3000030517578,74.0,157.60000610351562,162.39999389648438,85.30000305175781,159.60000610351562,160.60000610351562,122.5999984741211,127.5,50.69116973876953,1.2322827577590942,1.7834570407867432,1.3827309608459473,1.3365296125411987,1.3701921701431274,13.530521392822266
179.10000610351562,164.1999969482422,135.60000610351562,165.89999389648438,176.39999389648438,176.60000610351562,162.5,81.19999694824219,159.39999389648438,158.0,94.30000305175781,157.5,152.39999389648438,130.39999389648438,136.6999969482422,47.44707107543945,1.2427786588668823,1.7820693254470825,1.408706784248352,1.355635404586792,1.3998290300369263,11.221922874450684
178.3000030517578,170.8000030517578,135.3000030517578,168.3000030517578,176.0,179.5,158.89999389648438,83.5,158.5,149.39999389648438,102.9000015258789,156.1999969482422,147.1999969482422,136.60000610351562,137.8000030517578,42.233028411865234,1.205946922302246,1.757881999015808,1.3437716960906982,1.2954843044281006,1.3703402280807495,10.960311889648438
179.39999389648438,170.5,137.5,170.60000610351562,176.6999969482422,178.1999969482422,159.39999389648438,85.69999694824219,157.89999389648438,150.8000030517578,102.0,156.89999389648438,145.39999389648438,138.1999969482422,139.60000610351562,41.37455368041992,1.2075186967849731,1.7580947875976562,1.3624210357666016,1.3015180826187134,1.3802993297576904,9.13359260559082
177.39999389648438,172.3000030517578,132.89999389648438,168.5,176.0,179.6999969482422,161.39999389648438,83.30000305175781,157.10000610351562,151.5,99.9000015258789,156.10000610351562,149.10000610351562,134.89999389648438,135.8000030517578,41.96516036987305,1.1989654302597046,1.7437734603881836,1.3604875802993774,1.3041273355484009,1.3773820400238037,11.546815872192383
178.3000030517578,168.1999969482422,134.1999969482422,167.0,175.8000030517578,177.39999389648438,163.5,85.0999984741211,154.0,154.3000030517578,100.0,155.5,154.8000030517578,131.1999969482422,131.5,44.96323776245117,1.215224027633667,1.7595618963241577,1.3990226984024048,1.3506158590316772,1.3928484916687012,12.57580280303955
177.3000030517578,167.0,134.89999389648438,165.60000610351562,179.1999969482422,174.6999969482422,166.60000610351562,84.5,153.6999969482422,157.8000030517578,97.19999694824219,154.60000610351562,160.60000610351562,126.19999694824219,128.5,45.145713806152344,1.2461280822753906,1.770147681236267,1.417400598526001,1.3577710390090942,1.3894600868225098,16.600540161132812
179.60000610351562,165.60000610351562,134.8000030517578,163.6999969482422,175.5,179.6999969482422,165.5,80.0999984741211,160.89999389648438,154.60000610351562,97.30000305175781,158.10000610351562,151.89999389648438,134.39999389648438,136.39999389648438,48.369686126708984,1.1779738664627075,1.7482621669769287,1.4257829189300537,1.3624250888824463,1.4136263132095337,11.180970191955566
177.6999969482422,169.60000610351562,127.5999984741211,166.10000610351562,174.6999969482422,179.6999969482422,162.39999389648438,84.69999694824219,154.60000610351562,150.8000030517578,99.19999694824219,156.3000030517578,152.89999389648438,133.1999969482422,132.1999969482422,45.67051696777344,1.144455909729004,1.7389858961105347,1.3454642295837402,1.2868856191635132,1.3469141721725464,13.541117668151855
179.39999389648438,172.1999969482422,132.0,166.39999389648438,172.0,177.10000610351562,163.0,83.0,157.6999969482422,153.6999969482422,99.19999694824219,155.10000610351562,151.0,135.3000030517578,136.39999389648438,45.17598342895508,1.1029613018035889,1.7280727624893188,1.3375614881515503,1.2785724401474,1.347359538078308,9.721741676330566
179.0,171.8000030517578,130.8000030517578,166.0,170.6999969482422,178.0,160.5,83.19999694824219,156.0,147.5,103.5999984741211,153.3000030517578,149.60000610351562,133.60000610351562,134.39999389648438,46.15133285522461,1.1066263914108276,1.743274450302124,1.30128014087677,1.2437512874603271,1.3131442070007324,12.134862899780273
178.8000030517578,172.3000030517578,134.39999389648438,164.10000610351562,169.39999389648438,178.5,161.8000030517578,84.9000015258789,155.0,149.60000610351562,102.0,154.3000030517578,150.6999969482422,133.10000610351562,137.0,47.25016403198242,1.119956135749817,1.7285716533660889,1.3337337970733643,1.2579938173294067,1.3414305448532104,12.465106010437012
180.0,170.0,131.0,165.10000610351562,171.60000610351562,179.3000030517578,163.3000030517578,83.19999694824219,155.3000030517578,151.39999389648438,100.80000305175781,153.6999969482422,152.0,132.89999389648438,133.1999969482422,47.244625091552734,1.119503378868103,1.7362570762634277,1.3319523334503174,1.2569836378097534,1.324958086013794,12.326308250427246
173.5,152.5,139.10000610351562,159.39999389648438,171.6999969482422,176.89999389648438,177.8000030517578,77.9000015258789,147.0,173.10000610351562,92.0,142.39999389648438,171.89999389648438,136.39999389648438,108.80000305175781,48.57720947265625,1.2390971183776855,1.7577918767929077,1.444097876548767,1.410044550895691,1.4112974405288696,20.8810977935791
173.10000610351562,153.6999969482422,143.0,161.6999969482422,172.3000030517578,179.39999389648438,176.60000610351562,80.5,143.89999389648438,172.0,90.0999984741211,143.3000030517578,171.10000610351562,139.0,107.5,45.91141128540039,1.2319685220718384,1.7645549774169922,1.4239294528961182,1.3848730325698853,1.4046059846878052,20.21108627319336
173.6999969482422,154.3000030517578,145.3000030517578,162.89999389648438,171.8000030517578,178.60000610351562,176.89999389648438,77.30000305175781,146.39999389648438,172.5,83.4000015258789,146.0,170.39999389648438,133.6999969482422,106.80000305175781,46.60317611694336,1.2420324087142944,1.7610256671905518,1.4402633905410767,1.373529314994812,1.3905686140060425,17.708539962768555
173.89999389648438,153.6999969482422,145.10000610351562,164.1999969482422,172.1999969482422,179.5,174.89999389648438,77.5,149.5,169.5,84.80000305175781,152.6999969482422,167.6999969482422,131.10000610351562,115.69999694824219,45.57237243652344,1.2274360656738281,1.7651041746139526,1.4353419542312622,1.3804646730422974,1.3985557556152344,17.022708892822266
174.10000610351562,152.89999389648438,145.3000030517578,163.6999969482422,173.39999389648438,179.1999969482422,175.1999969482422,75.0999984741211,150.10000610351562,170.39999389648438,82.0,152.1999969482422,168.6999969482422,130.0,114.5999984741211,45.41387176513672,1.1974027156829834,1.7660026550292969,1.4055708646774292,1.3470754623413086,1.3840910196304321,18.359216690063477
174.39999389648438,154.3000030517578,142.6999969482422,164.0,172.89999389648438,179.5,176.3000030517578,75.0,150.8000030517578,170.89999389648438,80.0,154.60000610351562,168.10000610351562,125.69999694824219,113.0,45.54435348510742,1.2310181856155396,1.7531418800354004,1.4166059494018555,1.3430967330932617,1.356436848640442,18.39642906188965
174.3000030517578,155.89999389648438,138.0,164.3000030517578,170.6999969482422,178.6999969482422,177.60000610351562,74.9000015258789,149.3000030517578,172.0,79.4000015258789,151.6999969482422,166.60000610351562,124.9000015258789,108.9000015258789,45.92593002319336,1.2607110738754272,1.7691317796707153,1.4458662271499634,1.371389389038086,1.3651283979415894,15.795607566833496
173.89999389648438,154.0,140.6999969482422,163.6999969482422,173.89999389648438,179.60000610351562,177.3000030517578,73.69999694824219,151.1999969482422,171.39999389648438,80.5,151.5,166.1999969482422,123.0999984741211,115.0999984741211,45.22006607055664,1.251299500465393,1.7593656778335571,1.442204236984253,1.3764108419418335,1.3732749223709106,15.92129135131836
173.3000030517578,154.6999969482422,139.89999389648438,163.60000610351562,173.0,179.89999389648438,179.8000030517578,70.69999694824219,151.3000030517578,173.5,78.0999984741211,150.60000610351562,167.10000610351562,123.4000015258789,107.9000015258789,45.07142639160156,1.2643873691558838,1.7635494470596313,1.4333568811416626,1.3664370775222778,1.3515541553497314,14.319708824157715
173.6999969482422,153.6999969482422,139.5,163.39999389648438,173.8000030517578,178.6999969482422,179.6999969482422,68.9000015258789,152.0,174.3000030517578,74.9000015258789,149.3000030517578,168.60000610351562,122.5,109.9000015258789,45.42633819580078,1.244975209236145,1.7649898529052734,1.418914556503296,1.3467966318130493,1.356382966041565,16.629886627197266
178.6999969482422,163.60000610351562,128.39999389648438,165.5,178.60000610351562,179.60000610351562,167.5,67.30000305175781,157.60000610351562,167.0,73.80000305175781,158.0,154.0,121.0,123.5999984741211,49.417884826660156,1.2578243017196655,1.813434362411499,1.3638907670974731,1.270975947380066,1.306279182434082,14.466591835021973
178.8000030517578,161.3000030517578,126.0999984741211,164.8000030517578,178.39999389648438,179.6999969482422,169.89999389648438,64.0,157.89999389648438,167.6999969482422,73.30000305175781,157.39999389648438,155.6999969482422,116.9000015258789,123.80000305175781,51.788387298583984,1.2562791109085083,1.8158661127090454,1.3571089506149292,1.2642035484313965,1.286441683769226,14.290666580200195
178.8000030517578,164.3000030517578,122.69999694824219,164.1999969482422,179.5,176.89999389648438,168.89999389648438,65.19999694824219,158.8000030517578,164.39999389648438,73.9000015258789,159.39999389648438,155.0,117.5999984741211,122.30000305175781,51.48294448852539,1.2554540634155273,1.8152778148651123,1.3424915075302124,1.245044469833374,1.2699074745178223,13.475284576416016
180.0,163.5,122.9000015258789,163.6999969482422,179.3000030517578,176.6999969482422,169.5,64.5,157.89999389648438,163.89999389648438,74.5,158.6999969482422,154.60000610351562,118.80000305175781,123.0,52.336116790771484,1.2536214590072632,1.8226951360702515,1.3195608854293823,1.2279019355773926,1.2614946365356445,14.651749610900879
179.89999389648438,164.39999389648438,123.9000015258789,164.39999389648438,179.6999969482422,176.39999389648438,169.5,63.20000076293945,159.6999969482422,164.6999969482422,74.19999694824219,160.39999389648438,155.0,119.4000015258789,122.80000305175781,51.90120315551758,1.2499144077301025,1.8209218978881836,1.3312735557556152,1.2364510297775269,1.2736719846725464,14.854341506958008
179.5,162.89999389648438,124.0999984741211,164.10000610351562,179.6999969482422,177.1999969482422,169.3000030517578,64.80000305175781,158.6999969482422,165.60000610351562,73.19999694824219,159.5,154.8000030517578,117.0999984741211,124.5999984741211,53.12748718261719,1.2687323093414307,1.8134162425994873,1.3426777124404907,1.2465389966964722,1.271094799041748,14.857013702392578
179.60000610351562,163.10000610351562,125.9000015258789,164.60000610351562,179.6999969482422,177.39999389648438,169.6999969482422,62.599998474121094,160.6999969482422,165.1999969482422,73.5,160.0,154.1999969482422,120.4000015258789,121.69999694824219,51.34799575805664,1.2594319581985474,1.8172144889831543,1.351313591003418,1.2504457235336304,1.28838312625885,15.145662307739258
179.8000030517578,163.39999389648438,122.0999984741211,164.3000030517578,178.89999389648438,177.1999969482422,168.3000030517578,63.79999923706055,160.8000030517578,163.0,74.5999984741211,160.3000030517578,152.0,119.9000015258789,122.0,51.7322883605957,1.2578572034835815,1.8088593482971191,1.3210572004318237,1.2276525497436523,1.2541922330856323,12.865922927856445
179.5,163.60000610351562,125.4000015258789,163.89999389648438,179.5,178.39999389648438,168.3000030517578,64.5,158.89999389648438,164.1999969482422,74.5,159.5,154.6999969482422,119.30000305175781,124.5999984741211,52.376190185546875,1.2559024095535278,1.8121938705444336,1.3241159915924072,1.2378240823745728,1.272506833076477,12.961336135864258
179.89999389648438,164.1999969482422,122.19999694824219,164.6999969482422,179.1999969482422,176.39999389648438,167.89999389648438,64.5,161.10000610351562,162.89999389648438,75.4000015258789,160.6999969482422,153.5,120.30000305175781,124.4000015258789,51.49209976196289,1.2513654232025146,1.809478521347046,1.3446545600891113,1.2510966062545776,1.2902570962905884,14.527656555175781
179.3000030517578,162.5,124.30000305175781,164.1999969482422,179.39999389648438,177.5,169.5,63.29999923706055,159.39999389648438,164.39999389648438,73.9000015258789,159.89999389648438,153.3000030517578,119.19999694824219,124.5,52.457916259765625,1.2612786293029785,1.8126581907272339,1.3378307819366455,1.2442229986190796,1.28069269657135,14.701874732971191
179.8000030517578,163.39999389648438,124.0999984741211,164.60000610351562,179.8000030517578,177.1999969482422,169.89999389648438,64.30000305175781,159.60000610351562,165.39999389648438,74.80000305175781,158.1999969482422,154.1999969482422,120.4000015258789,122.30000305175781,52.262733459472656,1.276679515838623,1.8173861503601074,1.3521673679351807,1.2511488199234009,1.2835923433303833,13.526240348815918
179.1999969482422,164.60000610351562,121.80000305175781,164.6999969482422,179.8000030517578,176.8000030517578,169.60000610351562,63.099998474121094,160.5,165.60000610351562,73.9000015258789,159.5,154.1999969482422,119.80000305175781,123.5999984741211,52.31816864013672,1.256956934928894,1.8113713264465332,1.3255236148834229,1.232181429862976,1.2677466869354248,13.5606689453125
179.60000610351562,162.10000610351562,123.5,165.1999969482422,179.3000030517578,178.0,169.3000030517578,64.0,158.3000030517578,165.10000610351562,73.9000015258789,158.10000610351562,154.8000030517578,118.9000015258789,122.30000305175781,51.798973083496094,1.2541723251342773,1.8159123659133911,1.329358696937561,1.2350348234176636,1.2691367864608765,13.620835304260254
179.5,163.89999389648438,124.19999694824219,165.1999969482422,179.60000610351562,176.3000030517578,168.3000030517578,64.4000015258789,158.89999389648438,165.3000030517578,73.19999694824219,159.60000610351562,152.89999389648438,119.4000015258789,124.0,51.448299407958984,1.2624808549880981,1.8158472776412964,1.337350845336914,1.2486265897750854,1.2773456573486328,13.407632827758789
179.89999389648438,166.0,125.5,165.3000030517578,179.39999389648438,175.6999969482422,168.1999969482422,64.80000305175781,160.8000030517578,164.5,75.9000015258789,159.60000610351562,154.3000030517578,119.9000015258789,124.5999984741211,51.82395935058594,1.2576361894607544,1.8132708072662354,1.350703477859497,1.256040096282959,1.2834315299987793,13.792390823364258
179.60000610351562,163.89999389648438,126.9000015258789,165.0,178.60000610351562,179.6999969482422,169.1999969482422,64.30000305175781,158.8000030517578,165.1999969482422,73.5999984741211,159.5,153.0,121.5,124.4000015258789,51.464698791503906,1.257685661315918,1.8189380168914795,1.3420416116714478,1.2420216798782349,1.2912694215774536,14.705297470092773
180.0,163.89999389648438,124.9000015258789,165.5,179.8000030517578,178.39999389648438,168.1999969482422,65.4000015258789,158.1999969482422,163.10000610351562,74.69999694824219,159.8000030517578,154.0,118.4000015258789,125.30000305175781,50.18567657470703,1.2457382678985596,1.814326524734497,1.3307349681854248,1.2369827032089233,1.2753069400787354,13.36866569519043
179.6999969482422,163.39999389648438,121.5999984741211,164.89999389648438,179.1999969482422,177.10000610351562,169.0,64.80000305175781,158.1999969482422,163.0,74.69999694824219,159.5,154.5,119.4000015258789,121.5,51.47609329223633,1.2504737377166748,1.8225117921829224,1.333056092262268,1.2405191659927368,1.2754878997802734,14.420149803161621
179.0,165.3000030517578,125.0,165.1999969482422,179.1999969482422,176.8000030517578,169.5,63.900001525878906,158.8000030517578,163.39999389648438,74.4000015258789,159.10000610351562,153.89999389648438,119.5999984741211,120.0999984741211,50.42073440551758,1.2591750621795654,1.8232938051223755,1.3380969762802124,1.2356252670288086,1.2701375484466553,13.771249771118164
179.8000030517578,164.60000610351562,128.10000610351562,165.1999969482422,179.1999969482422,177.8000030517578,168.60000610351562,64.30000305175781,158.8000030517578,164.6999969482422,74.19999694824219,159.3000030517578,154.39999389648438,119.5,124.19999694824219,50.873844146728516,1.260402798652649,1.815421462059021,1.3333048820495605,1.2412275075912476,1.278585433959961,13.485250473022461
178.8000030517578,162.39999389648438,125.69999694824219,165.3000030517578,178.8000030517578,179.1999969482422,167.89999389648438,64.19999694824219,159.3000030517578,165.6999969482422,72.0999984741211,160.0,153.0,117.0999984741211,124.69999694824219,52.245304107666016,1.2603284120559692,1.8132085800170898,1.350023627281189,1.252335786819458,1.2792956829071045,14.733062744140625
179.5,163.1999969482422,125.5999984741211,164.1999969482422,178.89999389648438,179.60000610351562,168.5,64.69999694824219,158.5,164.8000030517578,72.5,160.10000610351562,153.60000610351562,117.9000015258789,123.5999984741211,51.32761764526367,1.2701263427734375,1.8099281787872314,1.3629250526428223,1.2673006057739258,1.2911301851272583,13.951766967773438
179.89999389648438,161.8000030517578,126.0,164.10000610351562,179.0,177.39999389648438,169.8000030517578,63.900001525878906,158.10000610351562,166.10000610351562,72.5,159.1999969482422,156.3000030517578,116.69999694824219,123.0999984741211,52.93516159057617,1.2727811336517334,1.8167710304260254,1.346046805381775,1.2547434568405151,1.2800920009613037,13.197271347045898
179.8000030517578,162.39999389648438,123.30000305175781,164.5,179.60000610351562,178.6999969482422,169.5,62.900001525878906,160.3000030517578,165.1999969482422,74.5,159.0,155.0,120.5,125.5,52.57000732421875,1.2726924419403076,1.8196604251861572,1.361100673675537,1.2689396142959595,1.3071802854537964,14.382816314697266
179.8000030517578,164.10000610351562,125.80000305175781,164.8000030517578,179.39999389648438,179.89999389648438,169.60000610351562,64.5999984741211,159.10000610351562,164.39999389648438,74.5999984741211,159.39999389648438,154.8000030517578,120.19999694824219,124.80000305175781,51.56065368652344,1.2641719579696655,1.8236708641052246,1.355625867843628,1.2542083263397217,1.2927743196487427,14.934433937072754
177.5,158.3000030517578,120.4000015258789,163.10000610351562,177.10000610351562,176.89999389648438,171.1999969482422,63.0,161.10000610351562,164.1999969482422,71.69999694824219,159.0,162.39999389648438,111.0,117.0,50.390621185302734,1.2574396133422852,1.7889484167099,1.3584970235824585,1.2516695261001587,1.2801107168197632,19.94091796875
179.39999389648438,160.60000610351562,127.80000305175781,164.60000610351562,177.8000030517578,178.5,171.89999389648438,64.5999984741211,157.10000610351562,170.39999389648438,71.30000305175781,155.6999969482422,160.5,118.5999984741211,119.69999694824219,52.355777740478516,1.2864676713943481,1.8089268207550049,1.3802369832992554,1.2957284450531006,1.3358080387115479,15.535646438598633
178.6999969482422,163.0,129.39999389648438,165.5,177.8000030517578,179.5,170.5,64.80000305175781,155.8000030517578,165.8000030517578,74.0999984741211,156.39999389648438,157.1999969482422,120.19999694824219,119.5,50.07267379760742,1.275711178779602,1.8165645599365234,1.3510534763336182,1.2587411403656006,1.3022438287734985,14.778311729431152
179.3000030517578,163.8000030517578,128.5,164.60000610351562,178.39999389648438,179.8000030517578,171.39999389648438,65.0999984741211,155.3000030517578,165.89999389648438,75.80000305175781,156.1999969482422,157.89999389648438,121.5,119.9000015258789,50.90812683105469,1.2736574411392212,1.8210369348526,1.344372034072876,1.2603893280029297,1.3108254671096802,16.066802978515625
