179.3000030517578,166.1999969482422,121.9000015258789,161.6999969482422,41.20000076293945,141.3000030517578,177.39999389648438,24.299999237060547,164.1999969482422,172.89999389648438,42.0,150.0,165.1999969482422,78.5999984741211,104.69999694824219,46.96051025390625,1.2925678491592407,1.2684354782104492,1.182716965675354,1.1160187721252441,1.0347511768341064,14.338927268981934
178.6999969482422,164.5,124.80000305175781,160.3000030517578,37.29999923706055,143.5,176.8000030517578,22.0,167.3000030517578,172.89999389648438,40.20000076293945,151.0,165.3000030517578,75.0999984741211,108.80000305175781,47.39548873901367,1.3004941940307617,1.2708845138549805,1.1800743341445923,1.1109737157821655,1.0322933197021484,14.851663589477539
178.8000030517578,165.1999969482422,121.0,159.10000610351562,36.400001525878906,144.5,176.10000610351562,22.100000381469727,167.8000030517578,173.5,38.099998474121094,152.39999389648438,166.1999969482422,73.5999984741211,108.0,49.53318405151367,1.296284556388855,1.274986743927002,1.1895420551300049,1.116723895072937,1.0352981090545654,14.869487762451172
179.8000030517578,165.10000610351562,122.9000015258789,159.60000610351562,42.400001525878906,139.0,176.3000030517578,21.600000381469727,168.60000610351562,172.89999389648438,39.400001525878906,152.60000610351562,164.6999969482422,75.5,108.5,48.878448486328125,1.2998104095458984,1.2950509786605835,1.1986621618270874,1.1273361444473267,1.0409737825393677,14.191600799560547
179.3000030517578,165.89999389648438,123.30000305175781,159.6999969482422,40.70000076293945,140.1999969482422,176.10000610351562,21.700000762939453,167.8000030517578,173.10000610351562,39.400001525878906,152.6999969482422,165.8000030517578,77.0999984741211,105.5999984741211,48.45100402832031,1.2958714962005615,1.2917742729187012,1.1933985948562622,1.1255364418029785,1.0426219701766968,15.029014587402344
179.8000030517578,165.60000610351562,122.9000015258789,160.0,43.79999923706055,138.10000610351562,176.60000610351562,23.200000762939453,166.1999969482422,173.89999389648438,40.70000076293945,150.5,165.89999389648438,77.0,105.30000305175781,48.63602066040039,1.2929147481918335,1.2879892587661743,1.1950160264968872,1.1274428367614746,1.0431866645812988,14.892706871032715
179.8000030517578,164.5,122.9000015258789,160.39999389648438,39.29999923706055,141.89999389648438,176.3000030517578,22.0,166.8000030517578,173.10000610351562,39.29999923706055,152.89999389648438,166.39999389648438,75.9000015258789,107.4000015258789,48.178592681884766,1.306596040725708,1.275447964668274,1.1826016902923584,1.1166613101959229,1.0376907587051392,14.421163558959961
178.1999969482422,165.89999389648438,126.9000015258789,162.3000030517578,42.5,140.8000030517578,177.3000030517578,24.299999237060547,163.89999389648438,171.5,42.099998474121094,151.39999389648438,164.89999389648438,78.5,105.0999984741211,45.71099090576172,1.2824443578720093,1.2727165222167969,1.1806238889694214,1.1158499717712402,1.0342679023742676,14.072103500366211
179.0,166.10000610351562,123.19999694824219,161.39999389648438,43.79999923706055,138.60000610351562,177.0,24.100000381469727,165.10000610351562,172.3000030517578,41.70000076293945,151.1999969482422,165.6999969482422,77.0,107.0,47.242401123046875,1.2901806831359863,1.2757465839385986,1.1881250143051147,1.1184587478637695,1.036287784576416,14.17786693572998
178.6999969482422,166.10000610351562,124.30000305175781,160.89999389648438,43.599998474121094,138.5,177.0,23.299999237060547,166.89999389648438,172.1999969482422,41.099998474121094,151.3000030517578,166.3000030517578,76.9000015258789,107.0999984741211,47.33736038208008,1.2890108823776245,1.2835699319839478,1.1872282028198242,1.1224089860916138,1.0417768955230713,15.296184539794922
179.8000030517578,165.8000030517578,123.0999984741211,160.6999969482422,45.70000076293945,137.1999969482422,176.89999389648438,22.899999618530273,168.39999389648438,173.1999969482422,39.599998474121094,152.8000030517578,166.39999389648438,74.5,108.69999694824219,48.076255798339844,1.3045001029968262,1.2801851034164429,1.1882015466690063,1.1191120147705078,1.0355603694915771,13.884631156921387
178.3000030517578,164.89999389648438,124.9000015258789,161.10000610351562,40.599998474121094,141.39999389648438,176.6999969482422,23.399999618530273,167.1999969482422,172.5,40.0,154.3000030517578,166.39999389648438,75.0999984741211,107.69999694824219,46.83460998535156,1.2821030616760254,1.2573444843292236,1.1718149185180664,1.1012215614318848,1.019289493560791,14.460134506225586
179.6999969482422,163.60000610351562,123.5999984741211,160.10000610351562,41.099998474121094,141.5,175.8000030517578,23.299999237060547,167.1999969482422,174.60000610351562,39.099998474121094,151.8000030517578,167.0,73.0,108.5,48.432987213134766,1.3217670917510986,1.282696008682251,1.1966907978057861,1.1286299228668213,1.039795160293579,14.929939270019531
178.60000610351562,165.1999969482422,122.30000305175781,159.89999389648438,39.20000076293945,142.89999389648438,176.10000610351562,22.899999618530273,167.3000030517578,173.3000030517578,39.29999923706055,153.39999389648438,166.89999389648438,73.80000305175781,108.0,47.68133544921875,1.3133383989334106,1.2852948904037476,1.1927980184555054,1.1240969896316528,1.0332436561584473,14.925121307373047
178.10000610351562,164.6999969482422,121.9000015258789,160.6999969482422,37.0,143.39999389648438,176.89999389648438,23.200000762939453,166.60000610351562,172.1999969482422,39.29999923706055,153.10000610351562,166.1999969482422,72.4000015258789,109.69999694824219,47.37602615356445,1.2994320392608643,1.2616883516311646,1.1800565719604492,1.1082158088684082,1.0236197710037231,14.054601669311523
179.39999389648438,166.1999969482422,125.80000305175781,162.6999969482422,49.5,132.3000030517578,178.60000610351562,28.0,159.6999969482422,169.1999969482422,46.400001525878906,147.8000030517578,163.60000610351562,81.5999984741211,104.5,47.83673095703125,1.2534235715866089,1.2580201625823975,1.1793867349624634,1.1122437715530396,1.0277683734893799,15.415019989013672
178.0,167.1999969482422,126.5999984741211,164.10000610351562,58.5,124.30000305175781,179.89999389648438,31.299999237060547,156.5,167.5,49.0,146.60000610351562,163.10000610351562,82.69999694824219,104.30000305175781,47.37189865112305,1.2158888578414917,1.2400474548339844,1.163136601448059,1.0908325910568237,1.0054562091827393,14.055461883544922
177.5,167.39999389648438,124.9000015258789,165.5,50.5,132.0,179.1999969482422,31.0,155.5,166.39999389648438,49.70000076293945,146.10000610351562,162.39999389648438,84.9000015258789,102.69999694824219,45.733924865722656,1.2173101902008057,1.2229852676391602,1.1451328992843628,1.0759474039077759,1.0017822980880737,14.647743225097656
177.60000610351562,167.8000030517578,129.60000610351562,166.3000030517578,54.0,128.5,178.6999969482422,33.0,151.10000610351562,165.1999969482422,52.599998474121094,143.10000610351562,161.3000030517578,85.0,103.9000015258789,46.129581451416016,1.20053231716156,1.2099790573120117,1.1317682266235352,1.0663437843322754,0.9926214218139648,14.179956436157227
176.60000610351562,168.1999969482422,134.0,168.1999969482422,79.4000015258789,105.4000015258789,176.3000030517578,41.5,145.5,162.1999969482422,60.0,140.6999969482422,159.6999969482422,90.0,100.0999984741211,48.39189147949219,1.1727627515792847,1.182793140411377,1.1269185543060303,1.0429202318191528,0.9658810496330261,13.935808181762695
175.8000030517578,172.0,131.39999389648438,170.1999969482422,89.5,97.9000015258789,175.5,44.0,143.6999969482422,161.60000610351562,60.29999923706055,139.60000610351562,161.10000610351562,89.69999694824219,99.5,50.71902084350586,1.1682522296905518,1.1622673273086548,1.100887417793274,1.0099300146102905,0.9387543201446533,14.897205352783203
177.89999389648438,168.3000030517578,131.3000030517578,167.6999969482422,79.5,105.4000015258789,176.60000610351562,39.70000076293945,146.8000030517578,163.60000610351562,57.599998474121094,142.1999969482422,160.10000610351562,90.0999984741211,100.80000305175781,49.17777633666992,1.1462546586990356,1.1997867822647095,1.1269218921661377,1.049372673034668,0.9741777777671814,13.52519702911377
178.3000030517578,166.6999969482422,124.5,165.6999969482422,58.20000076293945,125.30000305175781,178.8000030517578,33.599998474121094,154.0,167.60000610351562,50.599998474121094,144.39999389648438,163.39999389648438,83.5,102.80000305175781,47.573123931884766,1.1794888973236084,1.220280647277832,1.1536133289337158,1.0785720348358154,0.9990095496177673,14.043927192687988
176.10000610351562,158.3000030517578,112.69999694824219,162.0,42.400001525878906,135.60000610351562,174.10000610351562,18.299999237060547,168.39999389648438,177.5,35.400001525878906,154.60000610351562,168.39999389648438,77.5999984741211,101.5,42.126678466796875,1.2690461874008179,1.2936818599700928,1.2086572647094727,1.1391189098358154,1.048136830329895,14.479135513305664
175.39999389648438,158.10000610351562,114.19999694824219,161.5,36.400001525878906,140.0,173.3000030517578,17.100000381469727,168.10000610351562,178.0,35.0,155.0,169.0,77.19999694824219,100.80000305175781,42.368553161621094,1.2739977836608887,1.3000339269638062,1.2181193828582764,1.145885705947876,1.0497604608535767,15.148841857910156
175.8000030517578,158.60000610351562,115.0,162.6999969482422,42.29999923706055,136.10000610351562,174.5,19.100000381469727,166.39999389648438,177.8000030517578,36.29999923706055,153.39999389648438,169.10000610351562,77.69999694824219,100.9000015258789,41.73210525512695,1.275641679763794,1.3039119243621826,1.2100623846054077,1.1358129978179932,1.0462795495986938,14.999624252319336
175.6999969482422,158.6999969482422,112.5,161.89999389648438,37.70000076293945,138.89999389648438,173.6999969482422,18.0,166.6999969482422,176.89999389648438,36.400001525878906,153.39999389648438,169.10000610351562,78.19999694824219,100.5999984741211,42.6278076171875,1.263692855834961,1.2859894037246704,1.1981401443481445,1.1342799663543701,1.047347903251648,15.355791091918945
175.6999969482422,158.60000610351562,113.0,161.89999389648438,37.599998474121094,140.10000610351562,173.89999389648438,17.799999237060547,167.89999389648438,178.0,34.900001525878906,155.39999389648438,169.89999389648438,77.19999694824219,101.19999694824219,42.35655212402344,1.2574414014816284,1.287111759185791,1.197018027305603,1.1268906593322754,1.0418334007263184,15.006359100341797
176.39999389648438,158.3000030517578,111.5,161.6999969482422,43.79999923706055,133.5,174.3000030517578,18.0,168.39999389648438,177.6999969482422,35.400001525878906,154.5,169.10000610351562,77.30000305175781,102.0,43.7127685546875,1.2602672576904297,1.2861238718032837,1.198047399520874,1.1337916851043701,1.0452065467834473,15.04438304901123
175.89999389648438,158.1999969482422,112.5,162.3000030517578,39.099998474121094,138.5,174.6999969482422,18.600000381469727,167.0,176.6999969482422,35.900001525878906,154.8000030517578,168.6999969482422,78.19999694824219,100.19999694824219,42.548561096191406,1.2583590745925903,1.2831649780273438,1.193920612335205,1.127345085144043,1.0410175323486328,15.379647254943848
175.89999389648438,157.89999389648438,113.5999984741211,160.8000030517578,42.29999923706055,134.60000610351562,173.1999969482422,17.200000762939453,168.60000610351562,178.60000610351562,35.20000076293945,154.60000610351562,169.5,78.19999694824219,101.0999984741211,43.821842193603516,1.2695627212524414,1.3086907863616943,1.2188761234283447,1.146838665008545,1.0544096231460571,14.624220848083496
176.0,157.10000610351562,110.5,162.0,37.5,139.39999389648438,173.6999969482422,17.200000762939453,168.60000610351562,178.1999969482422,34.400001525878906,155.3000030517578,168.89999389648438,76.5999984741211,102.0,42.19089889526367,1.255481481552124,1.2873550653457642,1.2042334079742432,1.134040355682373,1.0454037189483643,14.759764671325684
176.0,157.5,110.5,160.3000030517578,38.400001525878906,137.60000610351562,172.0,15.100000381469727,171.39999389648438,179.3000030517578,33.099998474121094,155.39999389648438,169.60000610351562,76.5,102.0999984741211,43.49675750732422,1.2734633684158325,1.3161064386367798,1.2276407480239868,1.1574187278747559,1.0602904558181763,14.321650505065918
177.10000610351562,158.39999389648438,111.19999694824219,160.0,34.400001525878906,141.60000610351562,171.1999969482422,13.100000381469727,173.5,179.0,30.299999237060547,157.6999969482422,171.1999969482422,72.5,105.5,44.21548843383789,1.2843973636627197,1.3256053924560547,1.2364720106124878,1.163189172744751,1.061819076538086,14.276772499084473
176.3000030517578,157.60000610351562,110.0,160.8000030517578,31.600000381469727,143.1999969482422,171.60000610351562,13.600000381469727,171.60000610351562,179.3000030517578,30.5,157.5,170.60000610351562,72.69999694824219,105.19999694824219,42.891441345214844,1.2658668756484985,1.307975172996521,1.2235795259475708,1.1459585428237915,1.0505799055099487,13.53317642211914
176.0,158.39999389648438,119.4000015258789,163.0,38.900001525878906,140.3000030517578,174.3000030517578,18.600000381469727,168.60000610351562,178.3000030517578,35.900001525878906,154.3000030517578,169.10000610351562,76.80000305175781,101.5,41.392391204833984,1.2801915407180786,1.2827311754226685,1.2032392024993896,1.127442717552185,1.0376051664352417,15.13735294342041
175.39999389648438,160.6999969482422,129.10000610351562,163.60000610351562,43.0,136.6999969482422,175.10000610351562,23.399999618530273,158.8000030517578,174.89999389648438,42.099998474121094,147.1999969482422,165.39999389648438,80.80000305175781,101.5999984741211,40.574275970458984,1.2914923429489136,1.2784630060195923,1.1949119567871094,1.1196553707122803,1.0304521322250366,14.709261894226074
176.5,162.39999389648438,130.8000030517578,162.6999969482422,43.099998474121094,138.3000030517578,174.8000030517578,22.700000762939453,161.89999389648438,174.89999389648438,41.099998474121094,148.89999389648438,166.3000030517578,80.30000305175781,101.5999984741211,42.235076904296875,1.3066301345825195,1.2990310192108154,1.2105424404144287,1.1359877586364746,1.0413134098052979,14.885791778564453
177.5,163.89999389648438,124.9000015258789,163.8000030517578,45.20000076293945,135.6999969482422,176.39999389648438,24.5,158.60000610351562,172.89999389648438,42.599998474121094,146.6999969482422,164.89999389648438,79.5999984741211,102.4000015258789,43.25156021118164,1.2687174081802368,1.2731229066848755,1.1874831914901733,1.1109572649002075,1.023880124092102,14.685914039611816
178.1999969482422,165.60000610351562,120.0999984741211,166.39999389648438,47.400001525878906,134.8000030517578,179.3000030517578,28.799999237060547,155.6999969482422,169.5,45.5,147.6999969482422,163.1999969482422,83.0999984741211,101.5999984741211,43.03773880004883,1.244569182395935,1.2584936618804932,1.1805737018585205,1.1056673526763916,1.0292603969573975,14.556422233581543
179.39999389648438,167.3000030517578,120.19999694824219,165.89999389648438,50.400001525878906,133.39999389648438,179.6999969482422,31.700000762939453,152.10000610351562,168.89999389648438,47.5,145.3000030517578,163.0,84.4000015258789,100.9000015258789,45.02091598510742,1.2299643754959106,1.2408133745193481,1.17051362991333,1.1056828498840332,1.0274553298950195,14.95201587677002
178.0,167.10000610351562,120.9000015258789,166.8000030517578,47.20000076293945,135.60000610351562,178.3000030517578,32.29999923706055,151.6999969482422,166.6999969482422,49.0,144.39999389648438,163.8000030517578,82.5999984741211,102.80000305175781,46.653018951416016,1.1642740964889526,1.1944892406463623,1.134674072265625,1.0744014978408813,1.0084643363952637,14.840887069702148
178.6999969482422,166.8000030517578,115.9000015258789,167.10000610351562,51.70000076293945,131.60000610351562,178.6999969482422,33.70000076293945,149.89999389648438,167.5,49.599998474121094,142.5,163.39999389648438,85.19999694824219,101.4000015258789,46.313926696777344,1.1540858745574951,1.1978752613067627,1.137254238128662,1.082364559173584,1.0200355052947998,14.869099617004395
179.10000610351562,166.3000030517578,117.0999984741211,165.6999969482422,54.5,128.0,179.3000030517578,32.5,153.0,168.1999969482422,48.79999923706055,144.89999389648438,164.39999389648438,86.0999984741211,99.0,47.14875411987305,1.1682898998260498,1.2175649404525757,1.1574270725250244,1.0987032651901245,1.032984733581543,15.85053539276123
179.3000030517578,167.60000610351562,118.69999694824219,164.60000610351562,59.0,123.30000305175781,179.89999389648438,32.29999923706055,152.8000030517578,168.10000610351562,48.29999923706055,146.8000030517578,163.8000030517578,86.0,100.0999984741211,47.397159576416016,1.180209755897522,1.2521579265594482,1.176171064376831,1.122646689414978,1.0427151918411255,15.009099006652832
178.3000030517578,169.10000610351562,120.80000305175781,165.89999389648438,48.79999923706055,134.89999389648438,178.1999969482422,33.5,151.1999969482422,166.39999389648438,50.0,144.10000610351562,163.39999389648438,84.4000015258789,102.30000305175781,46.73054504394531,1.170427918434143,1.2216901779174805,1.1467701196670532,1.0861152410507202,1.02074134349823,15.3577299118042
179.10000610351562,169.10000610351562,129.39999389648438,162.89999389648438,52.79999923706055,130.3000030517578,179.8000030517578,31.200000762939453,155.0,168.10000610351562,48.400001525878906,146.10000610351562,163.6999969482422,84.30000305175781,101.5999984741211,48.14656448364258,1.2085720300674438,1.2660670280456543,1.175732135772705,1.1112931966781616,1.0347764492034912,14.743069648742676
178.89999389648438,168.3000030517578,131.8000030517578,163.6999969482422,48.900001525878906,132.89999389648438,179.3000030517578,31.799999237060547,152.5,167.89999389648438,49.900001525878906,144.60000610351562,163.10000610351562,85.0999984741211,99.69999694824219,47.40793228149414,1.2157999277114868,1.2612236738204956,1.1831821203231812,1.111581802368164,1.0309840440750122,14.71697998046875
178.6999969482422,168.0,129.89999389648438,163.1999969482422,61.0,123.0999984741211,178.6999969482422,31.5,155.10000610351562,168.0,48.79999923706055,147.8000030517578,164.10000610351562,84.80000305175781,99.0,47.35939025878906,1.2282921075820923,1.2987700700759888,1.2027372121810913,1.1255590915679932,1.0312626361846924,14.291913986206055
178.0,167.0,127.80000305175781,164.39999389648438,44.79999923706055,138.5,178.5,28.700000762939453,155.39999389648438,169.8000030517578,46.0,146.6999969482422,164.39999389648438,82.0,102.9000015258789,45.07703399658203,1.220690369606018,1.2490324974060059,1.1697293519973755,1.1007529497146606,1.0271471738815308,15.238272666931152
177.1999969482422,165.3000030517578,128.3000030517578,163.39999389648438,56.70000076293945,126.69999694824219,178.60000610351562,28.5,158.10000610351562,170.8000030517578,45.20000076293945,149.60000610351562,164.89999389648438,85.0999984741211,99.9000015258789,45.787086486816406,1.2125952243804932,1.2754193544387817,1.1860129833221436,1.1217148303985596,1.0438984632492065,14.400946617126465
177.39999389648438,164.3000030517578,127.9000015258789,164.60000610351562,55.599998474121094,127.69999694824219,177.6999969482422,28.100000381469727,157.3000030517578,171.89999389648438,45.5,146.39999389648438,165.60000610351562,82.5,100.80000305175781,45.15026092529297,1.20641028881073,1.2737821340560913,1.1938141584396362,1.127138376235962,1.0374677181243896,14.470067977905273
176.0,164.10000610351562,127.69999694824219,164.8000030517578,47.900001525878906,133.0,179.1999969482422,27.200000762939453,158.3000030517578,170.1999969482422,45.099998474121094,147.1999969482422,165.0,82.9000015258789,100.0999984741211,43.40317153930664,1.2209525108337402,1.2460845708847046,1.1747362613677979,1.1167690753936768,1.036161184310913,15.432068824768066
176.39999389648438,163.60000610351562,126.69999694824219,164.1999969482422,38.599998474121094,141.1999969482422,177.1999969482422,24.700000762939453,160.5,172.10000610351562,43.0,148.8000030517578,166.10000610351562,82.5999984741211,100.19999694824219,43.5335807800293,1.2264306545257568,1.2498276233673096,1.1886454820632935,1.1296260356903076,1.0453088283538818,15.25847339630127
176.60000610351562,162.3000030517578,123.69999694824219,164.0,48.0,131.3000030517578,176.6999969482422,27.5,156.39999389648438,173.5,45.900001525878906,144.8000030517578,166.6999969482422,85.5999984741211,95.80000305175781,43.871986389160156,1.2232764959335327,1.2544865608215332,1.190240502357483,1.133676528930664,1.0468683242797852,15.882065773010254
175.6999969482422,159.8000030517578,120.30000305175781,165.5,56.0,124.80000305175781,177.8000030517578,25.700000762939453,159.60000610351562,172.89999389648438,44.400001525878906,146.89999389648438,166.5,83.80000305175781,97.5,42.67136001586914,1.1892625093460083,1.2388677597045898,1.172993540763855,1.1157821416854858,1.0353845357894897,16.21489143371582
175.3000030517578,160.6999969482422,122.5999984741211,166.5,59.0,121.19999694824219,177.5,24.700000762939453,159.8000030517578,174.89999389648438,43.599998474121094,146.3000030517578,167.3000030517578,84.4000015258789,97.19999694824219,40.87147521972656,1.1953022480010986,1.239022970199585,1.165223240852356,1.1166911125183105,1.0299938917160034,15.081276893615723
175.1999969482422,161.0,121.69999694824219,167.60000610351562,53.20000076293945,127.0999984741211,178.60000610351562,29.200000762939453,154.6999969482422,172.5,47.20000076293945,144.0,165.8000030517578,86.80000305175781,95.0999984741211,40.13299560546875,1.1752551794052124,1.2144972085952759,1.1548328399658203,1.0981725454330444,1.0183560848236084,16.108842849731445
175.39999389648438,163.60000610351562,129.89999389648438,167.8000030517578,55.5,127.0999984741211,179.1999969482422,29.899999618530273,156.0,172.1999969482422,46.70000076293945,145.10000610351562,165.60000610351562,86.9000015258789,97.80000305175781,40.35873794555664,1.189653754234314,1.2297263145446777,1.1689820289611816,1.1094216108322144,1.0335359573364258,15.907454490661621
174.60000610351562,164.6999969482422,133.89999389648438,166.39999389648438,56.400001525878906,124.9000015258789,177.6999969482422,29.299999237060547,155.8000030517578,173.0,46.79999923706055,144.1999969482422,165.6999969482422,87.19999694824219,97.0,41.0648307800293,1.201183795928955,1.24453866481781,1.187930703163147,1.121514081954956,1.037280559539795,15.327997207641602
175.89999389648438,164.60000610351562,131.39999389648438,167.0,63.20000076293945,118.5,179.10000610351562,31.399999618530273,153.10000610351562,170.5,48.099998474121094,144.39999389648438,164.8000030517578,86.5999984741211,97.69999694824219,42.730411529541016,1.1724461317062378,1.2379059791564941,1.1699455976486206,1.1050297021865845,1.0269907712936401,15.535233497619629
176.3000030517578,166.5,132.1999969482422,167.5,62.29999923706055,120.9000015258789,179.1999969482422,31.5,154.6999969482422,168.60000610351562,49.29999923706055,143.3000030517578,163.5,85.5,99.19999694824219,43.4532470703125,1.1735835075378418,1.2284305095672607,1.1594115495681763,1.097324013710022,1.0176390409469604,15.073492050170898
176.39999389648438,166.89999389648438,130.89999389648438,167.60000610351562,59.79999923706055,125.0999984741211,179.0,33.099998474121094,153.5,168.6999969482422,50.20000076293945,143.39999389648438,163.39999389648438,85.0999984741211,101.0,43.78529739379883,1.187157392501831,1.2249743938446045,1.1658735275268555,1.1007301807403564,1.0205519199371338,14.66364860534668
176.3000030517578,166.10000610351562,127.69999694824219,167.0,56.20000076293945,127.0999984741211,179.6999969482422,32.5,152.3000030517578,168.8000030517578,49.099998474121094,144.1999969482422,163.60000610351562,84.80000305175781,99.19999694824219,44.04660415649414,1.179726004600525,1.2191340923309326,1.1548609733581543,1.09450101852417,1.0143488645553589,14.384696960449219
176.10000610351562,167.60000610351562,128.0,167.8000030517578,56.099998474121094,127.0999984741211,178.60000610351562,33.70000076293945,151.5,167.6999969482422,50.599998474121094,142.8000030517578,163.39999389648438,86.0,99.0999984741211,43.415000915527344,1.1693898439407349,1.2007395029067993,1.140109658241272,1.0806424617767334,1.0084967613220215,15.024246215820312
175.10000610351562,167.89999389648438,132.5,168.10000610351562,61.900001525878906,123.30000305175781,179.10000610351562,35.79999923706055,148.89999389648438,168.5,53.20000076293945,140.8000030517578,163.60000610351562,85.19999694824219,101.5999984741211,45.414024353027344,1.1581934690475464,1.2016618251800537,1.1392244100570679,1.0794587135314941,0.9979179501533508,15.476478576660156
175.39999389648438,169.60000610351562,132.10000610351562,167.10000610351562,72.69999694824219,112.30000305175781,177.3000030517578,40.70000076293945,146.89999389648438,165.39999389648438,57.5,140.39999389648438,161.5,90.0,98.5,50.094017028808594,1.1388087272644043,1.1792857646942139,1.1194440126419067,1.0509216785430908,0.9629958868026733,15.957776069641113
174.89999389648438,172.5,137.39999389648438,172.39999389648438,89.5,100.30000305175781,174.3000030517578,48.599998474121094,140.8000030517578,161.89999389648438,64.19999694824219,135.89999389648438,161.6999969482422,89.9000015258789,100.19999694824219,55.82205581665039,1.2441647052764893,1.1098511219024658,1.0723105669021606,0.9926153421401978,0.9207693338394165,17.565256118774414
175.3000030517578,172.10000610351562,139.1999969482422,172.0,85.30000305175781,103.0,175.1999969482422,44.70000076293945,141.0,161.10000610351562,63.29999923706055,137.10000610351562,161.5,90.9000015258789,99.30000305175781,54.91006851196289,1.2328681945800781,1.1195752620697021,1.064652919769287,0.9913378953933716,0.9306862950325012,17.764341354370117
175.10000610351562,172.60000610351562,137.89999389648438,170.60000610351562,96.30000305175781,92.69999694824219,175.3000030517578,47.400001525878906,139.6999969482422,161.0,65.69999694824219,135.89999389648438,161.8000030517578,92.0999984741211,97.30000305175781,53.67283248901367,1.2442759275436401,1.1419256925582886,1.0751357078552246,1.0010961294174194,0.9348738193511963,17.894922256469727
175.6999969482422,172.60000610351562,137.10000610351562,171.39999389648438,94.9000015258789,93.69999694824219,174.8000030517578,47.099998474121094,139.60000610351562,160.89999389648438,65.0999984741211,135.8000030517578,162.3000030517578,91.5,98.0999984741211,53.706825256347656,1.2440812587738037,1.1406774520874023,1.0780965089797974,1.0018850564956665,0.9371045231819153,18.100881576538086
175.3000030517578,172.39999389648438,134.10000610351562,171.8000030517578,94.69999694824219,94.30000305175781,175.10000610351562,46.70000076293945,139.6999969482422,159.89999389648438,65.19999694824219,135.8000030517578,160.6999969482422,92.19999694824219,97.0,52.28671646118164,1.2073231935501099,1.1468110084533691,1.0797436237335205,0.9984284043312073,0.9306176900863647,17.587493896484375
175.39999389648438,172.39999389648438,132.89999389648438,172.10000610351562,93.4000015258789,95.80000305175781,175.10000610351562,48.20000076293945,137.8000030517578,161.39999389648438,66.4000015258789,133.10000610351562,161.3000030517578,93.19999694824219,95.4000015258789,52.12019348144531,1.2025305032730103,1.1421706676483154,1.0872389078140259,1.0092836618423462,0.9377041459083557,17.267105102539062
175.8000030517578,172.10000610351562,135.89999389648438,170.8000030517578,97.4000015258789,93.30000305175781,175.8000030517578,47.5,139.60000610351562,161.5,64.5999984741211,137.3000030517578,161.8000030517578,91.5999984741211,98.4000015258789,51.93357467651367,1.1988685131072998,1.1645406484603882,1.091665267944336,1.0083467960357666,0.9371525645256042,16.93869400024414
175.5,171.10000610351562,130.6999969482422,167.8000030517578,102.9000015258789,86.0999984741211,177.0,45.5,144.39999389648438,163.3000030517578,62.400001525878906,139.3000030517578,162.1999969482422,91.5999984741211,97.5,49.93619918823242,1.1670457124710083,1.2000682353973389,1.1272623538970947,1.0369846820831299,0.9537953734397888,17.14430809020996
175.1999969482422,171.0,131.1999969482422,168.8000030517578,82.80000305175781,106.30000305175781,177.3000030517578,44.400001525878906,143.6999969482422,166.0,61.400001525878906,138.5,162.0,92.5,96.19999694824219,46.87040710449219,1.1406776905059814,1.193074107170105,1.1403796672821045,1.062801480293274,0.9757771492004395,15.726807594299316
175.1999969482422,171.0,132.0,168.60000610351562,88.0,99.0999984741211,176.89999389648438,41.20000076293945,144.89999389648438,163.10000610351562,60.29999923706055,140.0,161.3000030517578,91.0999984741211,96.9000015258789,46.54896545410156,1.141823649406433,1.1913371086120605,1.115553855895996,1.0388203859329224,0.9621236324310303,17.027162551879883
177.3000030517578,168.1999969482422,130.1999969482422,168.39999389648438,63.900001525878906,120.69999694824219,176.39999389648438,38.20000076293945,146.8000030517578,163.5,57.0,143.5,161.6999969482422,88.0999984741211,100.80000305175781,46.60387420654297,1.1446725130081177,1.1703633069992065,1.1119996309280396,1.0454113483428955,0.9793096780776978,16.429248809814453
176.39999389648438,169.3000030517578,130.39999389648438,169.0,67.0,117.5,176.3000030517578,39.400001525878906,145.8000030517578,164.0,57.599998474121094,141.5,161.6999969482422,89.4000015258789,98.5999984741211,45.75847625732422,1.145436406135559,1.1669087409973145,1.1146845817565918,1.0482838153839111,0.9780447483062744,15.776935577392578
176.89999389648438,168.39999389648438,128.60000610351562,169.3000030517578,68.4000015258789,116.5999984741211,176.0,38.79999923706055,145.10000610351562,162.8000030517578,57.29999923706055,142.39999389648438,160.8000030517578,87.9000015258789,100.0999984741211,44.99555587768555,1.157568335533142,1.1691769361495972,1.1061489582061768,1.0369987487792969,0.9660298228263855,15.500417709350586
175.8000030517578,168.0,130.39999389648438,169.6999969482422,63.5,120.69999694824219,175.6999969482422,36.20000076293945,149.3000030517578,162.89999389648438,55.5,143.3000030517578,160.3000030517578,87.5,100.5,42.09009552001953,1.1917098760604858,1.167548418045044,1.1058437824249268,1.0358186960220337,0.9643740057945251,15.245116233825684
175.5,167.3000030517578,129.6999969482422,168.89999389648438,62.099998474121094,120.9000015258789,176.10000610351562,36.20000076293945,147.8000030517578,162.6999969482422,55.400001525878906,143.89999389648438,159.6999969482422,86.9000015258789,99.5999984741211,42.317325592041016,1.2032110691070557,1.160404920578003,1.0991531610488892,1.031836986541748,0.9578046798706055,15.092474937438965
175.6999969482422,167.6999969482422,129.10000610351562,169.10000610351562,60.70000076293945,122.80000305175781,175.8000030517578,37.79999923706055,146.3000030517578,163.10000610351562,55.599998474121094,142.8000030517578,159.8000030517578,88.5999984741211,99.0,42.491661071777344,1.2077471017837524,1.1656007766723633,1.1104917526245117,1.0390716791152954,0.9693722128868103,14.269923210144043
175.8000030517578,167.1999969482422,129.6999969482422,169.89999389648438,61.400001525878906,121.9000015258789,175.6999969482422,36.900001525878906,146.5,163.39999389648438,54.900001525878906,142.60000610351562,159.89999389648438,87.0999984741211,100.19999694824219,41.881011962890625,1.2094653844833374,1.158440351486206,1.0976898670196533,1.0288325548171997,0.9588387608528137,14.564970970153809
176.1999969482422,167.39999389648438,129.89999389648438,170.0,58.099998474121094,124.4000015258789,175.5,35.900001525878906,148.3000030517578,162.89999389648438,53.70000076293945,144.5,160.10000610351562,86.0,100.0999984741211,41.202430725097656,1.2174416780471802,1.1678543090820312,1.108047366142273,1.0410383939743042,0.9689497947692871,14.282205581665039
176.10000610351562,165.89999389648438,130.0,168.3000030517578,56.099998474121094,125.30000305175781,177.39999389648438,33.5,150.10000610351562,164.6999969482422,53.0,142.39999389648438,160.1999969482422,86.69999694824219,99.5,41.54032516479492,1.2365072965621948,1.1809741258621216,1.116075038909912,1.0488444566726685,0.9750912189483643,13.85267162322998
175.5,167.6999969482422,127.19999694824219,170.0,53.900001525878906,128.1999969482422,176.0,35.29999923706055,148.89999389648438,162.8000030517578,53.70000076293945,143.60000610351562,159.8000030517578,87.30000305175781,98.9000015258789,40.580421447753906,1.245239019393921,1.1741869449615479,1.1201707124710083,1.0514941215515137,0.9799692034721375,13.968484878540039
176.10000610351562,166.1999969482422,129.60000610351562,168.8000030517578,52.70000076293945,128.8000030517578,176.8000030517578,34.099998474121094,150.5,164.5,53.20000076293945,143.0,160.0,86.9000015258789,99.4000015258789,41.51908493041992,1.2379511594772339,1.1653939485549927,1.1167939901351929,1.0484843254089355,0.9756255149841309,13.83164119720459
176.60000610351562,166.3000030517578,132.1999969482422,171.0,56.5,125.9000015258789,176.39999389648438,36.599998474121094,145.89999389648438,163.6999969482422,54.599998474121094,143.3000030517578,160.3000030517578,89.5,97.69999694824219,40.74944305419922,1.23470938205719,1.1697633266448975,1.1259046792984009,1.0544217824935913,0.985581636428833,13.58132553100586
175.89999389648438,166.6999969482422,129.89999389648438,169.39999389648438,52.5,129.39999389648438,176.39999389648438,34.0,149.3000030517578,164.0,52.70000076293945,143.60000610351562,160.3000030517578,85.9000015258789,99.69999694824219,40.508670806884766,1.2403998374938965,1.1687138080596924,1.1150609254837036,1.0477371215820312,0.9760706424713135,14.128396987915039
176.0,166.0,129.1999969482422,169.89999389648438,49.099998474121094,132.6999969482422,176.60000610351562,33.70000076293945,149.1999969482422,164.39999389648438,52.29999923706055,143.5,160.3000030517578,86.19999694824219,99.9000015258789,40.037967681884766,1.2665513753890991,1.1719306707382202,1.121829628944397,1.054998517036438,0.9877729415893555,14.244818687438965
176.39999389648438,166.60000610351562,127.4000015258789,168.39999389648438,62.5,122.0,177.5,35.20000076293945,151.1999969482422,166.10000610351562,52.599998474121094,142.60000610351562,161.0,87.5999984741211,98.69999694824219,42.03138732910156,1.2517869472503662,1.2062879800796509,1.1486440896987915,1.07045316696167,0.984208345413208,13.309826850891113
176.10000610351562,166.39999389648438,130.60000610351562,169.39999389648438,55.599998474121094,126.0999984741211,176.5,35.29999923706055,148.3000030517578,164.5,52.400001525878906,143.60000610351562,160.10000610351562,87.0,99.9000015258789,40.62226867675781,1.2434413433074951,1.181679129600525,1.1230274438858032,1.050721287727356,0.977794349193573,13.878379821777344
175.8000030517578,167.10000610351562,127.69999694824219,168.0,57.900001525878906,124.0,176.60000610351562,33.900001525878906,151.6999969482422,164.39999389648438,51.79999923706055,145.1999969482422,160.1999969482422,86.69999694824219,99.80000305175781,41.885501861572266,1.2350865602493286,1.1939027309417725,1.1255793571472168,1.052086591720581,0.9754688739776611,13.348101615905762
174.8000030517578,167.6999969482422,128.0,168.8000030517578,51.20000076293945,129.8000030517578,177.39999389648438,32.599998474121094,152.6999969482422,164.89999389648438,51.0,145.6999969482422,160.6999969482422,87.5,98.69999694824219,40.207332611083984,1.2434290647506714,1.1840344667434692,1.1285144090652466,1.055280089378357,0.9834120273590088,14.381732940673828
176.1999969482422,166.89999389648438,126.80000305175781,168.1999969482422,51.20000076293945,129.60000610351562,177.60000610351562,31.700000762939453,153.6999969482422,165.6999969482422,50.79999923706055,145.8000030517578,162.3000030517578,86.0,100.0,41.51988220214844,1.2364742755889893,1.175347089767456,1.1223602294921875,1.0624276399612427,0.9887312650680542,14.691598892211914
175.39999389648438,167.60000610351562,128.6999969482422,169.89999389648438,56.79999923706055,125.69999694824219,175.89999389648438,35.5,148.5,164.8000030517578,52.400001525878906,142.6999969482422,160.39999389648438,86.30000305175781,100.0999984741211,40.66758728027344,1.2203949689865112,1.1649882793426514,1.107734203338623,1.0345056056976318,0.9660754799842834,14.269145011901855
175.3000030517578,167.1999969482422,130.3000030517578,168.6999969482422,45.0,135.60000610351562,177.89999389648438,31.200000762939453,153.1999969482422,165.39999389648438,50.400001525878906,146.1999969482422,161.10000610351562,85.69999694824219,100.80000305175781,39.695228576660156,1.2540931701660156,1.1848686933517456,1.1337789297103882,1.065826416015625,0.9920179843902588,13.428936958312988
175.5,167.60000610351562,127.19999694824219,168.6999969482422,50.0,130.10000610351562,178.0,32.20000076293945,150.89999389648438,166.1999969482422,50.20000076293945,145.39999389648438,161.89999389648438,85.19999694824219,99.5999984741211,40.626529693603516,1.2424956560134888,1.1829168796539307,1.1279091835021973,1.0530643463134766,0.9769115447998047,13.581124305725098
175.6999969482422,166.60000610351562,128.89999389648438,167.1999969482422,52.70000076293945,129.39999389648438,178.39999389648438,32.70000076293945,152.8000030517578,166.5,51.79999923706055,144.1999969482422,161.39999389648438,85.80000305175781,98.80000305175781,41.37075424194336,1.2521827220916748,1.1986615657806396,1.1367563009262085,1.0685696601867676,0.9832209348678589,13.529610633850098
177.0,165.5,129.10000610351562,166.89999389648438,58.900001525878906,124.0,179.10000610351562,31.399999618530273,156.39999389648438,167.8000030517578,49.0,147.60000610351562,162.1999969482422,84.69999694824219,101.19999694824219,41.83599090576172,1.2746362686157227,1.2222994565963745,1.157136082649231,1.0852469205856323,0.9947289228439331,13.231780052185059
175.39999389648438,165.8000030517578,129.3000030517578,167.10000610351562,47.29999923706055,132.3000030517578,179.3000030517578,29.600000381469727,155.1999969482422,166.5,49.099998474121094,148.5,161.1999969482422,86.0,99.69999694824219,40.05775451660156,1.291847825050354,1.216611623764038,1.154790997505188,1.0825389623641968,0.9970713257789612,13.31047248840332
175.60000610351562,164.10000610351562,130.10000610351562,166.1999969482422,45.29999923706055,135.39999389648438,179.5,26.299999237060547,157.10000610351562,168.60000610351562,45.20000076293945,147.5,161.8000030517578,81.4000015258789,104.0,39.86349105834961,1.3038510084152222,1.241379976272583,1.1657980680465698,1.0967319011688232,1.010482668876648,13.190789222717285
177.3000030517578,161.39999389648438,126.69999694824219,161.3000030517578,28.100000381469727,151.6999969482422,175.5,17.700000762939453,168.8000030517578,175.0,36.400001525878906,152.5,166.0,74.4000015258789,107.0999984741211,42.62775421142578,1.34237539768219,1.3167088031768799,1.2057729959487915,1.131287693977356,1.0379698276519775,14.5169038772583
178.1999969482422,159.3000030517578,124.0999984741211,158.89999389648438,17.299999237060547,160.60000610351562,173.39999389648438,11.100000381469727,176.60000610351562,177.39999389648438,29.299999237060547,158.39999389648438,165.1999969482422,69.30000305175781,114.69999694824219,44.36488723754883,1.348994255065918,1.3353224992752075,1.2097525596618652,1.1368858814239502,1.0381184816360474,14.785750389099121
176.5,157.5,118.4000015258789,158.0,1.899999976158142,173.60000610351562,171.89999389648438,6.199999809265137,177.3000030517578,179.8000030517578,24.100000381469727,158.0,166.89999389648438,64.69999694824219,117.0,44.52943801879883,1.3378859758377075,1.3322557210922241,1.2252089977264404,1.1596200466156006,1.0478793382644653,14.33997631072998
177.6999969482422,155.3000030517578,116.5,158.8000030517578,1.600000023841858,175.3000030517578,170.39999389648438,5.800000190734863,176.3000030517578,178.39999389648438,23.600000381469727,160.0,167.89999389648438,65.30000305175781,115.9000015258789,45.828128814697266,1.3125200271606445,1.3289680480957031,1.2207144498825073,1.157179594039917,1.0513159036636353,14.828597068786621
171.60000610351562,168.60000610351562,151.5,166.5,108.0999984741211,79.30000305175781,174.6999969482422,37.5,153.5,163.89999389648438,54.70000076293945,143.8000030517578,159.6999969482422,88.5999984741211,102.5,53.33021926879883,1.289979100227356,1.075756311416626,1.0337618589401245,0.9583404064178467,0.9247228503227234,18.03495979309082
172.39999389648438,168.10000610351562,151.39999389648438,168.89999389648438,79.69999694824219,107.5999984741211,173.10000610351562,38.599998474121094,150.6999969482422,165.3000030517578,56.099998474121094,138.60000610351562,160.39999389648438,89.9000015258789,101.9000015258789,51.96070098876953,1.2929669618606567,1.058642029762268,1.033493995666504,0.970205545425415,0.9333200454711914,16.130033493041992
172.10000610351562,168.8000030517578,149.89999389648438,169.0,64.0999984741211,121.0999984741211,173.39999389648438,36.0,153.10000610351562,167.0,53.400001525878906,140.5,161.1999969482422,88.0999984741211,101.9000015258789,51.957462310791016,1.2720251083374023,1.0509090423583984,1.034948468208313,0.9782610535621643,0.9451668858528137,16.9887752532959
172.3000030517578,168.60000610351562,149.89999389648438,168.8000030517578,72.5999984741211,113.0999984741211,172.8000030517578,38.0,151.1999969482422,165.60000610351562,54.79999923706055,139.5,162.10000610351562,87.0999984741211,102.69999694824219,51.99932861328125,1.2750462293624878,1.0501199960708618,1.030497431755066,0.9661802649497986,0.9345015287399292,17.570240020751953
171.6999969482422,167.5,149.5,168.0,74.30000305175781,110.5999984741211,174.0,37.0,152.0,166.3000030517578,54.5,140.3000030517578,162.10000610351562,88.5,101.0,51.09027099609375,1.2740449905395508,1.0521477460861206,1.0341236591339111,0.9739628434181213,0.9363353848457336,17.850067138671875
172.1999969482422,167.10000610351562,148.10000610351562,167.89999389648438,64.30000305175781,120.0999984741211,174.3000030517578,35.5,153.0,166.39999389648438,51.5,143.10000610351562,160.6999969482422,87.80000305175781,102.0999984741211,48.87698745727539,1.2571861743927002,1.0675629377365112,1.0466375350952148,0.990568220615387,0.9540206789970398,14.874197006225586
171.8000030517578,168.60000610351562,149.8000030517578,168.0,68.69999694824219,115.9000015258789,173.8000030517578,36.70000076293945,151.89999389648438,166.5,53.70000076293945,141.10000610351562,162.10000610351562,88.4000015258789,100.5999984741211,50.98590087890625,1.2714526653289795,1.0640692710876465,1.0403600931167603,0.98262619972229,0.9497194290161133,17.306976318359375
172.39999389648438,167.3000030517578,149.0,168.5,71.30000305175781,114.0999984741211,173.6999969482422,37.900001525878906,150.60000610351562,166.39999389648438,53.20000076293945,141.6999969482422,162.0,85.9000015258789,102.0999984741211,50.793949127197266,1.2593318223953247,1.0684089660644531,1.0406646728515625,0.9883337616920471,0.9462147951126099,16.67584991455078
171.8000030517578,167.6999969482422,150.6999969482422,167.8000030517578,66.69999694824219,119.0,174.3000030517578,34.79999923706055,153.60000610351562,166.10000610351562,51.0,144.5,161.89999389648438,86.69999694824219,102.0999984741211,49.36153030395508,1.252686619758606,1.0799676179885864,1.046342134475708,0.9902174472808838,0.9524518847465515,16.270816802978516
171.10000610351562,168.8000030517578,152.1999969482422,166.39999389648438,62.5,122.69999694824219,176.0,33.0,155.60000610351562,167.8000030517578,50.0,147.89999389648438,163.89999389648438,87.30000305175781,102.69999694824219,49.87794494628906,1.2401796579360962,1.0931960344314575,1.0474954843521118,1.005673885345459,0.967008650302887,17.95705795288086
170.8000030517578,168.0,151.39999389648438,166.5,72.5999984741211,112.9000015258789,176.39999389648438,32.400001525878906,157.8000030517578,168.1999969482422,49.79999923706055,144.8000030517578,162.89999389648438,90.5,97.80000305175781,48.87273025512695,1.2503100633621216,1.109575629234314,1.0636348724365234,1.0129423141479492,0.9700851440429688,16.840761184692383
171.0,167.89999389648438,149.89999389648438,165.89999389648438,63.5,120.19999694824219,177.1999969482422,29.600000381469727,161.89999389648438,169.1999969482422,46.70000076293945,146.60000610351562,163.39999389648438,90.5,96.5999984741211,48.29108810424805,1.2442044019699097,1.104016661643982,1.0638314485549927,1.0108628273010254,0.9709452390670776,15.673527717590332
171.6999969482422,166.6999969482422,148.8000030517578,165.6999969482422,59.79999923706055,123.4000015258789,177.39999389648438,29.299999237060547,160.6999969482422,168.5,46.29999923706055,148.39999389648438,162.60000610351562,87.4000015258789,100.80000305175781,47.77006149291992,1.2411214113235474,1.1067003011703491,1.0645551681518555,1.0081596374511719,0.9684537649154663,16.16737174987793
171.5,167.89999389648438,150.10000610351562,166.3000030517578,61.099998474121094,122.0999984741211,176.8000030517578,30.799999237060547,159.39999389648438,168.1999969482422,47.20000076293945,147.3000030517578,162.5,87.9000015258789,99.80000305175781,48.03567886352539,1.2411086559295654,1.1062465906143188,1.0648058652877808,1.0123761892318726,0.9691635370254517,15.271276473999023
172.0,166.89999389648438,151.1999969482422,165.39999389648438,62.29999923706055,121.0999984741211,176.8000030517578,29.5,161.39999389648438,168.6999969482422,45.400001525878906,149.6999969482422,162.5,85.5999984741211,103.0,48.32848358154297,1.2463533878326416,1.1130592823028564,1.0645809173583984,1.0069514513015747,0.9670801162719727,15.99605941772461
172.0,164.89999389648438,149.5,164.39999389648438,52.79999923706055,129.10000610351562,179.39999389648438,25.700000762939453,165.3000030517578,170.10000610351562,44.400001525878906,150.5,163.6999969482422,84.0,103.69999694824219,44.788204193115234,1.251336932182312,1.1445425748825073,1.0987799167633057,1.041931390762329,0.9905886054039001,16.246810913085938
171.5,163.10000610351562,147.89999389648438,161.60000610351562,46.70000076293945,133.60000610351562,177.60000610351562,22.5,168.3000030517578,172.0,39.0,155.6999969482422,164.89999389648438,78.30000305175781,108.5999984741211,43.78173065185547,1.2855031490325928,1.199604868888855,1.1353774070739746,1.070369839668274,1.0073727369308472,15.002996444702148
173.5,162.3000030517578,144.5,161.5,39.79999923706055,137.5,175.8000030517578,18.399999618530273,172.1999969482422,174.6999969482422,37.599998474121094,156.3000030517578,166.5,82.5999984741211,103.19999694824219,44.084041595458984,1.311177134513855,1.2062697410583496,1.1502658128738403,1.1005524396896362,1.035765290260315,16.025230407714844
173.6999969482422,163.3000030517578,145.0,161.8000030517578,42.70000076293945,135.5,177.3000030517578,19.799999237060547,169.60000610351562,173.3000030517578,38.5,156.89999389648438,165.39999389648438,83.19999694824219,103.4000015258789,44.046348571777344,1.3074660301208496,1.20425546169281,1.142548680305481,1.0935165882110596,1.0327476263046265,16.063650131225586
174.8000030517578,162.6999969482422,142.6999969482422,161.3000030517578,41.599998474121094,135.60000610351562,177.60000610351562,20.100000381469727,171.0,173.3000030517578,39.0,156.89999389648438,166.5,83.0999984741211,104.5,46.10737609863281,1.2824480533599854,1.178459644317627,1.1296098232269287,1.077925205230713,1.022879958152771,15.952549934387207
174.10000610351562,162.60000610351562,143.60000610351562,160.89999389648438,45.70000076293945,133.89999389648438,176.60000610351562,20.5,171.39999389648438,175.3000030517578,38.400001525878906,155.39999389648438,167.3000030517578,86.5999984741211,100.5,44.69712448120117,1.305332064628601,1.2125569581985474,1.1547677516937256,1.1036932468414307,1.047816276550293,16.287307739257812
172.0,163.3000030517578,144.8000030517578,159.39999389648438,33.0,144.39999389648438,175.60000610351562,17.100000381469727,176.89999389648438,176.39999389648438,34.900001525878906,159.39999389648438,167.3000030517578,83.69999694824219,102.69999694824219,44.31156921386719,1.3173450231552124,1.2015913724899292,1.1569714546203613,1.1013716459274292,1.0357168912887573,15.020383834838867
171.0,162.60000610351562,147.6999969482422,157.10000610351562,27.0,148.60000610351562,173.89999389648438,13.100000381469727,178.5,177.39999389648438,33.29999923706055,159.1999969482422,168.5,85.5,99.5,43.74953079223633,1.3536452054977417,1.255488634109497,1.1796166896820068,1.130737543106079,1.0669771432876587,15.537714004516602
171.8000030517578,158.10000610351562,146.60000610351562,156.1999969482422,7.599999904632568,168.3000030517578,170.89999389648438,7.699999809265137,172.5,178.39999389648438,28.299999237060547,161.89999389648438,170.6999969482422,81.0999984741211,102.80000305175781,43.89748001098633,1.3706873655319214,1.2878785133361816,1.2099051475524902,1.1500478982925415,1.0759602785110474,16.324373245239258
172.5,158.6999969482422,147.0,158.8000030517578,6.300000190734863,170.60000610351562,171.89999389648438,10.199999809265137,176.39999389648438,178.8000030517578,30.899999618530273,158.10000610351562,170.39999389648438,84.80000305175781,99.0,43.11565017700195,1.3587863445281982,1.2779077291488647,1.2062252759933472,1.1499991416931152,1.0814939737319946,17.028011322021484
171.6999969482422,159.39999389648438,149.8000030517578,159.0,21.5,155.8000030517578,174.1999969482422,12.600000381469727,177.1999969482422,179.39999389648438,32.599998474121094,157.89999389648438,169.0,84.80000305175781,100.0,43.275367736816406,1.339665412902832,1.2613857984542847,1.1903427839279175,1.1372759342193604,1.0689095258712769,16.710426330566406
172.5,158.89999389648438,148.3000030517578,158.10000610351562,31.600000381469727,145.5,172.6999969482422,10.699999809265137,175.89999389648438,179.8000030517578,31.799999237060547,158.89999389648438,169.60000610351562,85.4000015258789,99.5,44.175498962402344,1.343855381011963,1.2884725332260132,1.19770348072052,1.1431879997253418,1.0717445611953735,16.54441261291504
171.60000610351562,160.39999389648438,150.10000610351562,157.60000610351562,24.700000762939453,151.89999389648438,173.60000610351562,11.300000190734863,175.10000610351562,179.5,31.399999618530273,161.0,169.60000610351562,84.0999984741211,100.9000015258789,43.60396957397461,1.3540059328079224,1.2793662548065186,1.1947176456451416,1.1387425661087036,1.0696773529052734,15.781371116638184
172.5,159.8000030517578,147.8000030517578,157.8000030517578,25.299999237060547,152.6999969482422,174.0,10.600000381469727,174.5,179.10000610351562,31.0,160.0,168.3000030517578,83.9000015258789,102.5999984741211,44.796417236328125,1.3454731702804565,1.2745848894119263,1.1897518634796143,1.1335381269454956,1.0644526481628418,16.105592727661133
172.5,161.39999389648438,149.0,159.1999969482422,39.5,137.5,174.60000610351562,15.5,178.60000610351562,177.10000610351562,36.400001525878906,157.60000610351562,168.3000030517578,85.4000015258789,101.69999694824219,44.81653594970703,1.3247228860855103,1.2470409870147705,1.1748695373535156,1.1318649053573608,1.0602226257324219,15.098969459533691
172.60000610351562,166.5,144.10000610351562,163.6999969482422,49.400001525878906,128.8000030517578,179.39999389648438,24.700000762939453,165.39999389648438,170.10000610351562,44.0,153.10000610351562,163.5,86.30000305175781,100.30000305175781,46.63240432739258,1.2461044788360596,1.1480060815811157,1.1040470600128174,1.0492336750030518,0.9918740391731262,16.419872283935547
172.8000030517578,166.39999389648438,140.8000030517578,164.6999969482422,50.400001525878906,129.39999389648438,179.10000610351562,29.399999618530273,159.0,168.8000030517578,46.20000076293945,149.89999389648438,163.5,83.19999694824219,102.4000015258789,46.44790267944336,1.228951096534729,1.123326301574707,1.0868545770645142,1.0256600379943848,0.970666766166687,17.050048828125
172.6999969482422,166.60000610351562,139.6999969482422,165.3000030517578,54.20000076293945,125.5,176.6999969482422,31.399999618530273,157.39999389648438,166.60000610351562,47.5,149.6999969482422,162.10000610351562,86.0999984741211,100.9000015258789,46.76496887207031,1.2217657566070557,1.1163718700408936,1.0749969482421875,1.0178700685501099,0.9749266505241394,15.607531547546387
173.5,166.3000030517578,140.60000610351562,164.89999389648438,48.79999923706055,131.0,177.1999969482422,30.5,159.3000030517578,167.3000030517578,47.70000076293945,149.3000030517578,163.10000610351562,82.9000015258789,103.5,47.817298889160156,1.2273972034454346,1.1263071298599243,1.08640456199646,1.0373516082763672,0.9855212569236755,16.305953979492188
172.6999969482422,165.89999389648438,142.3000030517578,164.60000610351562,51.0,127.80000305175781,178.60000610351562,28.5,160.39999389648438,169.10000610351562,46.5,149.1999969482422,162.60000610351562,84.9000015258789,102.9000015258789,47.01248550415039,1.2270840406417847,1.1271904706954956,1.0874342918395996,1.0274667739868164,0.9797125458717346,15.970831871032715
174.39999389648438,165.0,145.0,163.0,50.20000076293945,127.30000305175781,179.39999389648438,26.5,161.60000610351562,169.39999389648438,45.20000076293945,150.0,163.8000030517578,84.19999694824219,102.5999984741211,49.05302047729492,1.2250550985336304,1.1365892887115479,1.0841799974441528,1.0383208990097046,0.9917404055595398,16.74749755859375
172.89999389648438,166.3000030517578,144.60000610351562,164.60000610351562,52.70000076293945,127.30000305175781,179.0,28.399999618530273,160.3000030517578,169.60000610351562,46.5,148.10000610351562,164.0,86.0,99.80000305175781,46.70433807373047,1.2249411344528198,1.1437654495239258,1.0973800420761108,1.044403314590454,0.9929983019828796,16.56478500366211
173.39999389648438,164.89999389648438,144.10000610351562,163.60000610351562,51.79999923706055,127.5999984741211,179.89999389648438,27.200000762939453,161.39999389648438,170.60000610351562,44.70000076293945,149.89999389648438,164.1999969482422,83.69999694824219,101.0999984741211,45.73492431640625,1.255601167678833,1.1633912324905396,1.119836688041687,1.060139775276184,0.9984829425811768,15.653257369995117
174.10000610351562,164.60000610351562,144.89999389648438,164.60000610351562,55.70000076293945,124.5999984741211,179.0,28.200000762939453,160.6999969482422,169.89999389648438,46.0,149.3000030517578,163.6999969482422,84.0999984741211,102.5,46.60420608520508,1.2327139377593994,1.1580383777618408,1.107862114906311,1.0573022365570068,1.0048573017120361,16.060758590698242
173.89999389648438,164.6999969482422,148.8000030517578,164.1999969482422,52.5,129.1999969482422,180.0,27.700000762939453,162.89999389648438,170.5,45.400001525878906,150.8000030517578,164.1999969482422,82.30000305175781,104.69999694824219,46.47903823852539,1.241702675819397,1.1688944101333618,1.122126817703247,1.0658034086227417,1.0085632801055908,16.50250244140625
174.5,165.0,139.10000610351562,163.5,49.900001525878906,129.10000610351562,179.1999969482422,27.700000762939453,161.6999969482422,169.39999389648438,45.099998474121094,151.6999969482422,163.10000610351562,83.0999984741211,104.69999694824219,47.40556716918945,1.2269940376281738,1.146701693534851,1.1013541221618652,1.0417512655258179,0.9895191788673401,15.52759075164795
175.60000610351562,165.6999969482422,132.8000030517578,165.5,57.400001525878906,123.19999694824219,177.60000610351562,31.700000762939453,155.3000030517578,166.10000610351562,48.70000076293945,147.89999389648438,162.0,82.4000015258789,104.9000015258789,49.92909240722656,1.2023521661758423,1.1195313930511475,1.0830093622207642,1.022452712059021,0.9741067290306091,16.59933853149414
176.3000030517578,166.0,136.39999389648438,166.39999389648438,53.79999923706055,128.0,177.3000030517578,32.29999923706055,155.1999969482422,166.3000030517578,49.099998474121094,146.39999389648438,162.3000030517578,84.19999694824219,102.5,50.31596755981445,1.1905149221420288,1.1215757131576538,1.0869954824447632,1.0254998207092285,0.9792376160621643,15.898768424987793
175.0,165.60000610351562,139.3000030517578,165.3000030517578,56.900001525878906,124.19999694824219,177.8000030517578,31.200000762939453,155.5,166.39999389648438,48.0,146.3000030517578,163.10000610351562,85.19999694824219,100.80000305175781,50.32808303833008,1.1984425783157349,1.1258419752120972,1.0857652425765991,1.0280280113220215,0.9841102361679077,16.999727249145508
175.89999389648438,166.10000610351562,136.1999969482422,165.39999389648438,62.5,119.69999694824219,177.10000610351562,33.599998474121094,154.3000030517578,166.1999969482422,49.900001525878906,144.10000610351562,163.6999969482422,85.30000305175781,100.19999694824219,51.05255889892578,1.162449598312378,1.1391218900680542,1.0963064432144165,1.0442560911178589,0.9965513944625854,16.377197265625
177.6999969482422,164.60000610351562,134.6999969482422,166.3000030517578,68.4000015258789,114.69999694824219,178.5,34.79999923706055,153.0,167.8000030517578,53.0,141.0,164.39999389648438,87.30000305175781,99.30000305175781,49.585418701171875,1.1488429307937622,1.155522346496582,1.1141088008880615,1.0625187158584595,1.0044310092926025,17.99083709716797
176.8000030517578,164.3000030517578,137.1999969482422,165.6999969482422,62.79999923706055,119.0999984741211,178.1999969482422,33.599998474121094,152.89999389648438,167.10000610351562,50.70000076293945,145.0,163.5,85.5,101.4000015258789,49.45455551147461,1.163281798362732,1.1519328355789185,1.112902045249939,1.0555675029754639,1.000839114189148,16.679702758789062
176.39999389648438,164.0,137.8000030517578,165.39999389648438,64.0999984741211,117.9000015258789,178.0,34.5,152.89999389648438,167.6999969482422,51.900001525878906,143.1999969482422,163.5,84.5999984741211,101.9000015258789,51.08223342895508,1.1577469110488892,1.1288068294525146,1.0926756858825684,1.0390712022781372,0.9847414493560791,17.52927589416504
175.89999389648438,162.89999389648438,139.8000030517578,165.8000030517578,72.4000015258789,109.80000305175781,178.8000030517578,33.900001525878906,154.1999969482422,168.89999389648438,51.400001525878906,141.8000030517578,163.60000610351562,87.4000015258789,99.0999984741211,49.176483154296875,1.173701286315918,1.1426656246185303,1.110184669494629,1.0542840957641602,1.0021553039550781,18.407367706298828
176.6999969482422,162.1999969482422,134.60000610351562,165.89999389648438,71.0,110.5999984741211,179.1999969482422,31.299999237060547,154.89999389648438,167.60000610351562,49.099998474121094,144.6999969482422,162.89999389648438,84.5,101.5,47.43233108520508,1.1866096258163452,1.1541510820388794,1.110529899597168,1.0548853874206543,1.0025924444198608,18.24712371826172
175.0,162.10000610351562,130.1999969482422,164.1999969482422,57.400001525878906,124.0,179.60000610351562,28.5,161.39999389648438,169.6999969482422,45.0,149.89999389648438,163.5,81.80000305175781,104.5999984741211,46.33891296386719,1.2147271633148193,1.1521090269088745,1.1141667366027832,1.055627703666687,1.001166582107544,16.27882957458496
174.0,163.3000030517578,129.8000030517578,165.10000610351562,53.5,126.80000305175781,177.8000030517578,28.799999237060547,161.3000030517578,168.0,45.0,148.60000610351562,162.60000610351562,83.80000305175781,100.80000305175781,45.81230545043945,1.215010166168213,1.1399767398834229,1.1030694246292114,1.0499719381332397,0.999255895614624,15.952347755432129
175.10000610351562,162.10000610351562,128.1999969482422,165.0,59.70000076293945,120.4000015258789,178.8000030517578,28.299999237060547,160.5,168.39999389648438,46.400001525878906,147.6999969482422,163.39999389648438,85.0999984741211,100.5999984741211,46.513832092285156,1.213858962059021,1.14237380027771,1.1013071537017822,1.0465208292007446,0.9970726370811462,16.754676818847656
175.10000610351562,161.5,130.8000030517578,163.8000030517578,45.20000076293945,132.1999969482422,179.89999389648438,25.700000762939453,162.60000610351562,168.6999969482422,43.0,152.89999389648438,163.39999389648438,81.69999694824219,103.30000305175781,45.33072280883789,1.2402563095092773,1.1536604166030884,1.1116976737976074,1.0609997510910034,1.0057947635650635,15.722338676452637
174.6999969482422,162.3000030517578,129.8000030517578,163.3000030517578,42.5,134.8000030517578,179.60000610351562,24.5,165.10000610351562,169.10000610351562,41.29999923706055,154.60000610351562,163.89999389648438,82.5,102.4000015258789,45.53713607788086,1.242051362991333,1.1543023586273193,1.1121060848236084,1.0584979057312012,1.0005320310592651,15.444537162780762
174.5,162.60000610351562,129.5,163.89999389648438,48.5,128.10000610351562,179.8000030517578,26.899999618530273,161.10000610351562,168.89999389648438,45.0,150.5,164.60000610351562,84.69999694824219,100.5,45.65864944458008,1.2232699394226074,1.1521027088165283,1.1136877536773682,1.0600707530975342,1.006767988204956,16.867647171020508
174.89999389648438,162.1999969482422,127.5,164.0,49.20000076293945,129.10000610351562,179.6999969482422,25.700000762939453,163.1999969482422,169.5,43.70000076293945,151.89999389648438,164.8000030517578,83.0,102.19999694824219,45.559471130371094,1.2276089191436768,1.165023684501648,1.11940336227417,1.066405177116394,1.0083494186401367,16.43813133239746
175.39999389648438,161.60000610351562,130.6999969482422,164.39999389648438,50.29999923706055,128.10000610351562,179.39999389648438,25.799999237060547,161.60000610351562,170.10000610351562,43.400001525878906,151.1999969482422,164.60000610351562,81.30000305175781,104.0999984741211,44.26001739501953,1.2463117837905884,1.1778680086135864,1.1210014820098877,1.0706470012664795,1.0107640027999878,16.10440444946289
174.0,163.10000610351562,130.6999969482422,165.8000030517578,54.20000076293945,125.19999694824219,177.89999389648438,30.299999237060547,158.6999969482422,166.89999389648438,48.70000076293945,148.0,162.1999969482422,86.0999984741211,100.19999694824219,44.635704040527344,1.2195276021957397,1.1438982486724854,1.1029951572418213,1.0490901470184326,0.9840714335441589,15.203630447387695
179.6999969482422,161.39999389648438,133.39999389648438,161.10000610351562,35.0,146.0,175.10000610351562,23.100000381469727,165.39999389648438,176.39999389648438,41.400001525878906,148.5,170.60000610351562,76.80000305175781,106.0,49.43589401245117,1.2472925186157227,1.2619812488555908,1.2172961235046387,1.162453293800354,1.0717111825942993,16.593852996826172
179.10000610351562,161.89999389648438,131.6999969482422,161.1999969482422,29.899999618530273,149.60000610351562,175.89999389648438,21.100000381469727,167.60000610351562,175.6999969482422,39.900001525878906,150.10000610351562,169.5,74.9000015258789,107.30000305175781,49.02288055419922,1.2461005449295044,1.235743522644043,1.2005460262298584,1.150112509727478,1.0625015497207642,17.044443130493164
179.6999969482422,161.39999389648438,131.6999969482422,161.39999389648438,34.79999923706055,147.10000610351562,175.8000030517578,23.299999237060547,167.10000610351562,175.1999969482422,41.70000076293945,150.1999969482422,168.89999389648438,79.30000305175781,105.80000305175781,49.12971115112305,1.243777871131897,1.2633569240570068,1.2154290676116943,1.1644196510314941,1.0787467956542969,16.90019416809082
179.8000030517578,161.39999389648438,118.4000015258789,162.89999389648438,37.400001525878906,144.3000030517578,177.0,26.399999618530273,158.89999389648438,174.8000030517578,44.29999923706055,144.6999969482422,168.39999389648438,79.30000305175781,103.5,47.50933837890625,1.2664464712142944,1.2584290504455566,1.2126072645187378,1.1604845523834229,1.0728933811187744,17.110881805419922
179.10000610351562,160.10000610351562,114.5,165.60000610351562,44.900001525878906,137.89999389648438,178.10000610351562,27.799999237060547,157.89999389648438,173.8000030517578,45.29999923706055,145.3000030517578,168.5,78.80000305175781,103.5999984741211,46.1537971496582,1.2297632694244385,1.2212482690811157,1.1764756441116333,1.13343346118927,1.0553607940673828,17.42337989807129
179.39999389648438,160.6999969482422,117.69999694824219,165.89999389648438,46.29999923706055,136.60000610351562,178.60000610351562,29.899999618530273,155.0,173.10000610351562,47.20000076293945,142.1999969482422,167.39999389648438,81.5,100.9000015258789,45.87398910522461,1.238976001739502,1.2329047918319702,1.1875603199005127,1.1401594877243042,1.063538908958435,17.886280059814453
179.60000610351562,160.39999389648438,116.80000305175781,164.89999389648438,46.900001525878906,135.5,177.6999969482422,27.200000762939453,159.5,174.60000610351562,44.70000076293945,144.89999389648438,169.0,79.69999694824219,102.9000015258789,46.302879333496094,1.2480149269104004,1.2441898584365845,1.1926761865615845,1.1369341611862183,1.0589624643325806,17.390005111694336
179.39999389648438,161.39999389648438,118.4000015258789,166.10000610351562,50.20000076293945,132.39999389648438,178.6999969482422,29.5,155.89999389648438,172.6999969482422,46.70000076293945,143.6999969482422,167.89999389648438,81.19999694824219,101.19999694824219,45.54861831665039,1.2193011045455933,1.2271865606307983,1.17989182472229,1.1264309883117676,1.0518244504928589,17.088863372802734
179.89999389648438,161.60000610351562,118.69999694824219,164.8000030517578,45.0,137.10000610351562,179.0,27.200000762939453,161.6999969482422,173.0,44.5,147.60000610351562,169.0,80.5,104.0,47.16563034057617,1.2413792610168457,1.2340917587280273,1.1854779720306396,1.1338330507278442,1.0596678256988525,17.37966537475586
179.89999389648438,162.0,124.0,166.0,53.20000076293945,131.5,178.89999389648438,32.099998474121094,155.1999969482422,173.1999969482422,49.20000076293945,140.39999389648438,168.0,83.0,100.5999984741211,47.307247161865234,1.2187200784683228,1.234909176826477,1.1970289945602417,1.1373754739761353,1.0598539113998413,17.663084030151367
176.8000030517578,162.3000030517578,141.10000610351562,165.8000030517578,54.400001525878906,130.3000030517578,177.1999969482422,29.100000381469727,159.1999969482422,173.6999969482422,48.099998474121094,144.60000610351562,169.3000030517578,83.80000305175781,98.30000305175781,43.8559455871582,1.2077546119689941,1.2606016397476196,1.2057188749313354,1.1517432928085327,1.0568791627883911,15.58762264251709
177.0,160.39999389648438,136.1999969482422,166.3000030517578,56.70000076293945,126.80000305175781,177.0,29.799999237060547,157.8000030517578,174.1999969482422,48.099998474121094,142.5,168.39999389648438,84.0999984741211,100.19999694824219,43.35319519042969,1.21090829372406,1.2505906820297241,1.2003360986709595,1.1433113813400269,1.0518410205841064,16.240381240844727
177.89999389648438,159.10000610351562,127.80000305175781,166.1999969482422,44.5,137.8000030517578,178.5,25.899999618530273,162.0,172.8000030517578,44.70000076293945,146.89999389648438,167.39999389648438,80.80000305175781,103.4000015258789,44.23051452636719,1.2232002019882202,1.2161731719970703,1.164219856262207,1.1165083646774292,1.0369430780410767,16.10726547241211
178.3000030517578,155.8000030517578,120.9000015258789,166.3000030517578,46.099998474121094,135.8000030517578,179.39999389648438,25.200000762939453,163.39999389648438,172.39999389648438,43.400001525878906,149.39999389648438,166.60000610351562,77.80000305175781,106.19999694824219,43.91288757324219,1.2475601434707642,1.1924638748168945,1.146744966506958,1.0992987155914307,1.0285543203353882,16.636188507080078
177.10000610351562,156.5,121.4000015258789,166.6999969482422,27.899999618530273,152.89999389648438,179.8000030517578,23.600000381469727,166.39999389648438,173.8000030517578,41.0,151.89999389648438,165.10000610351562,76.0,110.19999694824219,43.94140625,1.2415401935577393,1.1303749084472656,1.108498454093933,1.064280390739441,1.0030118227005005,16.572093963623047
176.8000030517578,158.3000030517578,116.30000305175781,166.6999969482422,33.79999923706055,146.89999389648438,179.89999389648438,24.299999237060547,163.89999389648438,171.60000610351562,40.70000076293945,153.3000030517578,166.6999969482422,74.5,108.4000015258789,42.227657318115234,1.2526559829711914,1.1616415977478027,1.1299248933792114,1.0777355432510376,1.0087289810180664,17.13399887084961
177.89999389648438,159.1999969482422,130.6999969482422,164.60000610351562,32.20000076293945,149.1999969482422,178.3000030517578,21.799999237060547,167.89999389648438,173.3000030517578,41.20000076293945,152.60000610351562,168.0,74.0999984741211,111.0999984741211,44.18152618408203,1.2876121997833252,1.2106324434280396,1.1608597040176392,1.1179865598678589,1.0422801971435547,16.14101791381836
177.0,161.60000610351562,142.3000030517578,166.6999969482422,52.599998474121094,132.1999969482422,179.5,31.399999618530273,158.39999389648438,171.8000030517578,50.70000076293945,144.5,168.3000030517578,81.30000305175781,105.0,46.706302642822266,1.2137377262115479,1.1982324123382568,1.1553924083709717,1.1016037464141846,1.0183626413345337,15.313499450683594
177.0,166.10000610351562,140.1999969482422,171.5,87.4000015258789,101.4000015258789,174.5,44.0,144.8000030517578,167.3000030517578,58.70000076293945,137.89999389648438,163.39999389648438,88.4000015258789,99.5,49.0687255859375,1.1828044652938843,1.1281448602676392,1.0963037014007568,1.028422236442566,0.9537217020988464,14.670975685119629
177.0,169.6999969482422,143.3000030517578,170.89999389648438,78.5,110.0999984741211,174.89999389648438,46.29999923706055,140.89999389648438,164.1999969482422,62.79999923706055,136.0,164.5,88.5,98.30000305175781,55.48598098754883,1.2189942598342896,1.1361337900161743,1.0965059995651245,1.0303523540496826,0.953096866607666,15.227309226989746
178.10000610351562,167.5,135.39999389648438,168.8000030517578,80.5999984741211,107.4000015258789,176.5,44.20000076293945,144.89999389648438,167.3000030517578,59.29999923706055,137.5,165.1999969482422,86.5,100.69999694824219,53.07339859008789,1.1582049131393433,1.1482765674591064,1.1260582208633423,1.0571887493133545,0.97532719373703,16.479328155517578
178.8000030517578,165.3000030517578,127.5,170.10000610351562,79.9000015258789,106.0999984741211,175.8000030517578,41.400001525878906,145.5,166.1999969482422,57.5,137.39999389648438,163.8000030517578,86.5,101.0999984741211,49.75041580200195,1.140079379081726,1.118363857269287,1.0986392498016357,1.03280770778656,0.9714707732200623,17.616060256958008
178.60000610351562,164.39999389648438,129.39999389648438,170.5,77.0999984741211,109.80000305175781,175.1999969482422,39.599998474121094,148.39999389648438,166.89999389648438,55.29999923706055,141.10000610351562,163.89999389648438,85.30000305175781,102.0999984741211,48.48869323730469,1.1477171182632446,1.1254955530166626,1.0900216102600098,1.0335981845855713,0.9758281707763672,16.981313705444336
176.6999969482422,163.6999969482422,131.89999389648438,170.39999389648438,91.30000305175781,96.5999984741211,176.0,40.29999923706055,148.5,168.8000030517578,56.599998474121094,138.5,163.8000030517578,88.4000015258789,97.80000305175781,47.07780075073242,1.1440231800079346,1.1357959508895874,1.0975713729858398,1.034978985786438,0.9728012681007385,18.41636848449707
174.1999969482422,164.6999969482422,145.6999969482422,168.0,77.19999694824219,106.0999984741211,176.39999389648438,37.5,151.3000030517578,167.39999389648438,57.0,141.3000030517578,163.10000610351562,88.80000305175781,100.0,46.401649475097656,1.175158977508545,1.1391218900680542,1.1003302335739136,1.0389561653137207,0.967525064945221,16.50055503845215
174.39999389648438,163.6999969482422,138.89999389648438,168.39999389648438,71.4000015258789,112.5999984741211,178.39999389648438,33.400001525878906,154.0,169.60000610351562,53.20000076293945,143.1999969482422,165.5,86.19999694824219,100.0,43.608856201171875,1.1739444732666016,1.162135124206543,1.1205731630325317,1.063942313194275,0.9892231822013855,16.62946319580078
173.6999969482422,163.10000610351562,139.89999389648438,167.60000610351562,69.9000015258789,113.69999694824219,177.89999389648438,34.400001525878906,155.10000610351562,169.8000030517578,53.0,144.0,164.8000030517578,85.0999984741211,101.80000305175781,43.176265716552734,1.182875633239746,1.1611539125442505,1.1239738464355469,1.0686885118484497,0.9898062348365784,16.345212936401367
172.8000030517578,163.0,145.3000030517578,167.0,66.5999984741211,116.9000015258789,179.5,27.799999237060547,161.60000610351562,172.6999969482422,48.5,146.39999389648438,167.5,83.80000305175781,101.80000305175781,42.17752456665039,1.2028305530548096,1.1874568462371826,1.1381791830062866,1.0807898044586182,1.0056184530258179,16.216564178466797
174.3000030517578,160.89999389648438,143.1999969482422,165.3000030517578,57.20000076293945,125.0,178.8000030517578,25.299999237060547,163.89999389648438,172.6999969482422,46.79999923706055,148.39999389648438,167.6999969482422,81.0999984741211,104.5,42.257564544677734,1.240449070930481,1.2068406343460083,1.1520631313323975,1.1051385402679443,1.0242623090744019,15.740927696228027
174.89999389648438,159.3000030517578,143.89999389648438,164.60000610351562,52.599998474121094,129.6999969482422,178.10000610351562,22.399999618530273,167.10000610351562,174.1999969482422,44.29999923706055,149.60000610351562,168.10000610351562,81.30000305175781,104.80000305175781,43.069427490234375,1.2349668741226196,1.2327945232391357,1.1706525087356567,1.1229459047317505,1.0370080471038818,15.415873527526855
173.8000030517578,159.89999389648438,142.5,166.0,48.70000076293945,134.6999969482422,178.60000610351562,22.899999618530273,167.5,172.1999969482422,42.099998474121094,152.3000030517578,166.10000610351562,81.4000015258789,103.69999694824219,39.3433952331543,1.2801589965820312,1.2543340921401978,1.1872241497039795,1.1331895589828491,1.0494595766067505,15.66347599029541
174.89999389648438,158.3000030517578,141.3000030517578,164.5,33.599998474121094,147.8000030517578,177.3000030517578,17.899999618530273,170.89999389648438,175.5,39.79999923706055,152.5,168.5,79.5999984741211,106.69999694824219,40.93107986450195,1.29856276512146,1.2426629066467285,1.1780349016189575,1.1384955644607544,1.0600298643112183,15.968470573425293
175.6999969482422,157.6999969482422,140.89999389648438,164.0,44.70000076293945,136.6999969482422,177.3000030517578,19.100000381469727,171.0,173.8000030517578,41.0,151.6999969482422,168.0,80.5,104.5999984741211,41.736114501953125,1.2928394079208374,1.2529542446136475,1.1767634153366089,1.139589548110962,1.0596418380737305,15.390740394592285
176.8000030517578,155.8000030517578,131.1999969482422,162.1999969482422,24.299999237060547,153.3000030517578,176.6999969482422,16.200000762939453,173.89999389648438,175.5,36.099998474121094,158.5,166.60000610351562,75.0999984741211,111.30000305175781,44.02676010131836,1.3158760070800781,1.2064329385757446,1.159739375114441,1.1112070083618164,1.0346627235412598,15.487602233886719
175.5,155.5,130.89999389648438,160.39999389648438,26.700000762939453,151.5,176.39999389648438,16.899999618530273,175.89999389648438,174.5,36.29999923706055,157.60000610351562,168.5,75.0,109.80000305175781,45.74516677856445,1.3374624252319336,1.2334654331207275,1.183551549911499,1.1372507810592651,1.0596883296966553,18.17290687561035
175.89999389648438,153.3000030517578,129.8000030517578,160.89999389648438,16.399999618530273,159.39999389648438,174.60000610351562,12.699999809265137,178.39999389648438,175.89999389648438,32.70000076293945,162.8000030517578,167.5,72.5,114.19999694824219,44.61411666870117,1.3296509981155396,1.2088327407836914,1.169482946395874,1.125925064086914,1.0568172931671143,17.95209312438965
175.89999389648438,153.6999969482422,130.60000610351562,162.39999389648438,16.5,161.0,175.39999389648438,13.699999809265137,177.89999389648438,177.0,33.5,160.3000030517578,167.1999969482422,72.4000015258789,114.19999694824219,43.75736618041992,1.3132405281066895,1.1841988563537598,1.1407239437103271,1.1002840995788574,1.0449787378311157,18.11625862121582
177.5,152.89999389648438,131.8000030517578,161.1999969482422,13.100000381469727,164.3000030517578,174.8000030517578,12.300000190734863,179.1999969482422,177.8000030517578,31.399999618530273,162.1999969482422,168.39999389648438,69.9000015258789,116.69999694824219,44.47801971435547,1.3216617107391357,1.1993714570999146,1.160593867301941,1.1173964738845825,1.0530534982681274,17.930875778198242
176.5,155.6999969482422,137.5,161.5,15.399999618530273,162.10000610351562,174.6999969482422,13.0,178.5,176.6999969482422,33.599998474121094,159.8000030517578,168.6999969482422,73.5,112.30000305175781,43.46178436279297,1.3447697162628174,1.2329795360565186,1.1789040565490723,1.1406997442245483,1.0635513067245483,16.724319458007812
176.0,159.3000030517578,151.1999969482422,161.3000030517578,22.0,158.60000610351562,174.89999389648438,15.399999618530273,175.39999389648438,176.60000610351562,35.400001525878906,157.10000610351562,167.6999969482422,74.30000305175781,113.5999984741211,45.210960388183594,1.3418728113174438,1.2420789003372192,1.1889299154281616,1.142961025238037,1.0635011196136475,16.279911041259766
176.5,162.60000610351562,146.3000030517578,160.10000610351562,29.0,151.5,177.60000610351562,19.799999237060547,171.1999969482422,173.10000610351562,39.400001525878906,152.0,167.60000610351562,78.4000015258789,105.0999984741211,50.36174774169922,1.2644710540771484,1.2323585748672485,1.181736946105957,1.1381402015686035,1.0593037605285645,17.1859130859375
177.1999969482422,161.5,138.89999389648438,160.3000030517578,31.100000381469727,149.60000610351562,178.3000030517578,21.899999618530273,168.3000030517578,172.5,41.20000076293945,148.8000030517578,168.0,77.4000015258789,104.69999694824219,51.28012466430664,1.250535488128662,1.2336581945419312,1.184963345527649,1.1428866386413574,1.0565388202667236,17.02191734313965
178.3000030517578,164.6999969482422,127.5999984741211,162.1999969482422,37.70000076293945,144.0,179.0,24.0,164.60000610351562,171.60000610351562,42.400001525878906,145.60000610351562,167.1999969482422,79.0,101.5,51.297279357910156,1.2460891008377075,1.240191102027893,1.1926642656326294,1.1450226306915283,1.0616029500961304,17.782020568847656
179.60000610351562,165.60000610351562,124.19999694824219,160.8000030517578,44.599998474121094,136.60000610351562,178.60000610351562,24.200000762939453,165.6999969482422,173.39999389648438,42.099998474121094,146.0,166.89999389648438,81.19999694824219,102.0,53.743072509765625,1.244106650352478,1.2525795698165894,1.2092770338058472,1.1590449810028076,1.072777271270752,17.98345184326172
179.39999389648438,166.60000610351562,136.8000030517578,171.5,80.69999694824219,107.19999694824219,175.3000030517578,44.400001525878906,143.8000030517578,165.0,61.400001525878906,136.3000030517578,162.5,89.0,100.5,54.65789031982422,1.2099586725234985,1.1029902696609497,1.0964716672897339,1.029817819595337,0.9541522264480591,16.91556739807129
177.60000610351562,166.3000030517578,140.39999389648438,173.0,108.0999984741211,81.19999694824219,175.60000610351562,55.29999923706055,132.1999969482422,167.1999969482422,70.0999984741211,127.5999984741211,162.1999969482422,95.9000015258789,96.30000305175781,55.591800689697266,1.2798755168914795,1.1039817333221436,1.1015896797180176,1.0289759635925293,0.9511857628822327,17.65782356262207
178.1999969482422,165.6999969482422,146.39999389648438,173.8000030517578,108.5,81.4000015258789,174.1999969482422,58.20000076293945,130.60000610351562,166.6999969482422,72.5,126.19999694824219,160.3000030517578,97.9000015258789,97.0999984741211,57.619476318359375,1.3310118913650513,1.0876091718673706,1.0780887603759766,1.0086190700531006,0.9305371642112732,14.91456127166748
178.10000610351562,166.39999389648438,150.10000610351562,173.1999969482422,96.80000305175781,91.69999694824219,174.8000030517578,52.900001525878906,133.39999389648438,167.39999389648438,69.0,129.3000030517578,161.5,94.9000015258789,97.80000305175781,57.69384002685547,1.3022246360778809,1.0966988801956177,1.0738369226455688,1.0143828392028809,0.9390954971313477,15.234456062316895
176.5,169.3000030517578,143.6999969482422,171.6999969482422,80.5999984741211,107.9000015258789,174.39999389648438,46.0,142.39999389648438,164.10000610351562,65.5,137.1999969482422,161.8000030517578,92.0999984741211,99.5,52.387149810791016,1.219214916229248,1.1208655834197998,1.0934512615203857,1.0390398502349854,0.9622465968132019,17.413393020629883
175.89999389648438,165.60000610351562,130.39999389648438,170.60000610351562,79.5,105.0999984741211,174.0,39.599998474121094,146.39999389648438,163.3000030517578,57.5,141.3000030517578,160.89999389648438,87.80000305175781,100.69999694824219,45.16964340209961,1.1759015321731567,1.125395655632019,1.0753779411315918,1.008142352104187,0.9511063098907471,16.177927017211914
179.3000030517578,164.3000030517578,121.80000305175781,165.60000610351562,58.79999923706055,124.4000015258789,179.1999969482422,32.79999923706055,150.89999389648438,171.0,51.5,139.3000030517578,163.3000030517578,84.5,99.4000015258789,45.397037506103516,1.2332305908203125,1.2233010530471802,1.1611053943634033,1.0886845588684082,0.9976991415023804,14.543651580810547
178.0,164.3000030517578,120.0999984741211,165.8000030517578,56.79999923706055,125.19999694824219,179.5,31.700000762939453,152.3000030517578,169.89999389648438,49.400001525878906,143.1999969482422,163.0,85.69999694824219,99.9000015258789,44.0339241027832,1.2306327819824219,1.2090368270874023,1.1476497650146484,1.068416953086853,0.9889459013938904,13.836554527282715
177.8000030517578,163.3000030517578,120.19999694824219,166.6999969482422,52.900001525878906,128.39999389648438,179.8000030517578,31.399999618530273,152.39999389648438,169.1999969482422,49.900001525878906,143.5,161.5,85.30000305175781,100.30000305175781,41.98260498046875,1.2669923305511475,1.212531328201294,1.153835415840149,1.0790504217147827,0.9984657168388367,14.59051513671875
177.3000030517578,163.1999969482422,120.4000015258789,165.10000610351562,53.70000076293945,128.0,179.5,29.200000762939453,156.39999389648438,169.89999389648438,48.79999923706055,143.89999389648438,161.1999969482422,85.19999694824219,100.0999984741211,42.704952239990234,1.2671295404434204,1.228142261505127,1.1577649116516113,1.0873329639434814,1.007508397102356,15.229255676269531
178.60000610351562,162.5,116.0,163.6999969482422,50.0,131.60000610351562,178.89999389648438,27.399999618530273,158.1999969482422,171.1999969482422,46.29999923706055,144.3000030517578,162.5,82.0999984741211,102.0999984741211,44.2077522277832,1.2870832681655884,1.2434616088867188,1.1682194471359253,1.1056474447250366,1.0184518098831177,14.409219741821289
178.0,162.8000030517578,120.80000305175781,165.0,44.70000076293945,136.39999389648438,179.10000610351562,26.899999618530273,158.0,171.10000610351562,44.79999923706055,146.5,162.10000610351562,81.0,102.80000305175781,42.560787200927734,1.2766777276992798,1.214004635810852,1.156786561012268,1.0851281881332397,1.0037943124771118,14.890063285827637
177.8000030517578,162.3000030517578,121.80000305175781,164.1999969482422,50.099998474121094,131.60000610351562,178.39999389648438,27.299999237060547,159.10000610351562,172.39999389648438,45.099998474121094,145.0,163.6999969482422,81.5,102.5,43.47400665283203,1.2843546867370605,1.2296674251556396,1.1671061515808105,1.0971275568008423,1.0112929344177246,14.038654327392578
178.3000030517578,161.6999969482422,122.19999694824219,165.3000030517578,48.400001525878906,131.6999969482422,179.3000030517578,27.299999237060547,155.60000610351562,169.8000030517578,46.099998474121094,145.0,161.5,82.30000305175781,101.9000015258789,42.35780715942383,1.28377366065979,1.2193293571472168,1.1530917882919312,1.0895578861236572,1.0090508460998535,14.3084135055542
177.60000610351562,163.10000610351562,120.80000305175781,164.5,53.400001525878906,128.3000030517578,178.89999389648438,27.600000381469727,157.3000030517578,170.89999389648438,47.0,143.60000610351562,161.6999969482422,83.5999984741211,101.5,42.82164764404297,1.2834869623184204,1.2307493686676025,1.1601064205169678,1.089652419090271,1.0032249689102173,14.570298194885254
178.10000610351562,162.1999969482422,119.30000305175781,163.3000030517578,55.099998474121094,126.0,178.39999389648438,27.799999237060547,158.6999969482422,172.1999969482422,46.099998474121094,145.1999969482422,163.10000610351562,81.5,102.0999984741211,44.26174545288086,1.2778953313827515,1.2327311038970947,1.171565294265747,1.1024196147918701,1.0103005170822144,14.680096626281738
177.10000610351562,165.3000030517578,124.0999984741211,165.6999969482422,63.70000076293945,118.69999694824219,179.1999969482422,34.5,149.60000610351562,167.8000030517578,51.5,141.3000030517578,160.3000030517578,85.4000015258789,101.19999694824219,44.951377868652344,1.2072348594665527,1.1945337057113647,1.1357601881027222,1.0519312620162964,0.9723586440086365,14.033601760864258
175.5,166.3000030517578,127.19999694824219,168.39999389648438,64.30000305175781,118.5,177.39999389648438,38.79999923706055,143.60000610351562,166.8000030517578,57.099998474121094,138.10000610351562,160.6999969482422,88.80000305175781,98.5999984741211,45.13760757446289,1.168879747390747,1.1539040803909302,1.1171131134033203,1.0424574613571167,0.9649232029914856,14.6143798828125
174.0,167.0,129.5,168.60000610351562,71.4000015258789,112.0999984741211,175.60000610351562,40.70000076293945,143.60000610351562,163.5,60.5,137.1999969482422,159.89999389648438,89.0999984741211,100.4000015258789,46.886924743652344,1.149356722831726,1.1260911226272583,1.0866502523422241,1.0193942785263062,0.9426888227462769,17.10139274597168
175.3000030517578,165.39999389648438,126.5999984741211,170.6999969482422,74.9000015258789,109.80000305175781,175.0,41.29999923706055,143.60000610351562,162.60000610351562,57.900001525878906,140.60000610351562,160.8000030517578,87.69999694824219,101.19999694824219,44.45833969116211,1.1696704626083374,1.1217429637908936,1.0937209129333496,1.0113788843154907,0.9413330554962158,16.001747131347656
176.3000030517578,166.60000610351562,124.0999984741211,170.10000610351562,70.30000305175781,114.30000305175781,173.8000030517578,42.5,142.10000610351562,161.60000610351562,59.099998474121094,139.60000610351562,160.0,86.19999694824219,102.30000305175781,46.874351501464844,1.138687014579773,1.1202292442321777,1.0850603580474854,1.0120712518692017,0.9491233825683594,16.215343475341797
175.5,166.8000030517578,128.10000610351562,167.60000610351562,70.30000305175781,115.0999984741211,177.0,38.29999923706055,147.39999389648438,165.5,57.599998474121094,141.60000610351562,160.89999389648438,87.80000305175781,101.80000305175781,46.051021575927734,1.1573127508163452,1.1602009534835815,1.1135956048965454,1.0458842515945435,0.9683955311775208,16.36257553100586
176.6999969482422,165.89999389648438,128.6999969482422,167.10000610351562,60.70000076293945,122.4000015258789,176.60000610351562,36.5,147.3000030517578,164.5,56.900001525878906,141.60000610351562,160.10000610351562,87.0,103.69999694824219,47.412349700927734,1.1442152261734009,1.1446878910064697,1.0976976156234741,1.0312474966049194,0.9629724621772766,14.951578140258789
174.6999969482422,165.5,133.5,165.89999389648438,80.9000015258789,103.0999984741211,178.8000030517578,38.5,149.10000610351562,167.8000030517578,56.20000076293945,140.3000030517578,161.39999389648438,88.19999694824219,100.9000015258789,48.745601654052734,1.1200424432754517,1.1660021543502808,1.115004301071167,1.0443650484085083,0.9546168446540833,16.251680374145508
175.0,165.89999389648438,131.10000610351562,165.89999389648438,78.9000015258789,106.0999984741211,178.1999969482422,39.70000076293945,147.3000030517578,167.0,58.400001525878906,139.0,162.6999969482422,87.69999694824219,100.4000015258789,48.4074592590332,1.115925669670105,1.1670774221420288,1.1153210401535034,1.055921196937561,0.967374324798584,16.11895179748535
174.60000610351562,166.10000610351562,131.10000610351562,166.3000030517578,70.5,112.80000305175781,178.3000030517578,37.29999923706055,148.60000610351562,166.89999389648438,56.70000076293945,138.8000030517578,162.0,88.5999984741211,99.0,47.63504409790039,1.1232953071594238,1.169074296951294,1.1152997016906738,1.0565422773361206,0.9727667570114136,16.966794967651367
175.3000030517578,165.39999389648438,131.8000030517578,165.3000030517578,82.30000305175781,102.19999694824219,179.39999389648438,37.70000076293945,150.10000610351562,168.6999969482422,54.900001525878906,140.6999969482422,162.1999969482422,86.19999694824219,101.0999984741211,48.770591735839844,1.1252669095993042,1.1910202503204346,1.132866382598877,1.0617585182189941,0.9687666893005371,15.262411117553711
175.5,165.3000030517578,128.89999389648438,166.60000610351562,69.5999984741211,112.5,177.60000610351562,37.900001525878906,148.60000610351562,166.8000030517578,55.599998474121094,140.5,161.1999969482422,86.5999984741211,101.69999694824219,48.84492492675781,1.120651125907898,1.1455553770065308,1.1052360534667969,1.0402588844299316,0.9574392437934875,16.134389877319336
175.1999969482422,165.8000030517578,128.39999389648438,166.8000030517578,98.5999984741211,87.4000015258789,179.1999969482422,44.29999923706055,144.39999389648438,168.89999389648438,58.900001525878906,137.39999389648438,162.60000610351562,90.69999694824219,97.80000305175781,48.81681442260742,1.0997658967971802,1.183173656463623,1.1392079591751099,1.0673593282699585,0.9675043225288391,15.549094200134277
174.6999969482422,166.89999389648438,123.9000015258789,169.3000030517578,88.4000015258789,97.19999694824219,177.1999969482422,43.099998474121094,143.0,166.1999969482422,59.5,137.3000030517578,162.5,88.9000015258789,97.69999694824219,48.109130859375,1.0873000621795654,1.1370179653167725,1.0970386266708374,1.0314973592758179,0.9482616782188416,17.367162704467773
174.39999389648438,164.6999969482422,125.4000015258789,168.1999969482422,74.4000015258789,106.80000305175781,177.3000030517578,39.0,147.5,166.0,56.29999923706055,142.89999389648438,161.6999969482422,88.0999984741211,98.9000015258789,46.74970626831055,1.1057685613632202,1.1362457275390625,1.0923311710357666,1.027295708656311,0.9453610181808472,15.791266441345215
175.0,166.8000030517578,123.69999694824219,170.8000030517578,69.0,113.0,173.6999969482422,42.29999923706055,141.5,159.89999389648438,60.20000076293945,142.0,159.10000610351562,88.80000305175781,99.80000305175781,47.17481231689453,1.1183677911758423,1.109812617301941,1.06180739402771,0.9957455396652222,0.9282764792442322,15.453907012939453
174.6999969482422,166.1999969482422,128.60000610351562,172.60000610351562,69.0999984741211,114.30000305175781,173.60000610351562,40.70000076293945,143.39999389648438,162.8000030517578,58.400001525878906,137.10000610351562,157.3000030517578,89.9000015258789,100.0999984741211,47.26792526245117,1.1149731874465942,1.0967376232147217,1.0494384765625,0.9862539768218994,0.9159207940101624,15.735099792480469
173.89999389648438,168.3000030517578,129.3000030517578,171.6999969482422,76.80000305175781,108.69999694824219,174.3000030517578,43.900001525878906,142.1999969482422,162.3000030517578,61.29999923706055,137.3000030517578,159.89999389648438,90.30000305175781,97.80000305175781,48.36708450317383,1.1458557844161987,1.1084473133087158,1.0667732954025269,1.0001300573349,0.9219129085540771,15.583910942077637
173.5,169.0,133.1999969482422,172.1999969482422,79.5,105.0999984741211,173.10000610351562,45.29999923706055,140.5,162.3000030517578,62.29999923706055,136.39999389648438,156.39999389648438,93.30000305175781,98.19999694824219,50.37443923950195,1.165372371673584,1.0928186178207397,1.0516892671585083,0.9852005243301392,0.9101790189743042,15.174965858459473
174.6999969482422,167.60000610351562,133.5,172.39999389648438,103.30000305175781,84.80000305175781,173.3000030517578,49.20000076293945,138.39999389648438,162.10000610351562,64.0,134.6999969482422,157.10000610351562,92.19999694824219,97.4000015258789,52.74508285522461,1.2069975137710571,1.098392128944397,1.058548092842102,0.9755517840385437,0.8957667350769043,14.705190658569336
176.10000610351562,168.10000610351562,132.0,172.3000030517578,102.4000015258789,86.30000305175781,173.3000030517578,50.79999923706055,136.10000610351562,162.5,66.19999694824219,129.89999389648438,158.39999389648438,92.4000015258789,96.9000015258789,54.827144622802734,1.2139520645141602,1.1006653308868408,1.062394142150879,0.9814817309379578,0.9037796854972839,16.038921356201172
177.3000030517578,168.39999389648438,126.69999694824219,171.5,101.5,85.30000305175781,174.60000610351562,47.79999923706055,137.60000610351562,162.10000610351562,63.20000076293945,131.89999389648438,158.5,90.80000305175781,97.9000015258789,52.45086669921875,1.1522834300994873,1.1297366619110107,1.0835520029067993,0.9969159960746765,0.9170714616775513,14.804060935974121
178.6999969482422,165.8000030517578,125.0,168.10000610351562,85.0,100.5999984741211,176.0,43.70000076293945,142.1999969482422,164.39999389648438,58.900001525878906,138.3000030517578,161.1999969482422,89.69999694824219,102.0999984741211,52.59030532836914,1.11404287815094,1.151201605796814,1.1128721237182617,1.038928747177124,0.9730181097984314,14.634236335754395
178.39999389648438,166.8000030517578,124.80000305175781,169.6999969482422,79.5,106.5999984741211,174.6999969482422,43.29999923706055,141.6999969482422,163.8000030517578,59.70000076293945,136.0,161.8000030517578,88.0999984741211,102.19999694824219,52.13053512573242,1.1162796020507812,1.1276968717575073,1.0960015058517456,1.0285834074020386,0.9658421277999878,15.861895561218262
179.8000030517578,162.89999389648438,114.0999984741211,167.0,69.0999984741211,115.0999984741211,176.0,37.900001525878906,148.0,164.39999389648438,53.20000076293945,143.39999389648438,161.0,87.0999984741211,102.5999984741211,50.454803466796875,1.1215955018997192,1.1688827276229858,1.11777663230896,1.0531610250473022,0.9875792264938354,14.908617973327637
176.39999389648438,158.89999389648438,118.5,163.3000030517578,47.29999923706055,133.3000030517578,178.8000030517578,26.600000381469727,161.39999389648438,171.0,45.20000076293945,147.1999969482422,165.0,83.9000015258789,100.30000305175781,43.544700622558594,1.251037836074829,1.2180927991867065,1.16892671585083,1.1141891479492188,1.037341833114624,15.987504959106445
175.0,161.6999969482422,136.6999969482422,163.60000610351562,54.29999923706055,126.69999694824219,176.89999389648438,24.399999618530273,161.60000610351562,173.1999969482422,44.70000076293945,147.0,166.5,84.4000015258789,100.69999694824219,42.365028381347656,1.2216686010360718,1.2560495138168335,1.1650009155273438,1.1221011877059937,1.0337426662445068,13.127595901489258
176.0,163.10000610351562,132.1999969482422,163.89999389648438,55.5,126.30000305175781,178.0,27.200000762939453,158.1999969482422,171.60000610351562,45.70000076293945,145.5,165.0,83.30000305175781,101.0,43.907615661621094,1.216736078262329,1.2481390237808228,1.1698702573776245,1.1155558824539185,1.0304893255233765,14.052680969238281
176.8000030517578,164.1999969482422,135.3000030517578,164.89999389648438,60.099998474121094,123.0,179.39999389648438,28.899999618530273,157.8000030517578,170.60000610351562,46.70000076293945,145.5,165.1999969482422,81.69999694824219,102.5999984741211,45.6754035949707,1.2071393728256226,1.252345085144043,1.1816072463989258,1.1237480640411377,1.030052900314331,13.23343276977539
177.5,163.3000030517578,127.30000305175781,164.0,54.20000076293945,128.0,178.60000610351562,25.700000762939453,161.10000610351562,171.60000610351562,43.400001525878906,148.0,166.0,79.80000305175781,104.5999984741211,46.21903610229492,1.2289830446243286,1.2379378080368042,1.1684073209762573,1.1101019382476807,1.0280731916427612,14.31454849243164
177.0,163.1999969482422,126.0999984741211,163.3000030517578,55.599998474121094,125.0,178.0,22.799999237060547,163.89999389648438,170.89999389648438,41.900001525878906,150.1999969482422,166.0,81.4000015258789,104.5,46.323814392089844,1.2308231592178345,1.2504265308380127,1.1667286157608032,1.1152052879333496,1.0358784198760986,14.908316612243652
176.60000610351562,163.0,125.80000305175781,161.60000610351562,48.099998474121094,129.60000610351562,177.39999389648438,23.100000381469727,165.39999389648438,171.60000610351562,42.599998474121094,149.1999969482422,167.89999389648438,84.69999694824219,99.5,48.99599075317383,1.213451623916626,1.243040919303894,1.1967878341674805,1.1470707654953003,1.0729520320892334,17.403776168823242
175.8000030517578,161.6999969482422,130.10000610351562,161.89999389648438,60.29999923706055,119.9000015258789,176.89999389648438,24.0,165.89999389648438,173.10000610351562,43.20000076293945,148.89999389648438,168.5,87.0,97.19999694824219,48.33767318725586,1.2133591175079346,1.2787574529647827,1.2261974811553955,1.1763614416122437,1.093126893043518,17.218036651611328
175.89999389648438,160.3000030517578,129.5,162.3000030517578,47.29999923706055,130.5,177.5,22.100000381469727,166.3000030517578,172.1999969482422,42.0,149.5,167.39999389648438,84.69999694824219,98.80000305175781,47.39827346801758,1.2283540964126587,1.2454594373703003,1.1979396343231201,1.1470290422439575,1.0676237344741821,16.511632919311523
177.10000610351562,160.89999389648438,130.5,164.10000610351562,47.0,131.1999969482422,178.8000030517578,23.200000762939453,163.5,171.89999389648438,42.599998474121094,147.8000030517578,167.3000030517578,81.9000015258789,102.0999984741211,47.32977294921875,1.206710696220398,1.2272429466247559,1.1777515411376953,1.1325269937515259,1.0625264644622803,16.54161834716797
176.6999969482422,161.1999969482422,131.10000610351562,163.1999969482422,48.0,130.39999389648438,177.8000030517578,22.299999237060547,164.39999389648438,172.39999389648438,42.900001525878906,147.10000610351562,167.1999969482422,82.9000015258789,101.30000305175781,47.60704040527344,1.2160917520523071,1.243746280670166,1.195547342300415,1.1486821174621582,1.0721275806427002,16.51881217956543
177.5,159.89999389648438,138.8000030517578,164.0,44.900001525878906,134.5,177.6999969482422,23.100000381469727,163.3000030517578,172.1999969482422,43.099998474121094,149.1999969482422,167.10000610351562,82.30000305175781,102.0,47.36728286743164,1.2080614566802979,1.241510033607483,1.1935113668441772,1.1418111324310303,1.0651131868362427,16.19987678527832
177.0,164.89999389648438,137.10000610351562,164.10000610351562,55.79999923706055,126.0,179.5,27.5,160.0,170.39999389648438,46.20000076293945,145.39999389648438,167.10000610351562,84.19999694824219,99.0999984741211,52.25979232788086,1.1583975553512573,1.199880599975586,1.153542399406433,1.101426601409912,1.0333718061447144,15.401833534240723
178.6999969482422,169.39999389648438,124.5,161.8000030517578,43.400001525878906,137.0,179.0,28.100000381469727,160.8000030517578,168.1999969482422,46.20000076293945,146.89999389648438,165.39999389648438,83.0,102.5999984741211,56.642669677734375,1.1455497741699219,1.1769827604293823,1.1367195844650269,1.084587574005127,1.0287320613861084,17.273317337036133
179.89999389648438,169.60000610351562,124.9000015258789,160.8000030517578,42.900001525878906,137.10000610351562,179.3000030517578,27.200000762939453,160.8000030517578,169.0,45.599998474121094,147.5,165.6999969482422,81.5999984741211,104.19999694824219,59.100887298583984,1.1377226114273071,1.1926655769348145,1.145742416381836,1.1031696796417236,1.0473079681396484,19.151296615600586
178.39999389648438,169.3000030517578,123.0999984741211,163.6999969482422,44.900001525878906,133.5,177.3000030517578,28.799999237060547,158.6999969482422,166.6999969482422,45.099998474121094,148.6999969482422,166.5,81.0,102.9000015258789,58.057430267333984,1.1299458742141724,1.1496528387069702,1.102388620376587,1.059610366821289,1.00103759765625,17.183815002441406
179.3000030517578,167.89999389648438,124.30000305175781,169.0,73.19999694824219,109.4000015258789,174.39999389648438,40.70000076293945,146.60000610351562,162.1999969482422,55.400001525878906,142.39999389648438,161.60000610351562,87.30000305175781,103.19999694824219,57.5016975402832,1.1669566631317139,1.1012357473373413,1.0760442018508911,1.0036391019821167,0.961311399936676,14.857575416564941
178.3000030517578,171.6999969482422,137.60000610351562,167.6999969482422,64.5,117.9000015258789,174.3000030517578,41.29999923706055,145.60000610351562,162.10000610351562,57.5,141.1999969482422,162.0,84.80000305175781,103.4000015258789,61.55784225463867,1.2162330150604248,1.1107676029205322,1.0796380043029785,1.011962890625,0.9604092240333557,15.377016067504883
179.1999969482422,170.10000610351562,144.60000610351562,169.3000030517578,67.0999984741211,118.5,173.8000030517578,43.29999923706055,142.60000610351562,162.39999389648438,59.099998474121094,139.6999969482422,161.39999389648438,85.69999694824219,104.69999694824219,59.4171028137207,1.2428338527679443,1.1045153141021729,1.0749504566192627,1.0019900798797607,0.953327476978302,14.735422134399414
179.39999389648438,171.1999969482422,145.60000610351562,169.60000610351562,66.9000015258789,118.5,173.5,41.79999923706055,144.6999969482422,162.5,58.900001525878906,138.6999969482422,160.39999389648438,86.9000015258789,103.69999694824219,60.2606086730957,1.254736304283142,1.0881366729736328,1.0541539192199707,0.9954726099967957,0.9475156664848328,15.895278930664062
179.60000610351562,170.5,134.8000030517578,168.89999389648438,65.9000015258789,116.5999984741211,173.8000030517578,40.599998474121094,146.89999389648438,161.89999389648438,56.70000076293945,142.0,161.6999969482422,84.9000015258789,104.0,58.44078826904297,1.2178916931152344,1.0934544801712036,1.0675954818725586,1.0004016160964966,0.9452793598175049,14.937348365783691
178.1999969482422,167.39999389648438,131.10000610351562,171.10000610351562,67.69999694824219,117.0999984741211,173.0,42.29999923706055,144.60000610351562,162.10000610351562,58.20000076293945,139.5,161.3000030517578,87.0,103.19999694824219,59.07286071777344,1.1974142789840698,1.0859181880950928,1.068037748336792,1.0023393630981445,0.9542263746261597,14.963988304138184
179.89999389648438,168.5,133.60000610351562,171.60000610351562,74.4000015258789,111.5,172.39999389648438,43.5,143.6999969482422,160.1999969482422,61.400001525878906,136.39999389648438,159.8000030517578,89.69999694824219,102.19999694824219,58.70448684692383,1.2378923892974854,1.074120044708252,1.0563377141952515,0.9868713021278381,0.9462555646896362,16.163978576660156
179.6999969482422,167.3000030517578,132.8000030517578,169.89999389648438,63.70000076293945,120.0,173.39999389648438,41.599998474121094,144.60000610351562,160.60000610351562,58.099998474121094,140.89999389648438,160.5,85.80000305175781,104.9000015258789,57.823726654052734,1.2124204635620117,1.0714905261993408,1.0523585081100464,0.9874455332756042,0.9419811367988586,15.072752952575684
179.60000610351562,167.1999969482422,135.89999389648438,170.5,74.5999984741211,109.9000015258789,172.89999389648438,43.400001525878906,141.39999389648438,160.60000610351562,62.0,135.5,159.6999969482422,87.0999984741211,104.0999984741211,58.65195083618164,1.2293853759765625,1.0709525346755981,1.0458436012268066,0.9802842140197754,0.9324276447296143,15.920047760009766
180.0,169.0,132.60000610351562,170.8000030517578,85.0999984741211,99.0,173.0,46.70000076293945,139.1999969482422,160.39999389648438,63.5,134.6999969482422,158.60000610351562,90.0999984741211,102.0,58.53302001953125,1.2325799465179443,1.069657564163208,1.0463871955871582,0.9720342755317688,0.9260218739509583,16.2038631439209
178.3000030517578,169.10000610351562,140.8000030517578,170.0,98.0,86.69999694824219,173.60000610351562,46.79999923706055,143.39999389648438,160.89999389648438,63.400001525878906,136.89999389648438,159.6999969482422,92.0,99.80000305175781,58.1927490234375,1.2877492904663086,1.0843610763549805,1.0605850219726562,0.984519362449646,0.9336084127426147,15.073978424072266
179.6999969482422,168.5,136.8000030517578,172.6999969482422,90.19999694824219,96.9000015258789,171.3000030517578,48.0,139.8000030517578,163.0,61.5,133.6999969482422,160.10000610351562,88.0999984741211,102.9000015258789,58.264400482177734,1.2677710056304932,1.0424962043762207,1.0245028734207153,0.9558079242706299,0.9145121574401855,16.556907653808594
178.0,170.8000030517578,144.39999389648438,172.89999389648438,108.69999694824219,81.4000015258789,171.10000610351562,57.099998474121094,133.39999389648438,162.5,70.0,130.1999969482422,159.8000030517578,94.5,99.5999984741211,57.7296257019043,1.3362849950790405,1.07905912399292,1.0468668937683105,0.9810008406639099,0.9268486499786377,15.34603500366211
177.3000030517578,169.6999969482422,146.3000030517578,172.60000610351562,105.5,83.4000015258789,170.3000030517578,55.70000076293945,135.8000030517578,162.60000610351562,69.9000015258789,131.6999969482422,158.6999969482422,96.5,99.0,57.63421630859375,1.342452883720398,1.0617682933807373,1.032065510749817,0.9673141837120056,0.9146376252174377,14.929291725158691
179.39999389648438,168.89999389648438,143.60000610351562,173.6999969482422,101.69999694824219,86.30000305175781,170.39999389648438,52.900001525878906,134.5,161.89999389648438,68.4000015258789,128.5,158.1999969482422,94.0,98.4000015258789,58.23756408691406,1.3097974061965942,1.0509111881256104,1.0271434783935547,0.9617249369621277,0.9160242080688477,16.192420959472656
179.39999389648438,167.5,141.6999969482422,173.39999389648438,93.5999984741211,92.69999694824219,170.5,51.599998474121094,133.39999389648438,160.5,66.5,131.10000610351562,157.6999969482422,91.80000305175781,100.30000305175781,56.05544662475586,1.2976136207580566,1.051337718963623,1.0278736352920532,0.954108715057373,0.9128579497337341,16.51563262939453
178.8000030517578,166.8000030517578,143.60000610351562,174.89999389648438,94.5999984741211,92.69999694824219,168.6999969482422,51.599998474121094,130.60000610351562,159.1999969482422,66.19999694824219,129.5,155.3000030517578,91.5,98.9000015258789,54.94425582885742,1.3086193799972534,1.0475091934204102,1.0193941593170166,0.944717288017273,0.9032819867134094,15.93641185760498
177.89999389648438,168.10000610351562,140.6999969482422,174.8000030517578,85.4000015258789,103.5999984741211,167.5,51.20000076293945,131.89999389648438,157.39999389648438,65.19999694824219,131.6999969482422,154.10000610351562,89.5,102.0,54.878089904785156,1.2860023975372314,1.0379879474639893,1.0084912776947021,0.9353530406951904,0.900798499584198,15.11211109161377
177.6999969482422,168.60000610351562,141.10000610351562,175.1999969482422,88.0999984741211,102.4000015258789,168.0,51.20000076293945,133.0,159.1999969482422,65.0999984741211,132.3000030517578,154.89999389648438,89.69999694824219,103.30000305175781,54.22247314453125,1.2758698463439941,1.051033616065979,1.0159754753112793,0.9447083473205566,0.904715895652771,14.707295417785645
178.39999389648438,166.89999389648438,142.5,174.89999389648438,90.5,97.0,166.8000030517578,51.5,131.1999969482422,157.5,65.0999984741211,130.8000030517578,152.89999389648438,90.69999694824219,101.5,54.198997497558594,1.291642189025879,1.0463122129440308,1.0111175775527954,0.9317440986633301,0.8934405446052551,14.96471881866455
177.10000610351562,167.6999969482422,143.3000030517578,174.39999389648438,84.0,102.0999984741211,167.5,48.29999923706055,134.5,158.3000030517578,62.099998474121094,134.39999389648438,154.60000610351562,89.5,101.30000305175781,52.863494873046875,1.2769734859466553,1.0491790771484375,1.0119452476501465,0.9413835406303406,0.9025365710258484,14.405569076538086
177.60000610351562,167.60000610351562,139.0,174.0,83.19999694824219,102.9000015258789,167.8000030517578,48.29999923706055,134.39999389648438,158.5,62.5,134.6999969482422,155.5,89.0,100.9000015258789,53.99211120605469,1.2537379264831543,1.0528433322906494,1.0185890197753906,0.946612536907196,0.907555341720581,14.187745094299316
176.60000610351562,168.60000610351562,139.5,174.5,81.19999694824219,105.0,168.0,48.099998474121094,134.60000610351562,157.5,63.0,133.10000610351562,155.60000610351562,89.0999984741211,99.9000015258789,53.83850860595703,1.2621350288391113,1.0487592220306396,1.0119303464889526,0.9387776851654053,0.8978907465934753,15.21618938446045
177.0,168.5,135.6999969482422,173.60000610351562,83.0999984741211,102.80000305175781,166.8000030517578,48.599998474121094,135.0,156.10000610351562,63.29999923706055,133.5,155.6999969482422,89.4000015258789,100.19999694824219,54.406246185302734,1.259073257446289,1.049451470375061,1.0073466300964355,0.9305568933486938,0.8973024487495422,15.313725471496582
178.0,168.0,136.10000610351562,174.3000030517578,81.0999984741211,104.30000305175781,168.6999969482422,47.29999923706055,135.0,159.1999969482422,62.70000076293945,134.10000610351562,157.3000030517578,88.69999694824219,98.9000015258789,52.3602409362793,1.241559624671936,1.060944676399231,1.0259315967559814,0.9613166451454163,0.9175443053245544,15.605531692504883
177.1999969482422,168.8000030517578,136.10000610351562,173.6999969482422,83.30000305175781,101.9000015258789,168.0,47.70000076293945,134.1999969482422,158.0,62.900001525878906,134.8000030517578,156.6999969482422,89.19999694824219,98.19999694824219,52.211669921875,1.2510968446731567,1.059809684753418,1.0114251375198364,0.944530725479126,0.897645115852356,14.971190452575684
177.6999969482422,168.3000030517578,137.1999969482422,175.10000610351562,62.70000076293945,120.69999694824219,167.5,43.29999923706055,139.6999969482422,158.10000610351562,59.29999923706055,137.0,155.10000610351562,88.5999984741211,101.9000015258789,53.33126449584961,1.2249661684036255,1.0283766984939575,1.0010887384414673,0.9439942836761475,0.9189460277557373,14.684565544128418
178.0,167.89999389648438,137.1999969482422,174.8000030517578,64.5999984741211,118.69999694824219,169.10000610351562,42.400001525878906,140.1999969482422,160.10000610351562,59.0,137.3000030517578,156.6999969482422,88.0,101.9000015258789,52.4819450378418,1.2212300300598145,1.041527509689331,1.0158007144927979,0.956484854221344,0.9246200323104858,15.909675598144531
175.6999969482422,168.6999969482422,140.3000030517578,174.8000030517578,70.0999984741211,113.69999694824219,169.5,43.29999923706055,139.0,159.89999389648438,59.400001525878906,137.8000030517578,156.6999969482422,88.80000305175781,100.30000305175781,52.779666900634766,1.2424997091293335,1.0453500747680664,1.0216262340545654,0.9561318755149841,0.9093167781829834,14.046606063842773
177.0,168.5,139.89999389648438,172.60000610351562,92.4000015258789,95.4000015258789,170.8000030517578,47.5,136.10000610351562,161.3000030517578,62.0,134.39999389648438,157.5,89.19999694824219,101.0,53.49844741821289,1.2673600912094116,1.077771782875061,1.040124773979187,0.9675338268280029,0.9186325669288635,15.361612319946289
176.10000610351562,168.1999969482422,138.39999389648438,175.0,77.4000015258789,106.5,168.3000030517578,46.0,134.8000030517578,157.5,62.70000076293945,134.6999969482422,154.8000030517578,91.0999984741211,99.5999984741211,52.26287841796875,1.2559361457824707,1.0494539737701416,1.0143669843673706,0.9398167729377747,0.8996963500976562,14.2238187789917
175.8000030517578,169.0,137.8000030517578,173.5,77.0999984741211,107.4000015258789,169.5,45.099998474121094,135.6999969482422,158.60000610351562,61.70000076293945,135.3000030517578,156.39999389648438,89.80000305175781,99.80000305175781,52.560630798339844,1.2522773742675781,1.060253381729126,1.018523097038269,0.9488105177879333,0.9072126746177673,15.144329071044922
178.6999969482422,167.0,135.89999389648438,174.3000030517578,84.4000015258789,101.5999984741211,169.8000030517578,46.5,136.8000030517578,161.0,61.900001525878906,133.6999969482422,158.39999389648438,89.30000305175781,99.4000015258789,53.03893280029297,1.2258156538009644,1.0694236755371094,1.038379192352295,0.9701334834098816,0.9288017749786377,14.956457138061523
175.89999389648438,168.39999389648438,138.6999969482422,173.89999389648438,77.30000305175781,108.9000015258789,169.39999389648438,45.20000076293945,137.5,159.1999969482422,60.79999923706055,135.89999389648438,157.10000610351562,89.30000305175781,99.30000305175781,53.3939094543457,1.2512354850769043,1.0597598552703857,1.0241245031356812,0.9546522498130798,0.904866099357605,14.537020683288574
175.10000610351562,169.5,135.6999969482422,172.60000610351562,80.69999694824219,104.4000015258789,170.10000610351562,45.5,136.39999389648438,158.60000610351562,61.5,137.10000610351562,157.60000610351562,88.30000305175781,100.0999984741211,53.18359375,1.2499605417251587,1.0643805265426636,1.027558445930481,0.9524621367454529,0.897165060043335,15.64956283569336
176.10000610351562,168.8000030517578,137.89999389648438,174.1999969482422,82.69999694824219,103.69999694824219,169.60000610351562,45.599998474121094,136.8000030517578,159.8000030517578,62.099998474121094,134.0,157.8000030517578,89.5999984741211,99.5,53.27971649169922,1.256829857826233,1.0593070983886719,1.0239648818969727,0.952314019203186,0.9033828973770142,15.526202201843262
176.3000030517578,169.10000610351562,133.5,173.89999389648438,70.69999694824219,113.0,168.60000610351562,43.5,138.89999389648438,159.0,58.70000076293945,138.10000610351562,156.1999969482422,88.0999984741211,102.0999984741211,53.65424728393555,1.2366580963134766,1.0418837070465088,1.0093704462051392,0.9367589354515076,0.8957897424697876,14.022201538085938
177.10000610351562,166.89999389648438,136.1999969482422,173.39999389648438,73.30000305175781,110.0999984741211,168.0,44.099998474121094,140.1999969482422,157.3000030517578,60.20000076293945,138.89999389648438,156.0,90.0,101.30000305175781,53.63388442993164,1.247636318206787,1.0512065887451172,1.0075947046279907,0.9398744106292725,0.9095296859741211,14.585190773010254
178.5,167.1999969482422,135.3000030517578,173.6999969482422,69.30000305175781,114.30000305175781,169.5,43.29999923706055,139.5,158.8000030517578,60.70000076293945,139.6999969482422,157.0,87.9000015258789,102.69999694824219,53.0223388671875,1.2280691862106323,1.0588507652282715,1.0266666412353516,0.9651031494140625,0.9272236824035645,15.772144317626953
177.39999389648438,168.60000610351562,134.10000610351562,173.60000610351562,73.19999694824219,111.69999694824219,168.6999969482422,44.70000076293945,138.89999389648438,160.39999389648438,59.599998474121094,137.89999389648438,157.39999389648438,87.19999694824219,101.69999694824219,54.016319274902344,1.2239826917648315,1.0507729053497314,1.0195362567901611,0.956632137298584,0.9154664278030396,15.046751022338867
175.8000030517578,168.8000030517578,132.3000030517578,172.3000030517578,84.4000015258789,102.5,170.10000610351562,47.70000076293945,136.1999969482422,160.60000610351562,60.70000076293945,136.1999969482422,158.39999389648438,86.5999984741211,101.69999694824219,54.546443939208984,1.2456964254379272,1.0609227418899536,1.0333901643753052,0.9540048241615295,0.8976272344589233,15.122760772705078
176.6999969482422,167.60000610351562,134.60000610351562,173.39999389648438,63.599998474121094,122.4000015258789,167.39999389648438,43.70000076293945,143.3000030517578,159.0,58.79999923706055,139.89999389648438,155.3000030517578,87.0,105.5,57.38434982299805,1.2257912158966064,1.0250085592269897,0.9981487393379211,0.9419901371002197,0.9020773768424988,13.136298179626465
177.39999389648438,166.5,132.0,172.0,72.30000305175781,114.5999984741211,168.0,44.5,144.39999389648438,158.6999969482422,60.29999923706055,141.1999969482422,157.3000030517578,85.4000015258789,106.4000015258789,59.19081115722656,1.2083426713943481,1.0441077947616577,1.0087007284164429,0.9528160095214844,0.903520941734314,13.427692413330078
177.1999969482422,167.39999389648438,132.5,173.0,69.5,117.19999694824219,167.5,43.400001525878906,144.6999969482422,157.5,60.5,140.10000610351562,157.60000610351562,86.9000015258789,102.9000015258789,59.10310363769531,1.212246298789978,1.0372302532196045,0.9990637302398682,0.9500681161880493,0.9194269776344299,16.02512550354004
175.8000030517578,167.39999389648438,135.6999969482422,171.3000030517578,80.5,108.69999694824219,170.10000610351562,47.099998474121094,142.5,159.0,61.599998474121094,141.89999389648438,158.5,87.69999694824219,103.69999694824219,53.297264099121094,1.229482650756836,1.0949784517288208,1.0560277700424194,0.991862952709198,0.9348006844520569,15.140901565551758
176.6999969482422,166.6999969482422,135.60000610351562,170.89999389648438,73.0,113.4000015258789,170.89999389648438,42.900001525878906,144.89999389648438,159.60000610351562,58.900001525878906,141.8000030517578,158.3000030517578,87.80000305175781,105.19999694824219,53.07805633544922,1.2194688320159912,1.0913786888122559,1.0500315427780151,0.983253538608551,0.9344348311424255,15.607792854309082
176.89999389648438,166.6999969482422,129.10000610351562,167.1999969482422,58.099998474121094,124.0999984741211,174.8000030517578,31.600000381469727,156.5,163.89999389648438,49.0,149.89999389648438,159.8000030517578,83.69999694824219,107.5999984741211,48.274349212646484,1.1875879764556885,1.1404378414154053,1.075853943824768,1.0167937278747559,0.9665260910987854,14.927634239196777
176.60000610351562,165.3000030517578,126.4000015258789,166.1999969482422,46.400001525878906,134.1999969482422,176.39999389648438,29.299999237060547,160.0,166.0,45.900001525878906,152.1999969482422,161.8000030517578,80.5999984741211,108.9000015258789,46.39672088623047,1.2025872468948364,1.1434332132339478,1.0939141511917114,1.0356528759002686,0.9844685196876526,15.301803588867188
176.8000030517578,164.3000030517578,125.0,166.89999389648438,45.400001525878906,133.1999969482422,176.6999969482422,27.100000381469727,159.8000030517578,166.1999969482422,43.29999923706055,152.1999969482422,162.39999389648438,78.9000015258789,108.4000015258789,44.8182258605957,1.2105097770690918,1.1508272886276245,1.0991997718811035,1.038499116897583,0.9855013489723206,15.881343841552734
177.0,162.6999969482422,126.80000305175781,164.6999969482422,35.0,142.0,179.8000030517578,22.399999618530273,164.89999389648438,169.39999389648438,40.400001525878906,155.10000610351562,164.60000610351562,76.30000305175781,110.30000305175781,43.769683837890625,1.2569516897201538,1.171633005142212,1.1268246173858643,1.0678986310958862,1.0045558214187622,16.488370895385742
175.60000610351562,162.5,126.30000305175781,164.39999389648438,41.20000076293945,137.8000030517578,179.5,20.200000762939453,170.3000030517578,170.6999969482422,37.599998474121094,157.89999389648438,165.60000610351562,76.30000305175781,111.0,42.103275299072266,1.2958011627197266,1.224793791770935,1.1577348709106445,1.1060998439788818,1.0332165956497192,15.989453315734863
177.0,160.10000610351562,122.19999694824219,164.10000610351562,26.5,152.5,179.5,17.600000381469727,173.89999389648438,172.1999969482422,34.400001525878906,162.5,165.5,71.0999984741211,117.30000305175781,42.32880783081055,1.29196298122406,1.2056456804275513,1.1394169330596924,1.0874004364013672,1.0281360149383545,17.073843002319336
176.3000030517578,158.6999969482422,123.80000305175781,163.5,17.399999618530273,159.3000030517578,177.3000030517578,14.199999809265137,179.1999969482422,174.1999969482422,30.399999618530273,166.3000030517578,166.8000030517578,68.19999694824219,119.80000305175781,40.80575180053711,1.3134452104568481,1.2060960531234741,1.1531834602355957,1.0946309566497803,1.026970624923706,16.19852638244629
176.3000030517578,154.89999389648438,127.30000305175781,162.89999389648438,12.199999809265137,164.89999389648438,176.1999969482422,11.5,175.39999389648438,177.0,27.799999237060547,167.0,167.5,65.19999694824219,121.30000305175781,40.74272918701172,1.311854362487793,1.2286406755447388,1.168612003326416,1.1057552099227905,1.040880560874939,16.113473892211914
174.60000610351562,155.3000030517578,132.3000030517578,161.6999969482422,9.699999809265137,167.39999389648438,175.10000610351562,8.600000381469727,175.39999389648438,176.6999969482422,26.399999618530273,165.6999969482422,167.39999389648438,68.30000305175781,118.9000015258789,39.77700424194336,1.3346295356750488,1.2657734155654907,1.1731619834899902,1.1164454221725464,1.0565204620361328,16.603069305419922
175.0,154.6999969482422,127.19999694824219,161.5,11.600000381469727,164.8000030517578,174.60000610351562,8.600000381469727,173.3000030517578,177.3000030517578,26.799999237060547,166.3000030517578,166.8000030517578,70.69999694824219,115.5,40.72109603881836,1.3291784524917603,1.280957579612732,1.1997413635253906,1.142552137374878,1.0694080591201782,16.641647338867188
173.6999969482422,155.3000030517578,131.0,159.8000030517578,5.900000095367432,171.0,172.1999969482422,7.300000190734863,172.0,179.89999389648438,25.700000762939453,165.8000030517578,167.89999389648438,70.5999984741211,114.30000305175781,41.03139877319336,1.3385363817214966,1.2907288074493408,1.2062324285507202,1.1508859395980835,1.065520167350769,16.183605194091797
174.39999389648438,155.39999389648438,123.69999694824219,158.6999969482422,4.300000190734863,178.89999389648438,171.39999389648438,5.0,168.89999389648438,178.6999969482422,23.0,167.10000610351562,172.10000610351562,69.5999984741211,111.4000015258789,41.73344802856445,1.3178937435150146,1.2892146110534668,1.217339038848877,1.1600371599197388,1.071629524230957,15.15976333618164
172.39999389648438,152.89999389648438,127.0,157.39999389648438,8.199999809265137,174.10000610351562,170.1999969482422,3.299999952316284,167.8000030517578,179.0,20.899999618530273,168.1999969482422,169.6999969482422,68.30000305175781,115.5999984741211,42.000370025634766,1.3300940990447998,1.3153051137924194,1.2360866069793701,1.1667779684066772,1.084130048751831,17.124252319335938
173.60000610351562,153.6999969482422,125.69999694824219,158.3000030517578,0.30000001192092896,176.0,170.1999969482422,3.700000047683716,170.1999969482422,177.10000610351562,21.299999237060547,167.39999389648438,171.6999969482422,70.0999984741211,110.80000305175781,41.42238998413086,1.3102116584777832,1.291893720626831,1.2193632125854492,1.1546601057052612,1.069785714149475,15.54621696472168
172.60000610351562,155.0,127.5,158.1999969482422,4.599999904632568,171.8000030517578,170.6999969482422,5.599999904632568,173.6999969482422,178.0,23.200000762939453,166.10000610351562,170.10000610351562,71.4000015258789,111.19999694824219,41.671165466308594,1.3229598999023438,1.2924509048461914,1.2195863723754883,1.16291081905365,1.0791469812393188,16.23033332824707
175.6999969482422,157.10000610351562,118.80000305175781,160.3000030517578,9.899999618530273,165.5,172.1999969482422,8.600000381469727,178.0,178.89999389648438,27.600000381469727,162.0,168.60000610351562,74.4000015258789,108.5,43.42499542236328,1.3036288022994995,1.2503058910369873,1.1913559436798096,1.140851616859436,1.0663748979568481,16.66152572631836
176.1999969482422,160.10000610351562,126.9000015258789,160.8000030517578,17.899999618530273,158.1999969482422,173.39999389648438,10.199999809265137,177.5,176.89999389648438,30.5,159.6999969482422,167.6999969482422,75.30000305175781,109.4000015258789,44.78372573852539,1.3359099626541138,1.2732406854629517,1.2012534141540527,1.1484726667404175,1.064246654510498,17.013957977294922
176.8000030517578,161.39999389648438,127.69999694824219,162.6999969482422,29.200000762939453,147.5,176.60000610351562,17.700000762939453,171.89999389648438,174.39999389648438,35.599998474121094,154.39999389648438,166.6999969482422,77.9000015258789,104.69999694824219,46.37093734741211,1.279089331626892,1.211570143699646,1.1696953773498535,1.1120103597640991,1.0356396436691284,17.24663734436035
179.1999969482422,164.10000610351562,126.5,167.1999969482422,48.29999923706055,133.10000610351562,177.39999389648438,29.399999618530273,159.1999969482422,167.3000030517578,47.099998474121094,147.39999389648438,164.5,78.69999694824219,109.4000015258789,50.205406188964844,1.1803077459335327,1.137111783027649,1.1007503271102905,1.0527666807174683,1.0046073198318481,17.843318939208984
176.0,166.8000030517578,126.5,166.89999389648438,37.0,143.10000610351562,175.8000030517578,27.5,161.60000610351562,165.0,44.79999923706055,151.6999969482422,164.0,79.0999984741211,108.5,49.596187591552734,1.1659767627716064,1.1221659183502197,1.0799691677093506,1.0318682193756104,0.9957680106163025,18.091548919677734
179.10000610351562,165.5,122.30000305175781,167.5,47.29999923706055,132.60000610351562,176.6999969482422,30.100000381469727,155.89999389648438,165.60000610351562,47.5,148.8000030517578,163.39999389648438,79.30000305175781,108.30000305175781,50.06016159057617,1.1551713943481445,1.1346684694290161,1.0943536758422852,1.0397189855575562,0.9903920888900757,16.751075744628906
178.6999969482422,166.1999969482422,125.30000305175781,169.10000610351562,51.79999923706055,130.5,176.1999969482422,33.099998474121094,151.8000030517578,166.60000610351562,49.70000076293945,143.6999969482422,164.0,81.69999694824219,103.5,49.51118469238281,1.1309185028076172,1.1244866847991943,1.0860322713851929,1.0360136032104492,0.9900082945823669,16.977413177490234
177.60000610351562,167.0,127.69999694824219,169.0,71.30000305175781,112.5,176.39999389648438,36.79999923706055,149.60000610351562,165.10000610351562,53.400001525878906,140.60000610351562,164.0,85.0,101.80000305175781,52.26908874511719,1.1310126781463623,1.1325654983520508,1.0925542116165161,1.029305338859558,0.9804893136024475,17.729183197021484
176.8000030517578,167.5,128.0,169.3000030517578,70.0,112.9000015258789,175.1999969482422,38.20000076293945,147.89999389648438,162.5,54.5,142.10000610351562,162.6999969482422,85.80000305175781,102.30000305175781,51.92427444458008,1.1326472759246826,1.1271895170211792,1.0948883295059204,1.0312222242355347,0.9844990968704224,17.018146514892578
177.1999969482422,167.89999389648438,129.5,167.8000030517578,70.19999694824219,113.5999984741211,175.6999969482422,37.5,152.8000030517578,164.6999969482422,53.29999923706055,142.8000030517578,165.5,83.30000305175781,104.5,54.88599395751953,1.146512746810913,1.1193774938583374,1.0963231325149536,1.0386264324188232,0.9801934957504272,18.6337833404541
177.39999389648438,169.10000610351562,127.5999984741211,168.0,63.29999923706055,120.69999694824219,175.0,37.70000076293945,150.8000030517578,162.39999389648438,54.0,144.1999969482422,164.3000030517578,82.0999984741211,105.4000015258789,54.63312530517578,1.1395512819290161,1.1232936382293701,1.0862518548965454,1.033371925354004,0.9816358685493469,18.554012298583984
177.6999969482422,167.39999389648438,130.10000610351562,168.10000610351562,74.5,108.5999984741211,175.60000610351562,37.599998474121094,150.10000610351562,164.89999389648438,55.70000076293945,141.10000610351562,163.3000030517578,85.5999984741211,103.5999984741211,54.71405792236328,1.1500272750854492,1.1168345212936401,1.0847320556640625,1.0295108556747437,0.977519690990448,18.12912940979004
179.0,166.39999389648438,132.39999389648438,167.39999389648438,70.0,113.30000305175781,176.89999389648438,36.599998474121094,150.6999969482422,166.0,53.79999923706055,142.10000610351562,164.60000610351562,83.69999694824219,103.9000015258789,54.523193359375,1.138575553894043,1.1365902423858643,1.0984961986541748,1.0392259359359741,0.9841225743293762,18.525135040283203
178.1999969482422,167.8000030517578,133.1999969482422,167.89999389648438,70.5999984741211,113.19999694824219,176.3000030517578,36.5,151.1999969482422,165.60000610351562,54.099998474121094,142.5,164.39999389648438,84.4000015258789,103.5,54.31984329223633,1.1404136419296265,1.1290408372879028,1.0870388746261597,1.0312260389328003,0.9813104271888733,18.503170013427734
177.60000610351562,168.3000030517578,133.8000030517578,166.6999969482422,68.69999694824219,113.5999984741211,176.6999969482422,35.29999923706055,152.60000610351562,165.8000030517578,53.0,143.1999969482422,164.39999389648438,84.5999984741211,103.5999984741211,55.38154602050781,1.161970615386963,1.1280397176742554,1.087125301361084,1.0328586101531982,0.9770466685295105,17.41653823852539
178.39999389648438,167.0,133.6999969482422,168.10000610351562,69.9000015258789,113.19999694824219,176.10000610351562,37.20000076293945,150.39999389648438,165.60000610351562,55.099998474121094,141.1999969482422,164.5,84.80000305175781,103.0,54.81255340576172,1.147310733795166,1.1190111637115479,1.0909223556518555,1.0355043411254883,0.9861049652099609,19.02981948852539
178.0,167.10000610351562,132.89999389648438,168.8000030517578,65.9000015258789,116.0999984741211,176.10000610351562,35.099998474121094,151.8000030517578,165.6999969482422,54.20000076293945,141.5,164.0,86.0,101.5,53.15943145751953,1.1474746465682983,1.1158208847045898,1.0872658491134644,1.0347751379013062,0.9886268377304077,18.672412872314453
178.39999389648438,167.1999969482422,131.8000030517578,167.6999969482422,64.5,116.19999694824219,176.8000030517578,35.20000076293945,151.60000610351562,165.1999969482422,54.5,142.5,164.0,84.80000305175781,103.4000015258789,53.938411712646484,1.1482239961624146,1.1222935914993286,1.0987316370010376,1.042750597000122,0.989901602268219,18.536426544189453
177.89999389648438,168.6999969482422,132.1999969482422,169.3000030517578,72.19999694824219,111.80000305175781,175.1999969482422,38.79999923706055,148.8000030517578,165.3000030517578,55.0,141.8000030517578,164.5,84.80000305175781,103.19999694824219,55.9388542175293,1.1639255285263062,1.105686068534851,1.077938199043274,1.026795506477356,0.9813072681427002,17.95677947998047
178.1999969482422,167.60000610351562,125.19999694824219,167.89999389648438,64.80000305175781,117.19999694824219,175.60000610351562,36.20000076293945,151.8000030517578,164.5,53.900001525878906,143.89999389648438,164.89999389648438,83.30000305175781,104.5999984741211,52.96122741699219,1.129483699798584,1.1237119436264038,1.092321515083313,1.0419788360595703,0.990969181060791,19.304805755615234
178.3000030517578,164.89999389648438,126.4000015258789,167.6999969482422,55.0,126.0999984741211,177.0,32.5,153.6999969482422,166.0,50.0,145.3000030517578,164.10000610351562,82.69999694824219,104.30000305175781,49.942413330078125,1.1431916952133179,1.1348239183425903,1.0954595804214478,1.0433120727539062,0.9928387403488159,18.150550842285156
177.0,165.6999969482422,128.89999389648438,167.6999969482422,63.400001525878906,118.0999984741211,176.8000030517578,35.70000076293945,149.89999389648438,167.10000610351562,52.29999923706055,140.39999389648438,164.10000610351562,83.0999984741211,103.80000305175781,49.31104278564453,1.145485520362854,1.1275349855422974,1.1001094579696655,1.0426087379455566,0.9810410737991333,17.20242691040039
177.10000610351562,166.1999969482422,127.69999694824219,168.89999389648438,58.20000076293945,121.0,175.89999389648438,34.70000076293945,148.0,164.1999969482422,53.5,140.5,162.1999969482422,85.5,101.0,49.04487991333008,1.1318480968475342,1.110855221748352,1.0748076438903809,1.0227588415145874,0.9740896224975586,17.4692325592041
176.60000610351562,174.6999969482422,169.3000030517578,177.6999969482422,101.5999984741211,92.69999694824219,164.60000610351562,67.0999984741211,126.69999694824219,156.0,83.30000305175781,125.5,149.8000030517578,106.19999694824219,96.9000015258789,57.78972625732422,1.504054069519043,1.0520493984222412,1.0105804204940796,0.9587805867195129,0.8915746212005615,12.338082313537598
175.0,175.60000610351562,167.60000610351562,177.6999969482422,106.0999984741211,90.0,166.39999389648438,67.30000305175781,128.1999969482422,156.89999389648438,83.9000015258789,126.69999694824219,151.89999389648438,108.9000015258789,91.69999694824219,56.3526725769043,1.501876711845398,1.0696046352386475,1.0238109827041626,0.9774825572967529,0.9002870917320251,11.392334938049316
175.89999389648438,175.10000610351562,170.89999389648438,178.1999969482422,103.5,92.5,165.3000030517578,67.30000305175781,125.80000305175781,156.5,82.5,126.19999694824219,151.5,104.9000015258789,95.69999694824219,57.24720764160156,1.5193617343902588,1.0561503171920776,1.008752703666687,0.9557259678840637,0.8888636231422424,11.659337043762207
174.39999389648438,176.89999389648438,168.6999969482422,176.3000030517578,109.0,87.5,166.8000030517578,69.5999984741211,124.30000305175781,155.1999969482422,85.5999984741211,124.4000015258789,150.39999389648438,106.69999694824219,93.80000305175781,54.6959114074707,1.5080655813217163,1.08274245262146,1.040764331817627,0.9693540930747986,0.8975275158882141,11.394457817077637
177.3000030517578,175.10000610351562,165.6999969482422,176.60000610351562,110.5999984741211,83.4000015258789,165.1999969482422,67.4000015258789,125.80000305175781,154.60000610351562,83.69999694824219,122.5,150.60000610351562,105.4000015258789,96.30000305175781,59.4937629699707,1.5243265628814697,1.0664066076278687,1.0183547735214233,0.9542648792266846,0.8975878953933716,13.52487850189209
176.8000030517578,175.0,166.0,176.1999969482422,112.19999694824219,86.0999984741211,164.89999389648438,67.19999694824219,124.4000015258789,156.3000030517578,83.19999694824219,122.9000015258789,153.6999969482422,104.80000305175781,96.0,56.71549987792969,1.4913413524627686,1.0808930397033691,1.0115082263946533,0.9704298973083496,0.9094506502151489,12.331204414367676
174.60000610351562,175.0,169.60000610351562,178.8000030517578,98.19999694824219,97.5999984741211,164.0,65.69999694824219,126.9000015258789,156.6999969482422,84.5,122.5,152.8000030517578,101.69999694824219,98.5,57.12718963623047,1.4955642223358154,1.0462782382965088,1.0133816003799438,0.9813473224639893,0.8907662630081177,12.755335807800293
174.1999969482422,176.10000610351562,178.8000030517578,179.3000030517578,114.80000305175781,80.69999694824219,168.10000610351562,66.0999984741211,124.30000305175781,158.8000030517578,83.19999694824219,122.69999694824219,154.5,104.69999694824219,91.9000015258789,52.75695037841797,1.489604115486145,1.0750614404678345,1.0356948375701904,0.972795844078064,0.899675190448761,12.730695724487305
174.3000030517578,177.10000610351562,176.5,176.39999389648438,89.19999694824219,105.69999694824219,168.0,56.70000076293945,136.0,163.10000610351562,74.0999984741211,124.19999694824219,151.5,99.5,95.9000015258789,56.30126190185547,1.454991102218628,1.0617709159851074,1.0155068635940552,0.9474575519561768,0.8791918754577637,16.163036346435547
173.60000610351562,176.0,179.1999969482422,175.5,81.0999984741211,113.30000305175781,169.5,53.0,137.0,163.60000610351562,72.0999984741211,125.4000015258789,152.3000030517578,98.30000305175781,98.5999984741211,58.3404426574707,1.4450173377990723,1.05349600315094,0.9978116750717163,0.9369865655899048,0.8734011650085449,16.541475296020508
174.0,175.5,177.3000030517578,176.1999969482422,75.5,117.69999694824219,170.0,49.20000076293945,139.89999389648438,164.8000030517578,68.9000015258789,126.4000015258789,153.10000610351562,98.19999694824219,96.9000015258789,58.67063522338867,1.424941897392273,1.042711615562439,0.9967575073242188,0.9407278299331665,0.8781249523162842,16.368858337402344
175.60000610351562,174.5,176.89999389648438,174.10000610351562,79.0999984741211,115.5999984741211,170.8000030517578,53.099998474121094,137.0,166.8000030517578,70.69999694824219,128.1999969482422,155.3000030517578,96.80000305175781,102.30000305175781,58.65080642700195,1.4335238933563232,1.0602954626083374,1.009077787399292,0.961833655834198,0.9007838368415833,15.95481014251709
175.3000030517578,174.3000030517578,171.0,172.0,64.30000305175781,126.30000305175781,173.5,44.29999923706055,144.6999969482422,165.39999389648438,62.099998474121094,133.8000030517578,155.39999389648438,91.0999984741211,104.69999694824219,60.772525787353516,1.3646451234817505,1.0638365745544434,1.0179476737976074,0.9531431198120117,0.9082940816879272,17.441381454467773
177.6999969482422,173.1999969482422,167.0,172.10000610351562,56.79999923706055,132.10000610351562,172.89999389648438,41.099998474121094,146.89999389648438,162.60000610351562,60.79999923706055,136.89999389648438,153.89999389648438,87.69999694824219,106.80000305175781,61.652042388916016,1.3342981338500977,1.0577361583709717,1.0128971338272095,0.9515697956085205,0.9076440930366516,18.25205421447754
179.3000030517578,171.1999969482422,167.5,171.1999969482422,56.70000076293945,130.89999389648438,173.8000030517578,42.20000076293945,143.6999969482422,161.39999389648438,62.5,138.10000610351562,154.60000610351562,89.19999694824219,106.19999694824219,59.4335823059082,1.2930902242660522,1.082466721534729,1.042366623878479,0.9768494367599487,0.9356253147125244,17.771202087402344
177.10000610351562,171.89999389648438,168.1999969482422,175.3000030517578,60.599998474121094,126.30000305175781,171.60000610351562,45.099998474121094,138.10000610351562,159.89999389648438,64.69999694824219,132.60000610351562,154.10000610351562,91.30000305175781,103.0,58.3514404296875,1.3546260595321655,1.0535281896591187,1.0232170820236206,0.9497125744819641,0.9030435681343079,17.879091262817383
175.0,174.89999389648438,169.8000030517578,171.8000030517578,74.4000015258789,117.5999984741211,174.1999969482422,50.0,139.10000610351562,165.89999389648438,67.19999694824219,131.5,157.5,94.80000305175781,99.9000015258789,59.814453125,1.3895503282546997,1.0687583684921265,1.0238943099975586,0.9637218713760376,0.8976547122001648,16.32422637939453
174.39999389648438,174.6999969482422,176.39999389648438,178.60000610351562,99.0,95.19999694824219,167.6999969482422,63.400001525878906,129.3000030517578,162.60000610351562,76.9000015258789,123.0999984741211,154.10000610351562,101.5999984741211,94.5,52.808349609375,1.4781278371810913,1.0644357204437256,1.023737907409668,0.955434262752533,0.8856316208839417,14.030451774597168
173.39999389648438,177.89999389648438,173.1999969482422,177.39999389648438,97.19999694824219,92.69999694824219,161.6999969482422,59.599998474121094,128.89999389648438,152.3000030517578,80.9000015258789,119.69999694824219,147.8000030517578,107.0,91.4000015258789,52.326927185058594,1.4668949842453003,1.021337628364563,0.9787963628768921,0.9101446866989136,0.8774905800819397,15.032723426818848
174.5,174.8000030517578,166.6999969482422,179.8000030517578,106.0999984741211,87.5,162.3000030517578,63.400001525878906,125.5999984741211,152.89999389648438,80.19999694824219,123.0,148.6999969482422,102.5999984741211,97.5,51.603546142578125,1.4502785205841064,1.0525789260864258,0.9874228239059448,0.9041574001312256,0.8595080375671387,14.350314140319824
175.3000030517578,174.8000030517578,159.3000030517578,178.3000030517578,113.4000015258789,83.9000015258789,159.89999389648438,68.9000015258789,124.5999984741211,149.60000610351562,84.0,121.0,148.6999969482422,104.19999694824219,95.5999984741211,49.56503677368164,1.4611085653305054,1.078844428062439,1.003297209739685,0.9022846221923828,0.8610072731971741,12.793510437011719
175.0,174.0,163.3000030517578,178.8000030517578,113.0999984741211,83.69999694824219,162.10000610351562,67.4000015258789,124.9000015258789,151.10000610351562,83.4000015258789,121.80000305175781,148.3000030517578,105.69999694824219,93.80000305175781,50.196624755859375,1.4798258543014526,1.082922101020813,1.0100681781768799,0.912307858467102,0.8569665551185608,13.173466682434082
173.89999389648438,176.10000610351562,164.3000030517578,177.3000030517578,111.4000015258789,87.0,162.5,67.0999984741211,125.9000015258789,150.60000610351562,84.0,122.30000305175781,148.60000610351562,107.0,91.0,49.118553161621094,1.4611760377883911,1.0855183601379395,1.0206959247589111,0.9200925230979919,0.8604610562324524,12.721597671508789
176.6999969482422,179.0,177.10000610351562,179.39999389648438,114.0,84.5999984741211,166.0,65.5,126.69999694824219,153.39999389648438,80.5,125.0,149.60000610351562,105.0,91.4000015258789,53.83443832397461,1.526928186416626,1.1160417795181274,1.0309967994689941,0.9225872159004211,0.8650414943695068,12.389825820922852
177.10000610351562,174.0,180.0,176.6999969482422,112.4000015258789,82.69999694824219,169.6999969482422,63.599998474121094,124.69999694824219,161.60000610351562,80.0999984741211,121.9000015258789,155.3000030517578,104.69999694824219,91.0,57.671234130859375,1.5475282669067383,1.1192151308059692,1.0554050207138062,0.9750595688819885,0.897669792175293,13.428146362304688
178.0,174.6999969482422,176.1999969482422,179.3000030517578,106.4000015258789,90.5,166.5,65.5,126.9000015258789,159.39999389648438,81.5,123.5999984741211,155.10000610351562,104.9000015258789,92.0,56.211769104003906,1.4901434183120728,1.0770387649536133,1.0223699808120728,0.9766690135002136,0.8987690806388855,14.781954765319824
177.1999969482422,175.8000030517578,168.3000030517578,178.5,106.4000015258789,90.0999984741211,167.1999969482422,65.5,125.9000015258789,160.8000030517578,78.9000015258789,123.69999694824219,155.60000610351562,106.0,91.4000015258789,56.543392181396484,1.4766291379928589,1.0794281959533691,1.0164614915847778,0.9687690138816833,0.8982137441635132,11.787530899047852
177.60000610351562,175.1999969482422,164.39999389648438,179.39999389648438,109.5,87.19999694824219,166.6999969482422,66.0,125.4000015258789,160.0,78.30000305175781,123.5,155.39999389648438,104.0,91.9000015258789,55.220420837402344,1.453737497329712,1.0760635137557983,1.0157902240753174,0.9645454287528992,0.8924724459648132,13.210962295532227
177.10000610351562,174.3000030517578,166.10000610351562,179.10000610351562,109.5,85.19999694824219,167.1999969482422,63.70000076293945,127.0,159.39999389648438,80.0,123.0999984741211,155.10000610351562,105.80000305175781,89.0999984741211,55.81010055541992,1.461545467376709,1.0775036811828613,1.0264581441879272,0.9727030992507935,0.9001526236534119,13.329548835754395
177.6999969482422,174.5,167.39999389648438,178.8000030517578,112.5999984741211,86.5999984741211,166.39999389648438,66.69999694824219,124.5999984741211,159.89999389648438,78.9000015258789,122.19999694824219,155.6999969482422,102.9000015258789,91.5999984741211,55.620323181152344,1.459364891052246,1.090912103652954,1.0144686698913574,0.9563286900520325,0.8825521469116211,13.378284454345703
178.1999969482422,175.1999969482422,159.60000610351562,179.60000610351562,107.4000015258789,91.80000305175781,166.6999969482422,64.0,127.4000015258789,159.39999389648438,79.19999694824219,123.80000305175781,157.60000610351562,101.5999984741211,94.0999984741211,55.70110321044922,1.4604440927505493,1.0861475467681885,1.021758794784546,0.9740388989448547,0.899687647819519,13.661039352416992
177.39999389648438,175.10000610351562,156.0,179.1999969482422,114.30000305175781,84.0999984741211,167.3000030517578,65.5999984741211,128.39999389648438,159.60000610351562,80.0,123.80000305175781,156.0,102.4000015258789,91.5,53.787776947021484,1.4402122497558594,1.110946536064148,1.0475478172302246,0.9655399918556213,0.88368821144104,12.212520599365234
176.6999969482422,176.89999389648438,154.6999969482422,179.6999969482422,106.9000015258789,90.69999694824219,166.60000610351562,62.0,128.5,157.89999389648438,77.30000305175781,127.4000015258789,155.3000030517578,103.9000015258789,91.9000015258789,53.851200103759766,1.4387511014938354,1.1011731624603271,1.0175310373306274,0.9543578624725342,0.8851386308670044,11.791939735412598
177.8000030517578,173.39999389648438,152.60000610351562,177.0,114.0,83.80000305175781,168.5,62.599998474121094,128.3000030517578,160.8000030517578,76.19999694824219,126.30000305175781,155.39999389648438,100.69999694824219,93.0,54.506195068359375,1.4142118692398071,1.104597806930542,1.0315802097320557,0.9578649997711182,0.8796212077140808,14.628986358642578
177.60000610351562,172.8000030517578,153.6999969482422,175.60000610351562,114.19999694824219,84.30000305175781,170.1999969482422,60.099998474121094,130.10000610351562,162.6999969482422,74.30000305175781,127.4000015258789,156.0,99.9000015258789,92.19999694824219,55.73177719116211,1.423521876335144,1.1122554540634155,1.0308796167373657,0.9637694954872131,0.8705655932426453,11.781363487243652
177.60000610351562,171.89999389648438,158.60000610351562,174.6999969482422,109.69999694824219,88.30000305175781,171.8000030517578,57.900001525878906,132.5,162.60000610351562,71.4000015258789,130.5,156.5,99.0,93.19999694824219,58.423561096191406,1.4397289752960205,1.1086841821670532,1.037150502204895,0.95840984582901,0.8705738186836243,12.58459186553955
176.39999389648438,173.60000610351562,157.39999389648438,175.60000610351562,105.19999694824219,88.5999984741211,172.1999969482422,57.70000076293945,130.10000610351562,159.3000030517578,73.0999984741211,129.10000610351562,154.0,99.19999694824219,92.0,55.81148147583008,1.4286216497421265,1.1055184602737427,1.0350056886672974,0.9526931643486023,0.875099241733551,12.45297622680664
176.39999389648438,173.6999969482422,162.6999969482422,176.0,92.4000015258789,99.80000305175781,171.60000610351562,56.400001525878906,129.1999969482422,159.60000610351562,73.30000305175781,127.5999984741211,154.39999389648438,97.0,94.69999694824219,57.15589141845703,1.4434791803359985,1.074163556098938,1.0292142629623413,0.958457887172699,0.8835026621818542,12.969404220581055
175.60000610351562,174.3000030517578,159.0,175.8000030517578,78.30000305175781,110.5,171.60000610351562,51.29999923706055,131.39999389648438,160.60000610351562,69.69999694824219,128.10000610351562,155.3000030517578,94.19999694824219,95.30000305175781,58.9765739440918,1.3904465436935425,1.0626246929168701,1.0177927017211914,0.9519387483596802,0.8828616142272949,13.878182411193848
176.39999389648438,174.10000610351562,157.39999389648438,176.1999969482422,83.5999984741211,107.9000015258789,169.3000030517578,54.099998474121094,131.8000030517578,163.1999969482422,71.0,127.4000015258789,156.8000030517578,93.5999984741211,96.0999984741211,59.42466735839844,1.406894326210022,1.044557809829712,1.0017802715301514,0.9560555815696716,0.8719413876533508,14.531824111938477
179.39999389648438,170.0,144.6999969482422,174.0,105.9000015258789,89.19999694824219,170.6999969482422,57.599998474121094,131.3000030517578,164.0,72.9000015258789,128.10000610351562,160.3000030517578,95.30000305175781,93.4000015258789,56.413909912109375,1.371557593345642,1.1023858785629272,1.0378952026367188,0.9723790884017944,0.8829684257507324,14.758126258850098
176.3000030517578,172.3000030517578,155.3000030517578,171.89999389648438,105.9000015258789,89.80000305175781,171.0,53.5,138.0,164.0,71.80000305175781,129.5,159.8000030517578,96.69999694824219,96.0,56.798763275146484,1.4173657894134521,1.1043294668197632,1.0308516025543213,0.974971354007721,0.8921367526054382,13.357258796691895
173.5,175.10000610351562,159.10000610351562,174.39999389648438,91.19999694824219,98.19999694824219,170.10000610351562,51.79999923706055,136.10000610351562,162.8000030517578,71.9000015258789,126.0,158.8000030517578,98.5,92.30000305175781,57.242305755615234,1.4510388374328613,1.0408334732055664,0.9997424483299255,0.947471022605896,0.8787197470664978,14.760031700134277
172.0,176.39999389648438,168.1999969482422,178.0,86.0999984741211,110.5999984741211,165.39999389648438,60.20000076293945,134.89999389648438,160.10000610351562,74.80000305175781,127.30000305175781,157.5,95.19999694824219,102.69999694824219,56.842674255371094,1.4475873708724976,1.0122754573822021,0.993034839630127,0.9541043639183044,0.8959140777587891,14.174960136413574
171.0,175.8000030517578,170.8000030517578,176.6999969482422,90.80000305175781,106.9000015258789,164.1999969482422,64.30000305175781,132.6999969482422,159.5,77.0999984741211,127.5,157.89999389648438,97.30000305175781,102.0999984741211,56.058231353759766,1.4655561447143555,1.0235977172851562,1.0008915662765503,0.9541297554969788,0.9122610092163086,16.170982360839844
172.5,174.3000030517578,169.6999969482422,174.1999969482422,88.0999984741211,108.80000305175781,164.6999969482422,62.900001525878906,133.39999389648438,157.60000610351562,77.5,127.30000305175781,157.39999389648438,96.9000015258789,98.4000015258789,57.23263168334961,1.4614801406860352,1.0298941135406494,0.9919848442077637,0.9387034177780151,0.8994815945625305,17.29766273498535
173.10000610351562,174.1999969482422,169.60000610351562,174.0,93.4000015258789,102.9000015258789,164.1999969482422,61.70000076293945,134.10000610351562,154.1999969482422,76.4000015258789,129.0,154.1999969482422,96.5999984741211,98.9000015258789,56.292274475097656,1.4463481903076172,1.035764455795288,0.9782789349555969,0.903784990310669,0.8793485164642334,19.143823623657227
172.3000030517578,175.0,172.39999389648438,174.5,97.80000305175781,98.0,164.5,64.19999694824219,131.60000610351562,158.60000610351562,77.9000015258789,127.69999694824219,155.10000610351562,101.69999694824219,97.19999694824219,52.66726303100586,1.4716873168945312,1.0591528415679932,1.0066577196121216,0.9498450756072998,0.9111672639846802,13.799614906311035
171.6999969482422,177.0,168.39999389648438,174.39999389648438,91.19999694824219,105.5,162.10000610351562,61.900001525878906,138.5,160.39999389648438,73.69999694824219,129.3000030517578,159.8000030517578,92.9000015258789,105.80000305175781,53.9250373840332,1.4552165269851685,1.0235259532928467,0.9741121530532837,0.9264653325080872,0.900509238243103,15.586764335632324
173.8000030517578,174.60000610351562,158.3000030517578,171.1999969482422,94.80000305175781,99.4000015258789,164.10000610351562,61.5,138.8000030517578,159.3000030517578,76.5999984741211,132.8000030517578,166.3000030517578,90.5,102.30000305175781,55.13288497924805,1.4209109544754028,1.0494436025619507,1.0067203044891357,0.94977867603302,0.9262481331825256,21.983407974243164
173.10000610351562,175.60000610351562,159.5,173.1999969482422,106.0,91.5999984741211,166.0,69.80000305175781,128.5,156.60000610351562,79.80000305175781,129.89999389648438,158.1999969482422,97.0,97.4000015258789,51.94784927368164,1.4592477083206177,1.0843827724456787,1.0415343046188354,0.9470338225364685,0.9046134948730469,16.282766342163086
175.6999969482422,171.1999969482422,149.89999389648438,170.5,168.39999389648438,174.89999389648438,165.39999389648438,85.5999984741211,121.9000015258789,151.6999969482422,86.5999984741211,132.39999389648438,150.6999969482422,107.80000305175781,108.4000015258789,50.717506408691406,1.3901405334472656,1.393675684928894,1.12571382522583,0.9875495433807373,0.9568927884101868,15.630777359008789
173.89999389648438,172.89999389648438,165.10000610351562,177.10000610351562,119.9000015258789,79.4000015258789,164.5,81.5,121.0999984741211,153.60000610351562,95.80000305175781,123.5999984741211,155.89999389648438,113.4000015258789,103.69999694824219,52.24525451660156,1.4566216468811035,1.1048766374588013,1.0856823921203613,1.0324832201004028,1.0094496011734009,14.790005683898926
174.39999389648438,172.10000610351562,148.1999969482422,172.60000610351562,97.30000305175781,93.30000305175781,169.5,56.0,136.0,162.1999969482422,72.0999984741211,130.5,159.6999969482422,96.9000015258789,96.80000305175781,56.05898666381836,1.378123164176941,1.0611953735351562,1.0345053672790527,0.9811164140701294,0.9264035820960999,12.562935829162598
178.3000030517578,173.10000610351562,153.6999969482422,174.60000610351562,109.9000015258789,86.0999984741211,167.6999969482422,70.80000305175781,129.5,160.0,84.80000305175781,129.6999969482422,159.39999389648438,104.0,101.0999984741211,58.12251663208008,1.396728277206421,1.0844398736953735,1.0921216011047363,1.0540040731430054,0.9853570461273193,11.473736763000488
178.0,171.1999969482422,165.39999389648438,173.5,88.30000305175781,104.9000015258789,166.5,56.599998474121094,133.89999389648438,158.6999969482422,77.0999984741211,130.39999389648438,154.5,96.5,105.0999984741211,58.53553009033203,1.382476806640625,1.0376561880111694,1.01446533203125,0.9738996028900146,0.9250981211662292,11.627628326416016
177.0,174.10000610351562,164.5,176.8000030517578,101.0999984741211,94.30000305175781,162.8000030517578,67.0,129.39999389648438,152.39999389648438,87.5999984741211,125.0,151.60000610351562,102.5,100.80000305175781,55.3640022277832,1.4181771278381348,1.0559676885604858,1.0394362211227417,0.9887180924415588,0.9424485564231873,12.639348030090332
179.1999969482422,172.1999969482422,164.0,179.8000030517578,100.69999694824219,95.0,160.3000030517578,68.0,127.5999984741211,150.3000030517578,87.0,126.4000015258789,154.60000610351562,100.69999694824219,103.69999694824219,55.5989990234375,1.3754171133041382,1.0286643505096436,1.0261366367340088,0.9855391979217529,0.9569429755210876,13.058579444885254
176.39999389648438,174.3000030517578,160.5,178.89999389648438,106.30000305175781,91.19999694824219,164.5,67.30000305175781,129.60000610351562,153.3000030517578,84.9000015258789,128.5,154.10000610351562,101.80000305175781,100.69999694824219,55.13060760498047,1.4055907726287842,1.047207236289978,1.06084406375885,1.0008536577224731,0.9479280114173889,12.068735122680664
177.39999389648438,170.89999389648438,161.1999969482422,178.0,107.4000015258789,85.5,161.0,67.5999984741211,125.19999694824219,149.3000030517578,91.0,122.69999694824219,151.89999389648438,107.80000305175781,96.0999984741211,53.11991500854492,1.4013752937316895,1.0409821271896362,1.051290512084961,1.008203148841858,0.9613047242164612,13.049736976623535
178.8000030517578,174.10000610351562,161.8000030517578,178.5,112.9000015258789,86.19999694824219,158.5,77.9000015258789,125.0,148.89999389648438,93.5999984741211,122.5,148.10000610351562,107.9000015258789,103.30000305175781,53.80353927612305,1.4198466539382935,1.0780738592147827,1.060448169708252,1.0043660402297974,0.955287754535675,10.412379264831543
176.8000030517578,170.5,156.5,175.6999969482422,118.69999694824219,78.19999694824219,166.8000030517578,74.69999694824219,125.5999984741211,161.0,87.5999984741211,124.30000305175781,156.0,107.19999694824219,92.9000015258789,51.975196838378906,1.4384328126907349,1.1087738275527954,1.100687861442566,1.0383633375167847,0.9475112557411194,11.380472183227539
172.8000030517578,171.0,155.0,170.89999389648438,110.9000015258789,77.4000015258789,169.10000610351562,70.69999694824219,124.5999984741211,161.8000030517578,80.80000305175781,124.69999694824219,156.6999969482422,105.0999984741211,91.5,52.91341018676758,1.4211887121200562,1.0808627605438232,1.1037120819091797,1.0282460451126099,0.9609313011169434,9.100249290466309
174.1999969482422,173.0,152.60000610351562,171.1999969482422,127.69999694824219,65.9000015258789,168.60000610351562,72.80000305175781,127.0,161.0,82.9000015258789,128.89999389648438,157.60000610351562,104.9000015258789,97.69999694824219,53.66608810424805,1.4079629182815552,1.1202422380447388,1.088221788406372,1.0315685272216797,0.9717979431152344,11.094500541687012
174.8000030517578,172.0,148.6999969482422,171.60000610351562,121.5,73.69999694824219,170.5,77.19999694824219,118.5999984741211,162.5,86.4000015258789,124.30000305175781,155.89999389648438,110.0999984741211,92.5,51.34428787231445,1.4001680612564087,1.1311275959014893,1.1213178634643555,1.0543698072433472,0.9778304100036621,10.750123023986816
177.6999969482422,177.0,149.39999389648438,175.6999969482422,118.5999984741211,88.19999694824219,161.0,81.9000015258789,127.19999694824219,154.10000610351562,95.69999694824219,125.80000305175781,158.6999969482422,109.30000305175781,98.9000015258789,52.37971115112305,1.4140920639038086,1.1358258724212646,1.0904502868652344,1.0639750957489014,1.0071972608566284,11.730609893798828
177.10000610351562,175.0,158.0,178.10000610351562,110.0,84.5999984741211,160.1999969482422,70.5,127.69999694824219,152.6999969482422,85.9000015258789,122.80000305175781,151.0,102.0,98.19999694824219,51.33417510986328,1.4424070119857788,1.0880231857299805,1.0378280878067017,0.9776730537414551,0.9339578151702881,10.935969352722168
178.6999969482422,174.0,161.1999969482422,178.89999389648438,109.19999694824219,89.0999984741211,158.39999389648438,73.69999694824219,124.5999984741211,150.6999969482422,90.4000015258789,121.69999694824219,152.10000610351562,103.5999984741211,100.5999984741211,51.60139846801758,1.411213755607605,1.062512755393982,1.046905755996704,1.0010244846343994,0.9589928984642029,11.709417343139648
178.89999389648438,173.3000030517578,164.10000610351562,179.0,106.5999984741211,88.0999984741211,157.6999969482422,71.9000015258789,123.9000015258789,148.8000030517578,89.0999984741211,120.19999694824219,149.89999389648438,102.69999694824219,101.9000015258789,52.596343994140625,1.4467289447784424,1.0467617511749268,1.0255920886993408,0.9627771973609924,0.9391308426856995,11.731620788574219
175.89999389648438,174.8000030517578,162.39999389648438,177.8000030517578,101.69999694824219,94.5999984741211,158.0,71.4000015258789,121.5,149.0,89.5,119.9000015258789,150.39999389648438,104.80000305175781,96.5,49.747589111328125,1.4324473142623901,1.0562316179275513,1.0275959968566895,0.9786165952682495,0.9415932893753052,11.717997550964355
179.6999969482422,172.39999389648438,156.10000610351562,179.89999389648438,114.80000305175781,85.5,158.8000030517578,78.30000305175781,125.19999694824219,152.3000030517578,90.5,122.9000015258789,151.6999969482422,106.9000015258789,99.80000305175781,51.55959701538086,1.4061312675476074,1.1016290187835693,1.070858120918274,1.0203163623809814,0.9666959047317505,10.729436874389648
176.10000610351562,170.89999389648438,150.60000610351562,172.39999389648438,118.69999694824219,75.30000305175781,168.89999389648438,75.19999694824219,121.0999984741211,162.89999389648438,85.5,123.0999984741211,157.5,105.9000015258789,92.19999694824219,50.700496673583984,1.3974226713180542,1.1169357299804688,1.1142833232879639,1.047245740890503,0.9609833359718323,10.263272285461426
175.3000030517578,169.5,149.3000030517578,171.8000030517578,90.0,96.0999984741211,173.10000610351562,56.5,135.1999969482422,168.8000030517578,65.5999984741211,133.6999969482422,158.8000030517578,95.80000305175781,93.19999694824219,53.32014846801758,1.3306962251663208,1.0735688209533691,1.0961627960205078,1.0238205194473267,0.940256655216217,11.216742515563965
174.8000030517578,170.3000030517578,150.6999969482422,172.89999389648438,85.0,99.5999984741211,171.3000030517578,57.0,131.3000030517578,167.1999969482422,67.0,130.3000030517578,159.10000610351562,95.19999694824219,90.5,54.83135223388672,1.375795841217041,1.039754033088684,1.0687540769577026,1.001038670539856,0.9183484315872192,11.110218048095703
177.1999969482422,166.60000610351562,149.10000610351562,172.60000610351562,89.19999694824219,96.30000305175781,171.6999969482422,54.599998474121094,130.10000610351562,166.0,67.80000305175781,128.8000030517578,157.0,97.30000305175781,90.80000305175781,54.59788513183594,1.3448280096054077,1.0516866445541382,1.0671483278274536,1.0012856721878052,0.9332737922668457,13.109790802001953
176.6999969482422,168.3000030517578,149.10000610351562,172.0,82.0,103.30000305175781,172.0,52.099998474121094,134.89999389648438,167.10000610351562,63.0,135.5,158.60000610351562,91.9000015258789,94.80000305175781,55.21165084838867,1.3333361148834229,1.0489615201950073,1.0668519735336304,1.005233645439148,0.9296653270721436,13.317471504211426
176.10000610351562,168.39999389648438,145.0,173.0,83.4000015258789,101.80000305175781,171.1999969482422,56.099998474121094,132.8000030517578,165.8000030517578,66.0999984741211,134.10000610351562,159.3000030517578,93.19999694824219,95.19999694824219,54.85444641113281,1.3447970151901245,1.0434354543685913,1.0780645608901978,1.0041298866271973,0.9380297660827637,12.545403480529785
175.3000030517578,171.3000030517578,152.39999389648438,172.60000610351562,86.5999984741211,95.80000305175781,167.89999389648438,60.20000076293945,133.5,165.8000030517578,70.30000305175781,129.6999969482422,160.3000030517578,95.5999984741211,94.4000015258789,57.13543701171875,1.391780972480774,1.028975248336792,1.057903528213501,1.0007855892181396,0.9450180530548096,11.2219877243042
175.10000610351562,171.6999969482422,156.89999389648438,174.5,102.30000305175781,92.0,167.39999389648438,71.0999984741211,128.6999969482422,164.10000610351562,80.19999694824219,127.5999984741211,159.89999389648438,100.4000015258789,96.0,53.54296875,1.4023621082305908,1.069174885749817,1.0806677341461182,1.026533842086792,0.9403770565986633,8.789955139160156
174.1999969482422,172.1999969482422,156.8000030517578,176.0,104.69999694824219,91.9000015258789,166.0,72.5,122.80000305175781,159.5,83.9000015258789,126.0,156.1999969482422,101.5999984741211,98.5,51.10797119140625,1.4110162258148193,1.0866515636444092,1.0738292932510376,1.0092812776565552,0.9265329837799072,9.696453094482422
176.0,171.0,158.5,175.0,116.19999694824219,81.69999694824219,167.10000610351562,73.80000305175781,125.69999694824219,160.89999389648438,86.5999984741211,125.0,158.0,104.30000305175781,99.0999984741211,52.69074630737305,1.4238659143447876,1.130967617034912,1.1099498271942139,1.04523766040802,0.9633856415748596,10.253331184387207
177.39999389648438,172.89999389648438,161.1999969482422,174.89999389648438,105.69999694824219,88.9000015258789,165.39999389648438,70.30000305175781,124.9000015258789,157.39999389648438,83.19999694824219,127.0999984741211,152.8000030517578,101.19999694824219,101.19999694824219,54.78650665283203,1.4626245498657227,1.1097218990325928,1.079473614692688,1.0051217079162598,0.9351789355278015,11.120680809020996
171.0,172.1999969482422,163.89999389648438,177.6999969482422,80.4000015258789,110.9000015258789,171.0,49.70000076293945,135.1999969482422,160.0,66.69999694824219,129.60000610351562,155.89999389648438,88.30000305175781,100.30000305175781,56.67129135131836,1.3910281658172607,1.0369592905044556,1.0077531337738037,0.9214266538619995,0.8638623952865601,16.589580535888672
171.3000030517578,173.0,163.5,177.1999969482422,85.5,106.80000305175781,170.0,54.0,131.8000030517578,159.6999969482422,67.5,129.8000030517578,155.6999969482422,88.69999694824219,99.5,56.46356201171875,1.4352335929870605,1.0466417074203491,1.0066733360290527,0.923069179058075,0.8662720918655396,15.646007537841797
171.10000610351562,173.60000610351562,163.0,176.10000610351562,86.0,105.9000015258789,170.89999389648438,50.599998474121094,135.6999969482422,161.0,66.5,130.60000610351562,157.1999969482422,89.30000305175781,99.5999984741211,57.50848388671875,1.4380425214767456,1.0521984100341797,1.0091007947921753,0.9281504154205322,0.8715074062347412,16.393470764160156
171.39999389648438,173.89999389648438,163.3000030517578,175.10000610351562,94.5999984741211,98.0999984741211,171.60000610351562,57.0,132.6999969482422,163.39999389648438,69.0,129.6999969482422,157.5,94.30000305175781,93.80000305175781,55.18194580078125,1.4629608392715454,1.0723906755447388,1.0382106304168701,0.9546604156494141,0.8800644278526306,13.844144821166992
172.1999969482422,174.8000030517578,164.60000610351562,175.6999969482422,90.80000305175781,100.69999694824219,169.89999389648438,55.5,131.5,161.89999389648438,68.9000015258789,129.39999389648438,156.5,94.0999984741211,94.4000015258789,55.180091857910156,1.4437518119812012,1.055705189704895,1.0233120918273926,0.9437721371650696,0.8784769773483276,13.192749977111816
174.8000030517578,172.60000610351562,167.8000030517578,174.60000610351562,95.9000015258789,95.19999694824219,170.89999389648438,56.5,131.10000610351562,164.10000610351562,71.30000305175781,129.0,156.3000030517578,97.30000305175781,92.9000015258789,55.52922058105469,1.4609414339065552,1.0878804922103882,1.0474716424942017,0.9686034917831421,0.8886933326721191,12.921113014221191
174.60000610351562,175.10000610351562,175.10000610351562,177.5,96.19999694824219,95.30000305175781,170.1999969482422,58.599998474121094,129.39999389648438,163.10000610351562,75.80000305175781,124.5,156.5,98.69999694824219,91.0,55.673763275146484,1.4788066148757935,1.0704985857009888,1.0456395149230957,0.9875146746635437,0.8998070359230042,12.237900733947754
178.0,174.5,166.5,174.5,95.5999984741211,97.69999694824219,173.10000610351562,56.70000076293945,130.89999389648438,165.89999389648438,75.5,125.0999984741211,158.39999389648438,99.4000015258789,91.5999984741211,58.2774772644043,1.457016110420227,1.0839550495147705,1.0550711154937744,1.0018943548202515,0.9116528630256653,12.538349151611328
178.5,174.1999969482422,171.60000610351562,175.0,102.0999984741211,92.0,173.3000030517578,59.70000076293945,130.0,165.6999969482422,78.0,124.69999694824219,158.39999389648438,101.5,89.9000015258789,58.098228454589844,1.511417031288147,1.1010305881500244,1.066605567932129,1.0025641918182373,0.904008150100708,12.900620460510254
177.10000610351562,174.5,170.89999389648438,175.39999389648438,104.69999694824219,88.5999984741211,171.3000030517578,60.29999923706055,127.9000015258789,163.5,77.5,122.4000015258789,156.3000030517578,102.30000305175781,87.30000305175781,56.9282341003418,1.5031144618988037,1.0880085229873657,1.0433732271194458,0.980434000492096,0.889653742313385,13.944150924682617
179.10000610351562,174.10000610351562,166.3000030517578,173.39999389648438,102.30000305175781,90.5999984741211,173.10000610351562,60.400001525878906,128.60000610351562,166.3000030517578,77.80000305175781,122.19999694824219,159.5,100.80000305175781,88.5999984741211,59.923954010009766,1.5119415521621704,1.0941399335861206,1.0566935539245605,1.003954291343689,0.8974774479866028,13.075798988342285
178.3000030517578,173.8000030517578,170.89999389648438,174.5,104.0999984741211,90.30000305175781,171.8000030517578,61.099998474121094,129.6999969482422,165.3000030517578,75.80000305175781,125.9000015258789,158.39999389648438,100.9000015258789,88.0,58.04482650756836,1.5213215351104736,1.0944072008132935,1.0399633646011353,0.9785350561141968,0.8768098950386047,13.303084373474121
178.60000610351562,174.0,171.3000030517578,175.5,102.9000015258789,91.69999694824219,171.39999389648438,62.79999923706055,125.69999694824219,164.0,79.9000015258789,123.69999694824219,157.8000030517578,102.80000305175781,88.5999984741211,57.99070358276367,1.5257071256637573,1.0970786809921265,1.0479884147644043,0.9984372854232788,0.8934822082519531,12.817520141601562
177.5,173.1999969482422,167.3000030517578,174.39999389648438,102.69999694824219,90.4000015258789,172.0,61.29999923706055,127.5999984741211,164.1999969482422,80.0,124.19999694824219,159.1999969482422,99.9000015258789,91.30000305175781,58.45754623413086,1.4931724071502686,1.0908147096633911,1.0504834651947021,1.005957007408142,0.8961484432220459,13.193741798400879
175.89999389648438,174.39999389648438,168.5,174.5,105.69999694824219,88.0999984741211,172.10000610351562,60.20000076293945,128.3000030517578,162.10000610351562,76.5,126.5999984741211,157.89999389648438,100.5999984741211,89.5,59.40406799316406,1.5211313962936401,1.0874788761138916,1.033844232559204,0.9678187966346741,0.8750120401382446,13.613967895507812
177.1999969482422,173.39999389648438,169.6999969482422,175.39999389648438,104.5,90.5999984741211,171.39999389648438,58.79999923706055,128.8000030517578,163.3000030517578,74.69999694824219,126.4000015258789,158.5,96.4000015258789,94.5999984741211,59.483924865722656,1.5049461126327515,1.0756711959838867,1.0264629125595093,0.9671985507011414,0.87806636095047,14.086470603942871
176.6999969482422,174.39999389648438,172.3000030517578,173.6999969482422,98.9000015258789,95.0,171.39999389648438,58.20000076293945,130.39999389648438,163.0,75.30000305175781,126.9000015258789,157.3000030517578,97.5999984741211,93.80000305175781,60.1200065612793,1.4980213642120361,1.0744324922561646,1.0250318050384521,0.9708943963050842,0.8850781917572021,15.087774276733398
175.60000610351562,176.60000610351562,169.0,175.5,109.9000015258789,86.19999694824219,169.39999389648438,65.5,127.9000015258789,162.8000030517578,80.19999694824219,125.0,160.10000610351562,96.5999984741211,93.0999984741211,55.7117805480957,1.522877812385559,1.0867283344268799,1.0473099946975708,0.9849295616149902,0.8885571360588074,12.300360679626465
177.60000610351562,175.0,173.60000610351562,177.10000610351562,122.0999984741211,77.4000015258789,169.1999969482422,68.80000305175781,122.5999984741211,159.0,86.5999984741211,121.0999984741211,155.3000030517578,104.80000305175781,90.30000305175781,53.21868133544922,1.570495367050171,1.1378518342971802,1.0767654180526733,0.9900240302085876,0.9147245287895203,14.052421569824219
178.8000030517578,175.60000610351562,169.1999969482422,175.8000030517578,126.19999694824219,73.5,166.60000610351562,68.4000015258789,125.0,152.10000610351562,86.0999984741211,123.19999694824219,149.6999969482422,107.5,89.5999984741211,52.9244384765625,1.5260440111160278,1.1669573783874512,1.0597400665283203,0.9359060525894165,0.8835315704345703,13.996031761169434
178.10000610351562,175.60000610351562,171.3000030517578,179.39999389648438,124.30000305175781,74.5999984741211,164.5,69.19999694824219,124.0999984741211,153.6999969482422,87.19999694824219,121.5,150.0,110.5999984741211,89.9000015258789,52.76777648925781,1.5688621997833252,1.1374619007110596,1.0495086908340454,0.955145001411438,0.9039678573608398,13.329679489135742
