178.89999389648438,174.8000030517578,158.39999389648438,139.8000030517578,143.89999389648438,127.4000015258789,164.60000610351562,167.6999969482422,175.60000610351562,162.60000610351562,163.10000610351562,173.1999969482422,173.60000610351562,168.8000030517578,168.1999969482422,32.62955856323242,1.186754822731018,1.2567286491394043,1.9112764596939087,1.8463232517242432,1.5762083530426025,19.42123794555664
179.89999389648438,174.89999389648438,157.60000610351562,140.60000610351562,142.89999389648438,127.69999694824219,165.10000610351562,167.6999969482422,176.0,163.0,163.5,174.39999389648438,174.0,168.8000030517578,168.10000610351562,31.777801513671875,1.1927846670150757,1.2599186897277832,1.9003523588180542,1.8359943628311157,1.5657844543457031,19.498332977294922
179.5,175.3000030517578,157.10000610351562,140.3000030517578,144.60000610351562,126.80000305175781,165.0,167.6999969482422,176.5,163.3000030517578,162.0,172.5,174.1999969482422,169.3000030517578,168.89999389648438,34.40730285644531,1.1953860521316528,1.2542550563812256,1.8972980976104736,1.8284289836883545,1.5558606386184692,19.227519989013672
179.1999969482422,174.8000030517578,157.3000030517578,140.60000610351562,144.8000030517578,126.9000015258789,164.39999389648438,169.5,178.10000610351562,162.8000030517578,164.10000610351562,174.10000610351562,174.10000610351562,170.10000610351562,169.0,32.55033874511719,1.188452959060669,1.260007381439209,1.893647313117981,1.8249939680099487,1.55122971534729,19.72014045715332
179.8000030517578,173.5,152.60000610351562,141.6999969482422,145.6999969482422,128.10000610351562,166.10000610351562,169.89999389648438,177.8000030517578,163.3000030517578,166.10000610351562,175.10000610351562,175.60000610351562,170.3000030517578,168.6999969482422,30.872329711914062,1.2020725011825562,1.2837586402893066,1.904703140258789,1.8415557146072388,1.562943696975708,20.855220794677734
178.6999969482422,171.3000030517578,149.10000610351562,145.60000610351562,141.3000030517578,130.60000610351562,169.39999389648438,167.60000610351562,176.0,165.5,166.8000030517578,175.8000030517578,179.0,170.6999969482422,167.0,27.30231285095215,1.2031745910644531,1.3130600452423096,1.9074745178222656,1.8401148319244385,1.5669137239456177,22.822858810424805
178.5,169.6999969482422,148.89999389648438,149.3000030517578,136.1999969482422,130.5,168.5,169.39999389648438,175.3000030517578,165.6999969482422,167.1999969482422,176.10000610351562,179.1999969482422,170.60000610351562,167.5,26.137168884277344,1.228851318359375,1.3507730960845947,1.9204555749893188,1.8453783988952637,1.5892868041992188,25.279367446899414
179.89999389648438,167.1999969482422,144.10000610351562,151.89999389648438,133.6999969482422,131.6999969482422,170.6999969482422,170.10000610351562,174.8000030517578,166.89999389648438,170.60000610351562,180.0,176.5,169.89999389648438,169.6999969482422,23.981042861938477,1.2243456840515137,1.3932294845581055,1.949994444847107,1.8641127347946167,1.6049485206604004,26.9667911529541
179.60000610351562,166.3000030517578,139.60000610351562,154.60000610351562,127.69999694824219,133.0,172.10000610351562,169.8000030517578,174.89999389648438,167.1999969482422,173.60000610351562,176.60000610351562,173.3000030517578,168.0,168.5,24.364765167236328,1.2465858459472656,1.4358787536621094,1.9753779172897339,1.8760547637939453,1.611258625984192,30.471927642822266
178.8000030517578,166.0,139.60000610351562,154.5,129.10000610351562,130.39999389648438,173.6999969482422,168.6999969482422,173.6999969482422,168.6999969482422,172.5,177.3000030517578,171.10000610351562,166.6999969482422,170.60000610351562,21.924041748046875,1.2713438272476196,1.4619568586349487,1.9752498865127563,1.8715577125549316,1.6129437685012817,31.598047256469727
179.6999969482422,167.10000610351562,138.3000030517578,155.3000030517578,123.5999984741211,133.5,175.0,170.10000610351562,174.60000610351562,169.10000610351562,174.8000030517578,175.89999389648438,171.0,167.3000030517578,171.89999389648438,19.871200561523438,1.3134729862213135,1.504715085029602,1.989272952079773,1.8727070093154907,1.619432806968689,31.739341735839844
179.39999389648438,166.6999969482422,135.1999969482422,157.89999389648438,113.4000015258789,135.89999389648438,175.0,173.39999389648438,175.3000030517578,168.8000030517578,178.6999969482422,175.3000030517578,169.39999389648438,169.10000610351562,173.39999389648438,21.888410568237305,1.3208876848220825,1.5102883577346802,1.9839286804199219,1.8689368963241577,1.6141265630722046,34.50715637207031
178.5,168.6999969482422,133.5,158.1999969482422,105.30000305175781,140.5,175.89999389648438,174.6999969482422,175.39999389648438,168.6999969482422,179.39999389648438,175.10000610351562,169.60000610351562,171.0,172.39999389648438,22.35338020324707,1.3099786043167114,1.5307062864303589,1.987085223197937,1.8760119676589966,1.6231938600540161,34.71257019042969
177.89999389648438,166.89999389648438,133.3000030517578,158.10000610351562,105.4000015258789,137.5,176.10000610351562,176.0,176.60000610351562,168.6999969482422,179.5,174.60000610351562,171.8000030517578,172.3000030517578,174.1999969482422,22.261863708496094,1.3346041440963745,1.5461384057998657,1.9863181114196777,1.871034860610962,1.6259783506393433,33.37700653076172
178.1999969482422,165.1999969482422,139.89999389648438,152.10000610351562,124.5999984741211,133.5,174.0,172.60000610351562,175.60000610351562,166.6999969482422,176.3000030517578,175.1999969482422,171.3000030517578,170.10000610351562,170.1999969482422,20.0432071685791,1.3035686016082764,1.4900155067443848,1.9839171171188354,1.865659475326538,1.6157851219177246,34.52383804321289
179.3000030517578,168.10000610351562,139.39999389648438,151.5,134.89999389648438,128.6999969482422,172.10000610351562,167.39999389648438,172.1999969482422,165.1999969482422,173.39999389648438,179.5,172.6999969482422,165.60000610351562,172.6999969482422,23.776826858520508,1.2702327966690063,1.4387003183364868,1.975595235824585,1.8659902811050415,1.6103414297103882,33.36685562133789
178.8000030517578,168.89999389648438,145.60000610351562,148.3000030517578,132.0,134.3000030517578,170.89999389648438,166.89999389648438,175.10000610351562,165.10000610351562,170.10000610351562,178.8000030517578,176.6999969482422,166.89999389648438,169.5,23.04853057861328,1.2274456024169922,1.3548177480697632,1.9266674518585205,1.8413692712783813,1.5855270624160767,28.256351470947266
177.8000030517578,169.39999389648438,148.10000610351562,149.10000610351562,128.3000030517578,134.10000610351562,173.39999389648438,166.5,174.8000030517578,170.1999969482422,169.3000030517578,179.89999389648438,174.89999389648438,165.6999969482422,169.3000030517578,21.424116134643555,1.2939105033874512,1.3657020330429077,1.9377094507217407,1.8398171663284302,1.5758527517318726,25.310771942138672
177.8000030517578,170.0,151.60000610351562,148.10000610351562,130.3000030517578,134.1999969482422,172.89999389648438,164.0,174.6999969482422,171.6999969482422,168.8000030517578,179.10000610351562,174.10000610351562,165.3000030517578,169.0,21.602174758911133,1.2911046743392944,1.3525593280792236,1.9375369548797607,1.8359423875808716,1.5691957473754883,24.68798828125
176.1999969482422,169.6999969482422,150.3000030517578,145.1999969482422,135.10000610351562,128.3000030517578,170.1999969482422,166.3000030517578,174.0,167.39999389648438,169.6999969482422,177.6999969482422,175.5,166.8000030517578,168.8000030517578,20.456777572631836,1.2844321727752686,1.34932279586792,1.9366753101348877,1.8483388423919678,1.5690224170684814,27.671714782714844
176.3000030517578,168.89999389648438,148.60000610351562,147.39999389648438,133.60000610351562,131.0,170.8000030517578,164.8000030517578,173.0,166.1999969482422,173.1999969482422,179.3000030517578,173.1999969482422,166.5,171.1999969482422,23.690887451171875,1.286861538887024,1.3633697032928467,1.933961272239685,1.8484961986541748,1.5813844203948975,31.460323333740234
175.39999389648438,167.39999389648438,149.1999969482422,149.89999389648438,130.39999389648438,131.60000610351562,172.5,164.3000030517578,173.39999389648438,177.3000030517578,167.8000030517578,179.3000030517578,171.5,162.39999389648438,175.3000030517578,25.126497268676758,1.2707147598266602,1.338966727256775,1.948876976966858,1.8793883323669434,1.5802390575408936,21.82781982421875
177.0,167.3000030517578,148.3000030517578,151.0,125.5999984741211,134.1999969482422,173.3000030517578,162.89999389648438,172.5,177.3000030517578,169.5,179.60000610351562,172.60000610351562,163.6999969482422,175.10000610351562,23.44541358947754,1.2796082496643066,1.349051594734192,1.9468941688537598,1.8767626285552979,1.5860871076583862,20.623994827270508
177.39999389648438,166.6999969482422,148.8000030517578,151.1999969482422,128.0,133.8000030517578,172.89999389648438,163.60000610351562,172.60000610351562,176.60000610351562,168.60000610351562,179.8000030517578,172.6999969482422,162.8000030517578,174.0,23.751821517944336,1.2798291444778442,1.364039421081543,1.9542375802993774,1.8868887424468994,1.5941847562789917,21.799346923828125
176.0,165.10000610351562,150.39999389648438,150.3000030517578,125.4000015258789,135.8000030517578,172.39999389648438,165.1999969482422,172.89999389648438,175.5,170.5,179.0,171.89999389648438,164.60000610351562,174.60000610351562,23.05284881591797,1.2845427989959717,1.3668549060821533,1.9547193050384521,1.8800135850906372,1.5939582586288452,23.478923797607422
175.1999969482422,166.8000030517578,148.3000030517578,150.6999969482422,124.80000305175781,136.10000610351562,170.8000030517578,166.5,172.3000030517578,170.5,174.8000030517578,176.6999969482422,171.39999389648438,165.89999389648438,173.1999969482422,22.74489974975586,1.2919936180114746,1.389163613319397,1.9585363864898682,1.880966067314148,1.5940639972686768,28.96702766418457
174.8000030517578,167.89999389648438,142.60000610351562,147.3000030517578,129.0,132.1999969482422,169.60000610351562,165.60000610351562,170.0,168.60000610351562,175.10000610351562,176.39999389648438,170.1999969482422,165.8000030517578,174.6999969482422,24.578153610229492,1.296457052230835,1.381024956703186,1.9652761220932007,1.8832823038101196,1.5869641304016113,32.018680572509766
174.5,167.3000030517578,147.3000030517578,149.3000030517578,127.4000015258789,132.39999389648438,170.1999969482422,164.6999969482422,170.3000030517578,170.60000610351562,171.39999389648438,178.10000610351562,171.6999969482422,167.60000610351562,173.8000030517578,23.549236297607422,1.3158186674118042,1.3900296688079834,1.9626781940460205,1.861994743347168,1.5863298177719116,29.038593292236328
175.1999969482422,166.39999389648438,144.5,150.6999969482422,116.19999694824219,138.8000030517578,172.39999389648438,168.8000030517578,175.0,172.0,171.8000030517578,178.6999969482422,167.3000030517578,164.89999389648438,171.0,17.892913818359375,1.3639847040176392,1.448003888130188,1.9714975357055664,1.8685557842254639,1.6005314588546753,33.42666244506836
178.0,166.0,137.5,156.8000030517578,96.0999984741211,149.3000030517578,174.10000610351562,172.3000030517578,176.0,173.10000610351562,177.6999969482422,169.0,165.10000610351562,167.6999969482422,172.6999969482422,20.168170928955078,1.3718907833099365,1.5223476886749268,1.988732099533081,1.8737212419509888,1.6112818717956543,35.8730354309082
177.89999389648438,162.1999969482422,125.30000305175781,167.5,63.70000076293945,158.5,178.60000610351562,176.89999389648438,173.5,174.5,174.5,168.3000030517578,168.10000610351562,175.3000030517578,174.5,24.65950584411621,1.366616129875183,1.5698634386062622,1.9713726043701172,1.8452494144439697,1.5821499824523926,36.062721252441406
169.3000030517578,162.39999389648438,118.69999694824219,170.60000610351562,43.400001525878906,167.89999389648438,178.0,175.10000610351562,179.8000030517578,176.0,168.10000610351562,161.3000030517578,168.5,179.39999389648438,172.5,22.482311248779297,1.3587504625320435,1.574068307876587,1.9394264221191406,1.8240915536880493,1.5672348737716675,32.64406204223633
161.39999389648438,161.3000030517578,114.5999984741211,173.1999969482422,21.299999237060547,176.1999969482422,176.1999969482422,166.8000030517578,176.60000610351562,177.89999389648438,164.6999969482422,164.10000610351562,168.5,177.60000610351562,172.39999389648438,24.00103187561035,1.3311458826065063,1.555030345916748,1.9131371974945068,1.8080382347106934,1.5497832298278809,30.564146041870117
159.8000030517578,161.8000030517578,116.30000305175781,179.6999969482422,8.5,166.39999389648438,174.60000610351562,166.5,173.60000610351562,177.5,163.39999389648438,163.6999969482422,166.89999389648438,178.60000610351562,172.8000030517578,23.800552368164062,1.3295981884002686,1.6032873392105103,1.9355539083480835,1.8311481475830078,1.5654921531677246,31.892675399780273
172.0,165.1999969482422,120.0999984741211,164.89999389648438,54.900001525878906,169.1999969482422,179.0,177.8000030517578,178.1999969482422,174.39999389648438,168.60000610351562,163.0,166.6999969482422,175.89999389648438,175.39999389648438,20.831201553344727,1.3744196891784668,1.6091681718826294,1.9655466079711914,1.8432375192642212,1.57498300075531,34.815528869628906
178.0,162.6999969482422,130.89999389648438,161.8000030517578,79.9000015258789,151.8000030517578,177.3000030517578,174.6999969482422,172.1999969482422,172.6999969482422,177.10000610351562,169.5,166.3000030517578,170.3000030517578,173.89999389648438,21.476980209350586,1.367100477218628,1.577915906906128,1.9830131530761719,1.846612572669983,1.5877654552459717,37.763973236083984
178.89999389648438,163.6999969482422,136.0,155.5,110.19999694824219,141.5,174.6999969482422,169.6999969482422,173.1999969482422,170.10000610351562,176.5,174.1999969482422,166.39999389648438,166.1999969482422,172.3000030517578,19.151512145996094,1.3651845455169678,1.540379524230957,1.9902739524841309,1.8621745109558105,1.5973259210586548,37.734588623046875
176.60000610351562,165.0,141.89999389648438,153.10000610351562,121.69999694824219,135.0,173.60000610351562,166.39999389648438,172.0,170.10000610351562,171.5,178.0,168.60000610351562,166.10000610351562,171.5,19.214111328125,1.3459818363189697,1.4803376197814941,1.9728764295578003,1.8560682535171509,1.5966907739639282,33.97758483886719
176.5,166.89999389648438,148.89999389648438,149.39999389648438,133.8000030517578,129.89999389648438,171.1999969482422,165.1999969482422,173.60000610351562,167.1999969482422,168.5,177.6999969482422,172.1999969482422,166.8000030517578,170.0,20.944717407226562,1.2823410034179688,1.3909252882003784,1.9369986057281494,1.8399778604507446,1.5853655338287354,31.3431453704834
179.1999969482422,172.10000610351562,153.6999969482422,145.60000610351562,140.3000030517578,126.69999694824219,169.3000030517578,165.10000610351562,175.3000030517578,165.10000610351562,167.39999389648438,178.0,179.60000610351562,171.3000030517578,170.3000030517578,25.08479118347168,1.244633674621582,1.3216722011566162,1.9040324687957764,1.8175277709960938,1.545754313468933,24.942787170410156
178.0,170.89999389648438,151.6999969482422,145.1999969482422,140.5,126.30000305175781,168.39999389648438,164.8000030517578,173.6999969482422,162.8000030517578,169.3000030517578,179.8000030517578,177.60000610351562,173.1999969482422,168.10000610351562,25.44940948486328,1.2427804470062256,1.3130202293395996,1.8936069011688232,1.8137364387512207,1.5440869331359863,24.444711685180664
176.10000610351562,167.0,148.0,149.8000030517578,137.0,127.4000015258789,172.0,164.10000610351562,172.39999389648438,165.8000030517578,169.3000030517578,179.5,174.8000030517578,169.39999389648438,170.3000030517578,19.84422492980957,1.280220866203308,1.387689471244812,1.9172049760818481,1.8254395723342896,1.5820298194885254,30.31606674194336
177.3000030517578,166.60000610351562,146.6999969482422,150.60000610351562,137.0,127.19999694824219,173.39999389648438,163.1999969482422,173.1999969482422,168.3000030517578,167.1999969482422,178.1999969482422,171.3000030517578,166.10000610351562,172.10000610351562,21.660167694091797,1.2932692766189575,1.4056528806686401,1.9297816753387451,1.8295890092849731,1.5824997425079346,31.372106552124023
176.6999969482422,163.10000610351562,137.8000030517578,153.89999389648438,124.19999694824219,131.8000030517578,174.3000030517578,167.60000610351562,174.3000030517578,169.0,172.0,175.39999389648438,170.8000030517578,167.8000030517578,170.6999969482422,19.454442977905273,1.3422825336456299,1.498448133468628,1.9724757671356201,1.8587405681610107,1.6119098663330078,33.10030746459961
177.60000610351562,165.8000030517578,137.8000030517578,156.10000610351562,112.5,140.5,175.3000030517578,168.60000610351562,176.1999969482422,167.5,173.89999389648438,174.6999969482422,168.39999389648438,167.10000610351562,172.0,18.90781593322754,1.3167428970336914,1.473819375038147,1.9379254579544067,1.8307216167449951,1.5999500751495361,36.2045783996582
178.8000030517578,163.1999969482422,141.39999389648438,155.0,134.89999389648438,124.19999694824219,171.8000030517578,170.89999389648438,174.5,165.1999969482422,173.6999969482422,175.10000610351562,173.89999389648438,169.89999389648438,168.60000610351562,22.509437561035156,1.2627073526382446,1.4703041315078735,1.9593733549118042,1.850834608078003,1.612726092338562,32.510284423828125
176.1999969482422,165.89999389648438,139.5,162.0,142.89999389648438,119.5999984741211,171.1999969482422,173.3000030517578,174.60000610351562,165.5,174.39999389648438,177.0,177.5,173.1999969482422,171.8000030517578,29.374475479125977,1.231243371963501,1.4250261783599854,1.9385875463485718,1.8501123189926147,1.6137140989303589,28.76674461364746
173.6999969482422,166.8000030517578,142.5,162.3000030517578,148.8000030517578,122.80000305175781,171.0,171.89999389648438,172.5,168.6999969482422,174.60000610351562,176.89999389648438,175.60000610351562,169.8000030517578,173.3000030517578,32.1586799621582,1.2211533784866333,1.4129374027252197,1.9372872114181519,1.8579509258270264,1.6103851795196533,26.901588439941406
171.3000030517578,167.3000030517578,143.39999389648438,162.3000030517578,153.39999389648438,118.0999984741211,169.5,174.3000030517578,172.6999969482422,168.1999969482422,175.3000030517578,176.8000030517578,176.0,171.60000610351562,170.3000030517578,33.50720977783203,1.2042213678359985,1.3815559148788452,1.9124388694763184,1.8433681726455688,1.6004360914230347,26.525484085083008
172.8000030517578,164.6999969482422,147.10000610351562,165.89999389648438,158.6999969482422,115.69999694824219,169.1999969482422,174.3000030517578,171.8000030517578,168.8000030517578,174.3000030517578,177.5,177.0,173.0,168.5,37.91073989868164,1.2049331665039062,1.3370145559310913,1.8614788055419922,1.8068950176239014,1.5863288640975952,25.929563522338867
170.89999389648438,165.1999969482422,146.3000030517578,166.6999969482422,160.10000610351562,120.30000305175781,169.39999389648438,174.89999389648438,172.60000610351562,169.3000030517578,172.6999969482422,176.8000030517578,177.89999389648438,172.8000030517578,167.10000610351562,39.425933837890625,1.201171636581421,1.322479486465454,1.8369916677474976,1.7829790115356445,1.576835036277771,24.833362579345703
169.0,165.8000030517578,150.39999389648438,166.6999969482422,163.6999969482422,120.4000015258789,168.60000610351562,175.39999389648438,174.89999389648438,168.60000610351562,170.6999969482422,177.39999389648438,178.6999969482422,173.3000030517578,167.0,43.29169845581055,1.2111124992370605,1.2792311906814575,1.7827210426330566,1.7359312772750854,1.5480623245239258,24.40945053100586
168.6999969482422,164.60000610351562,152.3000030517578,165.5,162.1999969482422,128.6999969482422,167.39999389648438,176.0,175.1999969482422,167.1999969482422,170.39999389648438,175.8000030517578,178.6999969482422,172.89999389648438,165.60000610351562,43.63444519042969,1.2126131057739258,1.2603797912597656,1.7531007528305054,1.7122803926467896,1.5392221212387085,25.356353759765625
169.3000030517578,162.8000030517578,151.8000030517578,169.89999389648438,156.5,128.5,167.8000030517578,177.5,175.6999969482422,165.5,174.3000030517578,172.0,179.8000030517578,174.8000030517578,165.0,42.33075714111328,1.241028070449829,1.269033432006836,1.7582429647445679,1.7115445137023926,1.5431545972824097,25.9267520904541
170.1999969482422,160.5,154.3000030517578,170.1999969482422,158.1999969482422,130.6999969482422,168.5,178.1999969482422,177.0,164.6999969482422,174.89999389648438,169.3000030517578,177.89999389648438,177.5,162.39999389648438,40.03636169433594,1.2272827625274658,1.264005422592163,1.7367063760757446,1.6907355785369873,1.533053994178772,25.65593147277832
170.10000610351562,161.0,154.5,170.0,159.8000030517578,133.5,167.89999389648438,179.10000610351562,177.89999389648438,164.5,174.8000030517578,170.1999969482422,178.6999969482422,176.60000610351562,163.10000610351562,41.083648681640625,1.2300872802734375,1.2513508796691895,1.7114049196243286,1.66823148727417,1.5195846557617188,26.646705627441406
168.0,163.39999389648438,152.5,165.5,162.89999389648438,120.69999694824219,168.3000030517578,178.0,176.60000610351562,166.1999969482422,172.5,175.8000030517578,178.0,173.8000030517578,165.6999969482422,42.778507232666016,1.2042256593704224,1.2771226167678833,1.7780548334121704,1.7314170598983765,1.5448882579803467,26.704559326171875
170.0,165.89999389648438,149.89999389648438,163.89999389648438,159.89999389648438,120.19999694824219,168.8000030517578,176.1999969482422,175.39999389648438,166.6999969482422,173.10000610351562,177.6999969482422,178.5,173.3000030517578,169.39999389648438,37.9738883972168,1.1942070722579956,1.3360270261764526,1.8495732545852661,1.7906575202941895,1.5805062055587769,25.816020965576172
169.60000610351562,167.39999389648438,146.39999389648438,163.3000030517578,156.89999389648438,114.9000015258789,169.60000610351562,174.8000030517578,174.10000610351562,167.5,174.1999969482422,178.1999969482422,176.0,172.39999389648438,169.6999969482422,35.06329345703125,1.213487982749939,1.375704050064087,1.9090410470962524,1.8440524339675903,1.6039189100265503,27.186134338378906
173.6999969482422,165.3000030517578,146.39999389648438,160.0,149.8000030517578,120.5999984741211,171.0,173.6999969482422,175.3000030517578,170.39999389648438,171.5,178.3000030517578,174.60000610351562,170.89999389648438,169.3000030517578,28.963716506958008,1.241637945175171,1.4485118389129639,1.9603102207183838,1.8843586444854736,1.6321399211883545,26.66071128845215
178.1999969482422,164.3000030517578,140.6999969482422,161.8000030517578,135.8000030517578,121.30000305175781,172.8000030517578,170.3000030517578,173.60000610351562,171.39999389648438,175.6999969482422,173.6999969482422,171.10000610351562,168.1999969482422,170.8000030517578,25.65583038330078,1.2795367240905762,1.4955523014068604,1.9896119832992554,1.8949413299560547,1.6323254108428955,29.5266170501709
179.5,166.1999969482422,136.8000030517578,156.6999969482422,119.69999694824219,132.89999389648438,174.39999389648438,169.60000610351562,173.10000610351562,172.5,177.6999969482422,173.3000030517578,168.39999389648438,167.89999389648438,170.8000030517578,20.76649284362793,1.3257402181625366,1.4945898056030273,1.9934115409851074,1.885618805885315,1.6202166080474854,32.05534362792969
178.39999389648438,165.0,134.10000610351562,155.0,112.5999984741211,138.1999969482422,174.89999389648438,170.10000610351562,173.8000030517578,174.10000610351562,177.10000610351562,174.3000030517578,167.1999969482422,167.6999969482422,173.8000030517578,20.158992767333984,1.342046856880188,1.4823484420776367,1.9793599843978882,1.8623932600021362,1.5920385122299194,31.98646354675293
177.0,164.89999389648438,138.60000610351562,152.60000610351562,104.69999694824219,143.6999969482422,174.39999389648438,169.5,173.0,175.1999969482422,174.6999969482422,176.39999389648438,166.8000030517578,167.60000610351562,174.10000610351562,17.76248550415039,1.3696670532226562,1.4764806032180786,1.9811681509017944,1.8675533533096313,1.5921238660812378,31.979507446289062
176.39999389648438,163.5,139.5,154.60000610351562,99.19999694824219,145.39999389648438,175.5,169.0,172.89999389648438,177.60000610351562,174.1999969482422,173.89999389648438,165.8000030517578,169.6999969482422,171.89999389648438,18.189085006713867,1.3922916650772095,1.4859555959701538,1.9728121757507324,1.8593592643737793,1.576996088027954,32.04561233520508
176.1999969482422,164.39999389648438,140.5,156.0,97.30000305175781,145.60000610351562,175.89999389648438,168.60000610351562,172.8000030517578,179.8000030517578,170.1999969482422,177.1999969482422,164.0,167.3000030517578,172.3000030517578,18.220354080200195,1.383580207824707,1.475871205329895,1.9595471620559692,1.8445138931274414,1.5649192333221436,31.156660079956055
176.6999969482422,166.89999389648438,137.60000610351562,153.0,100.4000015258789,146.5,177.8000030517578,165.39999389648438,173.89999389648438,179.39999389648438,168.1999969482422,176.89999389648438,164.3000030517578,170.0,169.0,18.321264266967773,1.3843587636947632,1.4461119174957275,1.923624873161316,1.8150097131729126,1.5438456535339355,30.11876106262207
175.8000030517578,167.0,135.8000030517578,148.0,107.80000305175781,142.5,177.0,164.60000610351562,174.8000030517578,178.89999389648438,165.6999969482422,178.1999969482422,164.10000610351562,169.39999389648438,169.10000610351562,17.755403518676758,1.3771922588348389,1.4220714569091797,1.9173789024353027,1.8042951822280884,1.535230040550232,29.630334854125977
175.89999389648438,164.39999389648438,139.0,149.60000610351562,109.4000015258789,140.60000610351562,176.5,164.0,173.0,179.8000030517578,165.3000030517578,179.8000030517578,165.1999969482422,169.39999389648438,170.3000030517578,16.96388816833496,1.4012731313705444,1.4528388977050781,1.9228556156158447,1.810367465019226,1.5381299257278442,29.96312141418457
175.5,165.1999969482422,145.8000030517578,152.8000030517578,107.5,143.1999969482422,174.60000610351562,167.1999969482422,174.5,174.8000030517578,174.10000610351562,173.60000610351562,167.60000610351562,169.1999969482422,168.10000610351562,17.628026962280273,1.3809515237808228,1.4491603374481201,1.962221384048462,1.854145884513855,1.5808926820755005,30.699581146240234
175.10000610351562,168.10000610351562,152.8000030517578,147.1999969482422,130.3000030517578,134.5,171.3000030517578,165.39999389648438,175.60000610351562,172.1999969482422,166.89999389648438,179.6999969482422,174.89999389648438,169.8000030517578,170.60000610351562,21.31964874267578,1.2546902894973755,1.3331226110458374,1.9273771047592163,1.8310421705245972,1.564711570739746,23.18950843811035
178.1999969482422,170.3000030517578,154.60000610351562,146.89999389648438,139.5,125.4000015258789,170.6999969482422,164.1999969482422,175.0,170.60000610351562,166.10000610351562,175.8000030517578,177.6999969482422,170.39999389648438,171.1999969482422,24.318971633911133,1.2414003610610962,1.3194892406463623,1.9028066396713257,1.8222655057907104,1.5421687364578247,21.19374656677246
178.60000610351562,171.39999389648438,156.89999389648438,144.3000030517578,140.6999969482422,129.6999969482422,168.0,164.6999969482422,175.5,169.39999389648438,166.5,178.1999969482422,179.6999969482422,173.0,169.1999969482422,25.20229148864746,1.2005703449249268,1.2994033098220825,1.889116644859314,1.8166061639785767,1.538352608680725,18.677112579345703
178.8000030517578,174.6999969482422,158.5,140.5,140.89999389648438,132.0,166.0,163.39999389648438,174.1999969482422,167.8000030517578,167.5,178.8000030517578,177.5,171.89999389648438,170.6999969482422,27.173959732055664,1.18570876121521,1.263300895690918,1.885635256767273,1.821500539779663,1.5384423732757568,18.051265716552734
178.39999389648438,174.10000610351562,162.39999389648438,138.8000030517578,140.89999389648438,132.60000610351562,164.8000030517578,165.39999389648438,175.60000610351562,168.5,164.0,175.6999969482422,177.3000030517578,171.8000030517578,172.39999389648438,30.582002639770508,1.1627992391586304,1.2359000444412231,1.866583228111267,1.8199613094329834,1.538224458694458,16.627822875976562
178.1999969482422,174.89999389648438,162.1999969482422,139.6999969482422,140.10000610351562,132.1999969482422,165.89999389648438,163.39999389648438,173.8000030517578,169.5,165.60000610351562,176.3000030517578,179.8000030517578,169.3000030517578,173.0,29.566762924194336,1.1685961484909058,1.2388709783554077,1.879957675933838,1.8267972469329834,1.5375897884368896,18.360427856445312
179.60000610351562,171.89999389648438,155.0,144.8000030517578,140.60000610351562,129.5,168.6999969482422,163.39999389648438,173.10000610351562,169.5,167.89999389648438,179.6999969482422,179.0,166.10000610351562,169.6999969482422,24.4715633392334,1.1969014406204224,1.3017857074737549,1.9035016298294067,1.8360549211502075,1.5461515188217163,20.52422332763672
179.5,168.89999389648438,144.89999389648438,150.39999389648438,130.5,133.89999389648438,173.10000610351562,165.3000030517578,174.5,174.1999969482422,168.3000030517578,179.5,173.60000610351562,163.0,169.89999389648438,19.0628719329834,1.2744282484054565,1.3793461322784424,1.9438241720199585,1.8517794609069824,1.5702592134475708,22.54499053955078
179.10000610351562,167.10000610351562,143.39999389648438,152.1999969482422,127.5999984741211,134.10000610351562,174.8000030517578,165.89999389648438,175.3000030517578,174.89999389648438,167.39999389648438,178.3000030517578,172.3000030517578,161.39999389648438,168.6999969482422,18.848506927490234,1.3052886724472046,1.4123382568359375,1.957969307899475,1.845574140548706,1.58062744140625,23.468751907348633
176.39999389648438,164.0,138.89999389648438,156.5,112.4000015258789,137.60000610351562,175.6999969482422,167.10000610351562,173.89999389648438,176.0,169.8000030517578,179.60000610351562,169.39999389648438,162.0,172.89999389648438,20.181108474731445,1.34828782081604,1.4449037313461304,1.9645307064056396,1.8355375528335571,1.578826904296875,26.683910369873047
176.0,163.39999389648438,139.10000610351562,154.5,111.69999694824219,137.39999389648438,177.5,163.5,174.1999969482422,179.60000610351562,161.39999389648438,178.8000030517578,164.8000030517578,157.1999969482422,173.10000610351562,19.050777435302734,1.3866496086120605,1.4219878911972046,1.9423507452011108,1.812170386314392,1.5543467998504639,26.85392951965332
175.10000610351562,164.1999969482422,142.6999969482422,153.0,110.19999694824219,139.89999389648438,177.60000610351562,166.39999389648438,178.0,178.89999389648438,159.1999969482422,178.89999389648438,167.5,162.5,171.0,16.68524932861328,1.4085028171539307,1.4480968713760376,1.9494242668151855,1.8145272731781006,1.56063711643219,24.466821670532227
174.39999389648438,167.1999969482422,144.10000610351562,147.3000030517578,116.30000305175781,136.60000610351562,177.6999969482422,162.39999389648438,178.89999389648438,178.89999389648438,157.6999969482422,179.5,166.8000030517578,161.89999389648438,169.3000030517578,13.958921432495117,1.3991703987121582,1.4162662029266357,1.9124139547348022,1.7900843620300293,1.5305730104446411,23.560436248779297
174.60000610351562,167.39999389648438,141.10000610351562,145.1999969482422,113.9000015258789,141.1999969482422,178.10000610351562,160.8000030517578,177.5,177.89999389648438,156.10000610351562,179.60000610351562,167.5,167.1999969482422,164.10000610351562,12.563124656677246,1.391689658164978,1.4114726781845093,1.8904693126678467,1.7676596641540527,1.5105379819869995,22.32250213623047
173.3000030517578,165.8000030517578,131.8000030517578,142.8000030517578,113.30000305175781,142.39999389648438,178.39999389648438,158.1999969482422,177.5,177.1999969482422,154.8000030517578,178.60000610351562,171.60000610351562,175.0,164.3000030517578,12.617475509643555,1.4005049467086792,1.4350988864898682,1.9105656147003174,1.7823150157928467,1.522214412689209,19.48009490966797
174.3000030517578,166.60000610351562,141.39999389648438,140.6999969482422,114.19999694824219,145.1999969482422,179.1999969482422,156.3000030517578,179.6999969482422,176.0,154.89999389648438,176.39999389648438,170.5,176.89999389648438,163.39999389648438,10.152176856994629,1.432532787322998,1.4595732688903809,1.9126317501068115,1.7861899137496948,1.5440362691879272,19.67060661315918
177.1999969482422,168.1999969482422,150.10000610351562,142.10000610351562,112.0,145.3000030517578,179.8000030517578,154.89999389648438,179.60000610351562,176.10000610351562,161.10000610351562,167.8000030517578,169.0,178.39999389648438,160.5,8.854269027709961,1.4405978918075562,1.4712646007537842,1.9169032573699951,1.794253945350647,1.552645206451416,21.40974235534668
179.60000610351562,170.1999969482422,151.10000610351562,139.0,116.19999694824219,145.5,179.6999969482422,152.39999389648438,178.1999969482422,176.5,161.39999389648438,167.10000610351562,169.5,177.5,162.0,9.304827690124512,1.4385924339294434,1.4701499938964844,1.9240723848342896,1.7927043437957764,1.55217707157135,21.35211181640625
176.60000610351562,168.3000030517578,149.0,137.10000610351562,118.5999984741211,144.3000030517578,179.60000610351562,151.8000030517578,177.60000610351562,176.1999969482422,158.39999389648438,167.39999389648438,169.10000610351562,177.8000030517578,157.5,10.600247383117676,1.4533330202102661,1.4711263179779053,1.9327492713928223,1.801248550415039,1.5641002655029297,21.60502815246582
175.39999389648438,167.0,152.10000610351562,139.6999969482422,117.30000305175781,143.1999969482422,179.3000030517578,153.10000610351562,178.10000610351562,175.39999389648438,159.1999969482422,169.89999389648438,167.60000610351562,174.6999969482422,162.5,9.519610404968262,1.4378079175949097,1.4514797925949097,1.9175398349761963,1.7844231128692627,1.5452649593353271,21.54806900024414
169.6999969482422,162.5,146.60000610351562,146.10000610351562,120.30000305175781,135.6999969482422,179.3000030517578,158.89999389648438,178.39999389648438,176.5,158.1999969482422,177.89999389648438,164.39999389648438,162.0,173.39999389648438,13.543059349060059,1.4268782138824463,1.4212536811828613,1.9293333292007446,1.796993374824524,1.5433619022369385,23.43840789794922
171.89999389648438,162.8000030517578,149.60000610351562,149.8000030517578,119.4000015258789,135.3000030517578,176.10000610351562,163.0,176.60000610351562,178.60000610351562,161.89999389648438,178.6999969482422,168.8000030517578,165.8000030517578,172.0,16.084562301635742,1.3955507278442383,1.4107201099395752,1.9508782625198364,1.8278374671936035,1.5710781812667847,24.463666915893555
174.8000030517578,165.1999969482422,146.5,149.8000030517578,126.5,132.89999389648438,173.3000030517578,164.10000610351562,173.6999969482422,175.5,166.89999389648438,178.6999969482422,173.89999389648438,167.6999969482422,169.89999389648438,19.700157165527344,1.3035390377044678,1.3802666664123535,1.954807162284851,1.8435285091400146,1.5821398496627808,21.381858825683594
179.1999969482422,168.60000610351562,148.3000030517578,152.10000610351562,130.60000610351562,135.10000610351562,172.1999969482422,164.60000610351562,174.60000610351562,174.6999969482422,167.6999969482422,177.3000030517578,175.1999969482422,166.10000610351562,167.89999389648438,21.822904586791992,1.2480653524398804,1.3600891828536987,1.925870418548584,1.8394767045974731,1.5604057312011719,20.294511795043945
179.8000030517578,172.60000610351562,158.39999389648438,143.60000610351562,142.0,131.1999969482422,166.89999389648438,166.0,177.1999969482422,170.60000610351562,164.8000030517578,178.6999969482422,178.0,168.5,169.5,30.67397117614746,1.173738956451416,1.258448839187622,1.8793011903762817,1.815962314605713,1.534589409828186,15.495915412902832
179.39999389648438,173.60000610351562,160.6999969482422,141.0,142.39999389648438,129.6999969482422,165.3000030517578,165.5,175.6999969482422,168.39999389648438,165.8000030517578,179.8000030517578,175.8000030517578,168.6999969482422,169.6999969482422,32.61669158935547,1.1680152416229248,1.2288697957992554,1.8784613609313965,1.8237444162368774,1.5395094156265259,15.61742115020752
179.89999389648438,173.5,163.10000610351562,142.10000610351562,145.6999969482422,127.9000015258789,163.39999389648438,168.0,179.89999389648438,166.6999969482422,165.0,179.89999389648438,173.89999389648438,165.89999389648438,169.8000030517578,38.02070617675781,1.1832072734832764,1.209835410118103,1.8696283102035522,1.8177831172943115,1.5356189012527466,14.411763191223145
178.6999969482422,170.1999969482422,165.89999389648438,141.89999389648438,147.39999389648438,123.0999984741211,161.5,168.39999389648438,176.39999389648438,164.0,167.3000030517578,179.39999389648438,171.1999969482422,165.8000030517578,171.60000610351562,38.931278228759766,1.1823973655700684,1.1916687488555908,1.8737789392471313,1.8159847259521484,1.535429835319519,14.22901725769043
178.10000610351562,169.3000030517578,171.0,140.89999389648438,149.5,120.9000015258789,159.3000030517578,168.5,174.89999389648438,160.89999389648438,171.10000610351562,178.89999389648438,168.89999389648438,165.6999969482422,169.60000610351562,41.111175537109375,1.1982132196426392,1.18319571018219,1.8695281744003296,1.8177796602249146,1.53287935256958,13.899405479431152
177.60000610351562,168.6999969482422,171.10000610351562,142.60000610351562,151.8000030517578,119.5,159.10000610351562,167.8000030517578,175.8000030517578,160.0,172.3000030517578,179.39999389648438,167.1999969482422,164.8000030517578,172.0,41.721046447753906,1.2262660264968872,1.2022240161895752,1.8870817422866821,1.840041995048523,1.5422881841659546,12.223438262939453
175.0,166.39999389648438,171.89999389648438,141.60000610351562,154.5,118.19999694824219,158.39999389648438,169.0,175.10000610351562,159.0,171.6999969482422,178.3000030517578,168.3000030517578,162.0,173.8000030517578,40.64554977416992,1.224286675453186,1.2021063566207886,1.8882050514221191,1.850843906402588,1.5528919696807861,14.116707801818848
178.0,167.60000610351562,167.39999389648438,143.60000610351562,153.6999969482422,121.9000015258789,160.5,165.8000030517578,178.39999389648438,163.0,165.39999389648438,178.6999969482422,174.1999969482422,158.3000030517578,174.10000610351562,46.0766487121582,1.2344156503677368,1.2004046440124512,1.8667025566101074,1.8127211332321167,1.537192702293396,16.12283706665039
178.6999969482422,166.0,166.89999389648438,145.60000610351562,148.1999969482422,126.5,162.3000030517578,165.8000030517578,177.5,164.39999389648438,164.10000610351562,178.6999969482422,173.5,164.10000610351562,171.1999969482422,44.38404083251953,1.2064284086227417,1.2002954483032227,1.853924036026001,1.8018945455551147,1.5382163524627686,15.142383575439453
179.39999389648438,167.1999969482422,164.1999969482422,145.39999389648438,148.3000030517578,129.89999389648438,161.6999969482422,168.1999969482422,177.6999969482422,163.3000030517578,165.8000030517578,179.0,172.3000030517578,166.89999389648438,169.8000030517578,45.46776580810547,1.2020505666732788,1.2102161645889282,1.8471530675888062,1.8144614696502686,1.5566948652267456,15.453542709350586
179.39999389648438,167.3000030517578,161.6999969482422,148.89999389648438,145.60000610351562,131.3000030517578,162.8000030517578,169.89999389648438,179.39999389648438,163.89999389648438,166.60000610351562,179.10000610351562,171.60000610351562,168.89999389648438,171.1999969482422,42.492698669433594,1.182685375213623,1.2235679626464844,1.8435282707214355,1.8118330240249634,1.5629476308822632,14.716099739074707
177.10000610351562,168.8000030517578,163.3000030517578,149.10000610351562,147.10000610351562,134.5,161.5,166.0,179.3000030517578,161.60000610351562,169.89999389648438,176.10000610351562,175.10000610351562,163.39999389648438,169.1999969482422,51.52450180053711,1.2576866149902344,1.1843105554580688,1.7923665046691895,1.7721061706542969,1.5232759714126587,18.44775390625
174.0,169.1999969482422,161.10000610351562,151.5,151.0,136.0,161.6999969482422,166.6999969482422,178.39999389648438,161.89999389648438,170.10000610351562,175.5,174.39999389648438,167.0,169.5,55.317935943603516,1.305532693862915,1.1832972764968872,1.765856146812439,1.7513495683670044,1.5391762256622314,17.401405334472656
174.39999389648438,170.5,161.10000610351562,151.0,156.60000610351562,135.5,162.89999389648438,167.1999969482422,173.39999389648438,163.5,166.89999389648438,176.6999969482422,173.60000610351562,167.0,168.3000030517578,56.466373443603516,1.3310497999191284,1.1816123723983765,1.735405445098877,1.7118877172470093,1.494544267654419,14.864688873291016
176.39999389648438,168.10000610351562,160.39999389648438,150.6999969482422,155.39999389648438,134.39999389648438,161.1999969482422,166.0,177.1999969482422,162.39999389648438,166.0,178.89999389648438,172.1999969482422,165.39999389648438,170.8000030517578,59.013427734375,1.3507708311080933,1.17189621925354,1.7446995973587036,1.7426193952560425,1.5313944816589355,14.101256370544434
175.89999389648438,168.3000030517578,162.60000610351562,151.5,157.6999969482422,136.5,162.1999969482422,165.6999969482422,176.0,161.5,168.0,176.89999389648438,171.6999969482422,168.89999389648438,168.10000610351562,56.962806701660156,1.3624898195266724,1.179180383682251,1.7033945322036743,1.6925731897354126,1.494883418083191,14.2953519821167
172.10000610351562,168.60000610351562,163.39999389648438,149.10000610351562,161.5,137.0,160.39999389648438,165.8000030517578,175.89999389648438,158.5,168.1999969482422,176.6999969482422,170.6999969482422,167.39999389648438,166.39999389648438,56.29107666015625,1.3849209547042847,1.1499738693237305,1.6869925260543823,1.6652694940567017,1.4877021312713623,15.882369995117188
170.5,170.1999969482422,159.8000030517578,149.60000610351562,158.89999389648438,141.39999389648438,159.3000030517578,165.39999389648438,174.60000610351562,158.1999969482422,167.60000610351562,178.1999969482422,169.5,167.0,168.10000610351562,57.0380973815918,1.3921080827713013,1.1528921127319336,1.6746230125427246,1.6687661409378052,1.497401475906372,14.720661163330078
169.10000610351562,168.6999969482422,160.5,152.60000610351562,160.3000030517578,142.3000030517578,160.0,164.5,176.6999969482422,159.89999389648438,165.6999969482422,178.60000610351562,169.39999389648438,166.39999389648438,167.8000030517578,56.27505874633789,1.3594835996627808,1.162459135055542,1.6767655611038208,1.668225646018982,1.5059380531311035,13.183980941772461
168.8000030517578,168.8000030517578,157.89999389648438,153.1999969482422,157.1999969482422,149.39999389648438,159.1999969482422,166.10000610351562,175.60000610351562,157.8000030517578,170.10000610351562,175.3000030517578,168.5,168.39999389648438,167.6999969482422,55.49179458618164,1.3746364116668701,1.164421796798706,1.6426178216934204,1.6422535181045532,1.4919028282165527,14.389674186706543
167.39999389648438,167.0,158.1999969482422,155.60000610351562,157.5,150.10000610351562,157.6999969482422,165.1999969482422,177.3000030517578,156.60000610351562,170.10000610351562,174.8000030517578,167.8000030517578,167.39999389648438,169.8000030517578,51.01556396484375,1.3313171863555908,1.1591579914093018,1.6183686256408691,1.6391748189926147,1.5084471702575684,15.238222122192383
166.8000030517578,167.6999969482422,155.89999389648438,155.10000610351562,158.60000610351562,149.60000610351562,158.0,165.1999969482422,177.3000030517578,155.1999969482422,170.5,174.5,167.10000610351562,167.89999389648438,167.8000030517578,51.26991653442383,1.3444626331329346,1.1664795875549316,1.6162902116775513,1.6159170866012573,1.4935412406921387,15.9860200881958
168.0,165.89999389648438,156.5,154.60000610351562,160.10000610351562,149.39999389648438,157.60000610351562,164.6999969482422,178.10000610351562,155.10000610351562,168.6999969482422,176.6999969482422,165.5,169.39999389648438,168.0,49.952049255371094,1.3393703699111938,1.1402044296264648,1.5646007061004639,1.569177269935608,1.4641364812850952,15.396965980529785
168.1999969482422,166.6999969482422,155.60000610351562,155.60000610351562,157.89999389648438,146.6999969482422,158.6999969482422,165.0,177.0,156.3000030517578,169.0,176.60000610351562,166.89999389648438,169.8000030517578,169.39999389648438,50.88032150268555,1.3309366703033447,1.1250993013381958,1.5543413162231445,1.5653142929077148,1.4678314924240112,15.490166664123535
168.5,166.8000030517578,155.10000610351562,154.3000030517578,159.3000030517578,147.8000030517578,158.10000610351562,165.39999389648438,177.0,156.39999389648438,168.3000030517578,176.6999969482422,167.3000030517578,168.39999389648438,168.60000610351562,51.67404556274414,1.3429889678955078,1.1287845373153687,1.5544390678405762,1.5706570148468018,1.4611625671386719,15.780028343200684
168.89999389648438,166.3000030517578,159.60000610351562,155.6999969482422,159.60000610351562,144.60000610351562,158.60000610351562,166.10000610351562,177.3000030517578,157.6999969482422,167.8000030517578,178.10000610351562,170.39999389648438,165.39999389648438,168.6999969482422,52.97307586669922,1.3326205015182495,1.1324886083602905,1.5798832178115845,1.591651439666748,1.479372262954712,18.047035217285156
170.6999969482422,168.10000610351562,160.6999969482422,151.6999969482422,160.5,141.6999969482422,157.10000610351562,166.10000610351562,177.60000610351562,158.5,166.10000610351562,178.89999389648438,173.0,161.6999969482422,174.0,54.21147537231445,1.3591564893722534,1.149857997894287,1.623813271522522,1.6308194398880005,1.495017409324646,19.4176082611084
173.0,169.5,161.60000610351562,150.3000030517578,154.89999389648438,135.6999969482422,157.6999969482422,166.3000030517578,178.1999969482422,158.3000030517578,170.10000610351562,178.39999389648438,172.60000610351562,163.10000610351562,171.1999969482422,54.639705657958984,1.3337759971618652,1.1550323963165283,1.7182154655456543,1.7032650709152222,1.5144025087356567,19.24015998840332
177.10000610351562,170.3000030517578,162.10000610351562,147.89999389648438,146.5,136.89999389648438,159.1999969482422,169.0,179.5,160.8000030517578,171.6999969482422,179.0,172.89999389648438,166.1999969482422,170.1999969482422,48.68086242675781,1.2531085014343262,1.1928426027297974,1.780402421951294,1.7824956178665161,1.5460189580917358,17.794689178466797
178.3000030517578,169.5,165.6999969482422,145.10000610351562,148.3000030517578,131.3000030517578,159.89999389648438,169.10000610351562,178.8000030517578,162.10000610351562,167.10000610351562,178.6999969482422,171.89999389648438,168.8000030517578,168.89999389648438,45.054168701171875,1.211897850036621,1.1927286386489868,1.808974266052246,1.7828830480575562,1.5388058423995972,16.089853286743164
177.6999969482422,167.5,167.5,145.1999969482422,143.3000030517578,129.39999389648438,162.5,168.3000030517578,179.5,166.5,164.0,177.0,175.0,167.1999969482422,171.1999969482422,39.68301010131836,1.1740429401397705,1.2068928480148315,1.820294737815857,1.78260338306427,1.5350416898727417,15.867401123046875
179.8000030517578,171.3000030517578,155.60000610351562,144.0,139.1999969482422,131.60000610351562,165.10000610351562,167.3000030517578,177.0,168.39999389648438,166.60000610351562,180.0,177.5,169.10000610351562,169.0,32.997310638427734,1.1467489004135132,1.2348543405532837,1.8615010976791382,1.8096519708633423,1.533057451248169,17.42023277282715
179.8000030517578,171.89999389648438,153.10000610351562,145.60000610351562,135.8000030517578,130.3000030517578,166.0,167.8000030517578,178.5,169.8000030517578,165.8000030517578,179.6999969482422,179.10000610351562,168.1999969482422,167.8000030517578,28.676267623901367,1.1536881923675537,1.2346328496932983,1.865039348602295,1.8113161325454712,1.5280208587646484,17.70440101623535
179.10000610351562,174.5,152.10000610351562,145.60000610351562,132.10000610351562,132.6999969482422,168.1999969482422,165.6999969482422,177.6999969482422,170.60000610351562,166.89999389648438,179.0,177.5,166.0,169.6999969482422,25.493898391723633,1.1983834505081177,1.2535157203674316,1.8837766647338867,1.8219470977783203,1.535599946975708,20.322778701782227
178.8000030517578,171.6999969482422,150.5,148.8000030517578,131.5,130.1999969482422,171.0,164.1999969482422,175.39999389648438,174.3000030517578,164.6999969482422,179.39999389648438,172.8000030517578,162.39999389648438,168.0,23.319360733032227,1.2473729848861694,1.3046213388442993,1.9087671041488647,1.8161914348602295,1.5354037284851074,21.817523956298828
177.3000030517578,167.3000030517578,147.89999389648438,150.89999389648438,124.80000305175781,132.8000030517578,172.89999389648438,164.89999389648438,176.10000610351562,175.6999969482422,165.60000610351562,179.39999389648438,171.0,163.8000030517578,170.3000030517578,23.033422470092773,1.2722442150115967,1.3259820938110352,1.916558861732483,1.8212964534759521,1.5519095659255981,23.22138023376465
175.8000030517578,164.60000610351562,143.6999969482422,154.0,119.0,136.6999969482422,173.89999389648438,165.39999389648438,175.39999389648438,175.89999389648438,166.89999389648438,178.0,169.89999389648438,164.39999389648438,171.0,21.87668228149414,1.2870030403137207,1.35910964012146,1.933457612991333,1.8303180932998657,1.5741944313049316,25.510629653930664
176.0,163.89999389648438,141.6999969482422,153.3000030517578,116.80000305175781,137.60000610351562,174.0,165.39999389648438,174.1999969482422,174.39999389648438,170.1999969482422,177.0,169.60000610351562,164.39999389648438,171.10000610351562,21.368318557739258,1.2991594076156616,1.3878800868988037,1.9395719766616821,1.8403252363204956,1.581756353378296,27.479455947875977
175.39999389648438,163.1999969482422,140.60000610351562,155.39999389648438,113.69999694824219,139.1999969482422,173.6999969482422,165.89999389648438,173.39999389648438,174.6999969482422,170.3000030517578,176.5,169.6999969482422,166.60000610351562,171.3000030517578,20.41095733642578,1.31583833694458,1.4154075384140015,1.9500036239624023,1.8453888893127441,1.5852468013763428,26.983074188232422
176.60000610351562,163.60000610351562,137.39999389648438,155.60000610351562,111.80000305175781,139.3000030517578,173.1999969482422,167.39999389648438,174.0,175.60000610351562,170.0,175.5,169.10000610351562,166.3000030517578,171.6999969482422,20.625730514526367,1.3150995969772339,1.4312824010849,1.9558773040771484,1.8446868658065796,1.580520749092102,27.508052825927734
176.60000610351562,162.89999389648438,134.5,157.39999389648438,103.9000015258789,142.10000610351562,173.89999389648438,169.10000610351562,173.0,175.89999389648438,175.0,173.6999969482422,167.3000030517578,165.0,174.0,20.542037963867188,1.358059048652649,1.4784897565841675,1.9695230722427368,1.851806640625,1.5834887027740479,29.55448341369629
177.5,160.39999389648438,134.8000030517578,160.1999969482422,99.5999984741211,141.10000610351562,176.3000030517578,170.10000610351562,175.60000610351562,177.3000030517578,176.3000030517578,171.0,165.60000610351562,165.39999389648438,171.5,21.619487762451172,1.3692741394042969,1.5202430486679077,1.9752389192581177,1.8528611660003662,1.5823994874954224,31.66683006286621
179.6999969482422,159.8000030517578,133.89999389648438,165.89999389648438,84.0,146.60000610351562,176.1999969482422,172.0,173.1999969482422,178.5,176.5,172.8000030517578,166.5,169.39999389648438,172.1999969482422,24.255857467651367,1.3644124269485474,1.5189881324768066,1.9687186479568481,1.8452372550964355,1.5662815570831299,31.076377868652344
177.3000030517578,160.89999389648438,128.6999969482422,165.3000030517578,78.9000015258789,148.39999389648438,176.6999969482422,174.6999969482422,176.5,177.3000030517578,177.60000610351562,167.8000030517578,166.8000030517578,168.3000030517578,175.3000030517578,23.063350677490234,1.3539670705795288,1.5244430303573608,1.971694827079773,1.8469820022583008,1.5702874660491943,31.245256423950195
175.6999969482422,157.8000030517578,130.1999969482422,167.1999969482422,68.80000305175781,151.89999389648438,178.1999969482422,178.6999969482422,177.60000610351562,179.1999969482422,177.6999969482422,168.10000610351562,169.0,173.10000610351562,177.10000610351562,22.877239227294922,1.3556500673294067,1.5420249700546265,1.9574804306030273,1.8316949605941772,1.5609744787216187,29.10764503479004
176.8000030517578,157.6999969482422,130.60000610351562,169.3000030517578,62.70000076293945,156.60000610351562,177.5,179.60000610351562,177.8000030517578,179.39999389648438,177.1999969482422,166.8000030517578,168.8000030517578,173.8000030517578,175.3000030517578,23.71286392211914,1.3616454601287842,1.5513209104537964,1.9693607091903687,1.842430591583252,1.5734210014343262,29.694408416748047
177.6999969482422,158.3000030517578,134.3000030517578,162.3000030517578,93.9000015258789,141.10000610351562,175.5,171.39999389648438,172.5,177.5,175.60000610351562,175.10000610351562,168.3000030517578,170.10000610351562,171.89999389648438,23.462255477905273,1.370889663696289,1.5203237533569336,1.9774901866912842,1.850942611694336,1.5736957788467407,30.244285583496094
176.89999389648438,162.1999969482422,139.5,156.6999969482422,107.69999694824219,140.10000610351562,173.10000610351562,168.8000030517578,174.60000610351562,175.60000610351562,171.3000030517578,178.89999389648438,166.3000030517578,163.8000030517578,173.39999389648438,20.26439666748047,1.3488411903381348,1.4538569450378418,1.9629682302474976,1.8441810607910156,1.5761990547180176,31.317686080932617
175.6999969482422,163.8000030517578,141.1999969482422,152.8000030517578,118.5999984741211,133.5,172.8000030517578,165.6999969482422,174.5,174.39999389648438,168.10000610351562,180.0,172.39999389648438,166.39999389648438,172.0,20.61703109741211,1.292718529701233,1.3894156217575073,1.9439393281936646,1.837091326713562,1.5864506959915161,24.807737350463867
177.5,165.60000610351562,142.10000610351562,154.89999389648438,125.5,129.6999969482422,172.60000610351562,164.5,176.1999969482422,173.89999389648438,167.39999389648438,178.0,173.89999389648438,163.1999969482422,172.6999969482422,22.85783576965332,1.2500778436660767,1.3370734453201294,1.9041423797607422,1.8233842849731445,1.551509976387024,22.207895278930664
179.39999389648438,168.6999969482422,146.5,153.6999969482422,133.1999969482422,129.89999389648438,170.60000610351562,165.6999969482422,177.10000610351562,172.60000610351562,166.1999969482422,178.39999389648438,176.3000030517578,164.1999969482422,169.1999969482422,23.88444709777832,1.2076232433319092,1.3330632448196411,1.9061987400054932,1.8329248428344727,1.545901894569397,20.134572982788086
178.3000030517578,171.3000030517578,148.0,151.1999969482422,135.3000030517578,130.5,169.10000610351562,166.1999969482422,178.1999969482422,171.5,165.0,180.0,178.3000030517578,164.10000610351562,167.5,25.27137565612793,1.1686115264892578,1.2980611324310303,1.893089771270752,1.825275182723999,1.5385769605636597,15.908280372619629
178.3000030517578,172.0,145.39999389648438,152.60000610351562,138.8000030517578,127.69999694824219,169.60000610351562,167.1999969482422,179.39999389648438,171.89999389648438,161.39999389648438,178.5,177.5,157.3000030517578,159.3000030517578,27.542694091796875,1.1645238399505615,1.3034918308258057,1.8898584842681885,1.8080382347106934,1.522829532623291,13.588469505310059
178.60000610351562,172.39999389648438,145.8000030517578,151.6999969482422,136.89999389648438,128.8000030517578,169.5,164.89999389648438,178.60000610351562,172.5,160.3000030517578,179.39999389648438,178.0,156.89999389648438,161.39999389648438,27.46474266052246,1.1658174991607666,1.289892315864563,1.879394769668579,1.8118637800216675,1.5295897722244263,13.681967735290527
179.10000610351562,169.0,147.39999389648438,153.0,134.89999389648438,130.0,171.39999389648438,163.0,177.0,176.0,155.0,175.1999969482422,175.39999389648438,151.0,154.5,26.257369995117188,1.179424524307251,1.2849650382995605,1.8631553649902344,1.7858994007110596,1.4932708740234375,16.809045791625977
179.8000030517578,168.10000610351562,144.39999389648438,152.6999969482422,135.89999389648438,127.80000305175781,170.89999389648438,163.6999969482422,176.89999389648438,176.6999969482422,152.39999389648438,176.0,173.10000610351562,148.6999969482422,151.89999389648438,28.33689308166504,1.1839382648468018,1.27405846118927,1.861264705657959,1.7818455696105957,1.4858912229537964,19.267717361450195
179.6999969482422,167.60000610351562,145.39999389648438,153.0,135.10000610351562,128.1999969482422,171.60000610351562,164.6999969482422,174.3000030517578,177.10000610351562,153.3000030517578,173.5,170.8000030517578,147.39999389648438,148.89999389648438,28.507915496826172,1.1860932111740112,1.2725048065185547,1.8587979078292847,1.7793762683868408,1.4769277572631836,21.18375587463379
179.39999389648438,168.1999969482422,148.5,152.5,134.10000610351562,129.89999389648438,170.89999389648438,164.8000030517578,173.5,176.60000610351562,152.3000030517578,173.6999969482422,172.0,150.39999389648438,149.6999969482422,26.682924270629883,1.1930747032165527,1.2852768898010254,1.8584202527999878,1.785302758216858,1.488539218902588,20.33494758605957
179.8000030517578,167.5,149.1999969482422,152.1999969482422,135.6999969482422,129.3000030517578,171.0,162.1999969482422,173.60000610351562,177.89999389648438,150.60000610351562,171.89999389648438,172.10000610351562,149.1999969482422,149.6999969482422,25.7152099609375,1.1893795728683472,1.2901242971420288,1.848020315170288,1.7795075178146362,1.49493408203125,19.005390167236328
179.8000030517578,167.10000610351562,147.60000610351562,153.5,134.8000030517578,128.60000610351562,171.39999389648438,162.39999389648438,172.3000030517578,178.1999969482422,149.10000610351562,172.39999389648438,171.0,148.10000610351562,150.0,25.50002670288086,1.1936843395233154,1.294442892074585,1.8494329452514648,1.78278648853302,1.4901117086410522,20.09878158569336
178.8000030517578,169.8000030517578,149.89999389648438,150.6999969482422,135.89999389648438,131.3000030517578,169.89999389648438,160.60000610351562,170.8000030517578,174.89999389648438,149.8000030517578,168.3000030517578,171.10000610351562,147.5,145.60000610351562,27.80731964111328,1.1849535703659058,1.2856515645980835,1.830171823501587,1.7477039098739624,1.4804580211639404,22.771841049194336
178.89999389648438,168.60000610351562,148.6999969482422,151.5,134.8000030517578,131.8000030517578,170.5,160.8000030517578,168.10000610351562,176.8000030517578,149.39999389648438,165.8000030517578,169.6999969482422,148.0,143.89999389648438,24.597881317138672,1.1954922676086426,1.295039415359497,1.8321765661239624,1.750443458557129,1.471310019493103,22.333349227905273
179.60000610351562,167.60000610351562,147.89999389648438,153.0,130.10000610351562,133.6999969482422,169.0,162.0,170.1999969482422,174.39999389648438,154.1999969482422,162.6999969482422,169.6999969482422,147.39999389648438,144.60000610351562,24.693077087402344,1.1873635053634644,1.287028431892395,1.8318573236465454,1.7551780939102173,1.4772312641143799,24.63878059387207
180.0,168.0,146.60000610351562,154.0,128.60000610351562,135.8000030517578,170.10000610351562,163.0,169.10000610351562,175.0,154.5,163.6999969482422,168.6999969482422,147.39999389648438,145.10000610351562,24.67085075378418,1.19473135471344,1.2968578338623047,1.8327833414077759,1.7590264081954956,1.4743620157241821,24.85389518737793
179.5,168.1999969482422,145.8000030517578,153.3000030517578,129.89999389648438,136.3000030517578,170.3000030517578,163.10000610351562,171.60000610351562,175.5,155.89999389648438,164.6999969482422,168.8000030517578,146.6999969482422,147.6999969482422,26.715970993041992,1.1910014152526855,1.292150855064392,1.8502992391586304,1.7793264389038086,1.4942822456359863,24.294536590576172
177.3000030517578,164.60000610351562,151.89999389648438,152.1999969482422,134.0,131.39999389648438,169.8000030517578,169.10000610351562,176.8000030517578,174.1999969482422,161.1999969482422,178.6999969482422,171.1999969482422,159.89999389648438,161.1999969482422,28.553903579711914,1.177335500717163,1.2857893705368042,1.8717237710952759,1.8150076866149902,1.519119381904602,23.452329635620117
178.3000030517578,167.8000030517578,146.0,151.39999389648438,133.3000030517578,131.10000610351562,171.3000030517578,169.39999389648438,178.8000030517578,173.0,166.5,178.3000030517578,170.8000030517578,162.5,165.60000610351562,26.375078201293945,1.2013510465621948,1.3054068088531494,1.896634817123413,1.8349133729934692,1.534936785697937,25.139934539794922
177.0,166.8000030517578,146.39999389648438,151.1999969482422,132.3000030517578,130.8000030517578,170.5,171.10000610351562,179.39999389648438,173.3000030517578,169.0,177.3000030517578,168.39999389648438,163.8000030517578,169.60000610351562,29.75327491760254,1.1746655702590942,1.2779070138931274,1.898755669593811,1.8527849912643433,1.548058032989502,26.730098724365234
178.6999969482422,169.89999389648438,149.5,151.0,133.0,131.6999969482422,172.0,171.6999969482422,177.5,171.89999389648438,172.6999969482422,177.8000030517578,169.8000030517578,168.5,170.60000610351562,31.178674697875977,1.1576077938079834,1.2802542448043823,1.8998323678970337,1.8560833930969238,1.5606492757797241,26.432167053222656
179.0,168.39999389648438,148.1999969482422,152.0,132.10000610351562,130.0,172.3000030517578,173.1999969482422,175.6999969482422,171.89999389648438,174.5,179.0,171.3000030517578,171.0,171.39999389648438,30.41843032836914,1.1501691341400146,1.2803577184677124,1.9079004526138306,1.8692048788070679,1.580562710762024,25.47654914855957
178.8000030517578,168.39999389648438,146.8000030517578,153.3000030517578,132.39999389648438,132.5,173.10000610351562,169.1999969482422,179.0,175.1999969482422,166.8000030517578,178.5,169.6999969482422,165.10000610351562,168.3000030517578,29.58766746520996,1.166198492050171,1.3044712543487549,1.899814248085022,1.8480663299560547,1.5566778182983398,23.616106033325195
179.0,167.5,144.0,151.5,135.8000030517578,130.3000030517578,171.10000610351562,164.8000030517578,179.3000030517578,172.6999969482422,162.39999389648438,179.10000610351562,172.6999969482422,161.3000030517578,160.0,29.78561019897461,1.1662150621414185,1.2858203649520874,1.8717035055160522,1.8207141160964966,1.526677131652832,23.4348087310791
179.1999969482422,167.39999389648438,141.6999969482422,157.3000030517578,125.5999984741211,136.39999389648438,173.60000610351562,162.5,169.89999389648438,174.1999969482422,156.8000030517578,165.3000030517578,172.1999969482422,149.0,152.0,27.12769317626953,1.170360803604126,1.2838529348373413,1.8128303289413452,1.7478773593902588,1.4907045364379883,22.168481826782227
179.3000030517578,167.5,143.10000610351562,157.1999969482422,127.5999984741211,133.89999389648438,172.60000610351562,159.0,167.5,173.89999389648438,153.8000030517578,164.3000030517578,172.0,146.3000030517578,149.6999969482422,26.832523345947266,1.1665937900543213,1.2819082736968994,1.7878203392028809,1.7347557544708252,1.4810293912887573,22.607837677001953
178.60000610351562,166.8000030517578,141.60000610351562,156.0,133.6999969482422,126.0999984741211,173.89999389648438,152.3000030517578,158.3000030517578,177.3000030517578,142.3000030517578,156.1999969482422,170.1999969482422,138.39999389648438,134.3000030517578,27.5018367767334,1.156962513923645,1.2792892456054688,1.7614877223968506,1.6851491928100586,1.4554752111434937,22.055498123168945
179.3000030517578,165.8000030517578,142.5,154.5,136.6999969482422,125.0,174.3000030517578,149.60000610351562,153.89999389648438,179.39999389648438,135.8000030517578,151.8000030517578,169.39999389648438,136.5,122.4000015258789,25.62413787841797,1.1502398252487183,1.286897897720337,1.7500883340835571,1.661028504371643,1.4372453689575195,20.932069778442383
178.8000030517578,165.5,140.60000610351562,156.39999389648438,135.5,123.69999694824219,175.39999389648438,148.10000610351562,152.89999389648438,179.10000610351562,134.5,150.10000610351562,168.5,133.10000610351562,123.5999984741211,25.850610733032227,1.1468346118927002,1.284728765487671,1.7447916269302368,1.6472358703613281,1.4346340894699097,22.108196258544922
177.89999389648438,167.0,138.0,157.10000610351562,133.1999969482422,124.5999984741211,174.8000030517578,148.89999389648438,149.89999389648438,177.89999389648438,135.5,146.39999389648438,169.1999969482422,134.3000030517578,119.30000305175781,22.526893615722656,1.141136646270752,1.285247564315796,1.7300702333450317,1.62382173538208,1.410254955291748,22.66297149658203
179.39999389648438,166.3000030517578,140.60000610351562,156.3000030517578,135.60000610351562,124.69999694824219,175.10000610351562,149.1999969482422,154.39999389648438,179.1999969482422,137.10000610351562,153.5,168.39999389648438,135.1999969482422,128.60000610351562,22.760581970214844,1.152044415473938,1.3022279739379883,1.755813479423523,1.671217918395996,1.455047607421875,22.057571411132812
179.89999389648438,168.39999389648438,145.89999389648438,154.6999969482422,131.10000610351562,131.1999969482422,171.1999969482422,158.3000030517578,169.60000610351562,175.10000610351562,150.3000030517578,167.10000610351562,176.5,149.1999969482422,151.6999969482422,26.07346534729004,1.1558367013931274,1.27218759059906,1.7947180271148682,1.7338420152664185,1.5040092468261719,17.33011245727539
178.39999389648438,172.60000610351562,143.0,152.3000030517578,130.0,136.39999389648438,172.0,159.89999389648438,172.1999969482422,176.10000610351562,155.10000610351562,164.39999389648438,177.6999969482422,151.89999389648438,153.5,30.65761947631836,1.1481225490570068,1.240867257118225,1.8042677640914917,1.7422878742218018,1.486747145652771,14.149947166442871
176.6999969482422,174.89999389648438,151.6999969482422,148.60000610351562,134.5,136.6999969482422,171.10000610351562,161.39999389648438,169.60000610351562,174.3000030517578,155.8000030517578,168.3000030517578,178.10000610351562,159.1999969482422,154.10000610351562,34.07835006713867,1.1322674751281738,1.2219892740249634,1.7880489826202393,1.7357019186019897,1.4792460203170776,10.476083755493164
179.39999389648438,171.8000030517578,159.89999389648438,146.39999389648438,138.39999389648438,127.80000305175781,166.3000030517578,170.60000610351562,177.60000610351562,169.8000030517578,165.5,179.0,177.10000610351562,163.6999969482422,169.1999969482422,35.9646110534668,1.1326912641525269,1.1857178211212158,1.8686249256134033,1.8158894777297974,1.534190058708191,14.481344223022461
178.8000030517578,172.1999969482422,160.3000030517578,142.6999969482422,147.8000030517578,120.19999694824219,166.8000030517578,169.3000030517578,178.60000610351562,168.3000030517578,167.89999389648438,177.3000030517578,176.39999389648438,164.39999389648438,175.3000030517578,37.717613220214844,1.139470100402832,1.1916345357894897,1.877726674079895,1.8238004446029663,1.5364773273468018,15.00278091430664
179.3000030517578,172.10000610351562,157.6999969482422,143.6999969482422,146.10000610351562,120.0999984741211,166.5,171.8000030517578,179.1999969482422,169.0,167.89999389648438,175.6999969482422,176.0,166.5,176.3000030517578,39.023353576660156,1.1406893730163574,1.1783281564712524,1.8648685216903687,1.819891333580017,1.5290513038635254,14.518567085266113
178.6999969482422,170.39999389648438,152.89999389648438,145.5,138.6999969482422,127.80000305175781,169.10000610351562,168.39999389648438,179.6999969482422,169.3000030517578,166.39999389648438,176.6999969482422,177.6999969482422,168.1999969482422,172.39999389648438,36.26801681518555,1.1167185306549072,1.1936962604522705,1.8731316328048706,1.8327200412750244,1.5539711713790894,15.609196662902832
179.6999969482422,168.8000030517578,147.1999969482422,151.89999389648438,136.1999969482422,128.1999969482422,170.6999969482422,163.1999969482422,173.39999389648438,173.60000610351562,153.0,174.89999389648438,176.89999389648438,153.6999969482422,153.6999969482422,33.728057861328125,1.135632872581482,1.231031894683838,1.8123779296875,1.7503751516342163,1.49177885055542,17.587846755981445
179.5,168.0,143.60000610351562,155.39999389648438,127.69999694824219,135.6999969482422,171.0,160.5,170.60000610351562,171.5,156.39999389648438,164.39999389648438,174.0,148.3000030517578,149.10000610351562,29.014854431152344,1.1514731645584106,1.262021780014038,1.802337884902954,1.7330260276794434,1.4843693971633911,22.618118286132812
178.10000610351562,168.10000610351562,137.0,155.8000030517578,129.39999389648438,132.6999969482422,174.6999969482422,159.89999389648438,170.6999969482422,173.6999969482422,156.10000610351562,163.39999389648438,169.10000610351562,144.8000030517578,141.8000030517578,22.21609878540039,1.213351845741272,1.3367877006530762,1.8509219884872437,1.757702112197876,1.4866106510162354,26.384658813476562
178.6999969482422,165.8000030517578,136.1999969482422,154.6999969482422,127.5999984741211,131.10000610351562,175.89999389648438,156.0,169.0,173.10000610351562,156.1999969482422,163.5,169.3000030517578,148.10000610351562,145.6999969482422,19.71103286743164,1.2693102359771729,1.3730196952819824,1.8448117971420288,1.7697370052337646,1.5224417448043823,26.526580810546875
178.1999969482422,166.60000610351562,128.3000030517578,155.6999969482422,120.0999984741211,135.39999389648438,176.39999389648438,161.39999389648438,175.89999389648438,173.0,163.3000030517578,168.10000610351562,169.10000610351562,151.6999969482422,154.1999969482422,20.985925674438477,1.3120558261871338,1.4051045179367065,1.89922034740448,1.7923333644866943,1.5444914102554321,27.602922439575195
177.5,162.6999969482422,127.0,158.89999389648438,106.9000015258789,137.8000030517578,178.60000610351562,162.3000030517578,178.0,174.8000030517578,165.1999969482422,174.39999389648438,166.10000610351562,155.5,160.10000610351562,23.161090850830078,1.3600821495056152,1.4444961547851562,1.9252455234527588,1.8123371601104736,1.554445743560791,30.92534065246582
177.39999389648438,163.0,130.10000610351562,155.1999969482422,97.0999984741211,145.89999389648438,175.3000030517578,171.8000030517578,174.5,173.10000610351562,177.60000610351562,171.8000030517578,167.60000610351562,166.39999389648438,171.60000610351562,20.331174850463867,1.361626148223877,1.4973677396774292,1.9853838682174683,1.865999460220337,1.5921802520751953,33.44127655029297
179.39999389648438,160.3000030517578,126.69999694824219,158.1999969482422,86.5999984741211,147.39999389648438,176.10000610351562,175.39999389648438,172.6999969482422,171.89999389648438,173.60000610351562,167.8000030517578,167.10000610351562,171.1999969482422,174.8000030517578,24.284812927246094,1.3558799028396606,1.5088096857070923,1.9850146770477295,1.868526577949524,1.5881297588348389,36.43636703491211
178.0,158.39999389648438,126.4000015258789,165.6999969482422,73.19999694824219,151.39999389648438,178.10000610351562,178.60000610351562,175.1999969482422,179.89999389648438,172.8000030517578,165.10000610351562,167.1999969482422,173.39999389648438,174.3000030517578,23.285499572753906,1.3875731229782104,1.5393097400665283,1.9845207929611206,1.8811728954315186,1.5983433723449707,29.622169494628906
176.39999389648438,158.0,128.0,164.10000610351562,71.30000305175781,156.1999969482422,178.6999969482422,177.39999389648438,176.89999389648438,176.0,176.89999389648438,168.60000610351562,165.60000610351562,170.6999969482422,175.89999389648438,23.26905632019043,1.393308162689209,1.5516421794891357,1.9892070293426514,1.8761656284332275,1.5883313417434692,27.042938232421875
176.1999969482422,156.1999969482422,127.30000305175781,168.3000030517578,67.80000305175781,152.60000610351562,180.0,179.60000610351562,175.8000030517578,174.39999389648438,173.6999969482422,164.1999969482422,165.39999389648438,173.1999969482422,173.89999389648438,23.557743072509766,1.398057222366333,1.5556933879852295,1.9819704294204712,1.8722444772720337,1.5825729370117188,26.769582748413086
179.6999969482422,156.89999389648438,130.8000030517578,164.1999969482422,81.19999694824219,151.3000030517578,178.3000030517578,174.3000030517578,175.89999389648438,178.6999969482422,178.60000610351562,172.0,166.60000610351562,170.10000610351562,174.1999969482422,25.417774200439453,1.3765801191329956,1.5320910215377808,1.994943618774414,1.8829621076583862,1.601468563079834,28.363113403320312
179.6999969482422,161.89999389648438,129.0,162.1999969482422,89.5999984741211,149.1999969482422,179.39999389648438,168.6999969482422,175.3000030517578,179.89999389648438,169.1999969482422,176.8000030517578,166.1999969482422,161.60000610351562,166.1999969482422,26.655187606811523,1.3637999296188354,1.4769448041915894,1.9556784629821777,1.8521403074264526,1.5645506381988525,28.050247192382812
179.6999969482422,164.6999969482422,126.4000015258789,163.6999969482422,92.5999984741211,148.3000030517578,179.10000610351562,168.60000610351562,175.0,177.8000030517578,161.60000610351562,166.1999969482422,165.1999969482422,150.89999389648438,150.6999969482422,24.468395233154297,1.3567396402359009,1.4077688455581665,1.8935202360153198,1.7872174978256226,1.5258158445358276,24.276885986328125
179.6999969482422,167.5,127.5,159.89999389648438,113.0999984741211,137.3000030517578,179.6999969482422,163.60000610351562,165.89999389648438,179.0,158.10000610351562,161.60000610351562,165.5,146.1999969482422,147.39999389648438,23.023672103881836,1.2915534973144531,1.3659433126449585,1.8522956371307373,1.7702003717422485,1.5266461372375488,25.103931427001953
179.0,169.60000610351562,127.0999984741211,157.5,116.4000015258789,137.60000610351562,178.60000610351562,162.10000610351562,166.89999389648438,178.5,155.60000610351562,159.39999389648438,167.5,143.89999389648438,142.0,24.69940185546875,1.224115014076233,1.3268147706985474,1.8349940776824951,1.757800579071045,1.4994508028030396,23.289791107177734
179.60000610351562,167.6999969482422,136.10000610351562,157.10000610351562,120.69999694824219,134.60000610351562,179.8000030517578,161.1999969482422,160.10000610351562,178.1999969482422,142.3000030517578,166.6999969482422,173.10000610351562,145.10000610351562,143.6999969482422,24.245634078979492,1.196929931640625,1.294554352760315,1.8040052652359009,1.7233948707580566,1.5063402652740479,14.836161613464355
179.89999389648438,170.0,139.5,153.8000030517578,127.69999694824219,132.60000610351562,178.60000610351562,157.60000610351562,160.60000610351562,179.10000610351562,142.39999389648438,166.89999389648438,173.10000610351562,143.8000030517578,144.39999389648438,27.79482078552246,1.1597213745117188,1.2722469568252563,1.7970213890075684,1.7345463037490845,1.4919395446777344,14.383301734924316
178.39999389648438,175.1999969482422,142.60000610351562,153.5,126.30000305175781,135.3000030517578,173.60000610351562,162.8000030517578,169.1999969482422,176.1999969482422,155.60000610351562,172.39999389648438,179.1999969482422,155.39999389648438,158.60000610351562,33.027442932128906,1.1233057975769043,1.2220932245254517,1.8042644262313843,1.7579982280731201,1.5106922388076782,12.001601219177246
179.89999389648438,173.6999969482422,149.6999969482422,150.1999969482422,124.0999984741211,137.1999969482422,171.8000030517578,168.89999389648438,176.0,175.3000030517578,159.89999389648438,175.39999389648438,178.39999389648438,166.1999969482422,172.1999969482422,30.52518653869629,1.102827548980713,1.2068618535995483,1.8609086275100708,1.8180629014968872,1.5501421689987183,14.133041381835938
179.3000030517578,173.39999389648438,152.5,147.3000030517578,128.1999969482422,134.1999969482422,169.89999389648438,171.0,178.8000030517578,174.10000610351562,163.89999389648438,175.1999969482422,179.10000610351562,166.0,178.8000030517578,32.43964385986328,1.1161221265792847,1.1924254894256592,1.8809001445770264,1.8375804424285889,1.5592882633209229,14.554752349853516
179.3000030517578,173.6999969482422,155.60000610351562,146.3000030517578,136.1999969482422,128.89999389648438,169.0,169.1999969482422,178.0,171.3000030517578,163.6999969482422,173.0,176.3000030517578,164.39999389648438,175.8000030517578,33.205406188964844,1.1196199655532837,1.2209925651550293,1.9001423120498657,1.849357008934021,1.5636502504348755,12.734132766723633
178.89999389648438,172.60000610351562,147.10000610351562,147.10000610351562,140.60000610351562,125.30000305175781,170.5,151.8000030517578,168.1999969482422,168.8000030517578,151.39999389648438,163.89999389648438,175.3000030517578,150.0,150.8000030517578,30.959552764892578,1.154046654701233,1.237519383430481,1.7672141790390015,1.725352168083191,1.4907245635986328,13.921175003051758
176.3000030517578,169.60000610351562,148.10000610351562,147.6999969482422,141.8000030517578,123.19999694824219,171.60000610351562,136.0,164.1999969482422,174.6999969482422,129.5,158.0,179.5,133.39999389648438,136.5,34.76032257080078,1.147238850593567,1.2176905870437622,1.696165919303894,1.6150730848312378,1.4181232452392578,12.613893508911133
176.8000030517578,169.10000610351562,145.8000030517578,149.1999969482422,137.60000610351562,125.69999694824219,172.10000610351562,135.3000030517578,161.3000030517578,175.3000030517578,124.9000015258789,158.6999969482422,179.39999389648438,133.1999969482422,132.1999969482422,34.05923080444336,1.1594228744506836,1.2132028341293335,1.6718099117279053,1.5934832096099854,1.3944727182388306,11.552616119384766
177.10000610351562,168.6999969482422,142.39999389648438,149.89999389648438,138.3000030517578,127.4000015258789,171.60000610351562,133.0,158.89999389648438,174.3000030517578,125.80000305175781,155.6999969482422,179.0,133.60000610351562,129.8000030517578,31.095449447631836,1.142965316772461,1.2283501625061035,1.6473772525787354,1.5861475467681885,1.392795205116272,13.299539566040039
178.10000610351562,168.6999969482422,142.1999969482422,150.1999969482422,135.8000030517578,128.1999969482422,171.60000610351562,129.39999389648438,159.60000610351562,174.10000610351562,125.0999984741211,154.39999389648438,179.8000030517578,132.1999969482422,128.1999969482422,30.515195846557617,1.1492738723754883,1.2184895277023315,1.6306968927383423,1.5711437463760376,1.379360556602478,14.576369285583496
176.6999969482422,171.6999969482422,141.10000610351562,153.3000030517578,135.8000030517578,125.5999984741211,173.5,141.1999969482422,152.39999389648438,173.6999969482422,135.60000610351562,152.3000030517578,179.60000610351562,142.60000610351562,129.39999389648438,25.75435447692871,1.163274884223938,1.2578186988830566,1.696907639503479,1.6332486867904663,1.4300569295883179,15.096203804016113
177.60000610351562,170.6999969482422,140.89999389648438,154.89999389648438,128.5,130.0,173.1999969482422,151.39999389648438,158.8000030517578,172.1999969482422,145.6999969482422,164.89999389648438,176.1999969482422,147.60000610351562,144.0,27.80148696899414,1.1689056158065796,1.2595984935760498,1.7521955966949463,1.7134262323379517,1.4934043884277344,19.695466995239258
179.1999969482422,169.1999969482422,135.5,155.60000610351562,122.5,135.3000030517578,173.39999389648438,160.5,174.6999969482422,171.0,159.60000610351562,170.5,179.0,157.1999969482422,160.3000030517578,27.798259735107422,1.1807827949523926,1.2657032012939453,1.813636302947998,1.7590373754501343,1.521228313446045,18.431427001953125
178.89999389648438,168.89999389648438,139.10000610351562,152.8000030517578,127.5999984741211,133.0,172.6999969482422,164.39999389648438,179.5,170.1999969482422,163.3000030517578,178.8000030517578,178.89999389648438,166.39999389648438,167.60000610351562,30.001617431640625,1.1636114120483398,1.271793246269226,1.8611770868301392,1.7997663021087646,1.5542830228805542,17.576656341552734
178.8000030517578,170.1999969482422,143.3000030517578,155.6999969482422,127.0999984741211,131.1999969482422,170.39999389648438,165.3000030517578,176.39999389648438,169.89999389648438,162.1999969482422,177.6999969482422,172.8000030517578,168.0,169.10000610351562,32.816673278808594,1.1261757612228394,1.240173578262329,1.8321871757507324,1.7961021661758423,1.5609370470046997,11.155141830444336
179.39999389648438,172.5,134.6999969482422,157.39999389648438,126.69999694824219,127.9000015258789,173.10000610351562,160.39999389648438,169.0,166.8000030517578,159.39999389648438,168.3000030517578,173.39999389648438,157.39999389648438,158.3000030517578,33.516239166259766,1.114205241203308,1.245253324508667,1.784550666809082,1.7390406131744385,1.538838505744934,14.175923347473145
178.8000030517578,168.5,136.0,158.3000030517578,135.10000610351562,121.0,175.89999389648438,152.6999969482422,162.0,177.0,137.89999389648438,161.10000610351562,177.5,143.5,140.1999969482422,30.895320892333984,1.1241824626922607,1.2672100067138672,1.7670823335647583,1.687602162361145,1.4796271324157715,9.219094276428223
177.6999969482422,169.39999389648438,133.3000030517578,157.1999969482422,131.0,129.10000610351562,175.10000610351562,148.10000610351562,162.60000610351562,175.8000030517578,133.60000610351562,158.39999389648438,170.10000610351562,142.89999389648438,140.3000030517578,30.798351287841797,1.082429051399231,1.2572532892227173,1.7386645078659058,1.6475509405136108,1.4487783908843994,3.849884033203125
177.60000610351562,169.5,132.5,156.10000610351562,134.39999389648438,129.6999969482422,174.1999969482422,146.6999969482422,163.6999969482422,173.10000610351562,134.8000030517578,159.89999389648438,166.5,143.89999389648438,144.60000610351562,33.53330993652344,1.0782796144485474,1.2582433223724365,1.7335213422775269,1.6448091268539429,1.4424593448638916,1.9054133892059326
176.1999969482422,170.1999969482422,137.0,156.10000610351562,137.39999389648438,127.69999694824219,173.8000030517578,150.5,161.60000610351562,173.89999389648438,134.0,162.8000030517578,168.1999969482422,145.3000030517578,146.6999969482422,33.82231140136719,1.0917174816131592,1.2596096992492676,1.7398560047149658,1.6417043209075928,1.4531219005584717,3.2795398235321045
175.39999389648438,170.5,132.1999969482422,157.5,135.3000030517578,124.4000015258789,176.60000610351562,150.10000610351562,158.6999969482422,175.8000030517578,135.5,159.3000030517578,169.1999969482422,144.60000610351562,146.60000610351562,29.404560089111328,1.089153528213501,1.2726858854293823,1.745743751525879,1.6611583232879639,1.4787651300430298,2.462768316268921
176.3000030517578,171.0,127.30000305175781,158.5,139.60000610351562,120.0,177.3000030517578,151.3000030517578,159.5,175.6999969482422,134.10000610351562,159.89999389648438,168.3000030517578,146.60000610351562,145.3000030517578,29.549819946289062,1.0813915729522705,1.2819936275482178,1.758926272392273,1.6566473245620728,1.476575493812561,1.5088109970092773
177.1999969482422,169.89999389648438,128.3000030517578,158.10000610351562,140.39999389648438,117.0999984741211,177.39999389648438,152.39999389648438,158.3000030517578,176.10000610351562,134.6999969482422,160.8000030517578,168.39999389648438,146.1999969482422,150.39999389648438,28.331279754638672,1.090680480003357,1.2791829109191895,1.7563254833221436,1.66402006149292,1.4884096384048462,1.3483678102493286
174.89999389648438,169.89999389648438,140.39999389648438,152.1999969482422,145.1999969482422,125.0,172.89999389648438,145.89999389648438,166.3000030517578,172.8000030517578,134.60000610351562,160.5,165.89999389648438,145.1999969482422,149.8000030517578,36.87629699707031,1.1230148077011108,1.2468429803848267,1.734662413597107,1.6262494325637817,1.4307594299316406,2.3932249546051025
176.5,170.89999389648438,139.10000610351562,150.39999389648438,140.5,129.3000030517578,170.60000610351562,138.3000030517578,171.5,169.60000610351562,139.6999969482422,156.89999389648438,163.0,149.6999969482422,146.1999969482422,40.895301818847656,1.192112922668457,1.225171446800232,1.6928293704986572,1.6179717779159546,1.4043256044387817,3.326268434524536
175.6999969482422,171.8000030517578,143.0,149.8000030517578,141.5,128.60000610351562,170.3000030517578,139.10000610351562,171.6999969482422,170.0,135.6999969482422,161.3000030517578,162.0,150.6999969482422,147.89999389648438,40.71979522705078,1.1987276077270508,1.2382529973983765,1.718641996383667,1.6218048334121704,1.4221960306167603,4.725234508514404
175.10000610351562,171.60000610351562,145.39999389648438,152.0,139.10000610351562,131.39999389648438,171.0,140.5,168.0,171.0,132.60000610351562,155.10000610351562,161.1999969482422,148.0,147.8000030517578,39.48418426513672,1.2097846269607544,1.2478995323181152,1.7100744247436523,1.587491512298584,1.3927792310714722,4.356766700744629
175.10000610351562,171.89999389648438,143.39999389648438,153.5,137.6999969482422,131.89999389648438,171.8000030517578,140.5,168.89999389648438,171.60000610351562,133.0,155.1999969482422,161.5,148.10000610351562,148.0,40.087646484375,1.1921477317810059,1.2475706338882446,1.7146129608154297,1.593582272529602,1.3949382305145264,4.703433990478516
175.10000610351562,174.8000030517578,142.60000610351562,151.1999969482422,137.5,134.39999389648438,169.5,141.5,170.89999389648438,168.8000030517578,137.60000610351562,157.39999389648438,155.6999969482422,154.39999389648438,152.60000610351562,39.543922424316406,1.2174397706985474,1.238928198814392,1.7079921960830688,1.6108677387237549,1.4129317998886108,7.322123050689697
172.60000610351562,175.1999969482422,143.39999389648438,149.5,135.5,139.5,169.3000030517578,139.39999389648438,170.89999389648438,167.60000610351562,135.6999969482422,157.3000030517578,151.0,153.39999389648438,151.10000610351562,36.732540130615234,1.2046040296554565,1.2463200092315674,1.7038549184799194,1.591569185256958,1.372023582458496,10.854984283447266
171.5,177.6999969482422,152.89999389648438,150.8000030517578,133.39999389648438,139.6999969482422,170.8000030517578,136.60000610351562,168.60000610351562,168.60000610351562,129.6999969482422,159.6999969482422,150.10000610351562,151.0,145.10000610351562,38.550628662109375,1.2551488876342773,1.2458746433258057,1.7029038667678833,1.5808539390563965,1.3308714628219604,12.943862915039062
173.60000610351562,174.39999389648438,152.39999389648438,147.89999389648438,137.1999969482422,137.39999389648438,169.5,135.6999969482422,169.8000030517578,168.6999969482422,127.0999984741211,161.10000610351562,150.39999389648438,151.60000610351562,149.10000610351562,39.065582275390625,1.2471894025802612,1.2389514446258545,1.688057780265808,1.5614639520645142,1.3451042175292969,12.96896743774414
173.60000610351562,174.0,151.5,144.89999389648438,143.0,131.5,170.0,137.10000610351562,172.3000030517578,168.5,137.3000030517578,158.5,155.10000610351562,156.0,150.5,36.071468353271484,1.2215605974197388,1.2465234994888306,1.715235710144043,1.6238402128219604,1.4024156332015991,8.019974708557129
176.3000030517578,171.1999969482422,140.3000030517578,151.3000030517578,140.10000610351562,128.8000030517578,170.5,142.5,173.10000610351562,169.3000030517578,140.1999969482422,158.0,164.1999969482422,148.5,148.60000610351562,33.62301254272461,1.1545803546905518,1.2573437690734863,1.7424331903457642,1.6433582305908203,1.4337135553359985,2.5866031646728516
178.5,169.8000030517578,135.89999389648438,159.6999969482422,126.19999694824219,131.3000030517578,171.0,167.10000610351562,174.5,164.10000610351562,168.8000030517578,170.89999389648438,170.10000610351562,162.1999969482422,164.60000610351562,31.469968795776367,1.098724365234375,1.2648606300354004,1.8273670673370361,1.7846330404281616,1.5473281145095825,13.653848648071289
178.39999389648438,167.8000030517578,134.39999389648438,159.10000610351562,126.80000305175781,126.9000015258789,174.10000610351562,167.6999969482422,179.39999389648438,170.3000030517578,161.8000030517578,177.39999389648438,176.0,160.89999389648438,165.89999389648438,27.18413734436035,1.1748098134994507,1.3014578819274902,1.8791009187698364,1.808007836341858,1.56118905544281,14.335837364196777
179.8000030517578,168.0,140.39999389648438,155.89999389648438,124.19999694824219,133.10000610351562,173.0,169.1999969482422,178.3000030517578,170.39999389648438,164.6999969482422,175.10000610351562,179.8000030517578,160.8000030517578,168.39999389648438,26.277250289916992,1.1797926425933838,1.312578797340393,1.9075126647949219,1.8351484537124634,1.5767805576324463,18.91946792602539
179.8000030517578,167.3000030517578,136.3000030517578,159.10000610351562,115.30000305175781,137.1999969482422,174.3000030517578,170.5,176.10000610351562,170.3000030517578,169.39999389648438,179.10000610351562,179.5,166.1999969482422,166.1999969482422,26.258275985717773,1.2125041484832764,1.348567008972168,1.9220772981643677,1.8480669260025024,1.5878441333770752,19.987573623657227
179.3000030517578,167.39999389648438,135.3000030517578,156.0,119.0999984741211,134.6999969482422,173.60000610351562,172.5,175.60000610351562,169.39999389648438,170.6999969482422,177.6999969482422,179.60000610351562,165.89999389648438,170.5,26.476890563964844,1.1900830268859863,1.3335649967193604,1.9322820901870728,1.8562476634979248,1.5893771648406982,19.352279663085938
179.60000610351562,166.5,135.5,158.5,119.30000305175781,132.1999969482422,173.6999969482422,173.1999969482422,176.10000610351562,170.10000610351562,171.5,178.10000610351562,178.3000030517578,167.60000610351562,174.1999969482422,29.39754867553711,1.166124939918518,1.315872073173523,1.9339679479599,1.8463646173477173,1.578651785850525,17.096303939819336
179.1999969482422,164.60000610351562,137.6999969482422,157.3000030517578,126.0999984741211,129.10000610351562,172.8000030517578,175.1999969482422,177.0,169.10000610351562,172.10000610351562,177.8000030517578,172.8000030517578,169.3000030517578,176.6999969482422,29.948307037353516,1.1276195049285889,1.306471824645996,1.943674087524414,1.8500118255615234,1.5879534482955933,12.983780860900879
179.89999389648438,165.5,138.3000030517578,159.60000610351562,121.5,131.5,173.10000610351562,177.60000610351562,177.1999969482422,169.39999389648438,175.8000030517578,179.5,173.5,171.89999389648438,179.39999389648438,30.200515747070312,1.132515788078308,1.316137433052063,1.9479416608810425,1.8709158897399902,1.6017298698425293,13.001317024230957
179.10000610351562,164.6999969482422,137.8000030517578,160.10000610351562,118.5999984741211,132.5,172.6999969482422,178.5,177.60000610351562,168.1999969482422,177.6999969482422,178.5,173.60000610351562,173.10000610351562,177.6999969482422,31.742115020751953,1.129775881767273,1.3080471754074097,1.9435112476348877,1.8642545938491821,1.5920034646987915,14.04343318939209
178.5,163.60000610351562,141.10000610351562,159.8000030517578,124.69999694824219,128.39999389648438,172.6999969482422,177.8000030517578,177.39999389648438,169.60000610351562,176.3000030517578,179.10000610351562,174.1999969482422,173.8000030517578,179.39999389648438,33.49187088012695,1.1163464784622192,1.293331503868103,1.9393198490142822,1.8696202039718628,1.601412057876587,13.203941345214844
179.89999389648438,167.10000610351562,141.0,157.3000030517578,129.89999389648438,123.80000305175781,173.89999389648438,177.60000610351562,178.3000030517578,170.6999969482422,176.0,178.8000030517578,175.0,173.8000030517578,178.6999969482422,37.37605285644531,1.1053746938705444,1.2460501194000244,1.9200515747070312,1.8424124717712402,1.5718848705291748,12.339059829711914
178.60000610351562,166.0,140.6999969482422,158.10000610351562,122.19999694824219,127.0999984741211,174.10000610351562,176.1999969482422,178.1999969482422,171.1999969482422,176.89999389648438,180.0,175.6999969482422,173.89999389648438,176.5,34.16633605957031,1.1127943992614746,1.247089147567749,1.9202916622161865,1.8414479494094849,1.5749179124832153,12.698017120361328
179.1999969482422,168.10000610351562,139.60000610351562,158.8000030517578,121.0,124.5999984741211,174.39999389648438,174.3000030517578,178.3000030517578,171.1999969482422,178.0,179.39999389648438,174.60000610351562,176.1999969482422,179.5,35.903717041015625,1.1050209999084473,1.229941487312317,1.9122363328933716,1.8331388235092163,1.563387393951416,12.043336868286133
178.39999389648438,168.60000610351562,137.6999969482422,158.5,121.9000015258789,128.5,175.0,174.1999969482422,177.60000610351562,171.0,177.6999969482422,178.39999389648438,176.1999969482422,175.89999389648438,177.5,34.12636947631836,1.1166155338287354,1.2605931758880615,1.9287889003753662,1.8498114347457886,1.5793771743774414,13.679765701293945
179.1999969482422,167.0,138.89999389648438,158.8000030517578,120.5999984741211,128.89999389648438,174.0,174.1999969482422,178.1999969482422,170.0,177.60000610351562,178.6999969482422,176.10000610351562,174.60000610351562,177.89999389648438,34.00070571899414,1.1243536472320557,1.2566108703613281,1.9236959218978882,1.8330796957015991,1.5737141370773315,14.14024543762207
179.39999389648438,165.10000610351562,140.3000030517578,156.6999969482422,127.5,124.69999694824219,173.39999389648438,179.0,178.8000030517578,170.5,175.39999389648438,179.1999969482422,179.0,173.0,177.89999389648438,31.26252555847168,1.1390669345855713,1.294926643371582,1.9479382038116455,1.8572947978973389,1.587020754814148,16.932798385620117
178.60000610351562,167.0,145.3000030517578,155.1999969482422,128.3000030517578,125.9000015258789,171.39999389648438,177.39999389648438,178.89999389648438,172.1999969482422,175.1999969482422,180.0,179.0,170.3000030517578,179.39999389648438,28.712505340576172,1.1284756660461426,1.2654399871826172,1.9169631004333496,1.8525645732879639,1.5624319314956665,17.183074951171875
179.3000030517578,166.39999389648438,146.8000030517578,154.60000610351562,128.60000610351562,129.3000030517578,169.3000030517578,176.10000610351562,174.8000030517578,170.8000030517578,176.5,178.0,179.60000610351562,169.3000030517578,179.39999389648438,27.73040008544922,1.1415728330612183,1.2831659317016602,1.9352474212646484,1.869463562965393,1.5782610177993774,18.155017852783203
179.5,165.8000030517578,153.0,158.60000610351562,123.9000015258789,129.6999969482422,167.1999969482422,176.1999969482422,173.10000610351562,168.8000030517578,177.89999389648438,176.39999389648438,176.39999389648438,172.3000030517578,178.89999389648438,31.151750564575195,1.138075828552246,1.2817652225494385,1.9158837795257568,1.8626906871795654,1.5806710720062256,16.55118179321289
179.6999969482422,164.8000030517578,152.8000030517578,160.5,120.9000015258789,130.5,168.39999389648438,175.60000610351562,173.8000030517578,168.10000610351562,177.89999389648438,175.6999969482422,175.39999389648438,172.5,178.3000030517578,32.560665130615234,1.1386983394622803,1.2723579406738281,1.913137435913086,1.8480042219161987,1.5736443996429443,15.9609375
179.39999389648438,165.0,150.8000030517578,160.0,125.69999694824219,123.5,168.60000610351562,175.5,174.39999389648438,167.1999969482422,177.6999969482422,177.3000030517578,172.6999969482422,172.89999389648438,179.1999969482422,30.80764389038086,1.1469649076461792,1.2729727029800415,1.9032500982284546,1.8325207233428955,1.5625066757202148,13.886852264404297
179.8000030517578,164.8000030517578,152.60000610351562,158.39999389648438,129.5,126.5,169.0,177.6999969482422,175.8000030517578,166.10000610351562,177.39999389648438,177.8000030517578,170.8000030517578,175.39999389648438,179.5,29.513145446777344,1.1335664987564087,1.2792083024978638,1.921530842781067,1.83827543258667,1.5687644481658936,13.063390731811523
178.39999389648438,165.39999389648438,150.10000610351562,155.89999389648438,130.8000030517578,124.4000015258789,169.89999389648438,177.6999969482422,178.39999389648438,169.0,174.39999389648438,179.60000610351562,175.39999389648438,172.89999389648438,179.8000030517578,34.09681701660156,1.1224708557128906,1.2514805793762207,1.910508394241333,1.841878890991211,1.564292550086975,14.306108474731445
179.6999969482422,166.10000610351562,148.3000030517578,157.89999389648438,130.6999969482422,127.30000305175781,171.0,179.1999969482422,178.8000030517578,168.89999389648438,178.6999969482422,175.0,177.89999389648438,173.60000610351562,179.5,32.18960189819336,1.1397438049316406,1.281187653541565,1.9314943552017212,1.8584295511245728,1.580514907836914,17.130146026611328
179.89999389648438,166.0,148.39999389648438,155.6999969482422,133.10000610351562,126.5999984741211,173.0,179.8000030517578,178.60000610351562,171.8000030517578,175.39999389648438,179.3000030517578,179.5,174.1999969482422,177.5,36.1303596496582,1.1095702648162842,1.2603166103363037,1.9166796207427979,1.8558950424194336,1.5783638954162598,16.536163330078125
178.89999389648438,167.60000610351562,144.60000610351562,154.8000030517578,130.5,127.30000305175781,175.10000610351562,178.60000610351562,179.1999969482422,173.5,175.0,179.6999969482422,175.1999969482422,171.10000610351562,178.89999389648438,37.909767150878906,1.1078436374664307,1.2591078281402588,1.9267239570617676,1.8455182313919067,1.5758295059204102,19.03282356262207
176.3000030517578,168.89999389648438,140.5,154.10000610351562,129.0,126.80000305175781,178.60000610351562,176.39999389648438,177.60000610351562,173.89999389648438,177.6999969482422,179.5,173.89999389648438,172.5,174.89999389648438,37.833221435546875,1.118089199066162,1.267808437347412,1.9315696954727173,1.8533451557159424,1.5791069269180298,19.581743240356445
174.3000030517578,171.60000610351562,139.10000610351562,155.89999389648438,128.60000610351562,131.60000610351562,178.3000030517578,174.10000610351562,175.60000610351562,174.60000610351562,177.0,179.60000610351562,175.3000030517578,170.6999969482422,176.1999969482422,42.42369842529297,1.1042490005493164,1.236365556716919,1.9301289319992065,1.8504325151443481,1.5656373500823975,17.465923309326172
176.3000030517578,169.89999389648438,139.8000030517578,157.3000030517578,124.0999984741211,134.10000610351562,178.8000030517578,174.10000610351562,175.10000610351562,174.6999969482422,177.8000030517578,179.39999389648438,172.6999969482422,169.89999389648438,177.3000030517578,36.518436431884766,1.1240589618682861,1.2753256559371948,1.9181995391845703,1.8448596000671387,1.5767210721969604,20.145721435546875
174.6999969482422,170.8000030517578,140.89999389648438,156.39999389648438,123.5,130.8000030517578,179.3000030517578,174.39999389648438,176.10000610351562,177.6999969482422,176.6999969482422,179.6999969482422,169.1999969482422,168.1999969482422,176.89999389648438,36.096336364746094,1.1373566389083862,1.2904512882232666,1.902732491493225,1.839512586593628,1.5644723176956177,20.911304473876953
175.5,171.0,139.60000610351562,156.0,129.5,128.5,179.89999389648438,173.0,175.3000030517578,176.60000610351562,176.5,178.60000610351562,169.39999389648438,167.5,179.39999389648438,35.67741775512695,1.1302886009216309,1.2971973419189453,1.9007922410964966,1.8375587463378906,1.5667979717254639,21.71516227722168
174.89999389648438,169.5,139.6999969482422,156.89999389648438,127.9000015258789,126.9000015258789,180.0,175.8000030517578,176.8000030517578,178.39999389648438,173.1999969482422,176.89999389648438,166.5,165.8000030517578,177.60000610351562,38.9721794128418,1.1285731792449951,1.2884389162063599,1.896438717842102,1.8367010354995728,1.5713319778442383,22.791215896606445
179.60000610351562,166.6999969482422,142.5,153.6999969482422,124.5,129.3000030517578,176.5,178.89999389648438,177.8000030517578,176.6999969482422,172.3000030517578,175.0,169.6999969482422,166.3000030517578,179.6999969482422,27.16745948791504,1.1936529874801636,1.3314136266708374,1.960806965827942,1.8728522062301636,1.5935500860214233,21.94695472717285
178.39999389648438,165.6999969482422,145.8000030517578,157.8000030517578,114.4000015258789,132.10000610351562,176.10000610351562,177.1999969482422,178.1999969482422,177.1999969482422,168.60000610351562,173.60000610351562,170.6999969482422,167.3000030517578,177.5,27.465648651123047,1.1998051404953003,1.2961310148239136,1.926992416381836,1.8526604175567627,1.567992925643921,20.72278594970703
179.60000610351562,167.60000610351562,139.1999969482422,156.5,121.9000015258789,128.89999389648438,177.1999969482422,172.8000030517578,178.39999389648438,174.6999969482422,167.0,174.60000610351562,174.60000610351562,164.5,173.39999389648438,28.837562561035156,1.1655770540237427,1.295495629310608,1.9077142477035522,1.8184713125228882,1.5449799299240112,19.312734603881836
178.39999389648438,169.5,140.39999389648438,156.0,117.4000015258789,132.89999389648438,177.3000030517578,168.89999389648438,179.5,175.6999969482422,164.6999969482422,174.1999969482422,172.89999389648438,164.1999969482422,172.89999389648438,28.782617568969727,1.191843867301941,1.2992602586746216,1.883480191230774,1.8259398937225342,1.5545094013214111,20.306093215942383
179.0,167.60000610351562,144.0,152.39999389648438,127.5999984741211,127.0,178.6999969482422,165.5,178.89999389648438,176.89999389648438,160.10000610351562,172.3000030517578,169.5,161.8000030517578,168.1999969482422,30.175180435180664,1.2242319583892822,1.3053889274597168,1.8746039867401123,1.8019152879714966,1.539135217666626,22.022552490234375
177.89999389648438,168.5,149.0,150.5,134.39999389648438,124.9000015258789,175.8000030517578,165.6999969482422,179.60000610351562,172.89999389648438,163.6999969482422,176.39999389648438,173.8000030517578,164.6999969482422,167.8000030517578,26.56522560119629,1.2373223304748535,1.2952117919921875,1.8785648345947266,1.8018345832824707,1.523361086845398,21.361793518066406
179.1999969482422,169.8000030517578,145.60000610351562,149.0,128.5,127.80000305175781,173.89999389648438,168.6999969482422,179.3000030517578,171.5,163.89999389648438,175.8000030517578,177.10000610351562,169.39999389648438,168.0,28.931032180786133,1.1720186471939087,1.2317315340042114,1.8514765501022339,1.788396954536438,1.5134401321411133,19.1632022857666
179.6999969482422,171.60000610351562,145.89999389648438,151.0,123.9000015258789,131.60000610351562,175.0,169.1999969482422,179.8000030517578,172.60000610351562,164.0,174.1999969482422,175.89999389648438,168.3000030517578,169.5,29.454803466796875,1.1629377603530884,1.2271806001663208,1.8358572721481323,1.784917950630188,1.5084816217422485,19.413543701171875
179.6999969482422,171.8000030517578,148.60000610351562,150.39999389648438,126.4000015258789,129.89999389648438,173.60000610351562,169.0,179.8000030517578,173.3000030517578,163.0,174.5,175.6999969482422,167.8000030517578,170.8000030517578,27.84499740600586,1.1446754932403564,1.2267475128173828,1.8436654806137085,1.792965292930603,1.5119590759277344,18.920251846313477
178.8000030517578,171.8000030517578,150.89999389648438,150.5,124.80000305175781,131.39999389648438,174.0,168.1999969482422,179.60000610351562,173.10000610351562,165.10000610351562,175.3000030517578,175.0,167.8000030517578,170.89999389648438,29.698179244995117,1.1336766481399536,1.2196472883224487,1.8396657705307007,1.7815017700195312,1.5128753185272217,19.698453903198242
177.0,167.8000030517578,147.39999389648438,153.60000610351562,122.0999984741211,129.1999969482422,176.8000030517578,170.5,179.10000610351562,175.10000610351562,166.8000030517578,178.6999969482422,170.5,163.6999969482422,167.8000030517578,25.84662437438965,1.2228856086730957,1.2893635034561157,1.8833632469177246,1.8065950870513916,1.5273123979568481,22.990219116210938
176.8000030517578,165.6999969482422,138.3000030517578,155.1999969482422,113.80000305175781,136.10000610351562,178.10000610351562,170.0,178.0,174.39999389648438,170.0,178.1999969482422,170.0,165.39999389648438,171.6999969482422,23.676706314086914,1.266153335571289,1.3558616638183594,1.9080506563186646,1.8307355642318726,1.554363489151001,25.374080657958984
178.3000030517578,164.39999389648438,136.1999969482422,157.8000030517578,111.30000305175781,134.3000030517578,178.89999389648438,169.60000610351562,174.1999969482422,174.3000030517578,171.60000610351562,178.8000030517578,170.10000610351562,165.8000030517578,172.39999389648438,24.128032684326172,1.2729886770248413,1.390826940536499,1.9258596897125244,1.8336478471755981,1.5658540725708008,26.16891860961914
178.60000610351562,165.1999969482422,137.5,159.6999969482422,107.5999984741211,137.8000030517578,178.89999389648438,171.3000030517578,175.89999389648438,174.0,172.6999969482422,179.60000610351562,169.1999969482422,164.60000610351562,172.0,25.51616859436035,1.2753299474716187,1.3907783031463623,1.9315941333770752,1.8400709629058838,1.5649241209030151,27.27021026611328
177.89999389648438,165.0,136.89999389648438,159.39999389648438,107.30000305175781,137.6999969482422,178.89999389648438,170.6999969482422,175.60000610351562,174.1999969482422,173.5,179.0,169.8000030517578,166.10000610351562,171.3000030517578,24.07255744934082,1.2775471210479736,1.3917553424835205,1.9314876794815063,1.8442766666412354,1.570605754852295,26.40046501159668
178.0,163.1999969482422,136.1999969482422,159.6999969482422,106.69999694824219,139.10000610351562,179.3000030517578,171.0,175.6999969482422,174.1999969482422,174.0,178.1999969482422,170.39999389648438,168.0,171.60000610351562,23.458297729492188,1.2900185585021973,1.4126951694488525,1.9356995820999146,1.8426024913787842,1.5768791437149048,26.37811851501465
179.8000030517578,166.89999389648438,131.60000610351562,160.8000030517578,104.69999694824219,140.1999969482422,178.6999969482422,172.8000030517578,176.0,173.10000610351562,176.6999969482422,176.60000610351562,171.0,168.0,174.1999969482422,24.502601623535156,1.2722537517547607,1.41839599609375,1.9479271173477173,1.858433485031128,1.5811805725097656,26.903100967407227
179.89999389648438,166.8000030517578,129.1999969482422,160.1999969482422,98.0999984741211,143.89999389648438,178.8000030517578,173.39999389648438,175.39999389648438,172.89999389648438,177.10000610351562,176.60000610351562,171.3000030517578,168.0,174.8000030517578,25.18869400024414,1.2833737134933472,1.4069997072219849,1.9498895406723022,1.8526372909545898,1.580826997756958,26.863933563232422
178.8000030517578,166.3000030517578,131.60000610351562,159.1999969482422,103.5,140.1999969482422,177.89999389648438,174.8000030517578,177.1999969482422,172.89999389648438,176.0,179.89999389648438,171.3000030517578,168.39999389648438,174.60000610351562,24.19550895690918,1.2622926235198975,1.3977340459823608,1.9388651847839355,1.8469059467315674,1.5843186378479004,26.71197509765625
178.89999389648438,166.6999969482422,137.10000610351562,158.6999969482422,113.5,135.8000030517578,177.39999389648438,173.6999969482422,178.1999969482422,173.6999969482422,173.89999389648438,179.6999969482422,170.1999969482422,166.3000030517578,173.60000610351562,22.964426040649414,1.2374359369277954,1.396040916442871,1.9322540760040283,1.8425657749176025,1.574596643447876,26.570274353027344
179.60000610351562,168.0,145.1999969482422,156.6999969482422,124.4000015258789,128.39999389648438,178.0,171.8000030517578,179.89999389648438,173.89999389648438,170.39999389648438,179.5,171.39999389648438,165.6999969482422,170.6999969482422,21.099483489990234,1.2407872676849365,1.3779884576797485,1.9095613956451416,1.8255223035812378,1.5584412813186646,24.357738494873047
176.89999389648438,166.10000610351562,150.10000610351562,156.89999389648438,131.39999389648438,127.80000305175781,176.6999969482422,173.1999969482422,179.0,174.10000610351562,169.39999389648438,178.89999389648438,172.6999969482422,167.0,169.8000030517578,19.930927276611328,1.2273668050765991,1.3918395042419434,1.9137502908706665,1.8316559791564941,1.5579097270965576,22.5893497467041
178.39999389648438,168.10000610351562,146.60000610351562,153.60000610351562,129.0,125.4000015258789,176.6999969482422,170.8000030517578,179.89999389648438,174.0,168.0,179.3000030517578,172.5,166.8000030517578,170.60000610351562,22.068994522094727,1.237754225730896,1.3343639373779297,1.895564079284668,1.8219385147094727,1.5435577630996704,22.67255973815918
178.39999389648438,169.10000610351562,147.5,151.8000030517578,130.0,130.0,177.0,171.6999969482422,178.1999969482422,174.5,168.3000030517578,179.3000030517578,172.39999389648438,167.39999389648438,170.39999389648438,23.004777908325195,1.216379165649414,1.3255882263183594,1.8895697593688965,1.824339509010315,1.5414659976959229,21.81753921508789
179.0,170.8000030517578,147.6999969482422,151.60000610351562,129.3000030517578,130.1999969482422,175.89999389648438,172.1999969482422,177.89999389648438,171.8000030517578,171.3000030517578,177.89999389648438,173.1999969482422,168.39999389648438,168.60000610351562,27.446828842163086,1.1935412883758545,1.2922966480255127,1.880619764328003,1.8157509565353394,1.5324981212615967,23.23274040222168
179.10000610351562,168.6999969482422,148.89999389648438,152.3000030517578,130.39999389648438,127.9000015258789,176.89999389648438,172.39999389648438,177.89999389648438,174.10000610351562,169.0,179.39999389648438,170.89999389648438,166.8000030517578,168.60000610351562,26.838396072387695,1.1990925073623657,1.3075577020645142,1.8960520029067993,1.8222192525863647,1.5393505096435547,23.331357955932617
177.6999969482422,170.6999969482422,147.39999389648438,150.3000030517578,127.4000015258789,135.10000610351562,175.8000030517578,173.10000610351562,175.10000610351562,176.10000610351562,167.89999389648438,176.89999389648438,170.5,167.60000610351562,170.5,27.922840118408203,1.1548773050308228,1.2717492580413818,1.8755968809127808,1.82794988155365,1.5351653099060059,21.693105697631836
177.10000610351562,170.3000030517578,149.8000030517578,149.39999389648438,127.0999984741211,135.1999969482422,175.5,172.1999969482422,177.39999389648438,174.6999969482422,168.8000030517578,177.89999389648438,172.89999389648438,168.8000030517578,170.60000610351562,25.47231674194336,1.1648484468460083,1.2679017782211304,1.881630539894104,1.830040693283081,1.539527177810669,21.025310516357422
178.5,169.3000030517578,150.39999389648438,149.6999969482422,131.89999389648438,129.8000030517578,174.8000030517578,173.1999969482422,177.8000030517578,174.3000030517578,167.89999389648438,179.5,175.39999389648438,169.5,172.1999969482422,28.321672439575195,1.160083293914795,1.2680174112319946,1.8902093172073364,1.8214646577835083,1.5368778705596924,19.359724044799805
179.39999389648438,169.0,151.0,150.6999969482422,133.10000610351562,130.89999389648438,173.60000610351562,175.39999389648438,179.1999969482422,172.5,170.60000610351562,178.89999389648438,176.6999969482422,169.1999969482422,174.10000610351562,27.661035537719727,1.1475907564163208,1.27907133102417,1.8965752124786377,1.836126446723938,1.541063904762268,20.20565414428711
179.5,169.39999389648438,148.6999969482422,149.89999389648438,139.6999969482422,127.4000015258789,174.0,172.60000610351562,178.3000030517578,172.39999389648438,168.1999969482422,178.89999389648438,175.60000610351562,167.1999969482422,170.5,28.63511848449707,1.15261971950531,1.295668125152588,1.894970417022705,1.8284692764282227,1.5361268520355225,20.76117706298828
179.8000030517578,168.5,145.10000610351562,154.10000610351562,132.10000610351562,129.8000030517578,176.0,169.6999969482422,178.6999969482422,177.0,166.89999389648438,178.39999389648438,170.6999969482422,165.0,170.3000030517578,22.739877700805664,1.2253834009170532,1.3462086915969849,1.9158692359924316,1.843832015991211,1.5526608228683472,21.161123275756836
179.8000030517578,167.0,144.60000610351562,151.60000610351562,134.3000030517578,128.1999969482422,174.1999969482422,169.89999389648438,178.39999389648438,175.89999389648438,168.3000030517578,179.1999969482422,170.60000610351562,166.6999969482422,172.1999969482422,19.8812198638916,1.2459546327590942,1.363980770111084,1.9284061193466187,1.8484617471694946,1.5667349100112915,23.275131225585938
179.89999389648438,166.3000030517578,147.39999389648438,153.89999389648438,131.8000030517578,129.5,174.10000610351562,168.6999969482422,178.3000030517578,179.8000030517578,166.89999389648438,179.5,169.39999389648438,166.0,175.60000610351562,19.12771987915039,1.2556493282318115,1.376806378364563,1.9430326223373413,1.8572911024093628,1.5718177556991577,20.25235939025879
178.10000610351562,164.39999389648438,150.3000030517578,154.5,127.5,130.60000610351562,173.5,167.1999969482422,175.60000610351562,179.89999389648438,170.0,177.39999389648438,168.60000610351562,169.89999389648438,177.0,19.476512908935547,1.271443486213684,1.3827075958251953,1.9482040405273438,1.8645703792572021,1.5754146575927734,21.56462860107422
179.0,164.10000610351562,150.8000030517578,153.1999969482422,126.5999984741211,129.1999969482422,173.8000030517578,168.89999389648438,175.0,177.60000610351562,168.60000610351562,179.0,165.39999389648438,171.39999389648438,177.60000610351562,19.066822052001953,1.2847191095352173,1.3853139877319336,1.9586234092712402,1.8807770013809204,1.5771541595458984,22.898040771484375
178.5,164.6999969482422,149.8000030517578,152.8000030517578,126.80000305175781,128.1999969482422,173.8000030517578,171.1999969482422,173.60000610351562,176.3000030517578,173.10000610351562,180.0,163.89999389648438,171.10000610351562,179.0,18.597978591918945,1.282156229019165,1.393700122833252,1.9700959920883179,1.9070266485214233,1.578894019126892,23.04585838317871
177.39999389648438,164.89999389648438,149.60000610351562,151.0,130.1999969482422,124.19999694824219,174.1999969482422,176.1999969482422,174.6999969482422,175.1999969482422,175.39999389648438,179.89999389648438,162.3000030517578,170.8000030517578,179.0,18.793197631835938,1.2755969762802124,1.3896929025650024,1.972446322441101,1.910478115081787,1.5718412399291992,23.966978073120117
178.0,164.8000030517578,151.8000030517578,150.89999389648438,131.89999389648438,122.5999984741211,174.0,178.60000610351562,176.1999969482422,176.0,177.39999389648438,178.89999389648438,163.0,173.10000610351562,179.8000030517578,17.681947708129883,1.290520429611206,1.4105408191680908,1.9750064611434937,1.8928803205490112,1.5534389019012451,24.108356475830078
178.0,164.39999389648438,153.0,149.6999969482422,133.89999389648438,124.69999694824219,173.60000610351562,178.6999969482422,175.6999969482422,175.39999389648438,179.5,176.1999969482422,159.5,173.3000030517578,176.8000030517578,16.711149215698242,1.3108935356140137,1.4272466897964478,1.9826364517211914,1.9049347639083862,1.5479207038879395,28.050241470336914
178.1999969482422,164.5,154.10000610351562,148.89999389648438,135.89999389648438,124.0999984741211,173.1999969482422,178.6999969482422,175.10000610351562,176.0,180.0,175.39999389648438,160.39999389648438,174.39999389648438,175.3000030517578,18.258363723754883,1.2872308492660522,1.41407310962677,1.9903548955917358,1.9126644134521484,1.5550295114517212,27.81486701965332
177.39999389648438,164.3000030517578,154.6999969482422,149.5,130.0,126.80000305175781,172.60000610351562,179.89999389648438,175.39999389648438,176.3000030517578,179.5,175.10000610351562,160.5,174.39999389648438,175.1999969482422,17.011577606201172,1.2861032485961914,1.4046062231063843,1.9874787330627441,1.9111237525939941,1.5604839324951172,27.99591636657715
178.39999389648438,164.39999389648438,148.39999389648438,151.60000610351562,129.5,124.4000015258789,173.10000610351562,179.8000030517578,174.0,178.3000030517578,178.6999969482422,176.3000030517578,163.0,173.1999969482422,179.0,15.935914039611816,1.3085328340530396,1.4340500831604004,1.9928334951400757,1.8988951444625854,1.571801781654358,27.833030700683594
178.39999389648438,166.3000030517578,149.89999389648438,152.0,131.39999389648438,127.4000015258789,171.8000030517578,175.1999969482422,171.89999389648438,178.0,178.3000030517578,178.8000030517578,166.0,173.3000030517578,178.10000610351562,18.52889633178711,1.2643247842788696,1.4299360513687134,1.9907745122909546,1.909149169921875,1.589398741722107,27.776487350463867
179.0,165.5,146.10000610351562,157.1999969482422,124.4000015258789,133.60000610351562,173.10000610351562,169.10000610351562,177.6999969482422,173.89999389648438,171.1999969482422,175.5,173.6999969482422,171.60000610351562,175.5,20.73982810974121,1.2361364364624023,1.391092300415039,1.9304980039596558,1.8584096431732178,1.5906258821487427,22.869281768798828
178.0,166.5,146.5,156.10000610351562,129.3000030517578,132.60000610351562,174.60000610351562,166.60000610351562,178.39999389648438,172.89999389648438,167.1999969482422,179.8000030517578,176.5,167.1999969482422,174.1999969482422,18.976179122924805,1.2545218467712402,1.4002509117126465,1.9218419790267944,1.8390306234359741,1.5717737674713135,20.268646240234375
176.5,167.39999389648438,145.5,157.1999969482422,127.0999984741211,133.3000030517578,175.5,169.1999969482422,175.8000030517578,173.0,170.3000030517578,179.0,178.0,166.1999969482422,172.1999969482422,21.52988624572754,1.238572597503662,1.3981716632843018,1.9380102157592773,1.850924015045166,1.575671911239624,18.58148765563965
176.5,168.39999389648438,143.39999389648438,159.0,126.9000015258789,132.10000610351562,174.8000030517578,172.6999969482422,179.5,174.3000030517578,166.0,179.89999389648438,178.8000030517578,163.3000030517578,168.0,21.874958038330078,1.2070424556732178,1.371707797050476,1.9215760231018066,1.8373162746429443,1.5610328912734985,16.320199966430664
176.89999389648438,167.6999969482422,142.3000030517578,159.89999389648438,125.5,131.60000610351562,174.60000610351562,173.5,179.6999969482422,174.10000610351562,166.39999389648438,179.1999969482422,179.0,163.60000610351562,169.60000610351562,22.38875961303711,1.2012816667556763,1.364020824432373,1.9183130264282227,1.8431057929992676,1.5670099258422852,16.39971923828125
177.0,168.39999389648438,141.5,159.8000030517578,125.9000015258789,130.3000030517578,175.1999969482422,173.8000030517578,180.0,175.6999969482422,165.60000610351562,179.3000030517578,179.89999389648438,164.60000610351562,170.8000030517578,21.05797576904297,1.2047477960586548,1.3588448762893677,1.9221935272216797,1.8447178602218628,1.574011206626892,14.073797225952148
179.6999969482422,167.39999389648438,142.10000610351562,159.60000610351562,124.19999694824219,134.0,175.60000610351562,172.1999969482422,178.39999389648438,174.89999389648438,163.0,178.0,179.39999389648438,163.8000030517578,168.5,23.700389862060547,1.1775171756744385,1.3378667831420898,1.9057817459106445,1.8344630002975464,1.563787817955017,14.653626441955566
178.60000610351562,165.39999389648438,142.89999389648438,160.60000610351562,125.19999694824219,130.39999389648438,174.60000610351562,172.8000030517578,176.5,174.3000030517578,162.3000030517578,178.6999969482422,177.0,164.5,165.60000610351562,26.190689086914062,1.1511058807373047,1.3054769039154053,1.8772568702697754,1.8048276901245117,1.5516834259033203,11.666476249694824
179.3000030517578,166.0,146.10000610351562,161.0,127.69999694824219,129.0,174.6999969482422,171.6999969482422,175.60000610351562,174.10000610351562,161.6999969482422,177.1999969482422,177.0,163.39999389648438,164.89999389648438,27.603710174560547,1.1610747575759888,1.307475209236145,1.8805105686187744,1.7930569648742676,1.5380511283874512,11.726527214050293
178.3000030517578,164.3000030517578,145.60000610351562,159.6999969482422,130.89999389648438,127.5999984741211,175.0,171.5,175.3000030517578,174.3000030517578,161.6999969482422,177.0,176.60000610351562,163.60000610351562,163.89999389648438,25.32270050048828,1.1519989967346191,1.3079960346221924,1.877174735069275,1.795938491821289,1.543580174446106,10.80906867980957
179.3000030517578,166.0,144.0,160.6999969482422,125.9000015258789,129.5,175.39999389648438,171.5,174.89999389648438,174.60000610351562,160.1999969482422,178.8000030517578,176.5,164.39999389648438,163.10000610351562,25.52747344970703,1.1665593385696411,1.313315987586975,1.8806272745132446,1.792500615119934,1.548829436302185,10.933320999145508
179.8000030517578,166.8000030517578,147.39999389648438,157.89999389648438,133.0,125.69999694824219,174.89999389648438,170.60000610351562,174.60000610351562,173.1999969482422,159.0,177.1999969482422,176.8000030517578,164.8000030517578,165.1999969482422,28.259254455566406,1.1438828706741333,1.2966116666793823,1.870881199836731,1.7865034341812134,1.5471723079681396,11.89244556427002
179.39999389648438,168.5,148.39999389648438,154.89999389648438,134.6999969482422,128.39999389648438,172.6999969482422,174.1999969482422,175.6999969482422,171.60000610351562,164.39999389648438,179.0,173.60000610351562,168.6999969482422,171.0,29.9622745513916,1.125781536102295,1.2782304286956787,1.8702871799468994,1.8008240461349487,1.5448781251907349,10.33096694946289
179.5,169.39999389648438,149.3000030517578,153.3000030517578,136.39999389648438,127.9000015258789,171.5,174.1999969482422,176.10000610351562,170.10000610351562,166.6999969482422,180.0,172.6999969482422,170.1999969482422,171.10000610351562,32.332637786865234,1.1151036024093628,1.2547322511672974,1.8638553619384766,1.7939831018447876,1.5365352630615234,10.900988578796387
179.5,169.10000610351562,151.3000030517578,151.6999969482422,137.39999389648438,128.1999969482422,171.39999389648438,174.3000030517578,176.10000610351562,170.3000030517578,167.0,179.3000030517578,172.89999389648438,169.8000030517578,170.5,32.28569412231445,1.1274889707565308,1.2520205974578857,1.8657046556472778,1.7977393865585327,1.5397779941558838,10.738143920898438
179.0,170.3000030517578,149.39999389648438,152.10000610351562,139.8000030517578,128.1999969482422,171.39999389648438,173.60000610351562,175.8000030517578,170.89999389648438,166.0,176.1999969482422,173.39999389648438,168.8000030517578,164.8000030517578,35.655521392822266,1.1342109441757202,1.250841498374939,1.8714545965194702,1.7957950830459595,1.5316340923309326,10.416257858276367
178.89999389648438,168.10000610351562,146.6999969482422,154.89999389648438,130.8000030517578,132.5,174.6999969482422,174.1999969482422,176.5,174.0,163.6999969482422,179.39999389648438,176.3000030517578,169.10000610351562,169.8000030517578,31.674346923828125,1.1209362745285034,1.2730222940444946,1.8752403259277344,1.7949515581130981,1.5391963720321655,11.356255531311035
179.39999389648438,168.39999389648438,147.0,153.89999389648438,128.60000610351562,132.5,172.8000030517578,177.10000610351562,178.60000610351562,170.8000030517578,171.3000030517578,179.89999389648438,176.8000030517578,171.5,174.1999969482422,32.423561096191406,1.1195282936096191,1.2620564699172974,1.9011750221252441,1.8281006813049316,1.5577718019485474,14.913914680480957
179.5,166.5,145.0,155.3000030517578,125.4000015258789,131.89999389648438,174.1999969482422,178.5,178.89999389648438,171.10000610351562,174.8000030517578,179.0,177.8000030517578,172.39999389648438,176.39999389648438,27.46417999267578,1.140643835067749,1.2889457941055298,1.9201337099075317,1.8466018438339233,1.5694639682769775,15.290824890136719
177.6999969482422,163.5,146.3000030517578,157.60000610351562,120.0999984741211,133.89999389648438,174.60000610351562,178.6999969482422,178.10000610351562,170.5,179.39999389648438,175.39999389648438,178.5,173.1999969482422,178.6999969482422,24.816539764404297,1.1434335708618164,1.3111982345581055,1.9197322130203247,1.853926658630371,1.5724005699157715,16.771997451782227
178.1999969482422,164.6999969482422,141.89999389648438,158.39999389648438,119.5,133.6999969482422,175.39999389648438,179.8000030517578,179.60000610351562,171.39999389648438,177.39999389648438,177.3000030517578,176.10000610351562,174.60000610351562,177.8000030517578,21.935258865356445,1.138907790184021,1.3265961408615112,1.9338276386260986,1.859378457069397,1.5905641317367554,13.736403465270996
179.3000030517578,168.0,148.8000030517578,150.5,127.5,131.10000610351562,174.3000030517578,177.3000030517578,177.39999389648438,171.5,174.60000610351562,175.6999969482422,179.60000610351562,170.8000030517578,177.39999389648438,25.94462013244629,1.1178086996078491,1.2783876657485962,1.925537109375,1.848177194595337,1.5611366033554077,16.761423110961914
177.89999389648438,171.3000030517578,144.0,152.89999389648438,119.19999694824219,133.6999969482422,175.0,174.5,178.60000610351562,174.39999389648438,167.60000610351562,173.1999969482422,178.3000030517578,168.89999389648438,178.8000030517578,25.120264053344727,1.162413239479065,1.2640702724456787,1.9093126058578491,1.828564167022705,1.5717058181762695,12.802681922912598
176.1999969482422,171.0,143.3000030517578,150.60000610351562,118.19999694824219,135.1999969482422,175.8000030517578,172.6999969482422,179.0,175.1999969482422,166.5,174.89999389648438,178.39999389648438,168.89999389648438,177.3000030517578,23.42303466796875,1.1999177932739258,1.268479585647583,1.914886474609375,1.8356517553329468,1.5843440294265747,12.481725692749023
176.3000030517578,174.1999969482422,151.6999969482422,148.10000610351562,123.9000015258789,134.0,174.10000610351562,170.3000030517578,179.6999969482422,174.8000030517578,164.1999969482422,172.6999969482422,178.10000610351562,167.60000610351562,177.10000610351562,25.499969482421875,1.1736836433410645,1.2452714443206787,1.8982182741165161,1.8390953540802002,1.5737111568450928,12.225103378295898
178.10000610351562,174.1999969482422,154.8000030517578,147.89999389648438,135.6999969482422,124.19999694824219,170.6999969482422,170.6999969482422,179.3000030517578,171.89999389648438,161.5,170.3000030517578,172.60000610351562,167.1999969482422,172.89999389648438,32.86121368408203,1.124039649963379,1.217580795288086,1.868680477142334,1.8037819862365723,1.5448070764541626,8.901686668395996
176.89999389648438,172.10000610351562,157.8000030517578,148.39999389648438,140.6999969482422,121.80000305175781,166.8000030517578,172.0,177.6999969482422,161.3000030517578,177.39999389648438,172.3000030517578,164.39999389648438,171.39999389648438,173.6999969482422,34.57679748535156,1.2013291120529175,1.2307119369506836,1.82936429977417,1.7731562852859497,1.5205397605895996,8.06928825378418
179.3000030517578,168.89999389648438,148.5,154.1999969482422,135.0,129.0,168.5,166.5,177.39999389648438,162.1999969482422,171.1999969482422,167.10000610351562,167.89999389648438,166.0,163.60000610351562,30.279443740844727,1.14008629322052,1.263950228691101,1.8294662237167358,1.7864834070205688,1.5299433469772339,12.775289535522461
176.5,168.0,139.5,160.6999969482422,128.0,129.6999969482422,173.0,166.8000030517578,172.60000610351562,169.8000030517578,159.6999969482422,169.3000030517578,174.8000030517578,161.10000610351562,159.3000030517578,26.54998779296875,1.1469796895980835,1.3145099878311157,1.8340704441070557,1.7639691829681396,1.5324712991714478,13.529134750366211
174.3000030517578,166.0,126.0999984741211,171.10000610351562,102.0999984741211,131.3000030517578,179.60000610351562,169.3000030517578,178.1999969482422,171.3000030517578,170.8000030517578,174.0,178.1999969482422,164.8000030517578,167.0,22.661510467529297,1.3028769493103027,1.4853672981262207,1.898115873336792,1.7951849699020386,1.557257056236267,21.737573623657227
172.5,161.6999969482422,128.1999969482422,173.39999389648438,82.19999694824219,141.1999969482422,179.5,174.89999389648438,178.39999389648438,172.1999969482422,178.3000030517578,171.10000610351562,178.3000030517578,171.10000610351562,173.3000030517578,24.32260513305664,1.327388048171997,1.5467698574066162,1.94479501247406,1.8176498413085938,1.5668436288833618,23.79307746887207
174.0,158.89999389648438,126.69999694824219,177.5,58.099998474121094,156.89999389648438,177.6999969482422,177.89999389648438,179.6999969482422,175.8000030517578,180.0,169.0,178.3000030517578,171.10000610351562,175.89999389648438,26.926498413085938,1.3175876140594482,1.5367753505706787,1.9477958679199219,1.8153109550476074,1.5611827373504639,21.609844207763672
171.60000610351562,158.10000610351562,129.1999969482422,176.10000610351562,66.0,149.8000030517578,178.3000030517578,177.1999969482422,178.39999389648438,175.8000030517578,179.8000030517578,167.3000030517578,177.5,171.89999389648438,172.0,24.206064224243164,1.3195348978042603,1.5258138179779053,1.9260530471801758,1.807546615600586,1.5576601028442383,21.720888137817383
172.6999969482422,159.39999389648438,128.8000030517578,175.1999969482422,73.0999984741211,146.8000030517578,179.39999389648438,177.0,179.60000610351562,173.89999389648438,178.39999389648438,165.39999389648438,177.39999389648438,170.3000030517578,172.1999969482422,23.847667694091797,1.338597059249878,1.5455780029296875,1.935941219329834,1.818673014640808,1.5606024265289307,23.171730041503906
171.8000030517578,158.89999389648438,129.1999969482422,176.39999389648438,68.5,149.3000030517578,178.5,175.8000030517578,178.10000610351562,174.5,178.8000030517578,165.8000030517578,178.10000610351562,171.5,170.0,24.75171661376953,1.3398877382278442,1.544627070426941,1.9392259120941162,1.8183386325836182,1.557822823524475,22.050247192382812
171.60000610351562,164.5,124.9000015258789,175.3000030517578,59.70000076293945,157.6999969482422,179.8000030517578,178.60000610351562,177.6999969482422,173.5,177.6999969482422,166.89999389648438,179.1999969482422,172.89999389648438,172.6999969482422,23.04646110534668,1.3528448343276978,1.5541850328445435,1.9395661354064941,1.8042278289794922,1.5668928623199463,23.20977210998535
174.0,164.39999389648438,120.80000305175781,176.10000610351562,54.20000076293945,163.10000610351562,178.39999389648438,175.39999389648438,175.0,174.3000030517578,178.0,169.0,179.10000610351562,172.6999969482422,173.10000610351562,24.68997573852539,1.3514125347137451,1.571647047996521,1.9441455602645874,1.8047250509262085,1.5562902688980103,22.60301399230957
174.1999969482422,160.89999389648438,125.4000015258789,179.0,59.900001525878906,156.6999969482422,178.3000030517578,174.1999969482422,175.39999389648438,174.39999389648438,178.3000030517578,167.3000030517578,179.39999389648438,172.89999389648438,171.3000030517578,26.01100730895996,1.3585551977157593,1.558112382888794,1.9388059377670288,1.8007316589355469,1.5626602172851562,21.66066551208496
174.89999389648438,164.0,121.5999984741211,176.10000610351562,53.0,159.8000030517578,178.89999389648438,179.8000030517578,179.0,175.0,177.39999389648438,167.6999969482422,179.1999969482422,174.10000610351562,174.3000030517578,24.430932998657227,1.349007487297058,1.5603973865509033,1.9427266120910645,1.7989970445632935,1.55620539188385,21.749195098876953
172.3000030517578,162.0,118.80000305175781,179.5,27.799999237060547,178.6999969482422,179.60000610351562,175.5,180.0,174.8000030517578,175.10000610351562,167.39999389648438,178.60000610351562,177.10000610351562,172.1999969482422,25.734846115112305,1.32668137550354,1.5761734247207642,1.9481359720230103,1.799296498298645,1.5516314506530762,19.98284339904785
172.10000610351562,157.0,120.69999694824219,175.60000610351562,21.799999237060547,171.39999389648438,177.89999389648438,178.1999969482422,179.39999389648438,175.0,177.5,169.39999389648438,177.3000030517578,177.39999389648438,174.39999389648438,25.152587890625,1.3287931680679321,1.528449535369873,1.9337544441223145,1.7996543645858765,1.5522558689117432,18.730987548828125
168.39999389648438,156.39999389648438,130.0,178.39999389648438,30.299999237060547,170.89999389648438,178.89999389648438,175.8000030517578,179.1999969482422,173.0,177.3000030517578,173.1999969482422,175.60000610351562,179.5,174.1999969482422,25.436647415161133,1.289109706878662,1.493849277496338,1.9124162197113037,1.79490065574646,1.5504896640777588,18.119930267333984
169.89999389648438,157.10000610351562,132.5,179.10000610351562,53.20000076293945,149.5,179.6999969482422,174.60000610351562,178.5,171.8000030517578,174.0,169.8000030517578,177.6999969482422,175.6999969482422,176.39999389648438,25.067676544189453,1.2881406545639038,1.48659348487854,1.9188904762268066,1.7997263669967651,1.5554440021514893,20.580652236938477
171.89999389648438,156.5,134.8000030517578,178.89999389648438,90.0999984741211,117.9000015258789,178.8000030517578,176.60000610351562,178.5,170.39999389648438,177.60000610351562,173.89999389648438,175.3000030517578,176.8000030517578,174.1999969482422,27.391286849975586,1.2772380113601685,1.4590457677841187,1.9116815328598022,1.8045953512191772,1.5708321332931519,18.722230911254883
170.0,153.1999969482422,140.60000610351562,178.0,100.80000305175781,108.30000305175781,179.10000610351562,175.8000030517578,178.39999389648438,171.6999969482422,178.89999389648438,174.5,174.39999389648438,177.8000030517578,171.89999389648438,25.926414489746094,1.303786277770996,1.476669192314148,1.916558027267456,1.824320673942566,1.5725457668304443,15.947752952575684
167.5,152.6999969482422,144.5,178.6999969482422,107.9000015258789,101.9000015258789,178.60000610351562,175.8000030517578,178.5,170.60000610351562,177.8000030517578,176.3000030517578,173.3000030517578,179.6999969482422,170.0,26.274463653564453,1.311164140701294,1.4753466844558716,1.9211516380310059,1.8307366371154785,1.5845328569412231,15.807631492614746
165.5,151.8000030517578,149.6999969482422,177.6999969482422,138.6999969482422,63.900001525878906,179.10000610351562,172.6999969482422,177.6999969482422,171.10000610351562,178.0,174.1999969482422,172.6999969482422,178.60000610351562,167.3000030517578,25.829896926879883,1.3198363780975342,1.4766682386398315,1.9236189126968384,1.8320614099502563,1.5872046947479248,14.428604125976562
165.1999969482422,153.5,147.5,179.10000610351562,124.4000015258789,88.9000015258789,178.60000610351562,174.6999969482422,176.8000030517578,170.1999969482422,177.1999969482422,174.8000030517578,172.89999389648438,179.39999389648438,169.10000610351562,26.735193252563477,1.3050702810287476,1.458729863166809,1.9206626415252686,1.832433819770813,1.593567132949829,15.123215675354004
166.0,154.3000030517578,146.39999389648438,178.1999969482422,138.1999969482422,70.69999694824219,178.39999389648438,172.5,175.89999389648438,169.6999969482422,178.3000030517578,173.8000030517578,173.10000610351562,178.39999389648438,167.0,27.91847801208496,1.2731618881225586,1.4470072984695435,1.9052436351776123,1.8275480270385742,1.5893913507461548,15.241671562194824
165.60000610351562,155.39999389648438,145.89999389648438,178.8000030517578,149.1999969482422,72.80000305175781,178.0,173.60000610351562,178.10000610351562,169.3000030517578,178.60000610351562,173.5,174.39999389648438,178.1999969482422,169.10000610351562,27.867603302001953,1.2680984735488892,1.4566699266433716,1.9055160284042358,1.8233380317687988,1.5834894180297852,16.936922073364258
167.8000030517578,154.5,144.6999969482422,179.0,140.3000030517578,78.5999984741211,176.89999389648438,176.0,178.0,168.5,178.89999389648438,173.39999389648438,174.60000610351562,176.1999969482422,170.1999969482422,26.826278686523438,1.2734977006912231,1.441107153892517,1.9167646169662476,1.8344697952270508,1.589856743812561,17.911754608154297
171.89999389648438,157.89999389648438,134.89999389648438,174.89999389648438,97.30000305175781,123.4000015258789,179.10000610351562,178.39999389648438,179.0,171.89999389648438,178.8000030517578,171.5,179.60000610351562,171.1999969482422,172.6999969482422,25.973936080932617,1.289111614227295,1.476271390914917,1.927085280418396,1.8212223052978516,1.5646840333938599,20.87411880493164
171.3000030517578,161.1999969482422,128.1999969482422,175.0,92.0999984741211,128.6999969482422,179.8000030517578,176.0,176.6999969482422,173.1999969482422,179.89999389648438,169.0,179.3000030517578,168.5,176.0,25.944562911987305,1.2870819568634033,1.4765434265136719,1.9298015832901,1.8204926252365112,1.5612738132476807,20.124250411987305
173.0,160.60000610351562,126.80000305175781,174.60000610351562,88.5,134.5,179.39999389648438,171.6999969482422,176.10000610351562,175.5,177.6999969482422,168.1999969482422,176.3000030517578,167.1999969482422,172.0,25.34869384765625,1.308037281036377,1.491742730140686,1.9269837141036987,1.8190498352050781,1.5582637786865234,21.15416145324707
175.6999969482422,164.8000030517578,128.60000610351562,168.6999969482422,84.4000015258789,152.6999969482422,178.3000030517578,167.89999389648438,177.0,177.6999969482422,169.89999389648438,173.60000610351562,172.3000030517578,161.1999969482422,169.1999969482422,23.17640495300293,1.3343850374221802,1.4957669973373413,1.9181915521621704,1.8102314472198486,1.567384958267212,22.242286682128906
179.0,164.89999389648438,126.69999694824219,168.1999969482422,76.19999694824219,158.5,176.0,165.0,178.10000610351562,179.10000610351562,168.3000030517578,172.0,170.39999389648438,161.1999969482422,168.8000030517578,23.782190322875977,1.3620598316192627,1.4811679124832153,1.8999741077423096,1.794273018836975,1.5595202445983887,22.826536178588867
178.39999389648438,165.60000610351562,124.5,167.39999389648438,76.5,157.10000610351562,176.0,168.8000030517578,174.89999389648438,176.39999389648438,163.1999969482422,174.5,170.5,162.0,169.89999389648438,22.999711990356445,1.3753496408462524,1.4718064069747925,1.8767648935317993,1.7829769849777222,1.5468322038650513,21.105968475341797
177.8000030517578,163.10000610351562,125.5999984741211,165.5,84.30000305175781,152.60000610351562,175.10000610351562,167.39999389648438,173.5,176.89999389648438,160.39999389648438,177.39999389648438,172.5,160.89999389648438,168.3000030517578,21.76258087158203,1.3887676000595093,1.4893038272857666,1.892665982246399,1.784280776977539,1.5601322650909424,19.48600196838379
178.5,168.1999969482422,117.5999984741211,163.5,88.0999984741211,150.39999389648438,174.6999969482422,166.8000030517578,168.0,174.6999969482422,160.0,171.5,168.60000610351562,152.5,167.10000610351562,20.415687561035156,1.3709077835083008,1.4361412525177002,1.8642072677612305,1.7761074304580688,1.550300121307373,19.060462951660156
179.5,168.10000610351562,110.80000305175781,158.0,92.5,147.39999389648438,174.60000610351562,160.8000030517578,173.1999969482422,175.0,160.8000030517578,169.3000030517578,170.10000610351562,153.5,170.3000030517578,18.820234298706055,1.3672038316726685,1.4139324426651,1.84706711769104,1.7574336528778076,1.5358291864395142,18.468059539794922
179.5,166.1999969482422,108.30000305175781,158.89999389648438,91.9000015258789,149.0,173.89999389648438,159.6999969482422,171.10000610351562,172.3000030517578,159.39999389648438,164.6999969482422,172.8000030517578,157.1999969482422,165.8000030517578,16.788061141967773,1.3652762174606323,1.431989312171936,1.8502353429794312,1.749390959739685,1.5404908657073975,15.68277645111084
179.6999969482422,167.0,104.9000015258789,157.3000030517578,93.30000305175781,150.39999389648438,173.5,157.10000610351562,172.3000030517578,171.8000030517578,159.89999389648438,164.10000610351562,171.1999969482422,159.3000030517578,163.3000030517578,17.493797302246094,1.3527030944824219,1.4154441356658936,1.8439853191375732,1.7398053407669067,1.5283994674682617,16.994407653808594
179.1999969482422,166.60000610351562,110.30000305175781,154.3000030517578,96.4000015258789,150.3000030517578,172.60000610351562,154.8000030517578,172.6999969482422,171.89999389648438,158.0,166.39999389648438,172.6999969482422,158.1999969482422,165.8000030517578,14.964430809020996,1.361865520477295,1.4097563028335571,1.837229609489441,1.7300233840942383,1.5175111293792725,16.010164260864258
178.60000610351562,166.0,106.80000305175781,156.60000610351562,94.0,149.8000030517578,173.1999969482422,154.60000610351562,173.8000030517578,173.10000610351562,154.6999969482422,171.1999969482422,172.0,155.10000610351562,166.89999389648438,18.348548889160156,1.3449773788452148,1.3841698169708252,1.8379043340682983,1.7392933368682861,1.5340080261230469,16.260700225830078
176.8000030517578,165.10000610351562,126.69999694824219,163.10000610351562,91.4000015258789,152.0,175.1999969482422,163.6999969482422,172.6999969482422,176.0,154.0,178.1999969482422,171.1999969482422,154.5,167.10000610351562,21.707740783691406,1.3658417463302612,1.4477490186691284,1.8929805755615234,1.7859127521514893,1.5717666149139404,18.435317993164062
179.5,164.3000030517578,133.60000610351562,163.60000610351562,96.80000305175781,148.3000030517578,177.3000030517578,166.1999969482422,176.10000610351562,179.39999389648438,158.8000030517578,178.89999389648438,172.60000610351562,157.60000610351562,162.1999969482422,20.39923858642578,1.3555922508239746,1.4540643692016602,1.9133484363555908,1.802628755569458,1.5781306028366089,19.244163513183594
176.3000030517578,164.3000030517578,133.3000030517578,163.39999389648438,103.4000015258789,143.60000610351562,179.60000610351562,168.10000610351562,178.6999969482422,174.5,168.10000610351562,176.0,174.39999389648438,161.0,165.10000610351562,21.30684471130371,1.316603660583496,1.4550964832305908,1.9254847764968872,1.8224756717681885,1.5638309717178345,21.786197662353516
174.1999969482422,165.10000610351562,134.1999969482422,166.60000610351562,108.80000305175781,140.0,179.0,169.1999969482422,179.39999389648438,173.8000030517578,169.10000610351562,175.0,174.6999969482422,160.89999389648438,163.60000610351562,23.011388778686523,1.2862781286239624,1.4709668159484863,1.9252619743347168,1.8297480344772339,1.557908058166504,22.333171844482422
172.8000030517578,162.1999969482422,143.89999389648438,168.1999969482422,117.4000015258789,130.5,175.8000030517578,174.8000030517578,176.3000030517578,172.39999389648438,167.39999389648438,172.6999969482422,178.5,165.60000610351562,162.0,25.51284408569336,1.228196620941162,1.4164671897888184,1.8959280252456665,1.8215625286102295,1.5525727272033691,19.350231170654297
172.39999389648438,159.60000610351562,145.6999969482422,168.8000030517578,133.60000610351562,121.5999984741211,174.0,174.89999389648438,176.39999389648438,170.8000030517578,165.8000030517578,174.10000610351562,178.6999969482422,167.5,163.1999969482422,30.49398422241211,1.177286148071289,1.3628231287002563,1.866600513458252,1.792228102684021,1.5319939851760864,17.538921356201172
169.60000610351562,159.10000610351562,150.1999969482422,170.60000610351562,140.39999389648438,124.0,173.1999969482422,176.89999389648438,176.60000610351562,167.89999389648438,170.5,171.5,176.8000030517578,171.60000610351562,161.89999389648438,32.728965759277344,1.1824344396591187,1.3519346714019775,1.8547838926315308,1.7911592721939087,1.5356634855270386,18.628280639648438
170.0,158.89999389648438,150.89999389648438,171.39999389648438,143.10000610351562,120.30000305175781,172.10000610351562,177.39999389648438,175.0,166.8000030517578,169.0,171.0,176.3000030517578,171.0,159.3000030517578,35.61028289794922,1.156479001045227,1.316178798675537,1.8212138414382935,1.754513144493103,1.5226513147354126,19.18399429321289
173.3000030517578,162.1999969482422,158.6999969482422,161.10000610351562,147.60000610351562,123.30000305175781,171.10000610351562,170.39999389648438,175.6999969482422,169.60000610351562,158.8000030517578,176.39999389648438,176.8000030517578,163.1999969482422,160.0,39.74446487426758,1.143709659576416,1.2814477682113647,1.8212617635726929,1.7466952800750732,1.5124821662902832,15.635604858398438
174.5,164.89999389648438,157.5,158.5,148.89999389648438,124.0,168.5,170.1999969482422,172.0,168.39999389648438,157.1999969482422,178.39999389648438,178.8000030517578,155.8000030517578,162.89999389648438,45.241085052490234,1.164939045906067,1.2396693229675293,1.7943964004516602,1.7285915613174438,1.4964752197265625,17.27055549621582
178.39999389648438,166.10000610351562,151.6999969482422,156.3000030517578,140.1999969482422,122.0,172.5,168.3000030517578,174.0,172.5,156.89999389648438,176.89999389648438,177.39999389648438,161.3000030517578,162.3000030517578,34.998390197753906,1.1398041248321533,1.2521990537643433,1.837488055229187,1.775987982749939,1.5225327014923096,12.543709754943848
179.39999389648438,171.89999389648438,146.8000030517578,155.5,124.0,136.60000610351562,173.0,167.39999389648438,171.39999389648438,173.60000610351562,158.1999969482422,176.39999389648438,178.3000030517578,162.1999969482422,161.60000610351562,24.683490753173828,1.1475838422775269,1.270670771598816,1.8312503099441528,1.7726647853851318,1.5231574773788452,12.795759201049805
179.8000030517578,170.60000610351562,142.39999389648438,155.3000030517578,126.0,133.8000030517578,174.1999969482422,166.0,169.89999389648438,176.0,154.1999969482422,178.6999969482422,177.89999389648438,157.8000030517578,158.0,22.488140106201172,1.1750608682632446,1.2902536392211914,1.8493297100067139,1.7850247621536255,1.5303961038589478,14.797683715820312
179.10000610351562,170.60000610351562,139.8000030517578,158.1999969482422,121.4000015258789,138.8000030517578,175.89999389648438,167.3000030517578,169.1999969482422,175.1999969482422,158.1999969482422,174.89999389648438,178.5,160.10000610351562,159.39999389648438,23.891374588012695,1.178846001625061,1.3039829730987549,1.8486075401306152,1.788690209388733,1.5420782566070557,14.774130821228027
178.89999389648438,173.89999389648438,143.39999389648438,153.1999969482422,126.30000305175781,137.39999389648438,172.0,167.1999969482422,169.5,174.10000610351562,158.8000030517578,171.8000030517578,178.39999389648438,156.5,155.60000610351562,24.140132904052734,1.1574170589447021,1.2706443071365356,1.8357181549072266,1.777299404144287,1.5204743146896362,15.259413719177246
179.6999969482422,176.3000030517578,150.60000610351562,150.60000610351562,126.80000305175781,137.6999969482422,172.60000610351562,164.5,171.1999969482422,175.8000030517578,159.89999389648438,169.5,173.89999389648438,152.89999389648438,155.10000610351562,24.55536651611328,1.1700066328048706,1.2611703872680664,1.8377711772918701,1.7756755352020264,1.5082156658172607,17.385406494140625
179.6999969482422,174.60000610351562,148.89999389648438,152.39999389648438,127.30000305175781,137.89999389648438,172.6999969482422,163.89999389648438,170.5,174.8000030517578,158.8000030517578,168.8000030517578,175.3000030517578,153.8000030517578,153.60000610351562,26.276714324951172,1.150462031364441,1.2653089761734009,1.825545072555542,1.764113426208496,1.4954493045806885,16.649925231933594
179.89999389648438,168.5,141.10000610351562,154.60000610351562,128.1999969482422,135.10000610351562,173.8000030517578,166.1999969482422,171.0,174.5,157.3000030517578,173.6999969482422,179.3000030517578,161.60000610351562,159.8000030517578,26.516523361206055,1.1378757953643799,1.2740646600723267,1.8371315002441406,1.7775288820266724,1.532697319984436,14.415658950805664
179.5,167.10000610351562,138.5,153.8000030517578,128.8000030517578,134.0,176.5,167.5,179.3000030517578,174.6999969482422,164.39999389648438,179.10000610351562,172.8000030517578,165.1999969482422,164.89999389648438,23.105024337768555,1.2083755731582642,1.379209041595459,1.921341061592102,1.849890112876892,1.5694079399108887,22.095827102661133
179.10000610351562,166.3000030517578,137.8000030517578,156.6999969482422,119.30000305175781,137.1999969482422,176.39999389648438,170.1999969482422,178.8000030517578,173.0,168.3000030517578,179.10000610351562,171.6999969482422,166.1999969482422,164.89999389648438,23.787141799926758,1.2263704538345337,1.4162514209747314,1.9388662576675415,1.860544204711914,1.584121584892273,25.367326736450195
177.0,164.60000610351562,134.1999969482422,163.60000610351562,115.19999694824219,134.60000610351562,178.3000030517578,170.3000030517578,178.3000030517578,173.89999389648438,172.3000030517578,174.6999969482422,168.60000610351562,163.6999969482422,169.89999389648438,24.898862838745117,1.2791385650634766,1.474759817123413,1.9592978954315186,1.8663076162338257,1.5922412872314453,28.4781436920166
175.1999969482422,164.3000030517578,132.3000030517578,165.39999389648438,115.69999694824219,132.6999969482422,178.1999969482422,171.8000030517578,177.60000610351562,173.5,175.3000030517578,172.6999969482422,170.60000610351562,166.3000030517578,170.89999389648438,23.884225845336914,1.3048300743103027,1.508774757385254,1.9714226722717285,1.8741482496261597,1.6084299087524414,27.594030380249023
174.3000030517578,163.39999389648438,131.60000610351562,166.39999389648438,115.69999694824219,130.0,179.89999389648438,173.39999389648438,177.6999969482422,175.6999969482422,177.60000610351562,172.3000030517578,170.39999389648438,165.5,173.3000030517578,24.166013717651367,1.3143930435180664,1.5286691188812256,1.966468334197998,1.8661165237426758,1.597245216369629,25.96449089050293
174.0,161.89999389648438,132.5,167.8000030517578,114.69999694824219,123.69999694824219,179.8000030517578,174.8000030517578,177.89999389648438,176.10000610351562,177.0,173.0,172.10000610351562,164.60000610351562,175.6999969482422,24.62375831604004,1.309462308883667,1.5234586000442505,1.9745599031448364,1.864818811416626,1.596281886100769,24.04684829711914
173.89999389648438,161.6999969482422,131.60000610351562,172.10000610351562,98.0999984741211,131.6999969482422,179.1999969482422,175.3000030517578,178.39999389648438,177.1999969482422,177.89999389648438,170.10000610351562,173.0,164.5,175.8000030517578,24.627397537231445,1.309395670890808,1.5290194749832153,1.9689204692840576,1.8531419038772583,1.5903537273406982,22.571969985961914
171.89999389648438,160.89999389648438,135.1999969482422,172.6999969482422,79.19999694824219,148.6999969482422,178.6999969482422,178.39999389648438,179.1999969482422,177.6999969482422,179.89999389648438,168.60000610351562,173.0,168.0,174.60000610351562,23.170629501342773,1.33999502658844,1.5811840295791626,1.9750174283981323,1.8490104675292969,1.5911779403686523,23.516490936279297
173.10000610351562,159.8000030517578,132.3000030517578,172.89999389648438,86.0,141.5,178.10000610351562,179.39999389648438,179.39999389648438,178.60000610351562,177.5,167.10000610351562,172.1999969482422,170.39999389648438,171.8000030517578,24.60836410522461,1.3406987190246582,1.5880401134490967,1.9734694957733154,1.8613837957382202,1.5925506353378296,24.30506706237793
175.10000610351562,159.39999389648438,133.8000030517578,168.39999389648438,88.80000305175781,142.10000610351562,178.3000030517578,172.3000030517578,178.6999969482422,179.89999389648438,177.89999389648438,171.10000610351562,169.10000610351562,166.8000030517578,172.0,23.069509506225586,1.3476876020431519,1.564900279045105,1.9542027711868286,1.8531413078308105,1.5829336643218994,26.41419792175293
175.89999389648438,160.60000610351562,136.0,165.39999389648438,88.30000305175781,149.6999969482422,178.10000610351562,171.3000030517578,179.0,179.10000610351562,175.6999969482422,172.89999389648438,168.60000610351562,165.10000610351562,168.60000610351562,22.18378257751465,1.356546401977539,1.5706547498703003,1.9522417783737183,1.8555079698562622,1.5917333364486694,27.605525970458984
172.89999389648438,168.3000030517578,143.39999389648438,156.5,121.30000305175781,129.5,174.8000030517578,162.60000610351562,176.1999969482422,176.0,160.39999389648438,178.6999969482422,174.1999969482422,161.89999389648438,167.39999389648438,24.11792755126953,1.1760364770889282,1.2401652336120605,1.8560960292816162,1.7934720516204834,1.5365678071975708,17.947099685668945
172.0,166.6999969482422,142.10000610351562,156.6999969482422,119.4000015258789,130.3000030517578,175.3000030517578,161.0,177.8000030517578,176.10000610351562,160.8000030517578,178.6999969482422,174.39999389648438,160.89999389648438,170.3000030517578,22.737089157104492,1.2184715270996094,1.2518558502197266,1.864449381828308,1.8006199598312378,1.545234203338623,18.179889678955078
170.8000030517578,165.89999389648438,141.8000030517578,154.39999389648438,122.80000305175781,128.60000610351562,175.1999969482422,160.89999389648438,177.1999969482422,176.10000610351562,160.39999389648438,178.0,172.60000610351562,158.8000030517578,170.6999969482422,21.799131393432617,1.2231401205062866,1.2522169351577759,1.8701578378677368,1.805422306060791,1.5501177310943604,19.61981773376465
171.1999969482422,168.1999969482422,140.3000030517578,153.8000030517578,122.19999694824219,130.0,175.8000030517578,159.6999969482422,178.0,176.6999969482422,160.39999389648438,179.89999389648438,172.10000610351562,158.8000030517578,168.0,20.97153663635254,1.2213159799575806,1.274357557296753,1.8782978057861328,1.8191449642181396,1.5644854307174683,20.153335571289062
170.89999389648438,166.6999969482422,141.10000610351562,154.5,116.4000015258789,132.89999389648438,174.3000030517578,160.3000030517578,179.5,174.8000030517578,160.10000610351562,178.10000610351562,174.0,160.89999389648438,167.10000610351562,23.893388748168945,1.2081794738769531,1.2591702938079834,1.8769999742507935,1.8256175518035889,1.5649678707122803,20.500831604003906
173.1999969482422,169.0,133.6999969482422,152.39999389648438,118.9000015258789,128.8000030517578,174.89999389648438,158.10000610351562,177.39999389648438,175.5,157.89999389648438,173.5,174.1999969482422,159.39999389648438,167.5,23.289823532104492,1.2494364976882935,1.2447144985198975,1.8886089324951172,1.8259063959121704,1.5707899332046509,18.920032501220703
173.0,170.6999969482422,130.89999389648438,154.39999389648438,116.19999694824219,131.0,171.5,160.3000030517578,177.6999969482422,172.1999969482422,163.39999389648438,177.1999969482422,177.8000030517578,164.1999969482422,166.89999389648438,26.441946029663086,1.1867239475250244,1.2379411458969116,1.8936024904251099,1.8368451595306396,1.568584680557251,18.051725387573242
173.5,170.89999389648438,131.8000030517578,153.89999389648438,117.4000015258789,128.8000030517578,170.39999389648438,161.10000610351562,179.0,171.10000610351562,162.6999969482422,175.8000030517578,179.3000030517578,164.6999969482422,167.1999969482422,25.054224014282227,1.1968581676483154,1.241837739944458,1.8961567878723145,1.845240831375122,1.5780564546585083,16.73246192932129
173.89999389648438,168.60000610351562,142.89999389648438,152.89999389648438,126.19999694824219,125.19999694824219,169.1999969482422,143.1999969482422,160.10000610351562,173.3000030517578,147.0,169.39999389648438,173.5,154.10000610351562,157.0,35.41617965698242,1.107690453529358,1.1484034061431885,1.6508039236068726,1.6879836320877075,1.487060308456421,7.393182754516602
174.10000610351562,168.1999969482422,154.60000610351562,145.60000610351562,140.3000030517578,124.80000305175781,168.3000030517578,161.8000030517578,179.6999969482422,168.39999389648438,159.1999969482422,177.39999389648438,175.5,167.10000610351562,164.60000610351562,29.7580509185791,1.1393951177597046,1.2387293577194214,1.8590282201766968,1.8038337230682373,1.547993540763855,13.944958686828613
173.3000030517578,168.6999969482422,148.5,149.89999389648438,134.3000030517578,125.19999694824219,170.39999389648438,162.10000610351562,177.89999389648438,171.0,157.10000610351562,176.60000610351562,178.8000030517578,164.8000030517578,164.5,26.77661895751953,1.1543444395065308,1.2486423254013062,1.8580060005187988,1.804669737815857,1.5533397197723389,15.433618545532227
174.60000610351562,167.60000610351562,148.39999389648438,150.89999389648438,135.10000610351562,123.4000015258789,170.0,162.6999969482422,176.0,169.10000610351562,160.6999969482422,179.3000030517578,179.60000610351562,163.89999389648438,164.10000610351562,27.265504837036133,1.1468944549560547,1.2580323219299316,1.8523290157318115,1.7930179834365845,1.548457145690918,17.239004135131836
174.39999389648438,166.39999389648438,142.39999389648438,154.3000030517578,128.3000030517578,125.19999694824219,170.6999969482422,164.5,175.1999969482422,169.6999969482422,162.10000610351562,178.60000610351562,176.3000030517578,162.89999389648438,169.39999389648438,27.130868911743164,1.1523263454437256,1.269382357597351,1.8490811586380005,1.7835279703140259,1.5384302139282227,21.235197067260742
173.1999969482422,163.60000610351562,141.10000610351562,154.5,125.19999694824219,129.10000610351562,172.1999969482422,164.1999969482422,176.89999389648438,169.8000030517578,162.8000030517578,179.39999389648438,175.6999969482422,163.0,169.5,23.303430557250977,1.1764757633209229,1.309802770614624,1.8668477535247803,1.8056280612945557,1.5594004392623901,22.334199905395508
171.3000030517578,160.6999969482422,140.3000030517578,156.3000030517578,123.5999984741211,126.9000015258789,174.1999969482422,160.39999389648438,178.6999969482422,171.60000610351562,163.8000030517578,176.89999389648438,175.8000030517578,163.5,170.5,25.034507751464844,1.224756121635437,1.3362151384353638,1.8917255401611328,1.8118290901184082,1.5782957077026367,22.701541900634766
172.8000030517578,161.89999389648438,141.8000030517578,155.5,124.80000305175781,129.0,176.39999389648438,161.89999389648438,177.0,173.10000610351562,161.10000610351562,179.39999389648438,173.8000030517578,163.89999389648438,171.60000610351562,24.237464904785156,1.2157063484191895,1.339609146118164,1.8899884223937988,1.8054131269454956,1.5632848739624023,22.347074508666992
172.60000610351562,159.5,142.0,156.5,125.19999694824219,128.10000610351562,176.3000030517578,160.89999389648438,177.3000030517578,173.89999389648438,162.0,177.39999389648438,174.3000030517578,166.1999969482422,171.60000610351562,22.434160232543945,1.2298359870910645,1.3597376346588135,1.901608943939209,1.8190701007843018,1.5848238468170166,21.68112564086914
172.89999389648438,160.6999969482422,142.60000610351562,154.39999389648438,131.60000610351562,127.19999694824219,175.3000030517578,161.60000610351562,177.1999969482422,172.39999389648438,161.0,179.60000610351562,175.0,167.10000610351562,171.39999389648438,22.845962524414062,1.20796799659729,1.365003228187561,1.9125897884368896,1.8269375562667847,1.5841883420944214,21.923479080200195
173.8000030517578,161.3000030517578,137.60000610351562,156.10000610351562,123.30000305175781,133.3000030517578,177.5,161.1999969482422,178.3000030517578,174.39999389648438,162.6999969482422,178.8000030517578,174.10000610351562,166.39999389648438,171.89999389648438,21.048171997070312,1.269640564918518,1.3939228057861328,1.9114385843276978,1.8392404317855835,1.5883777141571045,22.358844757080078
175.5,161.10000610351562,147.60000610351562,155.5,129.0,128.5,175.10000610351562,164.5,176.5,173.89999389648438,160.10000610351562,178.5,174.60000610351562,165.3000030517578,168.0,21.83722496032715,1.2203470468521118,1.3632558584213257,1.9149043560028076,1.8357728719711304,1.5850088596343994,22.235736846923828
172.39999389648438,165.3000030517578,149.8000030517578,151.10000610351562,134.39999389648438,127.5999984741211,171.60000610351562,163.6999969482422,177.89999389648438,171.39999389648438,158.89999389648438,175.89999389648438,179.60000610351562,166.8000030517578,163.8000030517578,25.07695960998535,1.150593638420105,1.2775579690933228,1.8694730997085571,1.8116353750228882,1.559232234954834,16.666213989257812
171.1999969482422,165.6999969482422,151.89999389648438,148.5,136.5,124.30000305175781,171.5,161.6999969482422,179.0,172.60000610351562,157.10000610351562,174.39999389648438,177.3000030517578,167.10000610351562,166.8000030517578,25.515583038330078,1.1434473991394043,1.2428191900253296,1.8747202157974243,1.827956199645996,1.5674996376037598,12.397448539733887
171.8000030517578,168.3000030517578,152.10000610351562,146.39999389648438,136.1999969482422,123.69999694824219,168.60000610351562,163.0,178.5,169.0,160.6999969482422,179.0,176.0,164.3000030517578,165.10000610351562,27.951337814331055,1.132236361503601,1.1982593536376953,1.8523353338241577,1.8133667707443237,1.556743860244751,14.120391845703125
174.6999969482422,170.8000030517578,151.60000610351562,146.39999389648438,141.0,122.19999694824219,168.3000030517578,164.3000030517578,178.1999969482422,166.0,164.39999389648438,177.89999389648438,173.3000030517578,164.5,161.3000030517578,29.680072784423828,1.1516046524047852,1.2227017879486084,1.8675615787506104,1.8122586011886597,1.5511270761489868,14.227457046508789
172.3000030517578,169.3000030517578,152.3000030517578,144.8000030517578,142.39999389648438,120.5999984741211,168.5,164.1999969482422,177.6999969482422,169.10000610351562,158.5,174.6999969482422,175.0,166.10000610351562,166.39999389648438,27.965843200683594,1.13258957862854,1.223868489265442,1.8756160736083984,1.823562502861023,1.5735923051834106,13.436688423156738
174.60000610351562,164.89999389648438,145.60000610351562,154.0,133.89999389648438,124.5,171.89999389648438,164.60000610351562,177.10000610351562,170.5,160.1999969482422,178.89999389648438,179.5,162.8000030517578,163.3000030517578,30.22921371459961,1.1290792226791382,1.2547110319137573,1.8539332151412964,1.7984647750854492,1.5409013032913208,17.600767135620117
174.39999389648438,163.89999389648438,145.6999969482422,155.8000030517578,131.8000030517578,124.5,173.5,165.1999969482422,177.60000610351562,171.5,161.8000030517578,178.3000030517578,177.39999389648438,162.0,164.3000030517578,25.909467697143555,1.164311170578003,1.294425129890442,1.8763179779052734,1.8149222135543823,1.5608725547790527,19.49616813659668
175.0,164.3000030517578,146.0,156.1999969482422,129.89999389648438,126.9000015258789,173.1999969482422,166.1999969482422,178.0,172.60000610351562,162.1999969482422,179.60000610351562,177.39999389648438,162.6999969482422,166.3000030517578,27.263513565063477,1.149341106414795,1.2839995622634888,1.878369927406311,1.8106434345245361,1.5526549816131592,18.762744903564453
175.5,161.1999969482422,149.0,159.1999969482422,126.9000015258789,127.4000015258789,174.10000610351562,166.3000030517578,176.0,174.8000030517578,158.39999389648438,179.39999389648438,175.39999389648438,161.3000030517578,162.39999389648438,30.30447769165039,1.14719557762146,1.2784714698791504,1.8688229322433472,1.7947508096694946,1.5396852493286133,19.227453231811523
177.60000610351562,160.6999969482422,146.10000610351562,160.6999969482422,125.69999694824219,129.39999389648438,173.89999389648438,166.39999389648438,177.8000030517578,172.1999969482422,164.8000030517578,176.1999969482422,177.5,166.10000610351562,167.60000610351562,29.046342849731445,1.151154637336731,1.3219908475875854,1.895881175994873,1.8186112642288208,1.5623799562454224,19.85900115966797
177.10000610351562,161.3000030517578,144.89999389648438,161.0,125.5,130.60000610351562,174.89999389648438,165.10000610351562,177.6999969482422,172.5,165.6999969482422,176.60000610351562,177.0,167.10000610351562,168.5,28.09329605102539,1.1654915809631348,1.3335829973220825,1.8961443901062012,1.8255513906478882,1.5659006834030151,19.970407485961914
177.8000030517578,160.89999389648438,148.8000030517578,160.8000030517578,128.89999389648438,129.0,175.0,164.89999389648438,177.1999969482422,172.39999389648438,165.0,177.3000030517578,176.89999389648438,166.8000030517578,170.10000610351562,29.993045806884766,1.1439181566238403,1.3135162591934204,1.885849118232727,1.819820523262024,1.5542552471160889,19.668701171875
177.0,161.60000610351562,146.0,159.0,128.39999389648438,128.1999969482422,176.5,161.6999969482422,179.39999389648438,173.8000030517578,164.6999969482422,177.39999389648438,176.6999969482422,167.5,170.8000030517578,27.700515747070312,1.1489191055297852,1.3210870027542114,1.8825297355651855,1.8153588771820068,1.558037519454956,18.298681259155273
176.89999389648438,163.0,151.3000030517578,155.3000030517578,136.60000610351562,124.0999984741211,172.3000030517578,164.1999969482422,177.1999969482422,172.60000610351562,160.0,178.60000610351562,179.6999969482422,165.1999969482422,168.89999389648438,32.74254608154297,1.1050519943237305,1.2524698972702026,1.8411996364593506,1.7808176279067993,1.5295895338058472,15.238668441772461
174.39999389648438,162.89999389648438,153.60000610351562,152.6999969482422,134.8000030517578,124.9000015258789,172.39999389648438,163.0,175.8000030517578,174.39999389648438,155.89999389648438,176.39999389648438,178.3000030517578,167.1999969482422,170.5,31.869895935058594,1.0956281423568726,1.2095825672149658,1.8232918977737427,1.7711148262023926,1.528266429901123,11.128133773803711
178.3000030517578,164.10000610351562,147.1999969482422,156.8000030517578,130.39999389648438,128.39999389648438,174.0,165.3000030517578,175.1999969482422,173.60000610351562,159.6999969482422,177.3000030517578,177.5,162.89999389648438,171.89999389648438,29.029375076293945,1.1209710836410522,1.27890145778656,1.8529785871505737,1.7966985702514648,1.5503017902374268,16.992393493652344
179.0,161.39999389648438,148.39999389648438,161.3000030517578,120.4000015258789,132.8000030517578,175.6999969482422,167.3000030517578,175.8000030517578,175.6999969482422,163.3000030517578,176.6999969482422,176.89999389648438,166.8000030517578,170.6999969482422,27.777965545654297,1.165411114692688,1.303667426109314,1.8859065771102905,1.814801573753357,1.558114767074585,17.83625030517578
179.89999389648438,161.3000030517578,142.0,160.0,112.4000015258789,136.1999969482422,177.3000030517578,167.5,179.3000030517578,171.89999389648438,173.1999969482422,173.0,179.3000030517578,170.5,168.89999389648438,23.9588623046875,1.2442811727523804,1.3698599338531494,1.9446654319763184,1.8562090396881104,1.5955790281295776,21.209239959716797
178.60000610351562,157.8000030517578,138.1999969482422,163.10000610351562,106.5999984741211,138.3000030517578,178.6999969482422,167.1999969482422,178.1999969482422,173.1999969482422,174.0,173.5,177.1999969482422,170.10000610351562,172.3000030517578,24.463533401489258,1.2886886596679688,1.42240571975708,1.9506335258483887,1.8565908670425415,1.6037389039993286,23.232234954833984
179.89999389648438,162.3000030517578,136.60000610351562,158.10000610351562,108.30000305175781,139.60000610351562,177.39999389648438,167.6999969482422,177.8000030517578,172.60000610351562,172.89999389648438,176.10000610351562,176.3000030517578,167.3000030517578,172.3000030517578,24.277761459350586,1.2510439157485962,1.380678653717041,1.9468194246292114,1.858596682548523,1.5983765125274658,24.008630752563477
177.3000030517578,161.0,142.6999969482422,156.8000030517578,118.5999984741211,133.8000030517578,177.3000030517578,165.39999389648438,179.39999389648438,173.39999389648438,167.89999389648438,175.89999389648438,177.60000610351562,166.8000030517578,167.6999969482422,22.679731369018555,1.239427089691162,1.3655582666397095,1.936524748802185,1.8490087985992432,1.5932289361953735,21.18025779724121
176.0,163.10000610351562,148.0,158.5,123.5,131.60000610351562,175.6999969482422,164.39999389648438,178.8000030517578,176.0,161.89999389648438,179.0,174.60000610351562,162.39999389648438,166.60000610351562,26.9471435546875,1.1730363368988037,1.3083031177520752,1.8840028047561646,1.8139357566833496,1.5492151975631714,18.843976974487305
173.39999389648438,163.1999969482422,150.39999389648438,155.6999969482422,127.80000305175781,128.39999389648438,171.8000030517578,163.60000610351562,176.10000610351562,173.10000610351562,159.5,177.60000610351562,178.10000610351562,162.39999389648438,167.89999389648438,30.397071838378906,1.1222420930862427,1.2376410961151123,1.836826205253601,1.7855851650238037,1.5323878526687622,16.555877685546875
170.89999389648438,167.6999969482422,141.3000030517578,151.10000610351562,129.89999389648438,125.5,174.60000610351562,161.1999969482422,177.3000030517578,175.5,155.89999389648438,172.39999389648438,179.89999389648438,166.60000610351562,172.0,23.983665466308594,1.1409796476364136,1.2145510911941528,1.8473047018051147,1.7964452505111694,1.5442514419555664,12.00831127166748
170.89999389648438,168.5,136.5,150.1999969482422,129.60000610351562,124.9000015258789,173.0,164.5,178.5,174.60000610351562,157.8000030517578,172.10000610351562,176.89999389648438,165.1999969482422,178.10000610351562,22.42097282409668,1.1870713233947754,1.2076520919799805,1.86440110206604,1.794434666633606,1.5545440912246704,10.904014587402344
170.6999969482422,169.5,137.60000610351562,151.10000610351562,128.5,126.9000015258789,172.0,164.60000610351562,176.6999969482422,174.60000610351562,157.5,175.0,179.10000610351562,163.89999389648438,174.6999969482422,25.422283172607422,1.1350576877593994,1.1970080137252808,1.8492666482925415,1.7968229055404663,1.547112226486206,12.927245140075684
169.5,169.60000610351562,137.5,147.6999969482422,134.39999389648438,122.9000015258789,171.1999969482422,163.10000610351562,178.10000610351562,173.1999969482422,157.0,172.10000610351562,180.0,164.1999969482422,174.3000030517578,26.026813507080078,1.1195100545883179,1.1968889236450195,1.8515441417694092,1.795436143875122,1.5493885278701782,14.602075576782227
169.8000030517578,168.60000610351562,137.6999969482422,149.39999389648438,132.0,122.69999694824219,172.1999969482422,162.6999969482422,176.39999389648438,173.39999389648438,156.3000030517578,172.89999389648438,177.60000610351562,167.6999969482422,169.0,25.860265731811523,1.1371885538101196,1.2064403295516968,1.8562098741531372,1.7911463975906372,1.5441267490386963,12.288117408752441
169.8000030517578,169.39999389648438,141.39999389648438,151.1999969482422,131.5,123.5,174.0,163.60000610351562,175.8000030517578,177.6999969482422,151.10000610351562,168.1999969482422,179.10000610351562,163.3000030517578,173.89999389648438,24.789352416992188,1.1492999792099,1.2108370065689087,1.8507347106933594,1.7826353311538696,1.540135145187378,11.239026069641113
170.1999969482422,171.10000610351562,145.6999969482422,145.8000030517578,135.10000610351562,125.19999694824219,168.6999969482422,163.8000030517578,178.3000030517578,169.3000030517578,160.89999389648438,179.1999969482422,176.1999969482422,159.39999389648438,166.5,29.9208984375,1.0982218980789185,1.1724225282669067,1.8428292274475098,1.7896387577056885,1.532427191734314,13.620569229125977
170.39999389648438,169.5,139.39999389648438,148.8000030517578,132.3000030517578,124.0,172.5,164.60000610351562,176.1999969482422,176.8000030517578,153.10000610351562,177.39999389648438,177.8000030517578,156.10000610351562,165.39999389648438,25.55609893798828,1.163291096687317,1.20732581615448,1.8645910024642944,1.7785849571228027,1.5232057571411133,13.327338218688965
173.5,168.5,136.1999969482422,152.3000030517578,131.6999969482422,126.9000015258789,173.3000030517578,157.3000030517578,173.3000030517578,174.6999969482422,152.10000610351562,170.10000610351562,179.60000610351562,151.89999389648438,155.8000030517578,27.95824432373047,1.1298120021820068,1.2245146036148071,1.8393932580947876,1.7337779998779297,1.4937505722045898,12.12758731842041
175.3000030517578,167.6999969482422,134.10000610351562,156.3000030517578,121.5999984741211,133.6999969482422,178.1999969482422,159.89999389648438,171.39999389648438,178.1999969482422,149.39999389648438,169.6999969482422,172.1999969482422,149.3000030517578,154.6999969482422,19.464813232421875,1.2606905698776245,1.3357226848602295,1.88154137134552,1.7793244123458862,1.526260256767273,15.494613647460938
172.3000030517578,166.10000610351562,135.10000610351562,152.1999969482422,119.9000015258789,133.8000030517578,176.6999969482422,162.10000610351562,177.60000610351562,179.5,155.60000610351562,174.6999969482422,172.6999969482422,156.6999969482422,159.10000610351562,18.5881290435791,1.3145215511322021,1.3704429864883423,1.905173420906067,1.8043901920318604,1.5591871738433838,19.453079223632812
174.10000610351562,164.89999389648438,137.1999969482422,153.1999969482422,118.0999984741211,135.3000030517578,177.6999969482422,164.39999389648438,180.0,179.39999389648438,160.39999389648438,177.3000030517578,173.10000610351562,160.1999969482422,165.10000610351562,19.515573501586914,1.3500345945358276,1.4098857641220093,1.9322373867034912,1.8303331136703491,1.5846588611602783,20.257854461669922
172.60000610351562,166.10000610351562,131.8000030517578,155.60000610351562,110.0,134.60000610351562,177.0,164.39999389648438,178.1999969482422,178.89999389648438,161.0,176.6999969482422,173.39999389648438,161.10000610351562,165.10000610351562,23.142187118530273,1.340928077697754,1.398097038269043,1.9290459156036377,1.8259601593017578,1.583638072013855,20.75153350830078
171.39999389648438,166.8000030517578,133.0,156.0,107.5999984741211,137.3000030517578,178.6999969482422,161.8000030517578,175.89999389648438,179.10000610351562,155.10000610351562,177.5,174.39999389648438,160.8000030517578,165.3000030517578,23.169015884399414,1.3097118139266968,1.3469398021697998,1.8926535844802856,1.8054577112197876,1.5750466585159302,17.719806671142578
171.60000610351562,169.39999389648438,130.10000610351562,155.0,107.80000305175781,132.8000030517578,179.6999969482422,155.89999389648438,177.1999969482422,179.89999389648438,154.8000030517578,178.39999389648438,173.1999969482422,157.3000030517578,165.6999969482422,25.055526733398438,1.2587004899978638,1.2745866775512695,1.856239914894104,1.7921369075775146,1.5637646913528442,18.50388526916504
172.1999969482422,168.8000030517578,121.4000015258789,154.39999389648438,100.5,137.5,177.3000030517578,160.39999389648438,176.3000030517578,178.10000610351562,158.89999389648438,179.3000030517578,174.0,161.3000030517578,171.39999389648438,27.92426109313965,1.256512999534607,1.2426884174346924,1.872854232788086,1.8103352785110474,1.5687378644943237,19.667200088500977
173.1999969482422,169.0,126.4000015258789,155.60000610351562,100.5999984741211,137.1999969482422,178.89999389648438,160.6999969482422,175.0,178.8000030517578,159.39999389648438,179.0,172.5,162.1999969482422,170.5,28.461782455444336,1.2576087713241577,1.272802472114563,1.8830682039260864,1.8209656476974487,1.5787603855133057,20.61992073059082
173.89999389648438,167.89999389648438,117.9000015258789,152.6999969482422,100.5999984741211,137.1999969482422,177.3000030517578,161.1999969482422,177.10000610351562,177.8000030517578,160.39999389648438,178.60000610351562,173.8000030517578,162.0,173.89999389648438,28.788028717041016,1.2505472898483276,1.2432754039764404,1.8788397312164307,1.8188798427581787,1.5634268522262573,21.09406280517578
173.6999969482422,168.10000610351562,120.80000305175781,153.60000610351562,99.9000015258789,136.6999969482422,177.10000610351562,160.5,176.3000030517578,177.6999969482422,159.5,180.0,175.6999969482422,163.8000030517578,173.8000030517578,28.163986206054688,1.2534706592559814,1.2286980152130127,1.8720934391021729,1.8184654712677002,1.5673787593841553,18.7987003326416
173.5,168.60000610351562,119.5999984741211,152.8000030517578,99.4000015258789,137.1999969482422,177.6999969482422,158.1999969482422,176.5,178.0,157.89999389648438,178.6999969482422,174.89999389648438,163.1999969482422,172.89999389648438,27.55396270751953,1.2714036703109741,1.211913824081421,1.8521323204040527,1.8025048971176147,1.5617047548294067,18.381488800048828
173.5,168.5,116.5999984741211,154.1999969482422,98.19999694824219,138.5,177.60000610351562,157.6999969482422,177.3000030517578,177.0,158.3000030517578,177.3000030517578,175.6999969482422,161.39999389648438,175.0,27.975139617919922,1.278483510017395,1.2165902853012085,1.8550777435302734,1.804459810256958,1.563707709312439,18.62380027770996
173.8000030517578,169.89999389648438,129.39999389648438,157.10000610351562,104.19999694824219,135.89999389648438,177.8000030517578,157.39999389648438,171.6999969482422,177.5,157.39999389648438,178.3000030517578,173.3000030517578,160.0,171.3000030517578,26.512147903442383,1.224894404411316,1.2467820644378662,1.8398537635803223,1.8097161054611206,1.569098711013794,19.19746971130371
169.89999389648438,168.39999389648438,131.10000610351562,155.89999389648438,109.0,134.39999389648438,177.6999969482422,155.8000030517578,173.0,177.5,156.6999969482422,177.8000030517578,173.60000610351562,160.89999389648438,172.1999969482422,25.161264419555664,1.2329851388931274,1.2589900493621826,1.8290050029754639,1.807276725769043,1.571203589439392,18.23797607421875
170.3000030517578,168.89999389648438,131.6999969482422,154.39999389648438,117.0999984741211,129.60000610351562,176.60000610351562,156.1999969482422,173.1999969482422,175.89999389648438,156.60000610351562,177.60000610351562,172.3000030517578,157.3000030517578,170.3000030517578,26.085588455200195,1.1825413703918457,1.263741135597229,1.8192405700683594,1.803560495376587,1.5655120611190796,20.292882919311523
170.39999389648438,168.0,134.39999389648438,153.6999969482422,125.30000305175781,126.80000305175781,175.60000610351562,157.1999969482422,173.10000610351562,176.0,156.5,177.89999389648438,173.60000610351562,158.60000610351562,172.3000030517578,24.101276397705078,1.2142008543014526,1.2960880994796753,1.8459323644638062,1.812530517578125,1.5803542137145996,20.008176803588867
170.1999969482422,165.89999389648438,130.89999389648438,152.6999969482422,124.0999984741211,126.5999984741211,175.8000030517578,157.5,176.10000610351562,175.1999969482422,158.0,179.10000610351562,174.89999389648438,160.10000610351562,171.5,23.00055694580078,1.2378888130187988,1.2855429649353027,1.8472332954406738,1.812014102935791,1.5751014947891235,19.443565368652344
171.1999969482422,165.8000030517578,134.10000610351562,152.8000030517578,126.5,126.69999694824219,175.3000030517578,161.60000610351562,178.0,174.5,160.0,178.5,175.3000030517578,163.10000610351562,171.5,22.025005340576172,1.235926628112793,1.3345125913619995,1.8952184915542603,1.8386420011520386,1.6005014181137085,21.366443634033203
176.10000610351562,164.1999969482422,133.0,158.6999969482422,122.0999984741211,127.0,177.8000030517578,165.39999389648438,176.5,174.8000030517578,170.5,175.1999969482422,173.39999389648438,165.8000030517578,173.60000610351562,23.71373176574707,1.3065344095230103,1.4549105167388916,1.957653522491455,1.8588286638259888,1.6107460260391235,25.41779899597168
176.1999969482422,163.60000610351562,137.60000610351562,155.8000030517578,117.5,136.5,175.3000030517578,168.6999969482422,178.5,174.39999389648438,171.5,174.89999389648438,171.89999389648438,167.3000030517578,168.39999389648438,23.262367248535156,1.2831830978393555,1.4506409168243408,1.9829015731811523,1.8854166269302368,1.6266757249832153,27.053909301757812
171.1999969482422,165.0,156.0,148.6999969482422,135.1999969482422,124.5,168.5,166.5,176.1999969482422,170.3000030517578,157.6999969482422,174.0,175.5,166.0,169.6999969482422,39.067142486572266,1.0937851667404175,1.1704074144363403,1.8445956707000732,1.8032630681991577,1.5375243425369263,11.678723335266113
170.6999969482422,165.39999389648438,145.6999969482422,144.6999969482422,134.8000030517578,125.9000015258789,168.89999389648438,166.1999969482422,178.0,167.6999969482422,162.3000030517578,173.10000610351562,169.60000610351562,170.10000610351562,178.5,32.290916442871094,1.1308233737945557,1.1691423654556274,1.8779078722000122,1.8288432359695435,1.5564442873001099,9.102176666259766
174.10000610351562,168.89999389648438,138.0,148.60000610351562,126.0,133.39999389648438,172.39999389648438,165.5,178.3000030517578,171.3000030517578,162.8000030517578,175.1999969482422,173.3000030517578,168.89999389648438,177.6999969482422,28.14645767211914,1.1628631353378296,1.1971391439437866,1.8994308710098267,1.8296263217926025,1.558647632598877,10.839645385742188
173.89999389648438,167.89999389648438,124.0,150.89999389648438,118.69999694824219,137.1999969482422,174.10000610351562,166.3000030517578,179.89999389648438,174.0,162.39999389648438,177.3000030517578,176.3000030517578,166.3000030517578,179.8000030517578,25.10387420654297,1.207435965538025,1.213524580001831,1.8893154859542847,1.8227468729019165,1.5599507093429565,10.886043548583984
174.60000610351562,167.1999969482422,131.39999389648438,151.5,117.19999694824219,138.60000610351562,176.10000610351562,165.8000030517578,179.5,176.10000610351562,162.89999389648438,178.39999389648438,179.10000610351562,163.60000610351562,177.3000030517578,21.523494720458984,1.2571957111358643,1.2532789707183838,1.898569941520691,1.8234999179840088,1.5591368675231934,14.108992576599121
176.6999969482422,163.89999389648438,123.4000015258789,157.1999969482422,105.5999984741211,142.3000030517578,178.60000610351562,165.0,177.39999389648438,177.60000610351562,165.89999389648438,174.1999969482422,174.89999389648438,166.6999969482422,173.3000030517578,23.37116241455078,1.2648001909255981,1.3375722169876099,1.9103469848632812,1.8266421556472778,1.5723834037780762,19.790515899658203
176.0,163.1999969482422,132.60000610351562,158.0,104.69999694824219,145.1999969482422,179.60000610351562,165.8000030517578,178.6999969482422,177.5,166.6999969482422,178.1999969482422,171.8000030517578,166.0,171.3000030517578,21.957094192504883,1.3209117650985718,1.4013910293579102,1.9281195402145386,1.8340699672698975,1.5681931972503662,22.85944366455078
173.60000610351562,162.1999969482422,128.1999969482422,154.60000610351562,107.0,142.6999969482422,178.3000030517578,164.39999389648438,175.60000610351562,177.6999969482422,167.0,179.0,174.39999389648438,168.60000610351562,172.10000610351562,22.1077880859375,1.3058769702911377,1.3650521039962769,1.917172908782959,1.825226902961731,1.5730595588684082,20.465970993041992
176.0,161.89999389648438,127.0,156.89999389648438,96.19999694824219,145.5,178.60000610351562,165.39999389648438,176.5,179.39999389648438,164.6999969482422,177.39999389648438,171.6999969482422,166.8000030517578,167.6999969482422,26.149465560913086,1.3099192380905151,1.3609650135040283,1.9010995626449585,1.804202675819397,1.5491262674331665,22.024747848510742
178.5,155.0,115.9000015258789,158.1999969482422,83.0999984741211,154.60000610351562,179.3000030517578,166.5,178.3000030517578,179.60000610351562,165.1999969482422,179.89999389648438,172.89999389648438,162.89999389648438,172.0,30.642372131347656,1.24875009059906,1.3059014081954956,1.9104212522506714,1.8106614351272583,1.5642560720443726,20.125728607177734
177.8000030517578,158.60000610351562,118.69999694824219,154.5,91.69999694824219,145.5,177.6999969482422,166.1999969482422,176.0,178.1999969482422,166.0,179.5,172.89999389648438,164.8000030517578,175.3000030517578,31.660707473754883,1.2648698091506958,1.2810875177383423,1.8779374361038208,1.782862901687622,1.5296545028686523,21.956056594848633
178.0,157.39999389648438,120.5999984741211,160.0,79.5,151.5,179.89999389648438,169.3000030517578,179.1999969482422,178.5,162.8000030517578,175.5,170.5,163.89999389648438,173.6999969482422,29.25724983215332,1.3006681203842163,1.3225324153900146,1.8497073650360107,1.7489758729934692,1.505676507949829,21.428558349609375
177.5,158.3000030517578,118.5,153.8000030517578,89.30000305175781,150.0,178.8000030517578,166.39999389648438,179.10000610351562,179.6999969482422,163.39999389648438,179.0,173.10000610351562,166.60000610351562,172.60000610351562,30.792634963989258,1.2727316617965698,1.2235493659973145,1.8696945905685425,1.781646966934204,1.5442949533462524,18.934011459350586
178.3000030517578,155.39999389648438,112.69999694824219,156.6999969482422,89.0999984741211,150.5,179.1999969482422,165.3000030517578,178.3000030517578,178.8000030517578,162.1999969482422,177.8000030517578,174.39999389648438,165.3000030517578,171.89999389648438,32.779109954833984,1.2327910661697388,1.2162957191467285,1.892224907875061,1.7959418296813965,1.5488675832748413,16.419187545776367
178.39999389648438,159.8000030517578,116.4000015258789,155.5,91.5,151.5,178.39999389648438,165.10000610351562,175.89999389648438,179.6999969482422,163.10000610351562,175.3000030517578,176.5,163.1999969482422,175.10000610351562,28.33856201171875,1.2802537679672241,1.2726186513900757,1.9064972400665283,1.7967475652694702,1.5596554279327393,15.547420501708984
176.6999969482422,161.89999389648438,116.0,151.39999389648438,86.0,153.60000610351562,178.60000610351562,166.1999969482422,175.89999389648438,179.8000030517578,166.0,179.39999389648438,173.5,167.3000030517578,173.10000610351562,27.97795295715332,1.3170487880706787,1.3134793043136597,1.8717460632324219,1.775217890739441,1.544182538986206,22.718082427978516
175.39999389648438,164.1999969482422,110.9000015258789,162.6999969482422,57.20000076293945,165.0,177.0,172.3000030517578,175.39999389648438,177.8000030517578,176.10000610351562,172.8000030517578,174.3000030517578,175.5,168.89999389648438,30.780668258666992,1.3316893577575684,1.3705363273620605,1.856726884841919,1.7514948844909668,1.5154118537902832,24.032611846923828
172.0,157.89999389648438,115.69999694824219,172.3000030517578,48.29999923706055,164.3000030517578,177.10000610351562,171.0,174.8000030517578,179.89999389648438,178.8000030517578,172.89999389648438,175.1999969482422,174.5,171.6999969482422,30.514890670776367,1.3237261772155762,1.4186930656433105,1.8712102174758911,1.784827470779419,1.54530930519104,23.60356330871582
173.89999389648438,162.89999389648438,111.0,163.60000610351562,62.900001525878906,166.3000030517578,176.6999969482422,170.3000030517578,177.5,179.10000610351562,175.5,174.0,173.3000030517578,172.60000610351562,166.1999969482422,26.397235870361328,1.3375227451324463,1.4221265316009521,1.8582626581192017,1.7635276317596436,1.5360058546066284,23.884008407592773
175.5,161.0,120.4000015258789,146.8000030517578,97.80000305175781,151.6999969482422,179.8000030517578,162.10000610351562,177.10000610351562,179.0,162.5,178.0,170.8000030517578,161.6999969482422,173.3000030517578,25.297651290893555,1.3044346570968628,1.2550603151321411,1.866170048713684,1.7747920751571655,1.543351650238037,20.659385681152344
176.60000610351562,161.10000610351562,119.30000305175781,148.89999389648438,99.19999694824219,148.60000610351562,179.0,161.10000610351562,179.39999389648438,178.10000610351562,158.3000030517578,178.5,174.60000610351562,163.10000610351562,171.89999389648438,26.51542091369629,1.2598013877868652,1.198952078819275,1.8687212467193604,1.7672171592712402,1.532865285873413,14.753641128540039
173.89999389648438,157.60000610351562,111.5999984741211,154.5,104.9000015258789,138.8000030517578,178.1999969482422,161.1999969482422,178.60000610351562,180.0,156.3000030517578,178.0,175.60000610351562,161.10000610351562,169.1999969482422,31.17931365966797,1.2227389812469482,1.2029271125793457,1.865977168083191,1.773850679397583,1.532258152961731,14.555603981018066
174.39999389648438,161.60000610351562,119.69999694824219,154.0,111.5999984741211,135.8000030517578,173.3000030517578,165.1999969482422,180.0,173.89999389648438,162.1999969482422,176.3000030517578,179.10000610351562,164.89999389648438,171.0,30.028766632080078,1.1916033029556274,1.2028321027755737,1.9004429578781128,1.800283670425415,1.558718204498291,14.361629486083984
179.60000610351562,161.5,100.0,153.5,105.80000305175781,140.5,173.39999389648438,165.0,179.5,170.10000610351562,166.5,174.89999389648438,175.6999969482422,166.1999969482422,168.60000610351562,31.171865463256836,1.1513911485671997,1.1878077983856201,1.9057537317276,1.8149056434631348,1.5698330402374268,14.985342025756836
177.0,162.3000030517578,105.5999984741211,155.10000610351562,109.5999984741211,136.10000610351562,172.60000610351562,166.10000610351562,179.10000610351562,170.10000610351562,166.10000610351562,176.0,177.10000610351562,163.8000030517578,169.39999389648438,29.634830474853516,1.1762504577636719,1.20358407497406,1.9061198234558105,1.8083845376968384,1.5633881092071533,15.500020027160645
171.8000030517578,164.8000030517578,115.30000305175781,150.5,111.19999694824219,140.3000030517578,171.60000610351562,166.5,178.60000610351562,172.6999969482422,161.60000610351562,178.6999969482422,177.5,163.6999969482422,172.89999389648438,27.157623291015625,1.1733895540237427,1.1833263635635376,1.8845773935317993,1.7938040494918823,1.554272174835205,13.721172332763672
173.89999389648438,166.89999389648438,135.89999389648438,143.89999389648438,112.4000015258789,142.10000610351562,169.6999969482422,164.5,178.6999969482422,172.6999969482422,160.5,179.39999389648438,178.89999389648438,163.89999389648438,172.3000030517578,23.85164451599121,1.2192649841308594,1.1647286415100098,1.8850198984146118,1.7892467975616455,1.5603538751602173,14.458367347717285
177.3000030517578,165.89999389648438,116.5999984741211,143.60000610351562,110.80000305175781,143.5,172.10000610351562,163.3000030517578,179.60000610351562,171.10000610351562,160.8000030517578,180.0,176.6999969482422,168.10000610351562,167.5,25.34571075439453,1.2133252620697021,1.193890929222107,1.9014846086502075,1.814888834953308,1.5848174095153809,14.118568420410156
176.8000030517578,166.0,130.5,147.60000610351562,108.4000015258789,144.89999389648438,172.0,164.10000610351562,175.39999389648438,175.8000030517578,159.39999389648438,174.0,179.39999389648438,165.10000610351562,168.1999969482422,23.888164520263672,1.2275253534317017,1.1790834665298462,1.8858486413955688,1.7943451404571533,1.569676160812378,12.979530334472656
176.60000610351562,161.60000610351562,112.4000015258789,150.6999969482422,111.69999694824219,137.6999969482422,173.89999389648438,161.10000610351562,179.1999969482422,173.89999389648438,161.0,175.60000610351562,178.10000610351562,163.1999969482422,167.89999389648438,27.93292808532715,1.183608889579773,1.182323694229126,1.8993892669677734,1.7929185628890991,1.558627963066101,13.682947158813477
177.39999389648438,159.1999969482422,106.0,157.1999969482422,104.5,140.89999389648438,177.1999969482422,163.60000610351562,177.8000030517578,174.1999969482422,163.0,174.5,179.3000030517578,160.1999969482422,164.5,33.96975326538086,1.1692707538604736,1.2412917613983154,1.926134705543518,1.8217345476150513,1.57445228099823,16.342655181884766
176.5,164.3000030517578,118.9000015258789,149.3000030517578,114.0,138.5,174.5,165.10000610351562,179.6999969482422,174.10000610351562,164.39999389648438,174.1999969482422,179.3000030517578,162.3000030517578,169.3000030517578,26.615577697753906,1.1884468793869019,1.2105878591537476,1.937816858291626,1.8385616540908813,1.5835436582565308,15.66935920715332
177.39999389648438,163.0,117.30000305175781,154.0,111.80000305175781,136.89999389648438,176.39999389648438,168.39999389648438,175.89999389648438,174.6999969482422,163.1999969482422,175.1999969482422,179.0,167.5,166.60000610351562,30.84282875061035,1.1976468563079834,1.257205843925476,1.9332435131072998,1.8285542726516724,1.5862492322921753,14.594343185424805
177.1999969482422,162.60000610351562,114.5999984741211,156.0,108.69999694824219,136.89999389648438,176.1999969482422,165.60000610351562,177.6999969482422,174.6999969482422,161.89999389648438,175.6999969482422,179.6999969482422,164.8000030517578,170.1999969482422,33.40157699584961,1.171970009803772,1.2335515022277832,1.914786458015442,1.823185920715332,1.587096095085144,15.80981159210205
177.60000610351562,163.10000610351562,118.30000305175781,156.89999389648438,111.0999984741211,133.0,175.0,167.0,178.3000030517578,174.8000030517578,162.1999969482422,175.10000610351562,178.3000030517578,163.10000610351562,170.5,36.52817153930664,1.1516680717468262,1.2063515186309814,1.9130295515060425,1.8109276294708252,1.5722625255584717,17.323312759399414
176.1999969482422,162.3000030517578,123.5999984741211,156.6999969482422,113.30000305175781,131.6999969482422,174.39999389648438,169.39999389648438,179.0,172.6999969482422,165.8000030517578,175.10000610351562,178.8000030517578,165.0,173.1999969482422,35.235076904296875,1.1511608362197876,1.2226324081420898,1.9270169734954834,1.8181339502334595,1.5821880102157593,19.223495483398438
176.1999969482422,161.89999389648438,121.0,156.5,112.80000305175781,132.0,174.10000610351562,168.5,179.3000030517578,172.6999969482422,163.60000610351562,177.6999969482422,178.0,162.8000030517578,173.0,34.85161590576172,1.1642096042633057,1.2466930150985718,1.9268401861190796,1.8195302486419678,1.5699312686920166,19.882932662963867
177.10000610351562,164.8000030517578,118.5999984741211,156.60000610351562,114.9000015258789,129.39999389648438,174.60000610351562,167.8000030517578,177.60000610351562,174.0,160.10000610351562,176.8000030517578,179.3000030517578,164.60000610351562,170.60000610351562,36.029361724853516,1.1892361640930176,1.2427774667739868,1.9172956943511963,1.8320374488830566,1.578300952911377,16.472537994384766
174.3000030517578,165.1999969482422,119.0999984741211,153.3000030517578,113.69999694824219,134.89999389648438,174.5,163.5,177.10000610351562,174.3000030517578,159.60000610351562,179.1999969482422,179.8000030517578,162.8000030517578,168.10000610351562,28.796314239501953,1.1865698099136353,1.217370867729187,1.8954696655273438,1.8078899383544922,1.56987464427948,15.59890365600586
176.39999389648438,163.3000030517578,123.5,149.1999969482422,107.30000305175781,141.60000610351562,175.8000030517578,164.39999389648438,179.3000030517578,177.39999389648438,159.89999389648438,177.3000030517578,179.0,163.8000030517578,161.39999389648438,26.99843406677246,1.213663935661316,1.1786508560180664,1.8959362506866455,1.7936426401138306,1.5551903247833252,15.586825370788574
174.10000610351562,165.5,132.0,148.6999969482422,107.69999694824219,143.10000610351562,172.5,163.0,179.8000030517578,175.1999969482422,161.3000030517578,176.5,179.60000610351562,163.89999389648438,170.3000030517578,21.766313552856445,1.2343796491622925,1.180858850479126,1.8844356536865234,1.7882142066955566,1.5594050884246826,13.606466293334961
176.8000030517578,167.10000610351562,131.0,142.10000610351562,106.0999984741211,147.5,172.89999389648438,163.10000610351562,179.0,175.0,160.8000030517578,175.39999389648438,177.5,167.60000610351562,163.60000610351562,20.72665023803711,1.2382060289382935,1.1497831344604492,1.8853507041931152,1.8024097681045532,1.5753364562988281,11.602412223815918
174.10000610351562,169.89999389648438,118.30000305175781,144.39999389648438,107.9000015258789,145.39999389648438,173.1999969482422,163.1999969482422,178.10000610351562,172.5,166.8000030517578,174.89999389648438,179.6999969482422,165.1999969482422,166.3000030517578,20.717683792114258,1.2423961162567139,1.186480164527893,1.8972420692443848,1.8059011697769165,1.5658087730407715,15.922452926635742
171.6999969482422,169.5,140.6999969482422,143.89999389648438,108.5,147.89999389648438,171.1999969482422,163.1999969482422,179.8000030517578,174.6999969482422,163.89999389648438,175.1999969482422,176.3000030517578,161.0,168.10000610351562,19.29529571533203,1.2515559196472168,1.1658920049667358,1.8837989568710327,1.8033336400985718,1.5545356273651123,16.989168167114258
174.6999969482422,173.8000030517578,147.8000030517578,140.5,108.9000015258789,148.3000030517578,173.0,162.1999969482422,177.3000030517578,173.0,165.89999389648438,173.8000030517578,178.39999389648438,165.0,162.89999389648438,22.05459976196289,1.286433219909668,1.1596492528915405,1.885408639907837,1.7868945598602295,1.5611242055892944,16.161239624023438
172.8000030517578,174.89999389648438,134.89999389648438,141.39999389648438,110.4000015258789,147.0,173.0,160.1999969482422,179.0,173.39999389648438,163.1999969482422,175.1999969482422,178.89999389648438,161.1999969482422,162.89999389648438,20.363338470458984,1.2486127614974976,1.1639189720153809,1.882739782333374,1.7993144989013672,1.5675694942474365,15.820202827453613
178.8000030517578,178.6999969482422,148.89999389648438,135.6999969482422,114.0999984741211,144.89999389648438,172.1999969482422,160.1999969482422,178.6999969482422,173.1999969482422,162.1999969482422,176.3000030517578,178.5,163.8000030517578,164.60000610351562,23.92775535583496,1.2714077234268188,1.1345072984695435,1.8632512092590332,1.7786777019500732,1.5595492124557495,13.274399757385254
175.89999389648438,176.0,148.3000030517578,136.8000030517578,114.5999984741211,146.39999389648438,171.39999389648438,160.89999389648438,178.3000030517578,173.1999969482422,163.0,173.8000030517578,178.89999389648438,163.60000610351562,165.1999969482422,23.128747940063477,1.2735836505889893,1.1571369171142578,1.8772872686386108,1.7818025350570679,1.5504471063613892,13.77403736114502
176.10000610351562,169.8000030517578,135.60000610351562,137.3000030517578,109.5,151.10000610351562,173.3000030517578,157.8000030517578,177.89999389648438,176.6999969482422,160.0,170.1999969482422,174.0,157.89999389648438,167.60000610351562,24.27535057067871,1.251819372177124,1.1173144578933716,1.8286540508270264,1.7412153482437134,1.5195584297180176,18.489534378051758
173.10000610351562,167.89999389648438,130.10000610351562,139.10000610351562,108.80000305175781,150.0,177.39999389648438,156.60000610351562,179.1999969482422,176.39999389648438,154.3000030517578,171.3000030517578,171.60000610351562,157.39999389648438,168.5,18.1684627532959,1.2743710279464722,1.1612398624420166,1.8178980350494385,1.7339247465133667,1.5146068334579468,16.576749801635742
175.39999389648438,168.8000030517578,126.0,145.6999969482422,99.80000305175781,155.5,178.0,159.5,176.5,176.0,160.60000610351562,167.0,170.8000030517578,155.89999389648438,167.39999389648438,17.7501220703125,1.3207801580429077,1.2444686889648438,1.8276646137237549,1.733155608177185,1.5220286846160889,18.22750473022461
176.60000610351562,165.5,129.6999969482422,136.1999969482422,108.9000015258789,154.0,179.39999389648438,158.60000610351562,179.10000610351562,176.5,153.10000610351562,178.39999389648438,175.6999969482422,163.10000610351562,171.6999969482422,20.668407440185547,1.2918789386749268,1.1846492290496826,1.8309513330459595,1.7223209142684937,1.5153216123580933,14.260178565979004
175.8000030517578,163.3000030517578,134.39999389648438,141.0,104.9000015258789,152.10000610351562,178.39999389648438,162.39999389648438,179.6999969482422,174.39999389648438,147.8000030517578,175.5,174.6999969482422,159.5,172.3000030517578,18.371774673461914,1.3169128894805908,1.2161288261413574,1.8440618515014648,1.7473596334457397,1.5235099792480469,14.08642864227295
179.6999969482422,168.0,136.6999969482422,143.60000610351562,102.5999984741211,153.60000610351562,178.39999389648438,161.10000610351562,179.8000030517578,179.3000030517578,155.6999969482422,177.89999389648438,175.60000610351562,165.1999969482422,166.5,23.009323120117188,1.2694109678268433,1.2380845546722412,1.864105463027954,1.7779618501663208,1.5545308589935303,16.55396842956543
173.0,161.1999969482422,133.5,152.10000610351562,117.69999694824219,133.5,173.60000610351562,164.10000610351562,179.89999389648438,176.0,158.10000610351562,179.1999969482422,177.10000610351562,163.10000610351562,163.89999389648438,21.90920639038086,1.2253669500350952,1.2770546674728394,1.9088565111160278,1.8151419162750244,1.566457748413086,17.948787689208984
172.39999389648438,161.39999389648438,133.8000030517578,155.3000030517578,116.30000305175781,135.6999969482422,173.5,163.8000030517578,176.89999389648438,175.5,159.8000030517578,179.5,179.39999389648438,164.39999389648438,166.10000610351562,21.58071517944336,1.2657387256622314,1.3172411918640137,1.9325904846191406,1.8495464324951172,1.6068391799926758,16.959043502807617
173.1999969482422,165.39999389648438,134.3000030517578,156.0,115.69999694824219,135.6999969482422,174.0,164.8000030517578,178.5,175.5,164.3000030517578,173.89999389648438,177.5,165.10000610351562,169.10000610351562,29.041173934936523,1.2083916664123535,1.2607109546661377,1.9100326299667358,1.8257721662521362,1.5687175989151,15.841660499572754
172.6999969482422,165.5,137.3000030517578,150.60000610351562,127.30000305175781,127.0,169.60000610351562,165.8000030517578,178.10000610351562,168.0,166.5,176.5,174.10000610351562,168.10000610351562,170.5,35.15767288208008,1.1620709896087646,1.1850697994232178,1.8761543035507202,1.8019598722457886,1.5444625616073608,13.821423530578613
176.60000610351562,168.0,137.0,151.60000610351562,121.80000305175781,130.3000030517578,169.3000030517578,164.3000030517578,179.89999389648438,168.3000030517578,160.10000610351562,175.89999389648438,176.5,164.6999969482422,169.10000610351562,38.815589904785156,1.1285088062286377,1.1551331281661987,1.8423442840576172,1.77008855342865,1.5230320692062378,15.933849334716797
174.8000030517578,168.10000610351562,149.6999969482422,148.10000610351562,129.89999389648438,130.6999969482422,169.5,164.8000030517578,178.0,168.0,164.89999389648438,177.89999389648438,175.39999389648438,168.89999389648438,167.60000610351562,37.35287094116211,1.1502597332000732,1.184355616569519,1.8436187505722046,1.780170202255249,1.5228347778320312,15.240093231201172
175.8000030517578,164.89999389648438,136.1999969482422,151.60000610351562,124.0999984741211,128.3000030517578,168.89999389648438,167.10000610351562,177.6999969482422,166.6999969482422,167.0,179.6999969482422,172.3000030517578,170.89999389648438,171.39999389648438,36.019447326660156,1.1300143003463745,1.1674238443374634,1.8482900857925415,1.786220669746399,1.5348647832870483,13.918072700500488
179.1999969482422,169.39999389648438,139.89999389648438,156.10000610351562,117.69999694824219,128.60000610351562,169.89999389648438,162.89999389648438,175.8000030517578,169.10000610351562,163.60000610351562,179.3000030517578,176.0,169.60000610351562,172.89999389648438,36.11250686645508,1.1370304822921753,1.1839430332183838,1.8410545587539673,1.7686485052108765,1.5265686511993408,16.64649200439453
178.8000030517578,172.0,147.39999389648438,152.89999389648438,118.69999694824219,134.0,173.6999969482422,160.6999969482422,177.3000030517578,171.3000030517578,162.10000610351562,175.8000030517578,178.5,168.6999969482422,176.1999969482422,27.78466033935547,1.2085915803909302,1.269768476486206,1.8692914247512817,1.8162175416946411,1.5592504739761353,17.233196258544922
176.8000030517578,172.60000610351562,149.5,152.0,119.5,138.5,173.0,167.60000610351562,178.8000030517578,170.6999969482422,167.89999389648438,176.60000610351562,179.3000030517578,171.60000610351562,175.10000610351562,26.131803512573242,1.1818859577178955,1.2726348638534546,1.8750648498535156,1.8301550149917603,1.5444318056106567,17.663171768188477
177.0,170.89999389648438,149.39999389648438,153.10000610351562,114.0999984741211,139.0,173.5,164.10000610351562,180.0,169.0,167.0,178.1999969482422,176.1999969482422,176.5,169.39999389648438,27.14430046081543,1.1931291818618774,1.2484012842178345,1.8563786745071411,1.8106629848480225,1.5508779287338257,18.11248016357422
175.89999389648438,168.6999969482422,142.3000030517578,155.1999969482422,111.69999694824219,138.0,173.1999969482422,162.60000610351562,178.10000610351562,170.3000030517578,165.5,178.5,176.0,176.39999389648438,171.1999969482422,25.32718849182129,1.239038348197937,1.2846921682357788,1.885972499847412,1.8178651332855225,1.5810351371765137,18.757272720336914
177.89999389648438,167.10000610351562,131.5,157.8000030517578,93.5999984741211,144.1999969482422,172.6999969482422,164.60000610351562,173.3000030517578,170.1999969482422,171.60000610351562,178.60000610351562,177.3000030517578,176.10000610351562,174.39999389648438,29.485212326049805,1.2605353593826294,1.278684377670288,1.8977450132369995,1.8193484544754028,1.5690983533859253,21.969282150268555
178.1999969482422,166.39999389648438,132.89999389648438,156.8000030517578,97.19999694824219,144.39999389648438,172.5,167.0,174.60000610351562,173.39999389648438,170.1999969482422,178.8000030517578,179.10000610351562,173.1999969482422,175.6999969482422,28.593097686767578,1.2784396409988403,1.276746153831482,1.9068843126296997,1.8119279146194458,1.5541361570358276,22.550962448120117
177.0,166.0,145.8000030517578,156.0,99.80000305175781,143.6999969482422,172.0,160.1999969482422,178.1999969482422,173.60000610351562,164.0,179.3000030517578,178.89999389648438,172.89999389648438,173.8000030517578,27.39400291442871,1.2515020370483398,1.2452771663665771,1.8631095886230469,1.7985142469406128,1.5582102537155151,18.989124298095703
176.60000610351562,172.60000610351562,148.39999389648438,154.0,109.69999694824219,140.3000030517578,172.39999389648438,162.1999969482422,177.39999389648438,171.1999969482422,164.8000030517578,177.60000610351562,177.1999969482422,170.1999969482422,171.89999389648438,27.219762802124023,1.2519618272781372,1.2452805042266846,1.8651114702224731,1.8045332431793213,1.553283452987671,16.67593002319336
174.89999389648438,176.0,158.8000030517578,147.5,119.30000305175781,137.3000030517578,171.5,164.10000610351562,179.6999969482422,170.89999389648438,161.10000610351562,174.89999389648438,174.60000610351562,167.6999969482422,169.39999389648438,24.046859741210938,1.2342932224273682,1.227354884147644,1.8704195022583008,1.8259629011154175,1.571803092956543,13.251541137695312
174.8000030517578,178.39999389648438,153.8000030517578,142.39999389648438,125.5,136.60000610351562,171.0,162.3000030517578,175.60000610351562,165.1999969482422,170.5,174.89999389648438,164.5,170.39999389648438,170.1999969482422,24.357919692993164,1.2144780158996582,1.2170895338058472,1.8926401138305664,1.8379817008972168,1.5698639154434204,8.714268684387207
178.10000610351562,179.89999389648438,153.5,148.5,117.5,139.0,172.8000030517578,166.60000610351562,178.6999969482422,170.0,162.89999389648438,174.60000610351562,172.8000030517578,169.60000610351562,169.89999389648438,24.512475967407227,1.2448649406433105,1.260083556175232,1.8932567834854126,1.8360145092010498,1.5882614850997925,13.059398651123047
178.6999969482422,178.1999969482422,155.0,152.5,113.4000015258789,140.39999389648438,173.3000030517578,161.5,179.5,168.8000030517578,164.6999969482422,179.8000030517578,175.5,170.3000030517578,170.39999389648438,27.055828094482422,1.2394224405288696,1.2550510168075562,1.8590012788772583,1.8049193620681763,1.5430858135223389,16.4130802154541
175.1999969482422,168.39999389648438,159.60000610351562,152.0,107.5,144.60000610351562,175.8000030517578,159.39999389648438,178.1999969482422,173.39999389648438,163.3000030517578,176.89999389648438,179.3000030517578,171.60000610351562,171.89999389648438,25.40348243713379,1.2674462795257568,1.2685407400131226,1.8783382177352905,1.8219319581985474,1.573897361755371,18.73286247253418
174.39999389648438,165.60000610351562,149.10000610351562,155.39999389648438,103.80000305175781,144.1999969482422,174.5,155.5,178.5,174.5,165.0,170.6999969482422,177.60000610351562,168.89999389648438,172.3000030517578,24.10177230834961,1.2760647535324097,1.2991560697555542,1.872904896736145,1.8123832941055298,1.5788519382476807,22.40210723876953
174.89999389648438,167.6999969482422,148.89999389648438,156.89999389648438,106.0,142.0,175.1999969482422,160.89999389648438,179.5,176.10000610351562,162.60000610351562,177.8000030517578,178.1999969482422,169.89999389648438,170.8000030517578,23.221832275390625,1.2782223224639893,1.321271538734436,1.8890573978424072,1.8053866624832153,1.5550415515899658,19.987911224365234
176.3000030517578,169.0,145.3000030517578,157.60000610351562,101.80000305175781,142.89999389648438,175.5,165.10000610351562,176.8000030517578,177.3000030517578,162.0,178.6999969482422,179.10000610351562,169.39999389648438,173.3000030517578,23.484912872314453,1.2916237115859985,1.316659688949585,1.8976534605026245,1.8036082983016968,1.5548073053359985,17.13286781311035
173.60000610351562,166.10000610351562,139.5,155.60000610351562,99.5,143.5,172.1999969482422,169.3000030517578,174.5,176.39999389648438,170.3000030517578,176.8000030517578,176.0,172.8000030517578,172.60000610351562,24.494556427001953,1.2724169492721558,1.3096708059310913,1.927524209022522,1.8348585367202759,1.576563835144043,22.16757583618164
172.89999389648438,164.10000610351562,135.5,152.39999389648438,101.4000015258789,143.8000030517578,173.3000030517578,168.60000610351562,174.3000030517578,179.1999969482422,170.60000610351562,175.5,172.8000030517578,171.8000030517578,174.6999969482422,23.554462432861328,1.2883847951889038,1.3139159679412842,1.9340293407440186,1.8498153686523438,1.5871727466583252,23.13176727294922
176.3000030517578,166.10000610351562,134.1999969482422,152.1999969482422,100.5,145.39999389648438,173.89999389648438,168.8000030517578,171.3000030517578,179.89999389648438,176.5,177.1999969482422,174.6999969482422,172.1999969482422,179.1999969482422,27.372394561767578,1.2316622734069824,1.2455600500106812,1.939282774925232,1.886654019355774,1.6033443212509155,20.280025482177734
176.5,168.8000030517578,148.3000030517578,154.5,104.19999694824219,139.89999389648438,172.39999389648438,167.89999389648438,171.60000610351562,177.5,171.8000030517578,178.39999389648438,173.1999969482422,169.8000030517578,179.3000030517578,29.52235221862793,1.184577465057373,1.2191740274429321,1.9407634735107422,1.8956713676452637,1.599818229675293,16.25452423095703
176.1999969482422,168.8000030517578,145.0,155.39999389648438,101.0,140.8000030517578,171.60000610351562,167.89999389648438,170.8000030517578,177.39999389648438,172.3000030517578,178.89999389648438,174.60000610351562,170.39999389648438,179.8000030517578,29.395837783813477,1.2106726169586182,1.2192226648330688,1.9440714120864868,1.907867670059204,1.60685133934021,15.488776206970215
176.89999389648438,168.1999969482422,143.5,153.3000030517578,98.0,145.89999389648438,170.6999969482422,169.5,173.39999389648438,179.3000030517578,175.39999389648438,178.0,175.89999389648438,171.1999969482422,179.0,26.302080154418945,1.2695807218551636,1.275005578994751,1.9436525106430054,1.8906896114349365,1.6175053119659424,20.20724868774414
172.60000610351562,163.6999969482422,143.5,154.10000610351562,98.4000015258789,147.1999969482422,173.8000030517578,163.6999969482422,174.5,179.3000030517578,166.60000610351562,174.89999389648438,176.8000030517578,171.5,176.39999389648438,22.444889068603516,1.3334157466888428,1.3089110851287842,1.9219770431518555,1.823141098022461,1.5687575340270996,17.174575805664062
172.89999389648438,164.89999389648438,136.5,151.10000610351562,103.19999694824219,145.6999969482422,172.10000610351562,154.89999389648438,177.39999389648438,179.10000610351562,160.89999389648438,174.6999969482422,178.1999969482422,169.1999969482422,177.8000030517578,19.978612899780273,1.3211534023284912,1.2748546600341797,1.8781105279922485,1.8004636764526367,1.5763349533081055,17.028573989868164
173.39999389648438,167.8000030517578,135.5,151.3000030517578,108.69999694824219,139.6999969482422,173.5,153.89999389648438,179.89999389648438,179.5,157.1999969482422,178.60000610351562,177.60000610351562,164.8000030517578,177.6999969482422,20.137819290161133,1.306897521018982,1.2613561153411865,1.8583089113235474,1.7938677072525024,1.5680208206176758,15.305455207824707
174.39999389648438,167.6999969482422,137.10000610351562,154.0,106.9000015258789,139.5,175.6999969482422,157.1999969482422,178.0,179.3000030517578,156.39999389648438,178.39999389648438,177.5,164.89999389648438,173.0,24.497705459594727,1.291478157043457,1.2650455236434937,1.8702752590179443,1.782932162284851,1.5526803731918335,14.88510513305664
173.6999969482422,169.5,140.5,152.60000610351562,106.69999694824219,143.1999969482422,175.0,159.89999389648438,178.39999389648438,178.89999389648438,152.10000610351562,179.60000610351562,178.39999389648438,160.3000030517578,174.3000030517578,22.016393661499023,1.2985031604766846,1.2550121545791626,1.8728379011154175,1.7870166301727295,1.5567938089370728,11.745292663574219
177.39999389648438,171.0,140.0,152.89999389648438,107.5,143.8000030517578,175.0,159.39999389648438,175.39999389648438,179.10000610351562,150.8000030517578,167.5,178.39999389648438,149.6999969482422,160.0,20.28427505493164,1.2850228548049927,1.2598247528076172,1.8760449886322021,1.7650115489959717,1.5099958181381226,11.762203216552734
174.60000610351562,173.8000030517578,144.89999389648438,152.8000030517578,106.19999694824219,146.89999389648438,177.3000030517578,157.6999969482422,177.10000610351562,178.0,153.10000610351562,171.10000610351562,175.8000030517578,156.8000030517578,170.5,18.563325881958008,1.3123420476913452,1.3073750734329224,1.8679567575454712,1.7647583484649658,1.512507438659668,13.006715774536133
175.39999389648438,167.89999389648438,145.6999969482422,149.6999969482422,111.4000015258789,142.0,176.60000610351562,158.60000610351562,178.89999389648438,178.8000030517578,152.1999969482422,178.60000610351562,175.39999389648438,159.1999969482422,169.3000030517578,19.779590606689453,1.348419427871704,1.3256720304489136,1.8930007219314575,1.788284420967102,1.5410454273223877,16.752914428710938
174.10000610351562,168.0,141.5,150.60000610351562,107.19999694824219,144.6999969482422,175.1999969482422,164.3000030517578,176.5,179.60000610351562,159.8000030517578,179.60000610351562,177.8000030517578,165.10000610351562,172.39999389648438,19.820676803588867,1.3400498628616333,1.3297780752182007,1.9047986268997192,1.807895302772522,1.5571529865264893,16.061595916748047
174.1999969482422,168.39999389648438,142.39999389648438,148.10000610351562,109.5999984741211,144.10000610351562,175.0,164.3000030517578,174.89999389648438,179.3000030517578,159.89999389648438,179.6999969482422,176.6999969482422,165.3000030517578,174.3000030517578,17.666231155395508,1.3438396453857422,1.3377206325531006,1.9183294773101807,1.8107084035873413,1.551153302192688,17.094839096069336
174.5,166.5,131.10000610351562,149.6999969482422,103.30000305175781,143.89999389648438,175.5,164.5,174.0,179.89999389648438,161.5,179.0,175.3000030517578,166.6999969482422,175.0,22.769338607788086,1.345211386680603,1.315855622291565,1.9201875925064087,1.8068455457687378,1.552961826324463,18.781471252441406
176.10000610351562,164.3000030517578,127.4000015258789,152.8000030517578,91.0,149.10000610351562,177.6999969482422,166.6999969482422,172.39999389648438,179.3000030517578,168.5,175.6999969482422,178.0,175.6999969482422,170.6999969482422,25.285160064697266,1.345438838005066,1.3301634788513184,1.9331728219985962,1.8143835067749023,1.5515578985214233,20.84091567993164
174.6999969482422,163.89999389648438,133.60000610351562,154.89999389648438,93.5999984741211,148.89999389648438,176.60000610351562,168.6999969482422,172.60000610351562,178.89999389648438,166.39999389648438,176.8000030517578,175.1999969482422,172.3000030517578,170.89999389648438,25.580150604248047,1.330518364906311,1.3528238534927368,1.9383102655410767,1.8227357864379883,1.563698172569275,22.052759170532227
174.5,164.1999969482422,134.60000610351562,152.0,100.69999694824219,144.8000030517578,175.3000030517578,167.6999969482422,172.5,179.5,163.8000030517578,179.10000610351562,177.1999969482422,172.6999969482422,172.5,22.79311752319336,1.3352701663970947,1.3397713899612427,1.9327689409255981,1.8135030269622803,1.5516016483306885,20.167869567871094
172.6999969482422,170.5,150.5,149.3000030517578,113.4000015258789,139.3000030517578,174.39999389648438,163.5,177.60000610351562,177.10000610351562,161.5,179.3000030517578,176.10000610351562,162.89999389648438,174.5,18.35279655456543,1.2881656885147095,1.2706754207611084,1.8948509693145752,1.798151969909668,1.535613775253296,17.017139434814453
171.3000030517578,172.1999969482422,154.3000030517578,149.1999969482422,117.80000305175781,135.5,174.39999389648438,161.60000610351562,179.39999389648438,175.8000030517578,158.6999969482422,177.39999389648438,178.3000030517578,162.1999969482422,172.10000610351562,19.520545959472656,1.2868869304656982,1.252068042755127,1.8722140789031982,1.7869714498519897,1.5313446521759033,14.842758178710938
172.0,169.39999389648438,139.60000610351562,153.5,100.69999694824219,140.5,179.5,159.8000030517578,177.1999969482422,178.5,155.8000030517578,178.8000030517578,171.8000030517578,167.6999969482422,170.5,20.72235679626465,1.3297841548919678,1.2889432907104492,1.871823787689209,1.7787609100341797,1.5303257703781128,18.297998428344727
173.3000030517578,168.0,136.5,155.1999969482422,92.4000015258789,145.39999389648438,178.8000030517578,162.10000610351562,179.60000610351562,179.1999969482422,161.1999969482422,179.5,171.3000030517578,166.39999389648438,175.60000610351562,21.438966751098633,1.325497031211853,1.2838231325149536,1.8700346946716309,1.7786669731140137,1.5298740863800049,20.807218551635742
171.39999389648438,165.39999389648438,125.4000015258789,155.39999389648438,89.9000015258789,147.5,179.6999969482422,162.8000030517578,176.60000610351562,179.39999389648438,163.60000610351562,177.3000030517578,173.8000030517578,167.39999389648438,173.3000030517578,23.240541458129883,1.273552417755127,1.2853333950042725,1.857373595237732,1.7772846221923828,1.5335395336151123,20.81072235107422
173.60000610351562,165.39999389648438,125.69999694824219,156.60000610351562,87.69999694824219,149.6999969482422,179.6999969482422,161.3000030517578,178.10000610351562,179.6999969482422,163.5,178.8000030517578,171.8000030517578,169.39999389648438,168.39999389648438,22.25804901123047,1.31538724899292,1.3341422080993652,1.8641897439956665,1.7754790782928467,1.5329134464263916,23.829151153564453
178.5,168.60000610351562,130.8000030517578,157.1999969482422,74.4000015258789,162.0,178.1999969482422,169.6999969482422,177.10000610351562,177.8000030517578,174.10000610351562,172.89999389648438,175.39999389648438,178.89999389648438,167.60000610351562,20.82973861694336,1.3541593551635742,1.3830287456512451,1.8707010746002197,1.7699248790740967,1.5321465730667114,23.768024444580078
177.60000610351562,166.1999969482422,130.10000610351562,155.10000610351562,78.4000015258789,160.8000030517578,179.39999389648438,166.8000030517578,177.10000610351562,179.10000610351562,169.8000030517578,176.10000610351562,174.8000030517578,177.6999969482422,164.6999969482422,20.92849349975586,1.3490632772445679,1.3797338008880615,1.8717329502105713,1.7649421691894531,1.518571376800537,21.19683837890625
176.6999969482422,163.6999969482422,125.5,155.10000610351562,79.0999984741211,159.39999389648438,178.89999389648438,167.3000030517578,178.89999389648438,178.60000610351562,171.60000610351562,170.3000030517578,177.10000610351562,177.3000030517578,165.39999389648438,18.288358688354492,1.3415108919143677,1.3643161058425903,1.859665870666504,1.7546736001968384,1.514475703239441,19.891334533691406
175.3000030517578,161.39999389648438,123.69999694824219,155.39999389648438,75.80000305175781,161.3000030517578,179.1999969482422,168.10000610351562,178.10000610351562,178.10000610351562,170.89999389648438,171.1999969482422,174.8000030517578,177.10000610351562,168.39999389648438,22.007949829101562,1.3565157651901245,1.3305765390396118,1.854665756225586,1.747491478919983,1.5035731792449951,21.879154205322266
173.6999969482422,165.8000030517578,131.3000030517578,157.60000610351562,80.0,153.0,179.8000030517578,165.89999389648438,178.0,178.60000610351562,166.39999389648438,177.3000030517578,179.89999389648438,169.89999389648438,179.39999389648438,25.187366485595703,1.3668166399002075,1.2773340940475464,1.8654077053070068,1.763522982597351,1.5241833925247192,15.459049224853516
173.3000030517578,167.39999389648438,129.60000610351562,154.0,86.19999694824219,149.89999389648438,179.10000610351562,163.1999969482422,172.89999389648438,179.8000030517578,165.10000610351562,179.1999969482422,176.0,170.0,176.6999969482422,23.22743034362793,1.3510171175003052,1.2782143354415894,1.895164132118225,1.7937191724777222,1.5533872842788696,12.139510154724121
174.8000030517578,168.60000610351562,131.3000030517578,150.8000030517578,89.0999984741211,149.60000610351562,178.60000610351562,163.1999969482422,171.5,179.0,160.89999389648438,174.60000610351562,177.10000610351562,166.10000610351562,172.5,24.48448944091797,1.3727610111236572,1.2325819730758667,1.8762757778167725,1.779109239578247,1.5339244604110718,12.56356430053711
178.0,170.1999969482422,130.6999969482422,154.6999969482422,82.4000015258789,155.0,179.60000610351562,168.10000610351562,176.0,179.89999389648438,167.10000610351562,179.89999389648438,173.39999389648438,172.10000610351562,179.60000610351562,25.054513931274414,1.378380298614502,1.3134474754333496,1.8869909048080444,1.7926503419876099,1.549926996231079,12.044750213623047
179.10000610351562,170.8000030517578,138.89999389648438,162.0,69.19999694824219,162.3000030517578,177.0,175.0,177.3000030517578,178.3000030517578,174.8000030517578,174.60000610351562,174.8000030517578,178.89999389648438,172.6999969482422,24.0037784576416,1.3823274374008179,1.3809033632278442,1.887192964553833,1.7832787036895752,1.5512888431549072,14.821925163269043
179.39999389648438,162.1999969482422,128.6999969482422,163.5,64.5999984741211,164.8000030517578,177.1999969482422,176.6999969482422,177.60000610351562,176.89999389648438,176.3000030517578,173.3000030517578,176.10000610351562,179.5,169.5,22.29973030090332,1.361023187637329,1.406293511390686,1.8696080446243286,1.756475567817688,1.5229573249816895,15.864191055297852
173.3000030517578,171.39999389648438,135.60000610351562,153.6999969482422,93.4000015258789,149.5,178.0,166.3000030517578,175.3000030517578,178.3000030517578,164.10000610351562,176.10000610351562,177.10000610351562,164.89999389648438,178.89999389648438,22.40592384338379,1.35819673538208,1.2676844596862793,1.8806982040405273,1.7951269149780273,1.559215784072876,10.174843788146973
171.0,172.0,139.39999389648438,149.5,99.30000305175781,146.0,177.6999969482422,163.8000030517578,173.10000610351562,176.89999389648438,163.39999389648438,173.39999389648438,173.39999389648438,169.1999969482422,177.89999389648438,21.028188705444336,1.3276482820510864,1.2024379968643188,1.8926805257797241,1.7894872426986694,1.5423192977905273,7.130346775054932
170.0,171.89999389648438,125.69999694824219,145.1999969482422,106.30000305175781,138.39999389648438,177.89999389648438,159.60000610351562,170.3000030517578,176.10000610351562,159.0,170.0,171.3000030517578,170.0,179.5,19.774017333984375,1.3248370885849,1.2026472091674805,1.8781957626342773,1.7855944633483887,1.5583919286727905,6.7158203125
172.1999969482422,176.10000610351562,127.0,149.1999969482422,104.4000015258789,137.10000610351562,177.1999969482422,158.10000610351562,173.3000030517578,174.10000610351562,160.5,179.1999969482422,168.8000030517578,167.10000610351562,176.1999969482422,20.775663375854492,1.3139761686325073,1.194591760635376,1.8558052778244019,1.7746094465255737,1.5601788759231567,6.126364231109619
177.39999389648438,169.3000030517578,126.5,151.60000610351562,117.4000015258789,129.39999389648438,171.89999389648438,166.0,178.10000610351562,164.5,167.6999969482422,177.0,168.89999389648438,173.0,170.10000610351562,27.142406463623047,1.140880823135376,1.2147672176361084,1.8219878673553467,1.7747312784194946,1.5646345615386963,14.002296447753906
176.0,167.6999969482422,136.39999389648438,150.60000610351562,118.69999694824219,130.5,170.8000030517578,167.39999389648438,179.6999969482422,164.89999389648438,166.89999389648438,175.3000030517578,168.5,174.8000030517578,174.6999969482422,28.139150619506836,1.128019094467163,1.211018443107605,1.8474150896072388,1.8062018156051636,1.5911444425582886,12.956539154052734
174.5,169.60000610351562,132.8000030517578,150.39999389648438,117.80000305175781,130.0,171.1999969482422,167.60000610351562,179.3000030517578,164.89999389648438,168.8000030517578,174.6999969482422,168.60000610351562,176.60000610351562,175.1999969482422,29.910486221313477,1.1097508668899536,1.184746503829956,1.8353712558746338,1.8061695098876953,1.5856002569198608,12.5253324508667
173.6999969482422,164.10000610351562,132.6999969482422,154.10000610351562,122.19999694824219,125.4000015258789,172.8000030517578,167.3000030517578,178.39999389648438,168.0,164.0,177.0,171.39999389648438,172.3000030517578,166.1999969482422,28.058820724487305,1.1499820947647095,1.2320464849472046,1.8669770956039429,1.8206861019134521,1.597427248954773,13.142328262329102
174.6999969482422,163.10000610351562,133.8000030517578,159.3000030517578,122.19999694824219,124.5,171.89999389648438,169.39999389648438,179.8000030517578,168.60000610351562,163.3000030517578,178.60000610351562,171.39999389648438,172.5,165.6999969482422,35.5683708190918,1.0807185173034668,1.2025309801101685,1.8468077182769775,1.8001364469528198,1.5675644874572754,12.01616382598877
175.1999969482422,164.60000610351562,135.1999969482422,159.89999389648438,118.4000015258789,125.9000015258789,171.8000030517578,169.89999389648438,179.0,166.1999969482422,167.89999389648438,179.8000030517578,170.1999969482422,173.60000610351562,170.89999389648438,37.27338409423828,1.0892083644866943,1.1569788455963135,1.8165034055709839,1.7706046104431152,1.5434017181396484,12.829081535339355
176.1999969482422,165.0,128.89999389648438,158.1999969482422,118.0,127.5,171.6999969482422,169.10000610351562,178.60000610351562,165.3000030517578,168.6999969482422,178.60000610351562,169.60000610351562,174.3000030517578,173.10000610351562,37.91890335083008,1.0928367376327515,1.1436536312103271,1.7942476272583008,1.7625213861465454,1.5328588485717773,12.579469680786133
178.0,165.89999389648438,131.10000610351562,159.3000030517578,115.0999984741211,125.30000305175781,172.39999389648438,169.8000030517578,176.5,165.3000030517578,168.3000030517578,178.5,169.6999969482422,175.8000030517578,171.1999969482422,36.639183044433594,1.1133003234863281,1.1523019075393677,1.8012733459472656,1.7570104598999023,1.5299803018569946,12.580815315246582
178.10000610351562,164.6999969482422,124.5,160.3000030517578,112.4000015258789,126.80000305175781,173.3000030517578,170.8000030517578,175.8000030517578,165.6999969482422,168.60000610351562,178.3000030517578,172.0,174.60000610351562,171.1999969482422,35.1618537902832,1.1065113544464111,1.1554341316223145,1.8070544004440308,1.7561352252960205,1.5303516387939453,14.897050857543945
176.10000610351562,167.1999969482422,134.6999969482422,162.60000610351562,106.9000015258789,133.10000610351562,175.6999969482422,167.6999969482422,178.3000030517578,170.6999969482422,167.6999969482422,175.39999389648438,176.6999969482422,172.5,173.89999389648438,32.46174240112305,1.1778600215911865,1.2278393507003784,1.8508434295654297,1.7945938110351562,1.5606812238693237,15.787559509277344
175.8000030517578,165.89999389648438,139.8000030517578,164.0,111.0999984741211,129.6999969482422,174.89999389648438,169.1999969482422,176.10000610351562,169.60000610351562,166.6999969482422,178.3000030517578,176.0,174.39999389648438,169.5,36.3117790222168,1.1492326259613037,1.2119792699813843,1.8464268445968628,1.783088207244873,1.5543140172958374,16.132186889648438
176.3000030517578,166.8000030517578,132.5,163.89999389648438,108.4000015258789,132.0,176.10000610351562,168.3000030517578,176.3000030517578,170.39999389648438,167.60000610351562,176.39999389648438,176.0,174.6999969482422,172.0,32.36140441894531,1.1597859859466553,1.224614143371582,1.841943383216858,1.7775567770004272,1.5462141036987305,14.628796577453613
179.89999389648438,166.10000610351562,132.89999389648438,166.60000610351562,105.5,133.0,176.6999969482422,171.60000610351562,175.60000610351562,171.0,169.10000610351562,174.0,174.0,178.60000610351562,170.89999389648438,34.252933502197266,1.1837973594665527,1.2468832731246948,1.859626293182373,1.7853089570999146,1.5561920404434204,14.358919143676758
176.10000610351562,166.5,129.8000030517578,168.1999969482422,92.69999694824219,137.3000030517578,176.60000610351562,168.3000030517578,178.5,171.60000610351562,169.10000610351562,175.5,176.8000030517578,175.8000030517578,174.89999389648438,34.25202178955078,1.1879403591156006,1.2313427925109863,1.8289093971252441,1.7750673294067383,1.5428258180618286,17.514719009399414
175.3000030517578,167.6999969482422,130.60000610351562,169.5,92.9000015258789,134.3000030517578,175.3000030517578,167.3000030517578,178.60000610351562,171.3000030517578,167.10000610351562,174.6999969482422,175.89999389648438,174.0,172.5,35.691871643066406,1.1775182485580444,1.2218937873840332,1.820791482925415,1.7703361511230469,1.5411523580551147,16.601430892944336
178.60000610351562,164.6999969482422,141.1999969482422,164.8000030517578,120.0999984741211,125.4000015258789,174.89999389648438,169.1999969482422,176.89999389648438,171.0,165.6999969482422,179.0,173.8000030517578,179.6999969482422,171.6999969482422,33.642642974853516,1.1670043468475342,1.259126901626587,1.8588721752166748,1.7975081205368042,1.56515634059906,13.281285285949707
177.1999969482422,164.8000030517578,140.10000610351562,160.1999969482422,122.80000305175781,125.4000015258789,172.10000610351562,166.0,178.5,167.10000610351562,164.8000030517578,178.10000610351562,172.39999389648438,175.89999389648438,170.89999389648438,39.03112030029297,1.110852599143982,1.182680368423462,1.797438383102417,1.7371494770050049,1.5217641592025757,13.659357070922852
177.39999389648438,167.0,154.3000030517578,159.60000610351562,124.0999984741211,127.69999694824219,171.0,165.60000610351562,179.5,167.1999969482422,164.8000030517578,176.8000030517578,172.60000610351562,174.8000030517578,168.5,40.02451705932617,1.1276259422302246,1.1886897087097168,1.785749912261963,1.7333260774612427,1.5089777708053589,13.547511100769043
178.60000610351562,165.39999389648438,150.1999969482422,158.1999969482422,130.6999969482422,124.0,172.10000610351562,165.39999389648438,179.6999969482422,167.60000610351562,164.1999969482422,178.3000030517578,172.39999389648438,174.6999969482422,170.3000030517578,37.191471099853516,1.1187033653259277,1.2066049575805664,1.8051106929779053,1.749710202217102,1.5267330408096313,13.14223575592041
178.10000610351562,165.6999969482422,149.5,156.89999389648438,130.89999389648438,125.9000015258789,171.6999969482422,165.5,179.39999389648438,166.8000030517578,164.6999969482422,178.1999969482422,172.39999389648438,175.60000610351562,170.5,38.59555435180664,1.1158369779586792,1.203074336051941,1.7996982336044312,1.7446644306182861,1.524567723274231,13.769611358642578
179.3000030517578,168.1999969482422,148.89999389648438,160.0,123.0999984741211,126.0999984741211,173.10000610351562,167.1999969482422,176.60000610351562,170.0,161.89999389648438,179.89999389648438,174.10000610351562,176.1999969482422,168.5,37.02492141723633,1.1412646770477295,1.2036283016204834,1.800042748451233,1.7391364574432373,1.5114831924438477,13.074505805969238
175.89999389648438,166.6999969482422,145.60000610351562,158.89999389648438,108.4000015258789,136.1999969482422,174.5,163.6999969482422,176.0,172.3000030517578,163.89999389648438,179.60000610351562,178.5,172.3000030517578,173.1999969482422,32.502838134765625,1.1453298330307007,1.2037758827209473,1.853074312210083,1.780573844909668,1.5317752361297607,16.385454177856445
176.0,169.1999969482422,142.39999389648438,159.10000610351562,104.19999694824219,138.10000610351562,174.0,164.5,176.5,171.0,166.1999969482422,176.8000030517578,175.60000610351562,176.10000610351562,174.1999969482422,31.952499389648438,1.1613155603408813,1.2043076753616333,1.8444870710372925,1.7780026197433472,1.5371155738830566,15.44670581817627
177.5,169.39999389648438,143.60000610351562,162.3000030517578,105.9000015258789,135.8000030517578,175.10000610351562,164.39999389648438,177.1999969482422,173.0,163.8000030517578,179.39999389648438,179.3000030517578,173.8000030517578,175.1999969482422,32.60297775268555,1.1734590530395508,1.2341476678848267,1.8445340394973755,1.7701797485351562,1.5342485904693604,17.495731353759766
176.60000610351562,167.0,141.10000610351562,163.3000030517578,104.0,136.0,176.1999969482422,164.3000030517578,178.0,174.0,164.1999969482422,179.10000610351562,178.89999389648438,174.6999969482422,175.39999389648438,30.04442024230957,1.1864326000213623,1.2554824352264404,1.8546346426010132,1.7764239311218262,1.5406142473220825,16.36009407043457
175.6999969482422,165.60000610351562,148.10000610351562,160.60000610351562,111.80000305175781,135.0,173.89999389648438,165.60000610351562,178.8000030517578,173.0,163.10000610351562,179.10000610351562,179.6999969482422,173.1999969482422,172.3000030517578,34.551422119140625,1.1450282335281372,1.2378203868865967,1.855884075164795,1.7757753133773804,1.53610360622406,16.122732162475586
173.10000610351562,167.60000610351562,156.3000030517578,148.89999389648438,122.5999984741211,131.60000610351562,170.5,167.5,178.10000610351562,171.3000030517578,164.0,176.8000030517578,176.60000610351562,172.8000030517578,172.8000030517578,37.72381591796875,1.1293962001800537,1.12786865234375,1.8318454027175903,1.7805978059768677,1.5068570375442505,12.577290534973145
169.3000030517578,167.8000030517578,154.1999969482422,145.39999389648438,126.0999984741211,129.89999389648438,168.39999389648438,167.10000610351562,176.1999969482422,171.39999389648438,160.3000030517578,173.89999389648438,176.89999389648438,168.5,174.39999389648438,37.47209167480469,1.1255570650100708,1.112324833869934,1.838909387588501,1.7879681587219238,1.5100772380828857,12.89971923828125
169.39999389648438,170.6999969482422,151.3000030517578,143.10000610351562,127.5999984741211,131.60000610351562,169.39999389648438,168.10000610351562,178.1999969482422,172.60000610351562,159.8000030517578,173.60000610351562,176.6999969482422,166.89999389648438,175.1999969482422,31.135875701904297,1.1364208459854126,1.1407390832901,1.8592162132263184,1.8029136657714844,1.5192313194274902,12.666952133178711
169.60000610351562,168.8000030517578,151.89999389648438,144.10000610351562,125.69999694824219,133.3000030517578,170.60000610351562,166.89999389648438,176.89999389648438,175.60000610351562,158.39999389648438,172.3000030517578,179.39999389648438,167.39999389648438,177.1999969482422,26.800935745239258,1.1469491720199585,1.1557869911193848,1.8743253946304321,1.809361457824707,1.5372098684310913,12.359496116638184
172.3000030517578,168.6999969482422,152.39999389648438,147.5,120.69999694824219,136.3000030517578,173.3000030517578,165.10000610351562,178.8000030517578,176.5,158.5,175.60000610351562,179.8000030517578,167.89999389648438,176.89999389648438,27.419158935546875,1.170106053352356,1.1713265180587769,1.871760606765747,1.7870427370071411,1.5184928178787231,11.995478630065918
175.8000030517578,170.1999969482422,140.10000610351562,151.8000030517578,112.69999694824219,138.1999969482422,175.5,161.5,178.89999389648438,175.1999969482422,161.10000610351562,179.5,178.10000610351562,165.39999389648438,174.60000610351562,25.701356887817383,1.2202787399291992,1.219495177268982,1.8624039888381958,1.7799649238586426,1.5267969369888306,16.236679077148438
171.89999389648438,167.89999389648438,144.0,156.3000030517578,104.30000305175781,140.3000030517578,175.6999969482422,162.39999389648438,177.60000610351562,175.1999969482422,162.5,179.5,177.89999389648438,169.10000610351562,177.0,25.599950790405273,1.2336132526397705,1.2672470808029175,1.8820858001708984,1.8037452697753906,1.5513001680374146,17.679487228393555
173.8000030517578,168.6999969482422,146.1999969482422,154.3000030517578,106.0999984741211,140.3000030517578,176.10000610351562,161.60000610351562,176.60000610351562,176.1999969482422,162.1999969482422,179.6999969482422,176.5,167.8000030517578,176.6999969482422,26.106586456298828,1.2197356224060059,1.2559101581573486,1.8823573589324951,1.802861213684082,1.5443029403686523,17.88726234436035
173.6999969482422,168.8000030517578,142.6999969482422,152.8000030517578,106.0999984741211,141.1999969482422,177.39999389648438,161.60000610351562,176.0,177.89999389648438,161.1999969482422,177.0,176.6999969482422,168.89999389648438,176.1999969482422,22.099388122558594,1.273421287536621,1.288405418395996,1.8889539241790771,1.8033623695373535,1.5479856729507446,16.87188148498535
172.3000030517578,168.8000030517578,140.6999969482422,150.60000610351562,106.5,142.39999389648438,175.10000610351562,164.1999969482422,177.5,177.3000030517578,162.10000610351562,179.3000030517578,176.1999969482422,168.8000030517578,177.0,21.37987518310547,1.269497275352478,1.2715919017791748,1.8860117197036743,1.8013510704040527,1.5418015718460083,18.10021209716797
171.39999389648438,169.8000030517578,148.0,150.5,110.80000305175781,138.39999389648438,174.60000610351562,163.10000610351562,178.0,175.5,164.8000030517578,179.10000610351562,172.89999389648438,165.89999389648438,175.6999969482422,26.10853385925293,1.228010654449463,1.2438184022903442,1.8887958526611328,1.7975460290908813,1.5255494117736816,21.300695419311523
171.6999969482422,167.5,149.60000610351562,148.60000610351562,113.0,139.3000030517578,174.60000610351562,161.0,176.10000610351562,176.0,163.10000610351562,178.6999969482422,174.6999969482422,163.3000030517578,175.5,21.949748992919922,1.246434211730957,1.241085410118103,1.8834739923477173,1.789233922958374,1.5279874801635742,18.99095344543457
171.3000030517578,168.60000610351562,148.3000030517578,150.39999389648438,112.5999984741211,136.89999389648438,174.8000030517578,162.3000030517578,179.1999969482422,179.5,156.89999389648438,177.6999969482422,174.0,163.10000610351562,179.10000610351562,20.300296783447266,1.2850703001022339,1.248004674911499,1.8855165243148804,1.7864878177642822,1.5239908695220947,16.783527374267578
175.0,168.6999969482422,143.60000610351562,155.10000610351562,105.4000015258789,135.1999969482422,176.10000610351562,162.89999389648438,179.1999969482422,174.8000030517578,161.5,178.0,173.6999969482422,163.39999389648438,171.0,25.58228874206543,1.2897588014602661,1.2403367757797241,1.865582823753357,1.7753093242645264,1.5248159170150757,21.227720260620117
173.0,169.89999389648438,140.6999969482422,157.60000610351562,104.0999984741211,135.5,174.5,162.3000030517578,178.5,173.3000030517578,162.89999389648438,178.10000610351562,176.5,164.89999389648438,172.1999969482422,25.506210327148438,1.254673719406128,1.2140851020812988,1.850973129272461,1.7695131301879883,1.5237706899642944,19.517229080200195
