176.6999969482422,178.1999969482422,177.39999389648438,114.69999694824219,179.5,169.5,106.9000015258789,83.19999694824219,111.9000015258789,76.69999694824219,116.69999694824219,101.0999984741211,79.5999984741211,124.30000305175781,78.19999694824219,44.474796295166016,1.4167742729187012,1.4519648551940918,0.7979072332382202,0.6551046371459961,0.6606289148330688,8.815437316894531
178.3000030517578,176.5,176.6999969482422,114.0,178.89999389648438,170.6999969482422,107.4000015258789,81.5999984741211,112.9000015258789,76.80000305175781,116.5999984741211,99.80000305175781,79.30000305175781,123.5999984741211,78.5999984741211,45.1147346496582,1.4057148694992065,1.4407989978790283,0.8018313050270081,0.6634060144424438,0.6654301881790161,8.259800910949707
177.60000610351562,178.39999389648438,176.8000030517578,114.69999694824219,179.60000610351562,169.10000610351562,107.19999694824219,83.69999694824219,111.0999984741211,77.30000305175781,116.19999694824219,100.80000305175781,80.4000015258789,122.69999694824219,79.5999984741211,43.57111358642578,1.410722255706787,1.445273756980896,0.7991971969604492,0.6587693691253662,0.6617140769958496,8.730470657348633
177.5,178.1999969482422,177.6999969482422,114.5,179.8000030517578,168.60000610351562,106.5999984741211,85.30000305175781,113.4000015258789,77.69999694824219,116.19999694824219,100.5,81.0,122.0,81.0999984741211,45.23695755004883,1.4180569648742676,1.4396274089813232,0.7912943959236145,0.6556419730186462,0.6606053113937378,7.99432897567749
177.1999969482422,178.3000030517578,176.8000030517578,115.4000015258789,178.89999389648438,170.1999969482422,107.19999694824219,84.4000015258789,112.80000305175781,78.0999984741211,115.4000015258789,100.5,80.9000015258789,120.5,81.5999984741211,42.898799896240234,1.4133696556091309,1.4494733810424805,0.7919365763664246,0.6604219675064087,0.6603813171386719,7.852676868438721
177.10000610351562,178.6999969482422,177.60000610351562,113.4000015258789,178.3000030517578,167.5,107.69999694824219,84.80000305175781,111.69999694824219,77.5999984741211,115.69999694824219,101.30000305175781,81.0,119.69999694824219,84.69999694824219,43.69830322265625,1.398861289024353,1.4438284635543823,0.7989086508750916,0.6610940098762512,0.6612952947616577,8.693072319030762
177.8000030517578,179.5,178.60000610351562,114.9000015258789,178.6999969482422,164.60000610351562,107.5999984741211,83.69999694824219,111.69999694824219,76.80000305175781,116.80000305175781,101.30000305175781,80.19999694824219,122.5,83.0999984741211,44.86735153198242,1.4248974323272705,1.4332599639892578,0.8020574450492859,0.6456430554389954,0.655656099319458,8.808279037475586
178.1999969482422,178.89999389648438,177.39999389648438,115.0,179.1999969482422,170.8000030517578,107.5999984741211,83.4000015258789,114.0999984741211,76.69999694824219,115.30000305175781,102.5999984741211,80.5,119.19999694824219,82.5,45.14943313598633,1.4274203777313232,1.437873363494873,0.7879334092140198,0.6519393920898438,0.6581100225448608,9.766881942749023
178.0,179.3000030517578,177.6999969482422,114.69999694824219,179.8000030517578,168.8000030517578,107.4000015258789,83.19999694824219,113.30000305175781,76.5,114.30000305175781,103.4000015258789,80.19999694824219,120.0999984741211,82.5,44.69840621948242,1.4142054319381714,1.4394416809082031,0.7862057685852051,0.6463547348976135,0.6555691361427307,9.19737720489502
178.10000610351562,179.6999969482422,178.10000610351562,115.9000015258789,179.39999389648438,167.3000030517578,107.80000305175781,83.4000015258789,114.80000305175781,76.5,114.19999694824219,105.9000015258789,79.5,121.19999694824219,84.9000015258789,44.1447639465332,1.4336003065109253,1.4417515993118286,0.7900110483169556,0.6378428936004639,0.6488493084907532,7.5978779792785645
179.8000030517578,178.6999969482422,177.6999969482422,114.9000015258789,177.6999969482422,168.0,108.19999694824219,81.80000305175781,111.69999694824219,76.0999984741211,115.0999984741211,103.5,78.30000305175781,121.0999984741211,82.69999694824219,45.530418395996094,1.4316904544830322,1.447218418121338,0.7961177825927734,0.6517952680587769,0.6635388135910034,9.719069480895996
179.5,179.60000610351562,178.39999389648438,115.5,179.8000030517578,169.6999969482422,107.4000015258789,83.69999694824219,112.69999694824219,75.80000305175781,114.5999984741211,104.5,79.0999984741211,119.80000305175781,81.9000015258789,45.23385238647461,1.4285459518432617,1.4330785274505615,0.7840129733085632,0.6435627937316895,0.657365620136261,9.158827781677246
179.5,179.89999389648438,179.3000030517578,117.80000305175781,175.3000030517578,161.89999389648438,109.19999694824219,82.69999694824219,111.9000015258789,77.4000015258789,115.30000305175781,101.5999984741211,77.69999694824219,122.9000015258789,77.4000015258789,43.97487258911133,1.448462724685669,1.4511078596115112,0.7996101975440979,0.6407219767570496,0.6596792340278625,8.663281440734863
179.8000030517578,178.6999969482422,179.5,118.4000015258789,178.8000030517578,168.39999389648438,111.0,82.4000015258789,112.4000015258789,76.0,114.5999984741211,105.69999694824219,77.9000015258789,118.80000305175781,83.69999694824219,43.663818359375,1.4614083766937256,1.4487695693969727,0.8002557754516602,0.6400818824768066,0.65237957239151,9.747001647949219
178.6999969482422,179.3000030517578,178.60000610351562,117.9000015258789,177.8000030517578,168.10000610351562,110.30000305175781,80.9000015258789,114.19999694824219,74.5999984741211,114.5999984741211,107.5999984741211,76.80000305175781,120.5,84.19999694824219,46.136837005615234,1.4723244905471802,1.438051700592041,0.792747437953949,0.6222128868103027,0.6457107663154602,9.775285720825195
178.5,178.5,180.0,118.80000305175781,174.60000610351562,167.6999969482422,108.5,83.5999984741211,113.30000305175781,75.5,116.5999984741211,106.69999694824219,76.80000305175781,124.0999984741211,83.80000305175781,45.376434326171875,1.4585992097854614,1.471677303314209,0.7907564640045166,0.6347318887710571,0.6486767530441284,9.472190856933594
175.6999969482422,177.5,175.8000030517578,117.19999694824219,179.3000030517578,163.8000030517578,102.0999984741211,86.0,112.5999984741211,76.0,117.0,103.5,79.5,121.0999984741211,85.0999984741211,47.034080505371094,1.4309484958648682,1.4529973268508911,0.7664793729782104,0.6245243549346924,0.6428570747375488,8.646781921386719
173.6999969482422,177.89999389648438,174.8000030517578,117.5,178.0,154.5,104.4000015258789,88.19999694824219,109.80000305175781,78.80000305175781,118.5999984741211,100.5,85.69999694824219,116.80000305175781,86.5,45.12660217285156,1.4229918718338013,1.4354692697525024,0.7781042456626892,0.6230754852294922,0.6354934573173523,11.517176628112793
174.6999969482422,177.3000030517578,173.5,115.9000015258789,179.1999969482422,154.3000030517578,103.19999694824219,88.5,109.4000015258789,79.5,118.9000015258789,98.30000305175781,87.30000305175781,115.30000305175781,88.19999694824219,44.84920883178711,1.4029096364974976,1.4297292232513428,0.7772020101547241,0.6232503652572632,0.633655846118927,11.837528228759766
173.89999389648438,179.5,174.89999389648438,118.0,175.6999969482422,157.1999969482422,105.0,86.19999694824219,111.0,80.80000305175781,114.80000305175781,103.9000015258789,84.5,115.0999984741211,90.0,41.2452392578125,1.3823719024658203,1.4291348457336426,0.7819657325744629,0.636788010597229,0.6359829306602478,9.273987770080566
172.39999389648438,179.39999389648438,175.1999969482422,119.0999984741211,177.6999969482422,160.6999969482422,105.30000305175781,85.0,113.0999984741211,78.5,117.5,101.0,84.80000305175781,119.19999694824219,84.80000305175781,40.20142364501953,1.3834248781204224,1.450629472732544,0.7832095623016357,0.6421023607254028,0.6551763415336609,11.364205360412598
177.0,179.8000030517578,176.8000030517578,121.30000305175781,178.89999389648438,168.89999389648438,109.5999984741211,81.4000015258789,112.5999984741211,78.69999694824219,114.80000305175781,105.30000305175781,80.80000305175781,119.0999984741211,90.19999694824219,39.9962272644043,1.3965680599212646,1.5003886222839355,0.8021031022071838,0.6484104990959167,0.6470797061920166,9.257713317871094
178.89999389648438,178.89999389648438,178.10000610351562,120.69999694824219,176.5,174.39999389648438,110.5999984741211,79.5999984741211,115.80000305175781,78.69999694824219,114.69999694824219,104.0999984741211,79.5,122.0999984741211,86.9000015258789,40.1343994140625,1.3885375261306763,1.5235182046890259,0.8015549182891846,0.6566309332847595,0.6492186784744263,7.222943305969238
176.60000610351562,178.8000030517578,174.6999969482422,118.9000015258789,175.39999389648438,167.60000610351562,109.4000015258789,80.0,113.9000015258789,78.19999694824219,114.69999694824219,104.80000305175781,80.69999694824219,120.0999984741211,88.0,41.753543853759766,1.4046430587768555,1.510726809501648,0.7992268800735474,0.6437502503395081,0.6570852994918823,8.702577590942383
176.5,178.10000610351562,176.1999969482422,121.0999984741211,175.5,164.0,109.5,82.5,113.4000015258789,75.9000015258789,113.69999694824219,110.5999984741211,77.69999694824219,119.30000305175781,90.80000305175781,44.45999526977539,1.4421964883804321,1.4949473142623901,0.7908118963241577,0.6138378381729126,0.6439056992530823,9.038265228271484
179.1999969482422,178.8000030517578,177.89999389648438,123.80000305175781,173.5,166.60000610351562,114.30000305175781,77.80000305175781,113.19999694824219,76.4000015258789,115.19999694824219,107.0999984741211,78.30000305175781,119.69999694824219,88.19999694824219,45.2067985534668,1.4452600479125977,1.4883781671524048,0.8019283413887024,0.6169323325157166,0.6407310366630554,12.454534530639648
177.1999969482422,177.60000610351562,176.5,126.69999694824219,175.3000030517578,168.6999969482422,118.19999694824219,75.9000015258789,115.9000015258789,77.80000305175781,114.0999984741211,107.4000015258789,77.0999984741211,119.19999694824219,88.4000015258789,42.925514221191406,1.4397622346878052,1.4712406396865845,0.8245958685874939,0.6247403621673584,0.6447157859802246,11.319512367248535
173.5,178.8000030517578,173.8000030517578,131.1999969482422,175.39999389648438,169.3000030517578,121.9000015258789,72.0999984741211,118.30000305175781,79.19999694824219,115.5999984741211,103.80000305175781,78.0,122.19999694824219,85.0,47.30039596557617,1.4577254056930542,1.461264967918396,0.8343601226806641,0.6337607502937317,0.6467186808586121,13.01593017578125
172.89999389648438,178.39999389648438,173.8000030517578,131.89999389648438,172.89999389648438,165.39999389648438,124.5999984741211,71.4000015258789,113.69999694824219,81.5999984741211,114.19999694824219,102.4000015258789,81.0999984741211,119.5,84.5999984741211,46.290626525878906,1.4360419511795044,1.4609454870224,0.8590222001075745,0.6507789492607117,0.6572411060333252,13.382869720458984
173.10000610351562,177.60000610351562,174.8000030517578,134.5,175.0,166.60000610351562,126.5999984741211,68.19999694824219,118.0,82.5,110.19999694824219,106.5,81.5,118.69999694824219,85.9000015258789,46.81389617919922,1.4422460794448853,1.4745928049087524,0.854436457157135,0.6512566804885864,0.6626797914505005,13.810009002685547
170.89999389648438,178.10000610351562,174.5,135.60000610351562,176.0,169.0,128.10000610351562,67.19999694824219,116.5999984741211,82.80000305175781,107.69999694824219,108.0,80.5999984741211,119.0999984741211,83.5999984741211,46.49121856689453,1.4647917747497559,1.4525058269500732,0.8659859895706177,0.6571369767189026,0.6665793061256409,10.943075180053711
170.5,179.3000030517578,174.5,132.8000030517578,175.6999969482422,165.3000030517578,124.19999694824219,71.69999694824219,111.69999694824219,82.4000015258789,112.30000305175781,102.4000015258789,82.9000015258789,118.5999984741211,83.80000305175781,47.66600036621094,1.4425171613693237,1.4340146780014038,0.8533589839935303,0.6531304717063904,0.6641366481781006,12.996424674987793
173.8000030517578,177.39999389648438,179.10000610351562,131.8000030517578,177.60000610351562,167.8000030517578,122.0999984741211,72.0,112.4000015258789,81.69999694824219,112.80000305175781,101.9000015258789,82.0,119.5,82.19999694824219,47.593711853027344,1.4300636053085327,1.425887942314148,0.8383857011795044,0.6694549918174744,0.6735183596611023,15.375553131103516
178.60000610351562,178.0,179.5,124.0999984741211,178.8000030517578,170.8000030517578,114.0999984741211,76.0999984741211,111.0999984741211,76.4000015258789,117.19999694824219,100.80000305175781,77.80000305175781,120.69999694824219,87.30000305175781,46.41165542602539,1.4273760318756104,1.4352344274520874,0.7939065098762512,0.65745609998703,0.6764956116676331,16.322465896606445
179.3000030517578,178.10000610351562,177.39999389648438,120.4000015258789,176.10000610351562,171.5,112.19999694824219,77.0,115.80000305175781,75.5,117.4000015258789,104.30000305175781,78.5999984741211,120.9000015258789,88.69999694824219,47.557579040527344,1.4418307542800903,1.4376534223556519,0.7718169689178467,0.6410616040229797,0.6735938787460327,15.898988723754883
178.60000610351562,179.6999969482422,177.6999969482422,122.0999984741211,179.0,173.8000030517578,109.0,79.19999694824219,116.9000015258789,76.0999984741211,113.5,108.30000305175781,78.0,120.5999984741211,85.5999984741211,46.68515396118164,1.4612209796905518,1.4568716287612915,0.7666080594062805,0.6360615491867065,0.67262864112854,11.535334587097168
179.3000030517578,179.5,176.60000610351562,120.69999694824219,180.0,175.5,105.30000305175781,82.5999984741211,115.4000015258789,74.9000015258789,114.0999984741211,107.80000305175781,76.5,121.4000015258789,84.19999694824219,47.64990997314453,1.4573217630386353,1.4550800323486328,0.748443603515625,0.6269376873970032,0.6682864427566528,10.017680168151855
178.8000030517578,179.89999389648438,177.8000030517578,117.0999984741211,175.0,165.10000610351562,108.69999694824219,80.9000015258789,110.9000015258789,77.4000015258789,115.5,102.5999984741211,79.5999984741211,118.4000015258789,86.4000015258789,43.17856216430664,1.4238522052764893,1.4553556442260742,0.7781065702438354,0.6480022072792053,0.668784499168396,12.652984619140625
178.0,179.1999969482422,178.3000030517578,119.69999694824219,179.89999389648438,175.60000610351562,109.4000015258789,79.4000015258789,116.69999694824219,75.30000305175781,114.4000015258789,110.9000015258789,76.80000305175781,121.0999984741211,88.69999694824219,41.79409408569336,1.4213006496429443,1.4715808629989624,0.7708789706230164,0.6323130130767822,0.6638264060020447,10.9474515914917
178.1999969482422,179.8000030517578,178.0,120.80000305175781,178.39999389648438,174.8000030517578,109.5,80.4000015258789,114.0999984741211,75.0,115.0999984741211,109.0999984741211,76.9000015258789,121.4000015258789,87.19999694824219,42.639007568359375,1.4417917728424072,1.4731985330581665,0.7729412913322449,0.6290220022201538,0.6593181490898132,11.117677688598633
179.6999969482422,179.3000030517578,179.0,120.30000305175781,172.89999389648438,171.0,111.69999694824219,77.4000015258789,115.5999984741211,74.5999984741211,115.69999694824219,107.0999984741211,76.80000305175781,121.69999694824219,84.80000305175781,46.23599624633789,1.467801570892334,1.4768118858337402,0.777251124382019,0.6285639405250549,0.6666295528411865,13.261176109313965
178.1999969482422,177.10000610351562,179.10000610351562,121.5,175.0,172.89999389648438,111.5999984741211,78.4000015258789,112.5999984741211,75.5,113.5,107.69999694824219,75.0,121.5999984741211,84.69999694824219,45.342437744140625,1.4669520854949951,1.4790698289871216,0.7750759124755859,0.6341835260391235,0.667112410068512,11.977287292480469
176.6999969482422,179.0,179.89999389648438,123.80000305175781,176.5,178.89999389648438,114.5999984741211,75.5,108.5999984741211,75.0999984741211,118.0,100.5,77.80000305175781,119.19999694824219,90.69999694824219,46.90748977661133,1.424465298652649,1.4578253030776978,0.8010873198509216,0.6625595092773438,0.6792755126953125,16.07110023498535
178.6999969482422,176.0,179.0,126.9000015258789,176.39999389648438,179.89999389648438,119.5999984741211,73.0,103.4000015258789,81.80000305175781,110.69999694824219,99.69999694824219,80.80000305175781,116.5999984741211,91.30000305175781,49.01188278198242,1.3949213027954102,1.4347343444824219,0.840434730052948,0.6849387884140015,0.6784579753875732,14.494355201721191
176.10000610351562,178.89999389648438,179.10000610351562,126.69999694824219,172.89999389648438,171.89999389648438,117.0,72.80000305175781,109.69999694824219,78.19999694824219,117.5999984741211,96.69999694824219,79.80000305175781,118.69999694824219,89.69999694824219,48.48426818847656,1.415009617805481,1.4606070518493652,0.8093027472496033,0.6770150065422058,0.6878530383110046,18.122812271118164
176.5,177.8000030517578,179.89999389648438,127.4000015258789,174.8000030517578,175.5,118.9000015258789,69.0,107.9000015258789,78.69999694824219,111.9000015258789,100.5999984741211,81.30000305175781,115.80000305175781,84.9000015258789,48.418846130371094,1.4425132274627686,1.459223747253418,0.8135738968849182,0.6764370203018188,0.7021375894546509,17.59330940246582
178.3000030517578,175.6999969482422,177.6999969482422,125.0,174.10000610351562,165.89999389648438,117.19999694824219,73.5999984741211,110.0999984741211,79.5999984741211,115.9000015258789,97.9000015258789,83.0,115.80000305175781,82.80000305175781,46.50176239013672,1.4192962646484375,1.4189729690551758,0.8164778351783752,0.6707949638366699,0.6954010725021362,18.829782485961914
176.1999969482422,177.5,170.89999389648438,121.0999984741211,179.6999969482422,170.3000030517578,90.80000305175781,92.30000305175781,110.80000305175781,61.400001525878906,118.80000305175781,102.69999694824219,69.19999694824219,118.0,78.4000015258789,57.728511810302734,1.4385662078857422,1.4788883924484253,0.6896196007728577,0.5776819586753845,0.66587233543396,13.466320991516113
176.3000030517578,176.10000610351562,170.6999969482422,119.4000015258789,178.6999969482422,174.39999389648438,89.5,93.5999984741211,109.19999694824219,60.400001525878906,120.19999694824219,100.9000015258789,68.0,117.5999984741211,80.80000305175781,57.67522048950195,1.4146775007247925,1.4865018129348755,0.6913214921951294,0.5860329270362854,0.6677821278572083,13.383757591247559
177.1999969482422,175.3000030517578,169.89999389648438,115.30000305175781,177.1999969482422,179.1999969482422,90.5999984741211,91.80000305175781,109.0,62.20000076293945,116.30000305175781,102.30000305175781,70.19999694824219,118.30000305175781,78.30000305175781,56.193904876708984,1.4026802778244019,1.4926530122756958,0.7008663415908813,0.5916170477867126,0.6713561415672302,13.711836814880371
176.89999389648438,175.8000030517578,171.6999969482422,115.4000015258789,177.10000610351562,178.8000030517578,91.0999984741211,93.5,110.19999694824219,63.20000076293945,114.0,108.0,70.80000305175781,115.0999984741211,83.30000305175781,54.93058776855469,1.4292985200881958,1.5050876140594482,0.6909865736961365,0.5771002173423767,0.6640447378158569,13.68256664276123
177.5,175.0,170.10000610351562,114.5,179.39999389648438,176.89999389648438,93.0,91.69999694824219,112.4000015258789,64.0999984741211,112.69999694824219,110.0999984741211,72.4000015258789,114.19999694824219,84.0999984741211,55.158103942871094,1.4224971532821655,1.4936548471450806,0.6996644735336304,0.5840269327163696,0.6629706025123596,14.10019588470459
178.6999969482422,175.39999389648438,169.0,115.0,179.0,179.5,94.69999694824219,90.19999694824219,110.0,64.69999694824219,115.4000015258789,106.69999694824219,73.0,115.69999694824219,83.69999694824219,54.68330383300781,1.4196947813034058,1.48587965965271,0.7160329818725586,0.5854629278182983,0.6553876399993896,13.50826644897461
176.8000030517578,174.60000610351562,167.89999389648438,113.9000015258789,175.6999969482422,178.60000610351562,93.5999984741211,90.69999694824219,109.69999694824219,65.0,115.0999984741211,104.0999984741211,72.9000015258789,117.30000305175781,81.80000305175781,57.35218048095703,1.4471873044967651,1.4916555881500244,0.7078014612197876,0.5838432908058167,0.6525352001190186,13.323346138000488
176.1999969482422,177.6999969482422,170.60000610351562,119.69999694824219,177.3000030517578,174.89999389648438,95.0999984741211,89.69999694824219,110.80000305175781,63.900001525878906,113.19999694824219,109.5,70.9000015258789,118.0999984741211,81.0,52.87925338745117,1.4047313928604126,1.5270706415176392,0.7007390856742859,0.5813280344009399,0.6661123633384705,12.595857620239258
174.6999969482422,178.3000030517578,173.5,121.30000305175781,177.8000030517578,172.89999389648438,97.80000305175781,86.69999694824219,111.5,64.80000305175781,111.80000305175781,111.0,70.5999984741211,117.0,80.9000015258789,54.53067398071289,1.4202150106430054,1.5139899253845215,0.7016444206237793,0.5792401432991028,0.66600102186203,12.246316909790039
174.1999969482422,178.39999389648438,173.3000030517578,121.4000015258789,178.89999389648438,171.60000610351562,98.9000015258789,86.69999694824219,107.9000015258789,65.19999694824219,112.0999984741211,107.5999984741211,70.0,117.30000305175781,80.30000305175781,52.812530517578125,1.4074424505233765,1.5166369676589966,0.7074073553085327,0.5940502285957336,0.6732304096221924,11.5372953414917
175.3000030517578,179.5,171.5,116.5999984741211,174.6999969482422,169.5,99.4000015258789,85.69999694824219,108.69999694824219,65.19999694824219,110.5,109.5999984741211,70.19999694824219,114.5,82.69999694824219,52.549171447753906,1.398768424987793,1.5102864503860474,0.7178170084953308,0.5930039286613464,0.6665360331535339,11.645604133605957
177.8000030517578,177.6999969482422,177.3000030517578,116.5,172.8000030517578,178.39999389648438,105.80000305175781,82.69999694824219,110.5,68.69999694824219,114.0999984741211,106.80000305175781,72.19999694824219,116.30000305175781,82.0999984741211,51.33029556274414,1.426398515701294,1.4662765264511108,0.7633634805679321,0.6062778234481812,0.6570897698402405,11.367456436157227
179.8000030517578,176.1999969482422,177.10000610351562,120.19999694824219,173.5,172.39999389648438,112.80000305175781,76.19999694824219,113.80000305175781,72.5999984741211,110.9000015258789,109.4000015258789,72.4000015258789,120.9000015258789,78.30000305175781,46.97216796875,1.4533662796020508,1.4838752746582031,0.7907884120941162,0.6244370937347412,0.6653662919998169,9.011216163635254
177.1999969482422,178.10000610351562,177.8000030517578,119.5,174.3000030517578,173.5,112.0999984741211,80.0999984741211,110.80000305175781,72.9000015258789,114.19999694824219,107.9000015258789,74.5,117.19999694824219,85.4000015258789,47.69721984863281,1.4733009338378906,1.456041932106018,0.7926543354988098,0.6158243417739868,0.6480866074562073,10.949735641479492
176.5,178.60000610351562,177.10000610351562,119.4000015258789,174.60000610351562,171.5,114.0999984741211,78.19999694824219,111.30000305175781,76.80000305175781,115.5,102.9000015258789,78.69999694824219,119.80000305175781,82.80000305175781,46.766536712646484,1.4680215120315552,1.4452201128005981,0.8141164779663086,0.6422919034957886,0.6623938679695129,12.07406234741211
177.0,179.0,177.0,121.9000015258789,177.6999969482422,170.0,113.4000015258789,77.80000305175781,111.0999984741211,78.0999984741211,115.0999984741211,101.0999984741211,80.30000305175781,116.4000015258789,85.4000015258789,43.6644401550293,1.4440429210662842,1.4413889646530151,0.8178340196609497,0.6441726088523865,0.657749593257904,13.011601448059082
177.39999389648438,178.60000610351562,180.0,121.5999984741211,171.0,161.60000610351562,114.4000015258789,80.19999694824219,109.5,78.5999984741211,118.9000015258789,96.80000305175781,78.9000015258789,122.69999694824219,81.69999694824219,43.98249053955078,1.442091703414917,1.4501227140426636,0.8250882625579834,0.6500941514968872,0.6514855623245239,14.233331680297852
177.3000030517578,179.60000610351562,177.0,121.5999984741211,173.5,166.60000610351562,114.0,78.80000305175781,109.5999984741211,77.80000305175781,119.0999984741211,96.5,80.19999694824219,120.0999984741211,81.30000305175781,42.70539474487305,1.428031086921692,1.4537874460220337,0.8246691823005676,0.6553203463554382,0.6683101654052734,14.511926651000977
176.0,179.39999389648438,178.1999969482422,121.19999694824219,172.0,167.8000030517578,114.0999984741211,79.19999694824219,110.0,79.5,116.5,97.5999984741211,81.5,120.0999984741211,81.9000015258789,44.00799560546875,1.4263739585876465,1.4511798620224,0.8221383094787598,0.6447944045066833,0.6599392890930176,13.206330299377441
178.3000030517578,178.89999389648438,180.0,122.0,171.6999969482422,163.10000610351562,113.69999694824219,81.4000015258789,109.80000305175781,78.69999694824219,119.5999984741211,97.0999984741211,81.0,121.4000015258789,80.9000015258789,41.772769927978516,1.4367448091506958,1.4657723903656006,0.8295223712921143,0.6560452580451965,0.6660861372947693,14.68910026550293
177.1999969482422,179.8000030517578,176.6999969482422,121.4000015258789,174.39999389648438,169.1999969482422,114.0,79.80000305175781,111.9000015258789,77.4000015258789,117.0999984741211,101.0,81.80000305175781,118.4000015258789,83.0,43.052207946777344,1.4407737255096436,1.4616745710372925,0.8214908838272095,0.6450283527374268,0.6671225428581238,14.16844654083252
176.10000610351562,179.5,180.0,120.4000015258789,169.6999969482422,162.89999389648438,115.0,79.19999694824219,110.19999694824219,79.4000015258789,118.4000015258789,95.4000015258789,80.5,120.9000015258789,80.30000305175781,42.360599517822266,1.4255270957946777,1.4607999324798584,0.8287195563316345,0.6654567718505859,0.6739258766174316,14.423813819885254
175.0,177.6999969482422,176.3000030517578,120.69999694824219,175.5,169.6999969482422,113.0,80.30000305175781,114.9000015258789,79.19999694824219,116.5999984741211,99.19999694824219,83.30000305175781,118.4000015258789,84.19999694824219,44.47418212890625,1.4443591833114624,1.4538816213607788,0.8131055235862732,0.6453763842582703,0.6673745512962341,12.794901847839355
176.3000030517578,179.60000610351562,178.5,119.5999984741211,172.3000030517578,168.10000610351562,114.80000305175781,81.5999984741211,111.69999694824219,81.5,114.69999694824219,100.4000015258789,83.30000305175781,121.5999984741211,85.0999984741211,43.35593032836914,1.432694911956787,1.4732575416564941,0.8312685489654541,0.6491087079048157,0.6575430035591125,11.63338565826416
178.10000610351562,180.0,177.60000610351562,115.9000015258789,172.89999389648438,164.6999969482422,113.19999694824219,80.5999984741211,112.80000305175781,80.0999984741211,112.80000305175781,103.9000015258789,83.30000305175781,118.80000305175781,85.0,43.108306884765625,1.4268242120742798,1.4630587100982666,0.8168887495994568,0.6504030227661133,0.6593782305717468,10.79455280303955
179.8000030517578,179.6999969482422,174.5,113.0999984741211,177.89999389648438,165.6999969482422,108.0,85.0,110.0999984741211,76.30000305175781,112.5,105.80000305175781,78.9000015258789,119.69999694824219,82.69999694824219,46.964599609375,1.467950463294983,1.4313298463821411,0.7843150496482849,0.6345075368881226,0.6536422371864319,8.65263843536377
179.39999389648438,177.6999969482422,172.5,110.0999984741211,177.1999969482422,168.8000030517578,104.19999694824219,85.9000015258789,111.4000015258789,73.19999694824219,116.9000015258789,102.5999984741211,76.5999984741211,119.5,82.19999694824219,47.34561538696289,1.4141368865966797,1.4297064542770386,0.7806570529937744,0.6295434236526489,0.6561458110809326,8.760777473449707
178.6999969482422,177.8000030517578,170.5,110.19999694824219,176.3000030517578,170.8000030517578,104.19999694824219,84.0,109.80000305175781,72.80000305175781,114.30000305175781,103.19999694824219,75.69999694824219,119.4000015258789,81.0,48.85158157348633,1.4418573379516602,1.4444738626480103,0.7798659205436707,0.6253385543823242,0.657795786857605,8.676788330078125
179.8000030517578,177.3000030517578,171.60000610351562,111.30000305175781,174.89999389648438,173.0,104.9000015258789,84.5999984741211,109.30000305175781,74.0,112.80000305175781,104.9000015258789,76.4000015258789,119.80000305175781,81.80000305175781,46.96743392944336,1.449720859527588,1.4587352275848389,0.7868165969848633,0.6350041031837463,0.6556018590927124,8.121675491333008
174.89999389648438,179.1999969482422,174.39999389648438,113.9000015258789,174.5,175.0,107.30000305175781,81.0999984741211,114.5999984741211,76.0,112.30000305175781,106.5,77.4000015258789,122.5,84.5,41.175262451171875,1.4102565050125122,1.5108736753463745,0.7948787212371826,0.6451235413551331,0.6577143669128418,6.91845178604126
176.8000030517578,174.5,172.5,108.69999694824219,178.1999969482422,167.3000030517578,102.69999694824219,83.69999694824219,112.19999694824219,77.80000305175781,112.80000305175781,97.30000305175781,78.5,119.69999694824219,83.19999694824219,43.3608512878418,1.3449283838272095,1.4481639862060547,0.7894149422645569,0.670915961265564,0.674132764339447,4.463289737701416
177.0,175.89999389648438,171.8000030517578,109.80000305175781,179.3000030517578,169.0,104.5,83.0999984741211,111.0999984741211,76.9000015258789,110.80000305175781,102.30000305175781,78.0999984741211,119.80000305175781,83.5999984741211,41.91286849975586,1.3569719791412354,1.448140263557434,0.7841711044311523,0.6590492725372314,0.667878270149231,4.473523139953613
177.8000030517578,176.60000610351562,173.39999389648438,110.69999694824219,179.0,171.3000030517578,105.9000015258789,81.19999694824219,110.80000305175781,76.5,110.4000015258789,103.4000015258789,76.9000015258789,120.5999984741211,82.5,41.900909423828125,1.3684070110321045,1.4535398483276367,0.7957420349121094,0.6626002788543701,0.6663593053817749,4.837575435638428
175.10000610351562,176.1999969482422,173.6999969482422,108.5,178.60000610351562,170.8000030517578,102.80000305175781,82.5,111.4000015258789,75.5999984741211,111.69999694824219,103.19999694824219,76.30000305175781,118.80000305175781,82.4000015258789,43.188411712646484,1.3392715454101562,1.4518349170684814,0.7809795141220093,0.6687859296798706,0.6706291437149048,3.8702025413513184
173.60000610351562,177.60000610351562,174.39999389648438,107.0999984741211,177.8000030517578,168.1999969482422,102.5999984741211,83.69999694824219,110.30000305175781,76.5,112.30000305175781,102.0999984741211,79.0,116.0,85.0,42.396759033203125,1.3444770574569702,1.4372600317001343,0.7839444875717163,0.6647061109542847,0.6660793423652649,5.773322105407715
172.60000610351562,177.0,173.1999969482422,107.4000015258789,179.1999969482422,171.5,102.0999984741211,85.19999694824219,108.9000015258789,75.69999694824219,112.69999694824219,101.30000305175781,78.0,117.4000015258789,85.69999694824219,42.98430633544922,1.3283777236938477,1.4474432468414307,0.7780833840370178,0.6575092077255249,0.6545519828796387,5.865220546722412
173.89999389648438,176.0,172.1999969482422,106.69999694824219,178.3000030517578,171.3000030517578,102.0999984741211,85.0,107.5,75.30000305175781,112.19999694824219,100.9000015258789,77.80000305175781,116.4000015258789,85.69999694824219,43.83161544799805,1.328942060470581,1.4454693794250488,0.7793238162994385,0.6612297296524048,0.6633910536766052,5.351226329803467
173.89999389648438,177.89999389648438,173.60000610351562,109.4000015258789,176.8000030517578,168.60000610351562,103.30000305175781,85.0999984741211,109.80000305175781,75.80000305175781,113.19999694824219,103.5,78.5999984741211,117.5999984741211,84.0999984741211,40.62133026123047,1.373263955116272,1.4641106128692627,0.7820755243301392,0.6504368782043457,0.6644196510314941,6.8817315101623535
175.39999389648438,176.89999389648438,172.5,111.5,178.60000610351562,172.1999969482422,103.69999694824219,85.5,109.4000015258789,75.9000015258789,112.80000305175781,103.9000015258789,78.4000015258789,121.0,83.19999694824219,42.48643493652344,1.3962311744689941,1.47078275680542,0.7813593149185181,0.6493324041366577,0.6582019329071045,6.462306976318359
174.39999389648438,173.0,169.3000030517578,104.9000015258789,175.39999389648438,170.3000030517578,98.69999694824219,88.0999984741211,109.4000015258789,72.19999694824219,118.80000305175781,96.0,76.4000015258789,120.5999984741211,83.9000015258789,49.70692443847656,1.3879369497299194,1.4396642446517944,0.7649863362312317,0.6396082043647766,0.6330023407936096,7.29017448425293
167.6999969482422,173.10000610351562,169.89999389648438,97.4000015258789,166.10000610351562,164.10000610351562,94.19999694824219,93.30000305175781,100.19999694824219,70.4000015258789,126.4000015258789,87.0999984741211,72.4000015258789,120.19999694824219,78.5999984741211,47.029747009277344,1.292413592338562,1.4297566413879395,0.7677376866340637,0.6314696669578552,0.6081215143203735,9.401703834533691
169.0,172.1999969482422,169.60000610351562,97.5,167.60000610351562,165.5,93.80000305175781,94.5,101.80000305175781,71.0999984741211,123.19999694824219,92.0,72.9000015258789,123.4000015258789,79.69999694824219,49.97644805908203,1.329155445098877,1.4251705408096313,0.7612040042877197,0.6224635243415833,0.595664918422699,7.809777736663818
167.8000030517578,173.10000610351562,169.39999389648438,99.0,170.1999969482422,168.39999389648438,94.4000015258789,92.69999694824219,101.0,70.9000015258789,121.30000305175781,93.19999694824219,74.19999694824219,121.80000305175781,80.30000305175781,47.451419830322266,1.2986602783203125,1.4355803728103638,0.7667822241783142,0.624971330165863,0.6097580790519714,7.342630863189697
168.10000610351562,173.89999389648438,171.39999389648438,99.30000305175781,168.6999969482422,165.89999389648438,94.0,94.30000305175781,100.9000015258789,70.30000305175781,125.0999984741211,90.0999984741211,73.5,120.4000015258789,78.0,47.59778594970703,1.3283807039260864,1.4312313795089722,0.7660547494888306,0.6209526062011719,0.6079050898551941,9.316534042358398
168.39999389648438,174.0,172.10000610351562,98.5,169.5,165.8000030517578,92.5999984741211,93.9000015258789,102.5999984741211,69.4000015258789,125.30000305175781,91.69999694824219,72.5999984741211,120.9000015258789,77.69999694824219,47.2385368347168,1.3107020854949951,1.4209617376327515,0.7513568997383118,0.6181057691574097,0.6040840148925781,9.107867240905762
169.60000610351562,172.6999969482422,170.1999969482422,98.80000305175781,171.60000610351562,173.1999969482422,93.5,95.30000305175781,102.80000305175781,70.80000305175781,121.9000015258789,92.80000305175781,73.5,123.9000015258789,76.4000015258789,47.38846206665039,1.3093701601028442,1.4436509609222412,0.7593631744384766,0.6263375878334045,0.6025812029838562,8.359905242919922
173.39999389648438,173.5,172.0,101.5,168.0,170.3000030517578,96.4000015258789,94.19999694824219,107.19999694824219,69.80000305175781,124.0999984741211,97.5,72.19999694824219,120.5999984741211,81.80000305175781,47.635093688964844,1.361199140548706,1.4806232452392578,0.759194552898407,0.6169475317001343,0.6153125166893005,7.419971942901611
175.8000030517578,179.39999389648438,172.6999969482422,111.4000015258789,174.8000030517578,175.60000610351562,105.0999984741211,82.5999984741211,114.19999694824219,72.0999984741211,112.9000015258789,107.30000305175781,74.0999984741211,119.19999694824219,80.5,45.62238693237305,1.435762643814087,1.4751650094985962,0.7686794400215149,0.6383454203605652,0.6716036200523376,9.493340492248535
179.8000030517578,179.89999389648438,175.8000030517578,114.5999984741211,171.89999389648438,171.89999389648438,108.0999984741211,79.9000015258789,112.5,72.69999694824219,112.5,104.30000305175781,73.9000015258789,120.0,75.80000305175781,47.235633850097656,1.474361777305603,1.4704456329345703,0.7804725766181946,0.6381867527961731,0.6787708401679993,10.38137435913086
178.10000610351562,177.60000610351562,178.39999389648438,114.80000305175781,176.0,169.39999389648438,107.80000305175781,80.69999694824219,107.30000305175781,71.30000305175781,114.30000305175781,101.19999694824219,72.5,118.80000305175781,76.4000015258789,49.29043960571289,1.4671900272369385,1.4064247608184814,0.788733720779419,0.6323045492172241,0.6677300333976746,10.403430938720703
176.3000030517578,177.6999969482422,179.0,117.69999694824219,174.3000030517578,169.1999969482422,112.9000015258789,78.80000305175781,108.19999694824219,73.0,115.0999984741211,102.80000305175781,74.5,117.5999984741211,82.0999984741211,49.37283706665039,1.4614769220352173,1.411364197731018,0.8126084208488464,0.6308284997940063,0.6645705699920654,11.84756851196289
172.3000030517578,177.39999389648438,177.5,125.4000015258789,174.60000610351562,176.10000610351562,120.0,70.80000305175781,112.80000305175781,77.4000015258789,110.19999694824219,103.9000015258789,77.69999694824219,116.9000015258789,80.9000015258789,47.72114944458008,1.4460983276367188,1.4247207641601562,0.8322163224220276,0.6416472792625427,0.6640474796295166,11.461655616760254
169.60000610351562,178.10000610351562,175.1999969482422,132.1999969482422,177.60000610351562,177.60000610351562,124.19999694824219,68.4000015258789,113.5999984741211,82.5,106.5,107.19999694824219,80.9000015258789,116.69999694824219,83.4000015258789,47.101470947265625,1.4442588090896606,1.4196940660476685,0.853761613368988,0.6519076228141785,0.6618704199790955,10.556143760681152
167.10000610351562,176.60000610351562,175.1999969482422,140.1999969482422,173.5,175.1999969482422,131.3000030517578,59.900001525878906,120.4000015258789,85.9000015258789,100.69999694824219,111.0,83.4000015258789,112.19999694824219,85.19999694824219,46.375457763671875,1.4492374658584595,1.4400893449783325,0.8444575667381287,0.641326904296875,0.6633636951446533,11.144691467285156
166.89999389648438,176.60000610351562,176.3000030517578,141.89999389648438,173.60000610351562,175.89999389648438,131.8000030517578,59.20000076293945,123.0999984741211,86.0,100.0,111.9000015258789,83.80000305175781,111.5999984741211,85.69999694824219,47.313045501708984,1.449744462966919,1.445669174194336,0.8311639428138733,0.6376358866691589,0.667919397354126,12.02148723602295
165.5,175.89999389648438,176.60000610351562,144.10000610351562,171.8000030517578,178.39999389648438,135.39999389648438,56.29999923706055,121.0,88.9000015258789,98.19999694824219,110.0999984741211,85.5999984741211,110.4000015258789,85.5999984741211,46.90987777709961,1.4481056928634644,1.4330509901046753,0.8563052415847778,0.6434730887413025,0.6614827513694763,12.028228759765625
165.1999969482422,175.39999389648438,176.5,147.6999969482422,176.39999389648438,171.89999389648438,137.10000610351562,53.79999923706055,127.0,89.4000015258789,96.9000015258789,113.4000015258789,85.0,109.9000015258789,86.5999984741211,45.781864166259766,1.4201196432113647,1.4486172199249268,0.8491215109825134,0.6455144286155701,0.6685453653335571,12.86557388305664
165.3000030517578,173.8000030517578,175.0,155.8000030517578,179.3000030517578,164.89999389648438,143.39999389648438,46.400001525878906,132.1999969482422,97.0999984741211,87.0999984741211,117.30000305175781,87.69999694824219,105.30000305175781,89.0,40.13993453979492,1.40231454372406,1.4462147951126099,0.8571512699127197,0.660897433757782,0.6736732125282288,13.216385841369629
165.5,172.5,176.1999969482422,157.89999389648438,178.0,166.89999389648438,145.8000030517578,43.599998474121094,136.10000610351562,100.5,83.30000305175781,120.5999984741211,91.4000015258789,100.9000015258789,89.30000305175781,40.486572265625,1.3818912506103516,1.4354324340820312,0.8581140041351318,0.6511204838752747,0.6754487156867981,15.392842292785645
165.6999969482422,170.10000610351562,177.60000610351562,159.10000610351562,178.6999969482422,166.89999389648438,146.1999969482422,45.29999923706055,138.10000610351562,103.0999984741211,82.9000015258789,119.69999694824219,93.4000015258789,100.19999694824219,90.19999694824219,39.41176986694336,1.3728981018066406,1.4401218891143799,0.8563032746315002,0.6570296883583069,0.6739005446434021,14.258380889892578
164.6999969482422,168.1999969482422,178.8000030517578,164.60000610351562,179.60000610351562,164.6999969482422,150.39999389648438,41.0,139.10000610351562,109.69999694824219,77.5999984741211,119.4000015258789,96.5999984741211,95.9000015258789,90.30000305175781,35.92349624633789,1.3378121852874756,1.4182106256484985,0.8542890548706055,0.6607292890548706,0.672696053981781,15.362645149230957
164.6999969482422,168.0,175.1999969482422,168.60000610351562,178.10000610351562,163.89999389648438,153.6999969482422,40.099998474121094,143.0,115.0,71.19999694824219,125.5999984741211,103.5999984741211,91.0,92.9000015258789,35.428043365478516,1.3277463912963867,1.4028054475784302,0.8587620258331299,0.6595699191093445,0.6649696826934814,13.540081977844238
164.10000610351562,168.6999969482422,175.89999389648438,163.6999969482422,176.89999389648438,165.8000030517578,147.6999969482422,44.099998474121094,137.3000030517578,110.30000305175781,77.19999694824219,119.9000015258789,99.69999694824219,95.69999694824219,90.0999984741211,35.350341796875,1.3507766723632812,1.426064133644104,0.8596486449241638,0.668719470500946,0.6800811290740967,12.875885963439941
166.3000030517578,172.39999389648438,175.6999969482422,154.89999389648438,180.0,170.8000030517578,142.8000030517578,46.099998474121094,135.60000610351562,99.30000305175781,83.9000015258789,119.5,90.5999984741211,102.30000305175781,90.0,44.24009323120117,1.4060693979263306,1.4179091453552246,0.8464241623878479,0.6491008400917053,0.6677170991897583,12.888230323791504
168.60000610351562,176.8000030517578,173.8000030517578,139.10000610351562,175.60000610351562,176.3000030517578,129.0,62.20000076293945,123.0,83.69999694824219,100.9000015258789,113.69999694824219,83.30000305175781,112.69999694824219,86.9000015258789,48.17679214477539,1.4406505823135376,1.4343329668045044,0.8292399644851685,0.633014440536499,0.6711287498474121,10.724166870117188
173.10000610351562,177.0,175.5,130.6999969482422,179.39999389648438,175.3000030517578,122.30000305175781,67.30000305175781,118.5999984741211,80.5999984741211,106.9000015258789,110.9000015258789,80.69999694824219,116.0,84.19999694824219,44.80842208862305,1.4445691108703613,1.4458842277526855,0.8255646824836731,0.6320130825042725,0.6640936732292175,11.916285514831543
177.60000610351562,178.89999389648438,177.0,125.30000305175781,179.0,176.39999389648438,114.0,73.9000015258789,116.5,77.19999694824219,113.69999694824219,103.0,77.19999694824219,119.30000305175781,86.30000305175781,44.818748474121094,1.435811161994934,1.4505228996276855,0.7949233055114746,0.645355224609375,0.6707219481468201,12.365029335021973
179.3000030517578,179.89999389648438,176.3000030517578,125.0,178.89999389648438,166.60000610351562,111.30000305175781,76.9000015258789,116.5999984741211,76.9000015258789,113.19999694824219,106.30000305175781,78.19999694824219,121.19999694824219,85.0999984741211,46.80191421508789,1.4555214643478394,1.4740594625473022,0.7697467803955078,0.6304797530174255,0.683544933795929,12.047486305236816
179.3000030517578,179.10000610351562,173.6999969482422,123.19999694824219,173.6999969482422,162.0,103.0999984741211,84.4000015258789,114.9000015258789,73.69999694824219,115.0,106.0,80.5,114.9000015258789,88.9000015258789,49.20124435424805,1.464987874031067,1.4225419759750366,0.7402531504631042,0.5960812568664551,0.6564629077911377,13.046631813049316
179.60000610351562,178.60000610351562,171.3000030517578,124.5999984741211,171.5,157.1999969482422,104.4000015258789,86.19999694824219,113.30000305175781,74.5999984741211,115.69999694824219,106.5999984741211,80.0999984741211,114.9000015258789,91.0,50.86077880859375,1.4715932607650757,1.4032210111618042,0.7505778670310974,0.5887631773948669,0.6382461190223694,11.210152626037598
177.5,179.3000030517578,171.3000030517578,127.5999984741211,169.5,154.3000030517578,102.5999984741211,86.80000305175781,114.69999694824219,74.5,114.80000305175781,108.80000305175781,83.4000015258789,110.80000305175781,91.80000305175781,47.12483596801758,1.458640217781067,1.4170182943344116,0.7461417317390442,0.5874614119529724,0.6428632736206055,14.369864463806152
176.39999389648438,173.5,168.8000030517578,118.5999984741211,173.3000030517578,155.89999389648438,100.0999984741211,89.9000015258789,110.69999694824219,75.30000305175781,117.19999694824219,103.30000305175781,83.5999984741211,114.69999694824219,89.5999984741211,46.2335205078125,1.4233393669128418,1.418147087097168,0.7694273591041565,0.6075876951217651,0.6236560344696045,9.85843563079834
173.89999389648438,174.8000030517578,167.3000030517578,113.9000015258789,175.6999969482422,159.3000030517578,97.4000015258789,90.5999984741211,108.19999694824219,74.30000305175781,119.0999984741211,99.19999694824219,83.4000015258789,115.0999984741211,88.4000015258789,45.96240997314453,1.4016597270965576,1.4211828708648682,0.7653072476387024,0.6121765375137329,0.6132035255432129,10.750127792358398
172.0,174.1999969482422,167.10000610351562,112.30000305175781,175.89999389648438,157.0,95.9000015258789,93.4000015258789,107.5,75.19999694824219,118.19999694824219,102.0,84.0999984741211,116.9000015258789,88.0,45.77875518798828,1.3741326332092285,1.4070627689361572,0.7592797875404358,0.6122525334358215,0.6132871508598328,9.704070091247559
171.89999389648438,175.5,167.39999389648438,114.0999984741211,175.0,155.1999969482422,95.4000015258789,94.5,106.30000305175781,76.0,117.5,100.0,85.69999694824219,115.19999694824219,84.9000015258789,45.10894012451172,1.376157283782959,1.4099526405334473,0.7550245523452759,0.6138186454772949,0.6192410588264465,10.505791664123535
171.8000030517578,174.6999969482422,167.5,114.5,175.6999969482422,154.10000610351562,96.0999984741211,93.5,108.5,75.69999694824219,117.5,101.5,86.69999694824219,114.5,87.19999694824219,44.87502670288086,1.356412649154663,1.4019651412963867,0.7576431632041931,0.6147811412811279,0.6261888146400452,11.704853057861328
173.39999389648438,173.3000030517578,166.5,113.5,175.5,156.39999389648438,95.5,93.4000015258789,108.0,74.5,118.80000305175781,100.0,85.0,114.80000305175781,88.5,46.04656982421875,1.361733078956604,1.4002227783203125,0.7587170004844666,0.6076899766921997,0.6148373484611511,11.99718952178955
174.0,175.0,166.10000610351562,116.5999984741211,172.89999389648438,158.0,96.5999984741211,90.5999984741211,111.80000305175781,73.80000305175781,115.80000305175781,106.19999694824219,81.5,116.5999984741211,86.0,45.51802444458008,1.4007307291030884,1.4128299951553345,0.7544341087341309,0.5978272557258606,0.6083894968032837,8.96635627746582
175.5,177.8000030517578,168.3000030517578,123.19999694824219,171.89999389648438,157.89999389648438,99.9000015258789,88.5,113.5999984741211,72.5,118.0999984741211,104.4000015258789,82.30000305175781,109.30000305175781,91.5999984741211,46.067657470703125,1.4485429525375366,1.431604027748108,0.7465313076972961,0.5950120687484741,0.6401753425598145,13.460430145263672
177.89999389648438,179.39999389648438,171.1999969482422,132.39999389648438,172.1999969482422,163.60000610351562,111.19999694824219,80.19999694824219,114.4000015258789,75.19999694824219,116.19999694824219,105.80000305175781,79.5,111.0999984741211,93.9000015258789,47.67403030395508,1.4349470138549805,1.4118585586547852,0.7711761593818665,0.6154475212097168,0.6621160507202148,14.326672554016113
176.60000610351562,178.60000610351562,175.39999389648438,136.5,175.60000610351562,158.60000610351562,114.5999984741211,77.30000305175781,115.0999984741211,77.80000305175781,116.80000305175781,102.0,80.0,115.30000305175781,86.30000305175781,47.21395492553711,1.4303377866744995,1.4131245613098145,0.7881931662559509,0.62767094373703,0.6682682037353516,15.641185760498047
175.5,178.3000030517578,176.6999969482422,138.0,177.8000030517578,158.10000610351562,118.5,74.4000015258789,116.0,79.80000305175781,115.19999694824219,102.0,79.0,118.80000305175781,85.19999694824219,46.43308639526367,1.4052989482879639,1.426563024520874,0.8097886443138123,0.6425772905349731,0.6749053597450256,14.87793254852295
174.6999969482422,177.6999969482422,177.0,138.10000610351562,174.8000030517578,155.8000030517578,122.69999694824219,70.30000305175781,115.30000305175781,81.5,113.30000305175781,101.19999694824219,80.80000305175781,116.69999694824219,84.5,46.762969970703125,1.3716990947723389,1.4424984455108643,0.8206403255462646,0.6529353857040405,0.6886590719223022,16.619720458984375
174.6999969482422,178.0,176.6999969482422,138.89999389648438,176.10000610351562,153.39999389648438,121.4000015258789,70.5,112.80000305175781,81.19999694824219,112.9000015258789,99.19999694824219,80.9000015258789,116.0999984741211,84.19999694824219,47.26248550415039,1.3789912462234497,1.4395525455474854,0.8138121962547302,0.654403805732727,0.6828917860984802,16.370990753173828
174.3000030517578,177.60000610351562,176.10000610351562,137.1999969482422,174.39999389648438,154.39999389648438,121.5999984741211,70.30000305175781,116.19999694824219,80.9000015258789,112.69999694824219,101.80000305175781,80.5999984741211,116.80000305175781,85.5999984741211,48.697689056396484,1.3853116035461426,1.4405227899551392,0.8060399889945984,0.645386815071106,0.6788622140884399,15.377192497253418
176.10000610351562,179.8000030517578,176.0,136.10000610351562,179.5,157.5,117.5,73.9000015258789,113.0,79.69999694824219,114.69999694824219,99.0,80.30000305175781,118.19999694824219,82.69999694824219,47.833045959472656,1.3987560272216797,1.4359822273254395,0.7972065806388855,0.6534920334815979,0.6836226582527161,15.755399703979492
176.39999389648438,179.3000030517578,173.3000030517578,134.6999969482422,173.8000030517578,161.39999389648438,110.4000015258789,78.0999984741211,115.0999984741211,75.5,116.5999984741211,102.0,80.4000015258789,113.30000305175781,87.5999984741211,48.39501953125,1.4334810972213745,1.4214621782302856,0.7666546106338501,0.6296247243881226,0.6789098978042603,17.230274200439453
179.1999969482422,179.89999389648438,173.0,129.10000610351562,170.89999389648438,161.6999969482422,103.0,86.30000305175781,111.9000015258789,73.0999984741211,117.80000305175781,106.4000015258789,82.30000305175781,110.69999694824219,95.30000305175781,51.00655746459961,1.4606633186340332,1.4190549850463867,0.7346264719963074,0.6066121459007263,0.6743645071983337,16.977195739746094
179.8000030517578,178.60000610351562,173.60000610351562,128.3000030517578,170.10000610351562,160.39999389648438,102.80000305175781,86.69999694824219,111.0999984741211,74.4000015258789,115.19999694824219,107.4000015258789,81.69999694824219,112.19999694824219,91.69999694824219,50.319305419921875,1.4513096809387207,1.4042775630950928,0.7415775060653687,0.6110687255859375,0.6742715239524841,14.606343269348145
179.0,179.0,179.3000030517578,125.30000305175781,177.10000610351562,157.89999389648438,103.69999694824219,84.5,111.5999984741211,74.30000305175781,122.30000305175781,96.69999694824219,81.80000305175781,117.5,88.9000015258789,47.464561462402344,1.4175471067428589,1.3884177207946777,0.7536134719848633,0.6476010084152222,0.6993171572685242,19.955530166625977
178.6999969482422,179.39999389648438,179.0,125.80000305175781,174.5,156.3000030517578,101.19999694824219,86.4000015258789,111.80000305175781,74.19999694824219,120.9000015258789,99.0999984741211,84.9000015258789,112.19999694824219,90.69999694824219,47.48373794555664,1.430243968963623,1.3879684209823608,0.7377716898918152,0.6395049095153809,0.7043089866638184,20.14103889465332
179.6999969482422,179.8000030517578,179.89999389648438,125.4000015258789,176.3000030517578,158.10000610351562,102.5,85.5,111.69999694824219,75.0,120.5999984741211,99.30000305175781,85.80000305175781,114.30000305175781,87.5999984741211,45.37218475341797,1.4000718593597412,1.3963568210601807,0.7429295778274536,0.6480996608734131,0.7096825838088989,20.694746017456055
178.10000610351562,179.8000030517578,179.5,126.5999984741211,173.8000030517578,163.10000610351562,102.0999984741211,87.0,116.80000305175781,73.30000305175781,118.30000305175781,110.80000305175781,84.80000305175781,111.5,94.9000015258789,46.91466522216797,1.4158536195755005,1.3965880870819092,0.719454288482666,0.6149964332580566,0.6950013637542725,18.304325103759766
177.1999969482422,178.5,178.10000610351562,126.5999984741211,172.8000030517578,162.89999389648438,102.9000015258789,86.69999694824219,114.69999694824219,74.69999694824219,119.0999984741211,105.9000015258789,86.69999694824219,112.0,92.0999984741211,46.78410720825195,1.4325350522994995,1.4030901193618774,0.7316587567329407,0.618843674659729,0.6975513100624084,19.362438201904297
179.0,177.1999969482422,179.60000610351562,123.4000015258789,171.89999389648438,167.6999969482422,101.5999984741211,88.5,109.5,75.4000015258789,119.5,103.9000015258789,86.69999694824219,113.69999694824219,90.19999694824219,44.81214904785156,1.4009079933166504,1.4077080488204956,0.7396864295005798,0.6338357329368591,0.6924881339073181,18.824872970581055
177.5,176.8000030517578,179.3000030517578,121.5,173.6999969482422,165.39999389648438,101.9000015258789,91.30000305175781,111.19999694824219,77.19999694824219,120.30000305175781,104.0,87.4000015258789,113.19999694824219,93.19999694824219,44.24795913696289,1.3839722871780396,1.4033143520355225,0.7564240097999573,0.6416018009185791,0.6985414624214172,16.474895477294922
179.60000610351562,177.39999389648438,179.1999969482422,121.5999984741211,172.5,165.0,99.9000015258789,92.0,113.5,76.9000015258789,120.4000015258789,104.0999984741211,88.69999694824219,110.69999694824219,92.5999984741211,45.237281799316406,1.4005589485168457,1.3979040384292603,0.7409842014312744,0.6331614851951599,0.6946340203285217,17.909564971923828
179.10000610351562,179.60000610351562,178.1999969482422,121.69999694824219,174.3000030517578,164.10000610351562,102.0,90.4000015258789,113.5,77.30000305175781,118.80000305175781,106.30000305175781,88.80000305175781,111.19999694824219,91.4000015258789,44.895347595214844,1.3946548700332642,1.4110060930252075,0.7444054484367371,0.6313427090644836,0.6989316344261169,19.107852935791016
179.10000610351562,178.6999969482422,178.3000030517578,122.30000305175781,174.10000610351562,165.3000030517578,102.80000305175781,90.69999694824219,119.30000305175781,77.0,120.0,108.5,88.30000305175781,113.5999984741211,93.80000305175781,45.139747619628906,1.4040714502334595,1.4087812900543213,0.7551295757293701,0.6351363658905029,0.7020869851112366,17.986007690429688
179.3000030517578,178.3000030517578,178.8000030517578,120.69999694824219,174.5,165.89999389648438,103.19999694824219,90.80000305175781,119.80000305175781,78.5999984741211,120.9000015258789,105.9000015258789,88.9000015258789,113.30000305175781,93.80000305175781,44.87930679321289,1.4056951999664307,1.4091354608535767,0.7543781995773315,0.6477594971656799,0.7068156003952026,17.6856632232666
180.0,179.60000610351562,177.3000030517578,122.80000305175781,171.10000610351562,165.39999389648438,102.4000015258789,87.69999694824219,113.30000305175781,76.9000015258789,117.30000305175781,110.19999694824219,86.19999694824219,115.80000305175781,90.0,46.596153259277344,1.4327442646026611,1.386000156402588,0.7382807731628418,0.6104450821876526,0.6752378344535828,16.867313385009766
177.6999969482422,176.10000610351562,177.8000030517578,125.0999984741211,168.6999969482422,161.5,106.19999694824219,86.5,107.9000015258789,86.5,111.19999694824219,108.19999694824219,92.0,116.0999984741211,85.69999694824219,45.72540283203125,1.4503097534179688,1.4004474878311157,0.7767813205718994,0.6425496339797974,0.6735715270042419,13.220787048339844
176.1999969482422,179.10000610351562,177.89999389648438,128.1999969482422,166.3000030517578,162.60000610351562,104.80000305175781,88.80000305175781,112.4000015258789,82.0,113.9000015258789,111.4000015258789,93.30000305175781,115.9000015258789,89.0999984741211,50.23780059814453,1.499869704246521,1.3883839845657349,0.7582002878189087,0.6110983490943909,0.6945148706436157,18.166872024536133
178.1999969482422,178.10000610351562,179.10000610351562,124.69999694824219,169.39999389648438,163.1999969482422,102.69999694824219,89.4000015258789,114.19999694824219,78.9000015258789,115.80000305175781,112.30000305175781,90.19999694824219,116.4000015258789,90.19999694824219,48.103729248046875,1.4700493812561035,1.3904237747192383,0.7546003460884094,0.6100733280181885,0.6857264041900635,18.14153289794922
173.10000610351562,178.10000610351562,177.6999969482422,129.1999969482422,168.0,166.60000610351562,102.30000305175781,87.80000305175781,116.5,73.9000015258789,116.0,118.5,90.69999694824219,115.4000015258789,94.30000305175781,50.35047912597656,1.4734691381454468,1.394851565361023,0.7398247718811035,0.577667236328125,0.7067775130271912,21.86078453063965
174.1999969482422,178.1999969482422,178.6999969482422,127.69999694824219,169.60000610351562,167.1999969482422,98.0999984741211,91.30000305175781,114.69999694824219,72.4000015258789,119.0,109.9000015258789,87.4000015258789,110.19999694824219,92.0,50.86522674560547,1.4461668729782104,1.380293607711792,0.7275241017341614,0.5859689712524414,0.692865788936615,19.99640464782715
173.5,177.39999389648438,178.3000030517578,126.80000305175781,166.1999969482422,173.8000030517578,98.0,88.0,107.4000015258789,71.9000015258789,115.5,106.30000305175781,85.0,114.4000015258789,85.5999984741211,49.90953063964844,1.4163410663604736,1.3855234384536743,0.7308241128921509,0.6091589331626892,0.69891756772995,17.41627311706543
175.5,177.60000610351562,178.3000030517578,122.69999694824219,173.6999969482422,165.10000610351562,96.9000015258789,90.5999984741211,106.30000305175781,70.9000015258789,120.19999694824219,100.9000015258789,84.5,116.30000305175781,86.5,49.292415618896484,1.3825393915176392,1.3865159749984741,0.7315502762794495,0.6107515096664429,0.7080762982368469,17.792438507080078
176.6999969482422,178.6999969482422,178.8000030517578,122.9000015258789,170.1999969482422,160.60000610351562,94.80000305175781,94.0999984741211,110.4000015258789,70.9000015258789,118.5999984741211,106.5,84.80000305175781,111.69999694824219,92.0999984741211,49.26850891113281,1.4093858003616333,1.3736941814422607,0.7020837664604187,0.5961445569992065,0.7061254978179932,17.468835830688477
176.10000610351562,178.89999389648438,179.8000030517578,122.4000015258789,169.1999969482422,162.3000030517578,94.5999984741211,94.0,110.0,71.0,117.5999984741211,108.5999984741211,85.4000015258789,110.4000015258789,93.5999984741211,49.70041275024414,1.420020580291748,1.3756682872772217,0.7090287208557129,0.5924441814422607,0.7023268342018127,17.447351455688477
175.0,178.5,179.0,124.69999694824219,166.89999389648438,164.89999389648438,92.80000305175781,95.4000015258789,109.0,69.4000015258789,118.5999984741211,109.19999694824219,85.5,110.0,92.5999984741211,50.28279113769531,1.433219075202942,1.379572868347168,0.7022538781166077,0.5841629505157471,0.7023763656616211,18.8330020904541
177.6999969482422,178.6999969482422,179.39999389648438,121.80000305175781,171.1999969482422,162.39999389648438,94.4000015258789,94.19999694824219,113.30000305175781,70.30000305175781,119.19999694824219,107.5,85.0,111.0,92.80000305175781,47.11647033691406,1.392264723777771,1.3895455598831177,0.7007792592048645,0.5977948904037476,0.720264196395874,17.519289016723633
178.60000610351562,178.0,175.5,122.0,167.60000610351562,164.89999389648438,94.4000015258789,94.4000015258789,112.4000015258789,70.5999984741211,117.30000305175781,113.19999694824219,84.9000015258789,110.9000015258789,93.80000305175781,49.07266616821289,1.4281245470046997,1.3884735107421875,0.6939530968666077,0.5989697575569153,0.7132455706596375,17.789051055908203
178.0,178.1999969482422,177.8000030517578,120.69999694824219,174.3000030517578,160.60000610351562,96.0999984741211,95.80000305175781,111.0999984741211,72.5,123.0,102.0999984741211,84.0999984741211,113.9000015258789,92.69999694824219,46.10308837890625,1.4045172929763794,1.4113177061080933,0.7233141660690308,0.6043977737426758,0.6893610954284668,16.120052337646484
179.60000610351562,175.89999389648438,174.39999389648438,117.30000305175781,169.60000610351562,160.3000030517578,98.4000015258789,91.9000015258789,108.30000305175781,76.19999694824219,118.80000305175781,101.5,85.19999694824219,115.30000305175781,87.5999984741211,46.8795166015625,1.408477783203125,1.3707276582717896,0.7432610988616943,0.6276410222053528,0.6783934831619263,13.963882446289062
177.1999969482422,178.6999969482422,173.6999969482422,120.5999984741211,165.6999969482422,160.0,100.0,90.19999694824219,114.0999984741211,75.0,119.19999694824219,105.5,84.19999694824219,115.0999984741211,89.4000015258789,46.62051773071289,1.44905686378479,1.3816455602645874,0.7495021224021912,0.6227803826332092,0.6580900549888611,13.678977012634277
177.0,177.8000030517578,173.10000610351562,117.9000015258789,169.10000610351562,158.89999389648438,102.69999694824219,89.30000305175781,111.4000015258789,76.9000015258789,118.5999984741211,103.69999694824219,85.0999984741211,115.9000015258789,89.80000305175781,45.204708099365234,1.4160740375518799,1.3810726404190063,0.7602522373199463,0.6291490793228149,0.6604636311531067,13.234395027160645
168.10000610351562,173.0,176.89999389648438,127.0,160.39999389648438,166.10000610351562,114.19999694824219,73.9000015258789,108.19999694824219,98.19999694824219,87.0,100.30000305175781,86.4000015258789,105.80000305175781,83.30000305175781,44.71553421020508,1.3040995597839355,1.3493555784225464,0.7869117856025696,0.6662797331809998,0.6306726336479187,6.497905731201172
175.60000610351562,177.89999389648438,178.3000030517578,126.30000305175781,165.8000030517578,160.89999389648438,115.0,78.19999694824219,103.80000305175781,99.80000305175781,92.69999694824219,99.69999694824219,86.0,112.5999984741211,82.5999984741211,43.15866470336914,1.384796380996704,1.3669769763946533,0.8356385231018066,0.691098690032959,0.6206220984458923,8.545729637145996
173.5,177.39999389648438,177.1999969482422,127.0,159.3000030517578,166.0,112.19999694824219,78.80000305175781,100.80000305175781,98.5,90.30000305175781,102.80000305175781,85.0999984741211,109.30000305175781,82.4000015258789,43.27220153808594,1.372584342956543,1.3676319122314453,0.8067395687103271,0.6777806878089905,0.6211779117584229,8.361648559570312
174.60000610351562,179.1999969482422,174.60000610351562,122.5,162.5,163.5,106.0999984741211,84.5999984741211,106.9000015258789,86.4000015258789,104.30000305175781,103.5999984741211,83.4000015258789,112.0,85.5,44.89955520629883,1.3692123889923096,1.369125485420227,0.7683905959129333,0.650192379951477,0.6475493311882019,6.246087074279785
176.10000610351562,178.1999969482422,170.0,119.4000015258789,171.0,160.5,96.80000305175781,92.0,112.69999694824219,71.0,120.69999694824219,106.4000015258789,80.0999984741211,115.19999694824219,87.9000015258789,50.354312896728516,1.4680429697036743,1.428701400756836,0.7242782711982727,0.5814849734306335,0.6257046461105347,12.72298812866211
176.39999389648438,178.5,171.5,118.80000305175781,171.10000610351562,160.3000030517578,96.30000305175781,91.30000305175781,111.9000015258789,69.69999694824219,122.0,104.5999984741211,79.4000015258789,113.69999694824219,88.80000305175781,50.32697677612305,1.4525306224822998,1.4163610935211182,0.7246646285057068,0.5856648087501526,0.6372078061103821,13.439363479614258
178.60000610351562,179.3000030517578,171.8000030517578,119.30000305175781,173.39999389648438,165.89999389648438,100.0,87.19999694824219,111.80000305175781,71.19999694824219,118.30000305175781,105.19999694824219,78.5999984741211,114.9000015258789,89.0,50.694061279296875,1.4682451486587524,1.4310306310653687,0.7368466854095459,0.6104363203048706,0.6668158769607544,13.342700004577637
176.0,177.8000030517578,172.5,121.80000305175781,176.3000030517578,173.1999969482422,105.19999694824219,84.0,106.30000305175781,72.0999984741211,117.69999694824219,101.80000305175781,76.9000015258789,114.30000305175781,90.5999984741211,50.819698333740234,1.438981294631958,1.4432846307754517,0.7646751999855042,0.6402580142021179,0.6818033456802368,13.775568962097168
177.1999969482422,179.60000610351562,175.1999969482422,123.4000015258789,178.5,178.10000610351562,109.30000305175781,82.30000305175781,111.5,72.30000305175781,116.5999984741211,104.5,76.69999694824219,114.69999694824219,89.9000015258789,48.925289154052734,1.414407730102539,1.440140724182129,0.7797256708145142,0.6468246579170227,0.6833265423774719,13.865462303161621
177.89999389648438,177.60000610351562,178.39999389648438,124.9000015258789,177.39999389648438,171.10000610351562,112.0999984741211,79.4000015258789,111.69999694824219,74.30000305175781,115.5,103.5,78.30000305175781,113.5999984741211,91.0999984741211,49.73943328857422,1.4085832834243774,1.4285712242126465,0.788176953792572,0.6471955180168152,0.6820428967475891,15.559247016906738
176.6999969482422,176.6999969482422,179.89999389648438,124.5999984741211,177.6999969482422,176.39999389648438,114.0999984741211,77.19999694824219,108.19999694824219,75.30000305175781,113.9000015258789,103.0,78.30000305175781,114.19999694824219,86.0,49.71365737915039,1.4095755815505981,1.4303871393203735,0.8028477430343628,0.6580818295478821,0.6839122176170349,15.512253761291504
174.3000030517578,177.3000030517578,179.6999969482422,126.0999984741211,178.8000030517578,176.6999969482422,115.19999694824219,74.5999984741211,108.0999984741211,76.80000305175781,112.30000305175781,101.30000305175781,79.5999984741211,112.5999984741211,87.5,49.82790756225586,1.4275404214859009,1.446056842803955,0.8137159943580627,0.6675326824188232,0.6807318329811096,14.62356185913086
174.5,176.1999969482422,175.10000610351562,126.0,172.60000610351562,179.8000030517578,114.5,71.80000305175781,106.69999694824219,75.9000015258789,113.30000305175781,97.80000305175781,78.9000015258789,112.5,86.5,51.362422943115234,1.425891399383545,1.4652714729309082,0.7899023294448853,0.6615564227104187,0.6749134659767151,17.754150390625
174.6999969482422,173.5,175.1999969482422,129.0,173.3000030517578,176.60000610351562,120.80000305175781,67.0,110.4000015258789,78.69999694824219,109.9000015258789,105.0,79.5999984741211,112.19999694824219,90.69999694824219,47.93899154663086,1.415969967842102,1.4471760988235474,0.80013108253479,0.6647090911865234,0.6701241135597229,17.04955291748047
171.39999389648438,175.60000610351562,179.10000610351562,130.89999389648438,174.89999389648438,174.3000030517578,119.69999694824219,67.0,109.5999984741211,77.9000015258789,110.4000015258789,101.0,77.30000305175781,114.5,85.4000015258789,51.47978210449219,1.3979978561401367,1.4204940795898438,0.78104168176651,0.6598316431045532,0.6612282395362854,12.68403434753418
169.8000030517578,175.1999969482422,180.0,139.8000030517578,176.10000610351562,175.89999389648438,124.69999694824219,60.900001525878906,112.0,79.0999984741211,107.80000305175781,100.80000305175781,79.4000015258789,113.5,84.0,52.240718841552734,1.3904445171356201,1.4438145160675049,0.7837905883789062,0.6602402329444885,0.673336386680603,13.444525718688965
168.60000610351562,172.1999969482422,179.39999389648438,140.60000610351562,170.60000610351562,177.10000610351562,127.69999694824219,59.400001525878906,115.9000015258789,77.19999694824219,110.80000305175781,102.4000015258789,74.5999984741211,116.0,82.5999984741211,47.51543426513672,1.3241865634918213,1.469613790512085,0.7869940400123596,0.6657978296279907,0.6831663846969604,11.460269927978516
169.3000030517578,171.8000030517578,179.60000610351562,141.3000030517578,178.39999389648438,164.89999389648438,127.0,61.29999923706055,115.5,75.30000305175781,110.4000015258789,106.4000015258789,72.4000015258789,120.0,78.5999984741211,48.402164459228516,1.331949234008789,1.4756114482879639,0.7864069938659668,0.6743432283401489,0.6949672102928162,9.690540313720703
174.5,170.3000030517578,176.60000610351562,138.89999389648438,179.39999389648438,165.39999389648438,126.9000015258789,60.79999923706055,109.0,74.0,112.19999694824219,103.4000015258789,68.5,125.30000305175781,77.69999694824219,48.833587646484375,1.3347798585891724,1.4534183740615845,0.8039946556091309,0.6767817735671997,0.6895409822463989,7.961405277252197
173.10000610351562,170.39999389648438,176.6999969482422,137.0,172.8000030517578,177.39999389648438,122.30000305175781,64.0999984741211,110.30000305175781,74.0,112.80000305175781,101.80000305175781,71.69999694824219,118.30000305175781,79.9000015258789,52.410491943359375,1.363946557044983,1.4411147832870483,0.780863344669342,0.6569715738296509,0.6667813062667847,11.584547996520996
174.1999969482422,170.1999969482422,175.1999969482422,134.60000610351562,170.60000610351562,170.60000610351562,119.30000305175781,66.4000015258789,107.4000015258789,73.0,115.0999984741211,98.0999984741211,69.9000015258789,120.80000305175781,79.19999694824219,54.196327209472656,1.363926887512207,1.4283084869384766,0.7829716801643372,0.6508840322494507,0.6501947045326233,11.127141952514648
174.5,171.39999389648438,177.60000610351562,133.6999969482422,172.8000030517578,172.39999389648438,119.0,66.5,109.0999984741211,72.0999984741211,114.80000305175781,99.0,71.19999694824219,120.5,78.69999694824219,54.60840606689453,1.357268214225769,1.4254786968231201,0.7787529826164246,0.6502576470375061,0.6560204029083252,11.669901847839355
173.89999389648438,178.5,179.3000030517578,121.0,177.3000030517578,172.1999969482422,110.5,74.9000015258789,107.19999694824219,68.5999984741211,113.0,107.0,73.5999984741211,108.5999984741211,92.0,53.02337646484375,1.3982927799224854,1.4448082447052002,0.7770368456840515,0.6421915292739868,0.6606467962265015,14.008700370788574
179.5,176.89999389648438,179.39999389648438,119.5999984741211,176.10000610351562,176.8000030517578,109.30000305175781,77.30000305175781,114.0999984741211,73.0999984741211,111.5,107.9000015258789,77.19999694824219,114.0,85.4000015258789,48.98450469970703,1.4423294067382812,1.4716558456420898,0.7615090608596802,0.6370889544487,0.673063337802887,14.146149635314941
179.39999389648438,177.8000030517578,177.39999389648438,118.30000305175781,175.3000030517578,174.10000610351562,106.5999984741211,78.9000015258789,115.5,71.5,113.30000305175781,108.30000305175781,74.4000015258789,114.9000015258789,88.5,49.1485710144043,1.447910189628601,1.4646449089050293,0.7523961067199707,0.6286712884902954,0.665209949016571,11.67232894897461
178.6999969482422,178.0,178.60000610351562,116.30000305175781,171.6999969482422,171.3000030517578,107.0,78.80000305175781,113.0,73.9000015258789,114.5,102.9000015258789,77.4000015258789,113.19999694824219,84.4000015258789,46.98678207397461,1.42422354221344,1.4579555988311768,0.7557710409164429,0.6340116262435913,0.6805553436279297,14.32756519317627
178.3000030517578,177.5,176.39999389648438,115.19999694824219,166.0,162.60000610351562,106.4000015258789,80.0,113.30000305175781,75.4000015258789,114.30000305175781,102.9000015258789,77.0999984741211,113.5999984741211,87.9000015258789,46.3558464050293,1.407394289970398,1.454642653465271,0.7478656768798828,0.6170562505722046,0.6622747778892517,14.391486167907715
175.5,180.0,179.10000610351562,115.69999694824219,168.39999389648438,164.6999969482422,104.80000305175781,81.0999984741211,118.19999694824219,75.0999984741211,114.4000015258789,103.30000305175781,76.5,114.5,86.80000305175781,49.399513244628906,1.4355331659317017,1.4508064985275269,0.739158570766449,0.6064193248748779,0.654420793056488,13.557755470275879
177.1999969482422,179.3000030517578,178.5,114.0,168.60000610351562,166.3000030517578,103.4000015258789,82.30000305175781,114.0999984741211,74.30000305175781,115.0,100.69999694824219,76.0999984741211,114.0,85.80000305175781,48.1203727722168,1.4089447259902954,1.4457850456237793,0.7420527935028076,0.6183682680130005,0.6638715267181396,12.782249450683594
179.89999389648438,178.6999969482422,177.39999389648438,111.0,168.0,163.89999389648438,101.4000015258789,86.19999694824219,112.30000305175781,74.0,115.5999984741211,101.30000305175781,75.80000305175781,113.19999694824219,84.0999984741211,47.13323211669922,1.4164350032806396,1.4434895515441895,0.7359504699707031,0.6119809150695801,0.6623241305351257,12.584885597229004
179.1999969482422,178.89999389648438,177.5,113.19999694824219,179.0,173.1999969482422,101.0999984741211,85.4000015258789,109.30000305175781,74.0,113.69999694824219,102.69999694824219,73.5999984741211,120.30000305175781,79.4000015258789,48.374942779541016,1.4144848585128784,1.430817723274231,0.7556468844413757,0.6397571563720703,0.6688923835754395,7.451052188873291
178.3000030517578,178.39999389648438,179.10000610351562,109.30000305175781,170.5,161.89999389648438,99.69999694824219,88.5999984741211,109.19999694824219,75.0999984741211,117.4000015258789,97.5999984741211,75.5999984741211,115.5,84.69999694824219,47.005130767822266,1.3599187135696411,1.4352977275848389,0.7399292588233948,0.6256950497627258,0.672758936882019,9.695452690124512
178.0,175.6999969482422,174.10000610351562,106.4000015258789,171.39999389648438,163.1999969482422,96.30000305175781,89.69999694824219,107.30000305175781,73.0999984741211,119.69999694824219,93.9000015258789,74.80000305175781,116.0999984741211,85.0999984741211,48.86543273925781,1.3296685218811035,1.4164643287658691,0.7500749826431274,0.6365835070610046,0.671766996383667,8.376500129699707
175.6999969482422,176.10000610351562,171.0,105.9000015258789,176.1999969482422,169.6999969482422,97.0999984741211,88.30000305175781,105.69999694824219,73.5999984741211,115.80000305175781,99.0999984741211,76.5,118.0,82.0999984741211,48.732913970947266,1.3356000185012817,1.4176300764083862,0.7517023086547852,0.646550714969635,0.6791901588439941,7.454647541046143
176.0,177.1999969482422,170.3000030517578,106.4000015258789,177.3000030517578,169.0,94.9000015258789,91.19999694824219,104.0999984741211,71.5,120.19999694824219,96.0999984741211,78.4000015258789,114.9000015258789,86.9000015258789,48.596614837646484,1.3448342084884644,1.4304611682891846,0.7370898127555847,0.621942400932312,0.6609125137329102,9.472307205200195
173.60000610351562,176.8000030517578,170.60000610351562,104.0999984741211,175.39999389648438,166.0,95.0,90.5999984741211,104.0999984741211,72.0999984741211,119.30000305175781,96.5,77.5999984741211,117.19999694824219,84.80000305175781,48.54426574707031,1.3260706663131714,1.4217463731765747,0.7449741959571838,0.6260734796524048,0.6618140339851379,8.30090045928955
173.10000610351562,176.10000610351562,170.60000610351562,105.5999984741211,176.6999969482422,167.60000610351562,96.0,89.4000015258789,104.4000015258789,73.4000015258789,117.4000015258789,96.0,77.4000015258789,119.0,80.4000015258789,48.695587158203125,1.3256129026412964,1.4189977645874023,0.7564353942871094,0.6535230278968811,0.6743801832199097,7.9686384201049805
172.89999389648438,176.5,171.5,104.0,176.39999389648438,168.1999969482422,94.0,89.80000305175781,105.69999694824219,72.30000305175781,117.9000015258789,95.80000305175781,75.9000015258789,117.5,82.30000305175781,50.267494201660156,1.325934886932373,1.414387583732605,0.7422889471054077,0.6455410122871399,0.67027348279953,7.8263702392578125
172.60000610351562,175.89999389648438,169.6999969482422,101.9000015258789,174.10000610351562,166.1999969482422,92.4000015258789,92.69999694824219,102.19999694824219,71.0999984741211,119.4000015258789,96.4000015258789,74.5,118.19999694824219,84.80000305175781,50.04168701171875,1.3134592771530151,1.409734845161438,0.7443722486495972,0.6308773159980774,0.6485795378684998,6.882803916931152
172.3000030517578,176.10000610351562,171.5,103.30000305175781,175.89999389648438,165.60000610351562,95.5999984741211,91.69999694824219,102.80000305175781,72.4000015258789,119.4000015258789,97.0,77.9000015258789,117.4000015258789,80.4000015258789,48.33413314819336,1.3704843521118164,1.4189828634262085,0.7532252073287964,0.6243674159049988,0.6442582011222839,10.229303359985352
173.10000610351562,174.60000610351562,173.39999389648438,102.5,171.8000030517578,159.0,94.30000305175781,93.69999694824219,103.5999984741211,72.80000305175781,122.19999694824219,92.4000015258789,78.9000015258789,117.0,85.80000305175781,49.36244583129883,1.3937588930130005,1.4218182563781738,0.7568200826644897,0.6222746968269348,0.6239819526672363,11.625168800354004
170.39999389648438,176.39999389648438,169.89999389648438,103.19999694824219,178.5,168.10000610351562,93.9000015258789,90.5999984741211,105.69999694824219,72.5,117.0999984741211,98.4000015258789,76.0999984741211,114.30000305175781,82.30000305175781,47.34130096435547,1.3006348609924316,1.4064230918884277,0.7409764528274536,0.6517584323883057,0.6689125895500183,7.135264873504639
171.8000030517578,177.0,170.6999969482422,102.19999694824219,175.1999969482422,168.89999389648438,92.19999694824219,91.9000015258789,100.0,71.0,120.5,93.0,74.5999984741211,115.69999694824219,80.69999694824219,49.70981216430664,1.2777001857757568,1.412468671798706,0.7518153190612793,0.6471885442733765,0.675327718257904,7.257964611053467
171.39999389648438,177.0,170.3000030517578,101.30000305175781,173.6999969482422,167.0,93.4000015258789,90.19999694824219,100.5,71.5,118.5,95.0,74.19999694824219,115.4000015258789,83.0999984741211,49.048282623291016,1.2896673679351807,1.404440999031067,0.7579410672187805,0.6525575518608093,0.6606127619743347,7.045101642608643
171.89999389648438,175.5,168.0,100.0999984741211,172.0,167.3000030517578,91.69999694824219,96.4000015258789,98.5,69.80000305175781,122.4000015258789,95.30000305175781,74.30000305175781,118.80000305175781,81.69999694824219,49.14379119873047,1.32857084274292,1.4193615913391113,0.7453733086585999,0.6110607385635376,0.6250941157341003,7.595688819885254
170.6999969482422,173.60000610351562,166.8000030517578,100.5999984741211,173.89999389648438,165.5,93.5999984741211,93.5,101.4000015258789,73.19999694824219,120.30000305175781,94.19999694824219,78.9000015258789,119.9000015258789,83.5999984741211,48.94725036621094,1.351226568222046,1.4182384014129639,0.7560213804244995,0.6270123720169067,0.6310421824455261,9.276630401611328
168.60000610351562,174.6999969482422,168.10000610351562,99.80000305175781,175.39999389648438,166.6999969482422,91.19999694824219,92.0,100.5,69.5,122.5,95.19999694824219,72.30000305175781,115.9000015258789,82.4000015258789,47.7074089050293,1.2503461837768555,1.3974095582962036,0.7426225543022156,0.644036591053009,0.6477215886116028,6.153964996337891
166.10000610351562,175.3000030517578,168.6999969482422,100.0999984741211,176.3000030517578,163.60000610351562,92.80000305175781,94.9000015258789,98.9000015258789,71.9000015258789,122.0,97.5999984741211,79.4000015258789,118.5,83.30000305175781,47.08012771606445,1.27267587184906,1.3911675214767456,0.7642974257469177,0.6417484283447266,0.6472540497779846,8.658489227294922
165.8000030517578,173.39999389648438,167.0,99.5,176.10000610351562,163.3000030517578,94.69999694824219,93.30000305175781,95.0999984741211,73.5999984741211,120.4000015258789,95.19999694824219,81.0,121.9000015258789,81.9000015258789,45.62286376953125,1.2644250392913818,1.380344033241272,0.7745813727378845,0.6485679745674133,0.6517151594161987,9.50827407836914
165.60000610351562,175.10000610351562,166.6999969482422,100.19999694824219,175.39999389648438,163.6999969482422,92.9000015258789,95.0999984741211,98.4000015258789,71.69999694824219,121.80000305175781,97.19999694824219,78.9000015258789,118.0999984741211,82.19999694824219,44.58474349975586,1.2559945583343506,1.3949495553970337,0.766724705696106,0.6489126086235046,0.6483638286590576,8.05469799041748
163.89999389648438,176.0,167.60000610351562,101.0,175.10000610351562,162.6999969482422,93.30000305175781,93.5999984741211,99.30000305175781,72.80000305175781,121.4000015258789,96.4000015258789,79.4000015258789,117.80000305175781,79.80000305175781,44.67716598510742,1.2589596509933472,1.3923718929290771,0.7708249092102051,0.6549420952796936,0.6638622283935547,8.789901733398438
163.6999969482422,175.5,170.1999969482422,99.4000015258789,173.6999969482422,160.39999389648438,92.19999694824219,95.5,97.9000015258789,71.5,122.5999984741211,95.5,79.19999694824219,116.80000305175781,81.5999984741211,45.476444244384766,1.2543268203735352,1.3751823902130127,0.7658260464668274,0.6390098333358765,0.6547848582267761,9.050111770629883
165.10000610351562,175.1999969482422,170.89999389648438,98.5,173.3000030517578,161.5,92.9000015258789,95.19999694824219,96.69999694824219,72.30000305175781,123.30000305175781,93.80000305175781,80.5999984741211,116.5,83.5,46.966949462890625,1.2634248733520508,1.3762811422348022,0.7670443058013916,0.6452066898345947,0.6583223938941956,9.890678405761719
164.6999969482422,173.60000610351562,168.10000610351562,99.0,178.1999969482422,169.39999389648438,94.0999984741211,92.9000015258789,94.0999984741211,73.5999984741211,118.19999694824219,97.5999984741211,77.9000015258789,121.30000305175781,81.0,44.536537170410156,1.2189991474151611,1.3757174015045166,0.7704741954803467,0.6479765176773071,0.6575803756713867,8.378090858459473
164.1999969482422,171.39999389648438,164.8000030517578,96.9000015258789,176.0,165.10000610351562,90.69999694824219,97.5999984741211,92.5999984741211,74.69999694824219,120.30000305175781,100.5999984741211,79.4000015258789,118.5999984741211,83.19999694824219,38.843017578125,1.211734652519226,1.3492060899734497,0.7426357269287109,0.6671829223632812,0.6268778443336487,9.582433700561523
161.8000030517578,172.8000030517578,168.60000610351562,95.9000015258789,176.1999969482422,164.89999389648438,90.4000015258789,99.19999694824219,87.5999984741211,76.4000015258789,120.0,93.80000305175781,76.9000015258789,123.0999984741211,78.30000305175781,37.20863342285156,1.2058228254318237,1.3156107664108276,0.7535389065742493,0.676436722278595,0.624169111251831,10.884675979614258
164.60000610351562,169.0,161.8000030517578,95.0,175.0,167.10000610351562,89.4000015258789,99.0,90.0,73.69999694824219,121.69999694824219,95.80000305175781,76.0,121.0999984741211,84.5,38.419654846191406,1.2230892181396484,1.3316396474838257,0.738372266292572,0.6644690632820129,0.6164875626564026,9.854249954223633
164.5,167.5,160.1999969482422,93.5,174.39999389648438,164.39999389648438,90.4000015258789,96.80000305175781,89.0999984741211,73.9000015258789,120.0,100.0999984741211,75.30000305175781,121.9000015258789,86.0,40.87911605834961,1.2134175300598145,1.3308818340301514,0.7533708214759827,0.6609184145927429,0.6178077459335327,6.701189994812012
164.1999969482422,169.6999969482422,164.0,94.0,176.10000610351562,167.39999389648438,89.5,99.80000305175781,87.4000015258789,74.0999984741211,119.30000305175781,100.30000305175781,78.0,123.0,87.0999984741211,38.48213577270508,1.237828016281128,1.3248720169067383,0.7360358834266663,0.653830885887146,0.6084523797035217,10.220317840576172
164.0,169.5,165.1999969482422,93.5,174.39999389648438,164.8000030517578,90.5,99.30000305175781,86.30000305175781,73.0,120.5999984741211,97.5,74.5999984741211,123.0999984741211,85.5,37.97922897338867,1.2451714277267456,1.3330022096633911,0.7557597756385803,0.6659590005874634,0.6029413938522339,10.16443157196045
163.89999389648438,169.5,159.0,94.0999984741211,176.39999389648438,167.10000610351562,90.9000015258789,97.5,89.30000305175781,73.5,115.4000015258789,107.19999694824219,75.0999984741211,128.39999389648438,87.0,36.87420654296875,1.2710005044937134,1.3240867853164673,0.7447116374969482,0.6662746667861938,0.6080328822135925,7.3391594886779785
157.8000030517578,171.0,159.60000610351562,95.9000015258789,175.1999969482422,164.0,91.9000015258789,100.80000305175781,75.30000305175781,78.19999694824219,116.69999694824219,94.69999694824219,82.9000015258789,124.30000305175781,81.5,32.45454788208008,1.3121060132980347,1.3512322902679443,0.755906343460083,0.6682043671607971,0.606309711933136,8.39846134185791
157.5,168.39999389648438,156.8000030517578,95.4000015258789,171.8000030517578,162.3000030517578,91.4000015258789,100.4000015258789,75.80000305175781,79.30000305175781,119.4000015258789,87.5999984741211,83.4000015258789,118.9000015258789,82.5,32.983028411865234,1.3070425987243652,1.3373944759368896,0.7525982856750488,0.6682547926902771,0.60670006275177,7.642249584197998
130.1999969482422,179.8000030517578,162.5,96.5999984741211,167.10000610351562,158.0,99.5999984741211,78.5999984741211,78.4000015258789,97.30000305175781,91.19999694824219,87.69999694824219,117.30000305175781,83.69999694824219,80.80000305175781,22.284629821777344,1.2429665327072144,1.1657148599624634,0.7567417025566101,0.6323994994163513,0.5706620812416077,23.017091751098633
138.10000610351562,173.10000610351562,154.10000610351562,96.4000015258789,164.89999389648438,161.0,104.4000015258789,73.0,80.5,101.5,93.5,80.30000305175781,118.0999984741211,99.69999694824219,71.69999694824219,24.935518264770508,1.2364214658737183,1.1884773969650269,0.7749453783035278,0.6654576659202576,0.5945925116539001,19.598793029785156
137.89999389648438,171.89999389648438,153.39999389648438,95.80000305175781,160.89999389648438,155.6999969482422,106.4000015258789,72.5,80.0,101.9000015258789,94.9000015258789,82.4000015258789,117.19999694824219,95.9000015258789,80.19999694824219,26.358997344970703,1.243247389793396,1.2074397802352905,0.771584153175354,0.6632495522499084,0.5942234992980957,18.786531448364258
134.60000610351562,175.0,156.89999389648438,99.80000305175781,161.8000030517578,158.8000030517578,111.69999694824219,74.69999694824219,77.5999984741211,100.30000305175781,92.69999694824219,90.5,119.69999694824219,90.80000305175781,87.5,22.450855255126953,1.2228925228118896,1.2185629606246948,0.7617955207824707,0.6387307047843933,0.5877942442893982,20.80451011657715
139.1999969482422,169.3000030517578,156.0,101.5999984741211,163.6999969482422,151.89999389648438,102.80000305175781,82.19999694824219,80.30000305175781,98.69999694824219,100.5,84.4000015258789,120.4000015258789,95.69999694824219,82.0999984741211,22.597028732299805,1.248899221420288,1.2353148460388184,0.7333624362945557,0.6364398002624512,0.6046914458274841,17.811464309692383
141.5,169.1999969482422,161.0,102.9000015258789,164.6999969482422,158.89999389648438,107.5999984741211,87.30000305175781,71.5999984741211,99.80000305175781,100.5,84.30000305175781,117.0,95.9000015258789,90.4000015258789,24.997453689575195,1.2645013332366943,1.2692581415176392,0.7684851288795471,0.6612558960914612,0.6252256035804749,17.18611717224121
142.10000610351562,165.60000610351562,160.0,100.80000305175781,161.1999969482422,155.1999969482422,105.0,83.80000305175781,73.9000015258789,99.9000015258789,96.5,84.0999984741211,119.0999984741211,93.0999984741211,91.5,26.96265411376953,1.2640674114227295,1.258081078529358,0.7571567296981812,0.6541640758514404,0.6181538105010986,18.243064880371094
143.1999969482422,164.1999969482422,152.10000610351562,99.4000015258789,165.10000610351562,158.3000030517578,105.5,81.80000305175781,77.69999694824219,101.69999694824219,91.4000015258789,88.0999984741211,124.9000015258789,87.69999694824219,87.30000305175781,28.58564567565918,1.242720603942871,1.2249388694763184,0.7533033490180969,0.6883379220962524,0.6213130354881287,18.130529403686523
141.8000030517578,165.0,151.0,99.80000305175781,163.39999389648438,153.89999389648438,102.9000015258789,85.0999984741211,75.0999984741211,98.0999984741211,102.4000015258789,79.69999694824219,120.5999984741211,91.4000015258789,85.80000305175781,26.2007999420166,1.2428210973739624,1.2295891046524048,0.7493079304695129,0.6764920949935913,0.6189779043197632,17.685590744018555
146.3000030517578,166.39999389648438,161.39999389648438,103.5999984741211,169.3000030517578,156.10000610351562,100.9000015258789,101.19999694824219,68.4000015258789,93.4000015258789,112.30000305175781,82.9000015258789,107.80000305175781,108.0999984741211,85.19999694824219,26.676725387573242,1.277638554573059,1.340827465057373,0.7705285549163818,0.6553866863250732,0.6216010451316833,12.677186012268066
151.60000610351562,163.1999969482422,159.5,102.30000305175781,171.89999389648438,163.0,104.5999984741211,89.5999984741211,84.0,94.4000015258789,104.9000015258789,88.80000305175781,107.4000015258789,116.5999984741211,80.19999694824219,31.649829864501953,1.3024506568908691,1.3306667804718018,0.7471043467521667,0.6678679585456848,0.6214367747306824,11.002301216125488
151.10000610351562,169.10000610351562,162.39999389648438,102.19999694824219,171.8000030517578,163.1999969482422,102.5999984741211,92.69999694824219,80.9000015258789,90.30000305175781,106.5999984741211,95.30000305175781,100.19999694824219,112.69999694824219,85.30000305175781,30.318443298339844,1.2815179824829102,1.3027933835983276,0.7417240738868713,0.655623733997345,0.6155068278312683,9.263632774353027
152.8000030517578,166.39999389648438,162.3000030517578,100.19999694824219,171.6999969482422,163.8000030517578,101.69999694824219,90.80000305175781,85.19999694824219,92.0,108.0999984741211,87.80000305175781,102.69999694824219,102.5999984741211,89.0999984741211,34.0006217956543,1.281675934791565,1.2811954021453857,0.7349154353141785,0.6579275131225586,0.6061622500419617,9.83742904663086
155.0,162.10000610351562,153.3000030517578,101.4000015258789,172.3000030517578,166.0,101.69999694824219,88.19999694824219,89.30000305175781,90.69999694824219,105.4000015258789,90.9000015258789,100.80000305175781,107.30000305175781,87.69999694824219,33.98664093017578,1.28378427028656,1.304713487625122,0.7314136028289795,0.6650434136390686,0.6025584936141968,6.875381946563721
151.60000610351562,162.1999969482422,153.60000610351562,101.19999694824219,169.6999969482422,164.0,100.0999984741211,94.0,82.5999984741211,91.0,104.30000305175781,92.5999984741211,100.5999984741211,112.69999694824219,82.4000015258789,33.1558837890625,1.2869882583618164,1.3198566436767578,0.7363218069076538,0.6530404090881348,0.6062290668487549,7.242910861968994
150.39999389648438,165.60000610351562,153.8000030517578,101.0,170.39999389648438,160.10000610351562,101.0999984741211,90.19999694824219,82.19999694824219,90.5,105.19999694824219,94.5999984741211,99.0,111.19999694824219,87.0999984741211,31.491491317749023,1.2772672176361084,1.2851454019546509,0.7378415465354919,0.656504213809967,0.6083917617797852,7.845199108123779
156.39999389648438,165.5,161.0,96.80000305175781,171.39999389648438,164.8000030517578,96.9000015258789,92.5999984741211,86.69999694824219,84.69999694824219,112.4000015258789,93.0,94.5999984741211,103.80000305175781,88.30000305175781,36.45681381225586,1.2898772954940796,1.2900197505950928,0.7465131878852844,0.6506005525588989,0.6111869812011719,9.352272033691406
162.3000030517578,169.60000610351562,166.60000610351562,100.9000015258789,170.5,162.10000610351562,95.5,92.80000305175781,85.9000015258789,84.30000305175781,115.4000015258789,91.5999984741211,92.5,111.4000015258789,83.80000305175781,35.6043815612793,1.2731999158859253,1.3239808082580566,0.7469415068626404,0.6774070858955383,0.64408278465271,11.585539817810059
163.10000610351562,172.0,167.5,100.0999984741211,171.3000030517578,161.5,94.30000305175781,93.4000015258789,87.5,79.9000015258789,118.0999984741211,97.69999694824219,85.30000305175781,123.0,86.0,36.63542556762695,1.2409861087799072,1.3308371305465698,0.7477184534072876,0.6785222291946411,0.6518245935440063,10.51970386505127
163.0,170.6999969482422,164.60000610351562,98.9000015258789,171.39999389648438,162.89999389648438,93.0,95.0,88.69999694824219,79.19999694824219,118.0999984741211,96.9000015258789,85.5,124.0999984741211,85.69999694824219,37.32275390625,1.2285833358764648,1.3345441818237305,0.7421585917472839,0.6751694083213806,0.6532868146896362,9.795549392700195
164.0,170.0,166.1999969482422,99.69999694824219,171.3000030517578,158.3000030517578,93.30000305175781,95.5999984741211,85.5,80.5999984741211,117.0999984741211,96.30000305175781,84.0,123.80000305175781,84.80000305175781,36.96876525878906,1.2366145849227905,1.3211414813995361,0.7531792521476746,0.6810896396636963,0.6485278010368347,9.464277267456055
166.0,168.5,163.1999969482422,100.19999694824219,170.0,161.5,94.69999694824219,92.0999984741211,88.80000305175781,82.4000015258789,115.0999984741211,97.9000015258789,88.5,116.0,88.5999984741211,37.835391998291016,1.2531906366348267,1.3380520343780518,0.7605723142623901,0.6810377240180969,0.6436182856559753,11.360566139221191
157.1999969482422,167.8000030517578,166.3000030517578,100.80000305175781,172.89999389648438,164.1999969482422,97.69999694824219,98.30000305175781,82.9000015258789,88.19999694824219,116.30000305175781,90.4000015258789,99.4000015258789,108.5999984741211,83.0,35.291160583496094,1.3033591508865356,1.3241628408432007,0.737352192401886,0.6708790063858032,0.6251960396766663,10.265817642211914
148.60000610351562,163.8000030517578,165.1999969482422,102.0999984741211,168.8000030517578,164.6999969482422,107.80000305175781,87.80000305175781,85.0999984741211,100.5,95.30000305175781,96.0,120.0999984741211,101.69999694824219,87.4000015258789,33.49225616455078,1.279198169708252,1.277579426765442,0.7460871934890747,0.6739996075630188,0.6246183514595032,12.138188362121582
145.5,163.39999389648438,156.10000610351562,98.5,165.1999969482422,162.3000030517578,105.5999984741211,84.0,80.0,103.9000015258789,94.4000015258789,90.5,125.0,105.5,75.69999694824219,33.42957305908203,1.2763738632202148,1.2378487586975098,0.7579607367515564,0.6823139190673828,0.6357582211494446,13.571759223937988
140.60000610351562,170.39999389648438,159.0,97.0999984741211,162.5,155.3000030517578,104.0999984741211,82.4000015258789,74.9000015258789,101.69999694824219,97.19999694824219,79.80000305175781,126.30000305175781,88.69999694824219,86.0999984741211,27.79172706604004,1.251392126083374,1.1899385452270508,0.7465103268623352,0.642910361289978,0.5941081047058105,19.85943603515625
141.1999969482422,168.60000610351562,155.39999389648438,95.69999694824219,160.8000030517578,160.0,104.80000305175781,87.9000015258789,68.19999694824219,101.0,98.4000015258789,79.69999694824219,121.69999694824219,101.0999984741211,78.5999984741211,28.962087631225586,1.2420321702957153,1.1873973608016968,0.7503127455711365,0.6314034461975098,0.5686704516410828,19.8044376373291
144.39999389648438,166.10000610351562,155.8000030517578,97.5999984741211,159.5,156.3000030517578,103.69999694824219,85.69999694824219,76.30000305175781,97.4000015258789,104.0,79.0,118.9000015258789,91.30000305175781,89.5999984741211,30.341705322265625,1.2675453424453735,1.2640433311462402,0.7610735297203064,0.674144983291626,0.6183961629867554,17.171907424926758
154.0,162.8000030517578,150.5,99.30000305175781,170.89999389648438,163.39999389648438,95.0999984741211,92.5,82.30000305175781,87.0,108.80000305175781,89.5999984741211,94.80000305175781,111.19999694824219,80.0999984741211,31.019376754760742,1.2653034925460815,1.340936303138733,0.7345016002655029,0.6769411563873291,0.6134472489356995,7.144120693206787
164.5,167.8000030517578,163.8000030517578,100.0999984741211,171.10000610351562,162.89999389648438,94.0,92.30000305175781,84.9000015258789,83.30000305175781,113.5,89.5,89.5,110.0,86.80000305175781,36.73658752441406,1.2727266550064087,1.3211166858673096,0.7574741840362549,0.69061279296875,0.636431872844696,12.048531532287598
163.0,171.89999389648438,168.10000610351562,99.9000015258789,175.3000030517578,161.89999389648438,93.30000305175781,96.0999984741211,86.4000015258789,79.19999694824219,118.5999984741211,97.0999984741211,81.0,126.19999694824219,82.9000015258789,34.80500793457031,1.2550562620162964,1.3253881931304932,0.753531277179718,0.6799405217170715,0.6441390514373779,10.284391403198242
165.1999969482422,171.5,166.89999389648438,100.30000305175781,173.6999969482422,161.8000030517578,92.0999984741211,96.69999694824219,87.19999694824219,79.0,117.69999694824219,93.30000305175781,79.69999694824219,124.19999694824219,79.30000305175781,36.23458480834961,1.2252146005630493,1.3412162065505981,0.7650599479675293,0.6830461025238037,0.6554098129272461,9.258013725280762
167.6999969482422,171.0,167.60000610351562,101.30000305175781,173.39999389648438,164.3000030517578,93.5,94.19999694824219,87.0999984741211,77.80000305175781,119.9000015258789,91.4000015258789,78.5999984741211,122.69999694824219,73.5,40.22419357299805,1.202286720275879,1.374088168144226,0.7745600342750549,0.6815443634986877,0.6482162475585938,11.415083885192871
165.8000030517578,175.89999389648438,169.10000610351562,101.80000305175781,176.0,166.89999389648438,92.19999694824219,95.5,92.5999984741211,74.30000305175781,121.9000015258789,94.5999984741211,81.0,118.19999694824219,79.0,41.51755142211914,1.225027322769165,1.38845694065094,0.773150622844696,0.6526659727096558,0.6486933827400208,10.805641174316406
170.39999389648438,172.60000610351562,167.60000610351562,102.0999984741211,172.8000030517578,169.89999389648438,94.69999694824219,91.5,100.69999694824219,73.4000015258789,119.5999984741211,97.30000305175781,76.0999984741211,123.4000015258789,81.5999984741211,47.03675842285156,1.305385708808899,1.4386180639266968,0.7641476988792419,0.630150556564331,0.6318036913871765,5.652317523956299
172.3000030517578,173.60000610351562,168.6999969482422,102.5999984741211,170.10000610351562,166.10000610351562,95.5,91.69999694824219,106.9000015258789,72.69999694824219,120.19999694824219,96.80000305175781,76.5,123.5,82.0,50.32888412475586,1.3589726686477661,1.4382635354995728,0.7614669799804688,0.623802125453949,0.6180285811424255,7.224236011505127
172.6999969482422,175.6999969482422,169.0,104.69999694824219,171.8000030517578,169.10000610351562,93.5,93.80000305175781,104.69999694824219,68.30000305175781,124.80000305175781,96.5999984741211,73.5999984741211,120.80000305175781,82.80000305175781,50.86308670043945,1.3557623624801636,1.4416635036468506,0.7448760271072388,0.6074663400650024,0.6338247060775757,8.638777732849121
179.1999969482422,174.10000610351562,168.0,108.69999694824219,172.8000030517578,173.6999969482422,95.0,89.19999694824219,108.19999694824219,68.0999984741211,119.9000015258789,100.30000305175781,74.80000305175781,114.9000015258789,88.0,53.3422737121582,1.4043632745742798,1.4786560535430908,0.731674075126648,0.599320113658905,0.6501270532608032,10.338098526000977
177.6999969482422,178.10000610351562,174.1999969482422,117.0,178.10000610351562,177.0,100.5999984741211,83.4000015258789,111.69999694824219,71.80000305175781,113.0999984741211,105.4000015258789,74.5999984741211,118.30000305175781,87.19999694824219,51.5600471496582,1.4250510931015015,1.4726382493972778,0.7334583401679993,0.6056259274482727,0.6662286520004272,8.506617546081543
172.0,178.0,178.0,124.4000015258789,179.5,175.8000030517578,106.0,77.0999984741211,112.30000305175781,74.30000305175781,109.69999694824219,106.19999694824219,78.5999984741211,112.80000305175781,85.5999984741211,46.044586181640625,1.3879209756851196,1.474542260169983,0.7450078129768372,0.6160038113594055,0.6810476779937744,11.989001274108887
169.39999389648438,178.6999969482422,178.39999389648438,131.6999969482422,173.6999969482422,175.39999389648438,113.69999694824219,72.0,110.80000305175781,82.80000305175781,106.19999694824219,97.69999694824219,84.5999984741211,111.19999694824219,80.9000015258789,45.043609619140625,1.3837611675262451,1.4497525691986084,0.7821064591407776,0.6440245509147644,0.7065041065216064,12.840164184570312
166.0,178.8000030517578,179.89999389648438,140.6999969482422,178.0,174.60000610351562,120.30000305175781,66.69999694824219,115.69999694824219,88.80000305175781,101.0999984741211,98.4000015258789,87.0999984741211,109.0,83.30000305175781,43.216915130615234,1.3771764039993286,1.4226994514465332,0.7874956727027893,0.6434037089347839,0.6719744801521301,12.420598983764648
164.89999389648438,175.5,178.5,151.10000610351562,179.8000030517578,170.60000610351562,129.6999969482422,56.0,115.5,99.69999694824219,90.0999984741211,99.5,92.0,102.5,81.5,41.7279052734375,1.3846999406814575,1.3923815488815308,0.8036552667617798,0.646174967288971,0.6585071682929993,13.673165321350098
164.8000030517578,170.6999969482422,179.6999969482422,165.5,173.3000030517578,163.10000610351562,139.89999389648438,44.900001525878906,121.9000015258789,106.0999984741211,83.4000015258789,102.80000305175781,98.80000305175781,92.9000015258789,88.19999694824219,34.02170181274414,1.3769760131835938,1.4057729244232178,0.8006330728530884,0.6667307019233704,0.6521850228309631,13.63925838470459
165.10000610351562,168.0,179.5,169.39999389648438,173.8000030517578,167.39999389648438,142.60000610351562,44.29999923706055,126.0999984741211,111.0,79.0,107.4000015258789,100.80000305175781,90.30000305175781,90.9000015258789,35.62144088745117,1.3815395832061768,1.39885413646698,0.7965654134750366,0.6556485891342163,0.6335453391075134,13.506670951843262
164.5,168.1999969482422,178.6999969482422,171.3000030517578,172.89999389648438,167.39999389648438,144.60000610351562,42.29999923706055,124.19999694824219,111.0999984741211,77.69999694824219,106.5999984741211,101.4000015258789,88.80000305175781,89.0999984741211,35.38519287109375,1.3732486963272095,1.4060273170471191,0.8024147152900696,0.6634976863861084,0.6442078351974487,12.453959465026855
164.8000030517578,168.0,176.8000030517578,172.10000610351562,173.0,172.10000610351562,144.0,44.0,127.19999694824219,113.30000305175781,78.30000305175781,106.5999984741211,102.30000305175781,90.30000305175781,89.4000015258789,36.34303665161133,1.3780542612075806,1.3959674835205078,0.8047451972961426,0.6613016724586487,0.6407788395881653,12.678600311279297
164.5,168.89999389648438,176.0,173.3000030517578,169.10000610351562,165.6999969482422,145.60000610351562,41.400001525878906,129.89999389648438,114.4000015258789,76.30000305175781,109.0,102.69999694824219,89.80000305175781,93.0999984741211,32.476463317871094,1.3861651420593262,1.4115620851516724,0.8047909736633301,0.670279324054718,0.6389247179031372,10.881142616271973
165.5,173.5,180.0,158.89999389648438,171.60000610351562,163.39999389648438,133.10000610351562,53.099998474121094,122.5,101.5,89.0999984741211,102.0999984741211,94.5999984741211,98.9000015258789,90.0,36.32938003540039,1.4084337949752808,1.4123246669769287,0.8047448992729187,0.6682783365249634,0.6423776149749756,11.255130767822266
167.5,179.89999389648438,176.8000030517578,140.89999389648438,177.5,164.5,119.19999694824219,65.9000015258789,115.9000015258789,83.0,102.69999694824219,104.9000015258789,82.5999984741211,110.4000015258789,83.0,45.153507232666016,1.4264615774154663,1.4425705671310425,0.780413806438446,0.6328007578849792,0.6677574515342712,11.289965629577637
171.8000030517578,179.89999389648438,176.6999969482422,128.1999969482422,174.1999969482422,178.1999969482422,109.4000015258789,77.69999694824219,112.4000015258789,75.5999984741211,111.5,104.4000015258789,77.19999694824219,116.19999694824219,86.5999984741211,48.56276321411133,1.4562606811523438,1.4897176027297974,0.7586123943328857,0.605573832988739,0.652892529964447,10.355168342590332
178.0,178.3000030517578,174.1999969482422,117.5999984741211,174.6999969482422,179.8000030517578,101.9000015258789,83.9000015258789,115.80000305175781,69.69999694824219,115.9000015258789,105.9000015258789,73.30000305175781,119.0,88.4000015258789,52.82134246826172,1.4496439695358276,1.5010948181152344,0.7374436259269714,0.5954146981239319,0.66566401720047,9.037690162658691
175.0,177.8000030517578,169.3000030517578,112.30000305175781,174.60000610351562,175.89999389648438,97.69999694824219,88.19999694824219,112.0,70.19999694824219,116.80000305175781,102.0999984741211,75.0999984741211,120.5,85.0999984741211,51.10223388671875,1.4341846704483032,1.4892144203186035,0.740950882434845,0.6019560694694519,0.6452398896217346,8.502946853637695
172.1999969482422,176.3000030517578,167.6999969482422,105.0,174.1999969482422,167.3000030517578,94.19999694824219,93.5,104.5,70.19999694824219,120.30000305175781,99.0,76.0999984741211,120.19999694824219,80.5999984741211,49.962947845458984,1.3850715160369873,1.4275941848754883,0.7446241974830627,0.614498496055603,0.6462227702140808,8.635701179504395
175.89999389648438,173.6999969482422,167.39999389648438,112.4000015258789,178.0,173.1999969482422,97.4000015258789,87.80000305175781,111.0999984741211,72.69999694824219,113.5,105.80000305175781,79.5999984741211,121.30000305175781,82.9000015258789,48.7064094543457,1.423911452293396,1.4515326023101807,0.7421908378601074,0.6367594599723816,0.677759051322937,11.527759552001953
174.6999969482422,175.10000610351562,169.0,112.0999984741211,175.8000030517578,172.8000030517578,97.30000305175781,90.5,108.69999694824219,73.0,116.80000305175781,104.5,80.30000305175781,124.0999984741211,84.0999984741211,49.74300003051758,1.4278663396835327,1.449700117111206,0.7461746335029602,0.6326891183853149,0.664783239364624,11.631155967712402
173.3000030517578,173.60000610351562,168.60000610351562,106.0,172.3000030517578,164.5,95.19999694824219,92.69999694824219,108.0999984741211,72.69999694824219,120.9000015258789,99.19999694824219,81.19999694824219,121.0999984741211,83.4000015258789,50.05937957763672,1.4124599695205688,1.4516513347625732,0.7496868371963501,0.626069962978363,0.6336400508880615,10.7320556640625
171.0,175.3000030517578,167.89999389648438,107.5999984741211,173.1999969482422,164.1999969482422,95.0,93.0,107.4000015258789,73.4000015258789,118.69999694824219,100.9000015258789,83.4000015258789,118.5999984741211,82.4000015258789,48.86184310913086,1.3973816633224487,1.4503517150878906,0.7443163394927979,0.6242624521255493,0.6508651375770569,12.911946296691895
172.10000610351562,174.5,168.1999969482422,105.30000305175781,171.8000030517578,164.8000030517578,93.5,95.0,106.0999984741211,72.5,119.80000305175781,99.5999984741211,83.0,120.30000305175781,81.0,51.48301315307617,1.4449461698532104,1.4471194744110107,0.7440266609191895,0.6181763410568237,0.6347317695617676,13.269646644592285
173.0,174.8000030517578,166.6999969482422,105.4000015258789,172.89999389648438,167.1999969482422,94.69999694824219,92.4000015258789,107.9000015258789,72.69999694824219,117.69999694824219,101.4000015258789,81.30000305175781,121.80000305175781,80.9000015258789,51.3200569152832,1.4297391176223755,1.444576621055603,0.7406674027442932,0.6172299981117249,0.634210467338562,11.733253479003906
173.89999389648438,174.6999969482422,168.1999969482422,105.0,172.39999389648438,167.5,93.5,92.9000015258789,108.30000305175781,71.5,117.19999694824219,103.80000305175781,80.30000305175781,118.5,84.0999984741211,50.56838607788086,1.4315379858016968,1.4519556760787964,0.733633279800415,0.6078017354011536,0.633482813835144,11.503084182739258
173.89999389648438,174.8000030517578,168.60000610351562,105.0999984741211,171.89999389648438,168.8000030517578,94.4000015258789,93.0,107.9000015258789,72.19999694824219,118.19999694824219,102.80000305175781,80.5,119.5999984741211,81.5999984741211,50.632041931152344,1.4312267303466797,1.4588106870651245,0.737795889377594,0.6110127568244934,0.6364225745201111,10.838746070861816
174.10000610351562,174.60000610351562,169.39999389648438,105.30000305175781,171.8000030517578,168.10000610351562,95.4000015258789,92.5999984741211,106.69999694824219,72.30000305175781,118.69999694824219,102.0999984741211,80.80000305175781,118.9000015258789,83.30000305175781,51.1585578918457,1.44217050075531,1.460862398147583,0.7422807812690735,0.6129015684127808,0.6319772601127625,11.2273588180542
174.0,172.8000030517578,164.3000030517578,105.69999694824219,173.8000030517578,171.60000610351562,92.9000015258789,92.5,106.0,70.69999694824219,118.0999984741211,101.19999694824219,79.4000015258789,119.0,83.4000015258789,52.91636276245117,1.4268893003463745,1.4546178579330444,0.7272424101829529,0.6057586073875427,0.6438875198364258,12.340621948242188
176.3000030517578,173.1999969482422,165.8000030517578,106.30000305175781,173.10000610351562,171.3000030517578,93.69999694824219,93.69999694824219,106.5,70.30000305175781,118.0,104.30000305175781,79.5,119.4000015258789,86.30000305175781,55.29633712768555,1.4404326677322388,1.4451597929000854,0.7268689274787903,0.6010178923606873,0.6393595933914185,13.00507640838623
175.6999969482422,173.6999969482422,165.0,109.0,173.0,173.3000030517578,97.5999984741211,88.5999984741211,109.5,71.0,114.9000015258789,105.5,77.80000305175781,122.19999694824219,82.30000305175781,52.39174270629883,1.4146908521652222,1.458950161933899,0.7440299987792969,0.622710108757019,0.6630123853683472,11.460173606872559
176.60000610351562,176.10000610351562,167.10000610351562,112.19999694824219,174.10000610351562,173.1999969482422,97.5999984741211,89.5999984741211,110.80000305175781,70.5999984741211,115.0,107.9000015258789,80.0,118.5999984741211,86.5,51.63813018798828,1.3856645822525024,1.4614349603652954,0.7462956309318542,0.6290921568870544,0.667512834072113,14.452760696411133
179.89999389648438,177.89999389648438,171.3000030517578,115.30000305175781,174.5,176.10000610351562,100.0999984741211,88.69999694824219,109.80000305175781,71.0999984741211,114.5,109.0,79.9000015258789,115.9000015258789,89.9000015258789,53.04685974121094,1.4143720865249634,1.4614784717559814,0.7473600506782532,0.6234226822853088,0.6674748063087463,14.576986312866211
176.3000030517578,178.89999389648438,170.60000610351562,115.69999694824219,173.39999389648438,172.3000030517578,100.30000305175781,87.69999694824219,112.0999984741211,70.5,113.4000015258789,109.5,80.4000015258789,116.4000015258789,84.4000015258789,53.01102066040039,1.4049770832061768,1.4764410257339478,0.7429632544517517,0.6233553886413574,0.6832018494606018,15.930813789367676
178.60000610351562,177.5,169.8000030517578,113.69999694824219,174.0,177.5,99.30000305175781,87.69999694824219,110.5999984741211,71.19999694824219,112.9000015258789,109.5999984741211,81.0,114.19999694824219,88.4000015258789,53.645790100097656,1.4268661737442017,1.4702532291412354,0.7445818185806274,0.6220790147781372,0.6719271540641785,15.528234481811523
178.39999389648438,179.3000030517578,176.1999969482422,116.4000015258789,173.3000030517578,173.39999389648438,102.19999694824219,85.0999984741211,112.19999694824219,72.5999984741211,115.0999984741211,105.69999694824219,81.30000305175781,112.5999984741211,84.0999984741211,49.793235778808594,1.3955198526382446,1.4620130062103271,0.7521228194236755,0.645939290523529,0.6864544153213501,17.463626861572266
179.0,179.8000030517578,176.1999969482422,116.80000305175781,174.5,175.39999389648438,102.80000305175781,84.5,113.30000305175781,73.19999694824219,115.19999694824219,103.4000015258789,81.0,112.5,86.5999984741211,51.31008529663086,1.426489233970642,1.4495686292648315,0.746012270450592,0.6436952948570251,0.677525520324707,17.498666763305664
178.60000610351562,179.10000610351562,176.10000610351562,118.0,176.3000030517578,173.3000030517578,103.5999984741211,84.0999984741211,110.19999694824219,72.69999694824219,115.69999694824219,104.19999694824219,79.4000015258789,115.30000305175781,87.0999984741211,50.4738883972168,1.4372190237045288,1.440388560295105,0.7570195198059082,0.6445168256759644,0.674354612827301,15.515853881835938
178.6999969482422,179.5,175.0,116.30000305175781,173.89999389648438,174.39999389648438,103.5999984741211,83.5999984741211,110.69999694824219,73.19999694824219,112.5,106.4000015258789,80.0999984741211,115.5999984741211,84.5999984741211,51.708797454833984,1.433205485343933,1.4567948579788208,0.7475422620773315,0.6410889029502869,0.6821567416191101,15.511004447937012
177.89999389648438,179.0,176.39999389648438,116.69999694824219,175.10000610351562,176.1999969482422,102.4000015258789,85.0,108.80000305175781,72.4000015258789,114.5,102.69999694824219,80.4000015258789,112.9000015258789,85.5999984741211,54.2859992980957,1.456909418106079,1.4510831832885742,0.7482000589370728,0.6351512670516968,0.6698692440986633,16.740272521972656
179.60000610351562,179.60000610351562,175.8000030517578,115.30000305175781,175.39999389648438,179.89999389648438,104.4000015258789,83.9000015258789,109.69999694824219,74.0,111.5999984741211,105.19999694824219,81.4000015258789,113.0999984741211,83.9000015258789,50.615440368652344,1.4140748977661133,1.4687094688415527,0.7520497441291809,0.6527920365333557,0.6812851428985596,16.541749954223633
177.5,177.60000610351562,174.39999389648438,113.5,174.0,177.6999969482422,102.80000305175781,84.0,110.0,71.5,114.9000015258789,102.5999984741211,78.0999984741211,114.4000015258789,83.5,55.468971252441406,1.4400376081466675,1.4498403072357178,0.7415667772293091,0.6366816759109497,0.6706846952438354,15.955551147460938
178.89999389648438,179.39999389648438,172.5,114.5,175.5,173.89999389648438,99.0,87.0,109.5999984741211,70.80000305175781,114.0999984741211,103.0999984741211,78.80000305175781,113.30000305175781,82.80000305175781,51.336666107177734,1.3949023485183716,1.4500532150268555,0.7315479516983032,0.6435273885726929,0.6789867281913757,15.414521217346191
176.8000030517578,178.60000610351562,177.60000610351562,114.30000305175781,176.39999389648438,176.8000030517578,100.5,85.9000015258789,110.5999984741211,70.0,114.30000305175781,108.30000305175781,79.69999694824219,108.69999694824219,89.9000015258789,48.81570816040039,1.3914117813110352,1.46780526638031,0.7285767793655396,0.6291254162788391,0.6754358410835266,18.20123863220215
179.1999969482422,178.1999969482422,175.60000610351562,113.4000015258789,174.3000030517578,179.89999389648438,99.9000015258789,85.5999984741211,107.5,70.5999984741211,113.5,104.5999984741211,80.4000015258789,108.9000015258789,86.5,52.327972412109375,1.4235970973968506,1.465713381767273,0.7377486228942871,0.635787308216095,0.670632004737854,18.09262466430664
178.5,179.5,175.6999969482422,114.5999984741211,175.39999389648438,177.10000610351562,99.30000305175781,87.5999984741211,108.30000305175781,70.69999694824219,114.0999984741211,104.30000305175781,78.5999984741211,114.30000305175781,83.5,51.60491180419922,1.403945803642273,1.4585251808166504,0.7381387948989868,0.644817054271698,0.6724210977554321,15.243415832519531
179.8000030517578,179.1999969482422,174.8000030517578,116.0999984741211,177.0,174.1999969482422,100.0,85.5999984741211,111.80000305175781,70.69999694824219,111.0999984741211,110.5999984741211,79.4000015258789,109.9000015258789,84.4000015258789,52.52430725097656,1.4743280410766602,1.4659050703048706,0.7319568395614624,0.6170471906661987,0.6665039658546448,16.692766189575195
175.1999969482422,175.8000030517578,178.3000030517578,116.4000015258789,175.5,172.8000030517578,101.19999694824219,86.5999984741211,117.0,67.80000305175781,119.9000015258789,107.30000305175781,75.9000015258789,111.80000305175781,89.69999694824219,47.86464309692383,1.370330810546875,1.4731305837631226,0.7386364340782166,0.6323131322860718,0.6906587481498718,17.144222259521484
175.8000030517578,177.8000030517578,175.6999969482422,116.69999694824219,175.60000610351562,172.5,99.80000305175781,86.19999694824219,110.69999694824219,69.30000305175781,116.0,106.5999984741211,77.9000015258789,112.4000015258789,85.80000305175781,50.89093780517578,1.3804137706756592,1.4656819105148315,0.7323241233825684,0.6253124475479126,0.6848304867744446,16.77480125427246
178.6999969482422,178.8000030517578,172.10000610351562,117.30000305175781,177.6999969482422,173.8000030517578,97.80000305175781,89.0,111.19999694824219,68.69999694824219,114.0,110.4000015258789,76.0999984741211,113.9000015258789,84.80000305175781,50.420814514160156,1.4055334329605103,1.467921495437622,0.7421220541000366,0.6233068108558655,0.6766461133956909,15.367196083068848
179.0,179.60000610351562,173.5,119.5999984741211,178.8000030517578,171.0,97.80000305175781,92.80000305175781,114.0999984741211,67.5999984741211,116.9000015258789,111.80000305175781,74.5,113.4000015258789,87.69999694824219,47.79110336303711,1.3975952863693237,1.4713789224624634,0.7356206774711609,0.6107715964317322,0.6767328381538391,15.051684379577637
178.0,178.10000610351562,177.39999389648438,116.0999984741211,176.1999969482422,171.3000030517578,98.9000015258789,85.80000305175781,119.80000305175781,67.80000305175781,117.5999984741211,104.9000015258789,75.9000015258789,111.80000305175781,91.30000305175781,50.37124252319336,1.3948462009429932,1.4706999063491821,0.72686767578125,0.6293355226516724,0.6777769923210144,16.56816291809082
173.89999389648438,174.10000610351562,179.60000610351562,117.0,171.8000030517578,167.60000610351562,100.0,84.5999984741211,115.30000305175781,69.4000015258789,115.80000305175781,105.69999694824219,80.30000305175781,108.5,86.0999984741211,48.641971588134766,1.357592225074768,1.4792801141738892,0.730182409286499,0.6278555989265442,0.6909727454185486,20.317928314208984
175.1999969482422,176.1999969482422,176.89999389648438,116.5,173.39999389648438,167.8000030517578,99.80000305175781,84.69999694824219,114.5999984741211,68.9000015258789,116.69999694824219,102.5999984741211,77.0999984741211,113.0,82.5999984741211,49.14957046508789,1.3832194805145264,1.477097988128662,0.7425984740257263,0.6306777596473694,0.68857342004776,16.96346092224121
174.39999389648438,176.10000610351562,174.89999389648438,116.9000015258789,179.0,178.6999969482422,99.80000305175781,85.5,111.4000015258789,70.0999984741211,114.9000015258789,102.69999694824219,79.80000305175781,111.80000305175781,88.0,52.97947311401367,1.4718741178512573,1.4699273109436035,0.7293897867202759,0.6202808618545532,0.6537713408470154,17.502689361572266
175.5,177.60000610351562,173.89999389648438,117.5999984741211,178.5,177.8000030517578,97.80000305175781,88.4000015258789,111.0,67.80000305175781,117.5999984741211,101.9000015258789,77.80000305175781,113.5,85.0999984741211,51.38292694091797,1.4660381078720093,1.4753718376159668,0.726629912853241,0.6151177883148193,0.6551414132118225,16.64226531982422
177.60000610351562,178.3000030517578,176.5,115.4000015258789,172.10000610351562,174.1999969482422,101.5999984741211,84.30000305175781,109.69999694824219,70.0999984741211,117.0,100.0999984741211,79.0,111.0999984741211,84.19999694824219,50.44712448120117,1.3762900829315186,1.4774872064590454,0.7452270984649658,0.6379639506340027,0.6930901408195496,17.16522216796875
177.39999389648438,179.5,177.3000030517578,113.5999984741211,175.1999969482422,175.39999389648438,99.0999984741211,86.69999694824219,109.5999984741211,68.4000015258789,115.4000015258789,105.19999694824219,78.9000015258789,108.5,85.19999694824219,51.52880096435547,1.39635169506073,1.4668595790863037,0.7299842238426208,0.6271063089370728,0.6801804900169373,17.899438858032227
178.6999969482422,179.89999389648438,173.39999389648438,115.19999694824219,174.60000610351562,170.1999969482422,99.0999984741211,86.4000015258789,112.19999694824219,69.5,113.5,107.0,79.0,110.5999984741211,84.30000305175781,52.1090087890625,1.3922580480575562,1.4591227769851685,0.728238582611084,0.6207084059715271,0.6825236678123474,16.501497268676758
178.1999969482422,179.89999389648438,176.0,113.4000015258789,173.5,170.8000030517578,99.0,86.19999694824219,112.9000015258789,71.0999984741211,112.4000015258789,106.30000305175781,80.0,111.19999694824219,81.30000305175781,52.02861022949219,1.4074960947036743,1.4637752771377563,0.7249193787574768,0.6229501366615295,0.6751490831375122,16.46424674987793
178.5,178.60000610351562,173.89999389648438,110.19999694824219,174.1999969482422,172.39999389648438,96.80000305175781,88.9000015258789,108.5,71.30000305175781,113.69999694824219,104.30000305175781,79.19999694824219,114.80000305175781,80.5,53.883689880371094,1.4304949045181274,1.454118013381958,0.7348940372467041,0.6324345469474792,0.6656433343887329,14.70118236541748
176.8000030517578,178.5,172.6999969482422,110.9000015258789,175.10000610351562,172.8000030517578,98.69999694824219,85.30000305175781,112.69999694824219,70.80000305175781,113.4000015258789,107.5,76.19999694824219,118.9000015258789,81.19999694824219,49.62635040283203,1.4000730514526367,1.4406828880310059,0.7280028462409973,0.6269971132278442,0.6646930575370789,12.888181686401367
176.60000610351562,176.60000610351562,170.6999969482422,109.5,174.3000030517578,172.1999969482422,97.0999984741211,85.5,113.19999694824219,72.30000305175781,111.69999694824219,107.0999984741211,76.80000305175781,118.19999694824219,79.0999984741211,49.183631896972656,1.3936151266098022,1.456438660621643,0.7235726118087769,0.6335959434509277,0.6744561195373535,12.345428466796875
174.5,175.3000030517578,167.0,105.69999694824219,173.3000030517578,169.0,93.9000015258789,88.4000015258789,108.80000305175781,69.69999694824219,114.5999984741211,103.5999984741211,76.5,119.5,77.69999694824219,52.82817840576172,1.3991575241088867,1.4210264682769775,0.7203116416931152,0.6209003329277039,0.6648703217506409,12.305817604064941
175.60000610351562,174.8000030517578,167.1999969482422,108.5999984741211,178.5,166.6999969482422,92.5999984741211,92.5999984741211,109.5,69.5,118.30000305175781,105.9000015258789,77.80000305175781,115.5,88.4000015258789,53.08810806274414,1.4376442432403564,1.4261239767074585,0.7156350612640381,0.5936490297317505,0.6377308368682861,12.150580406188965
174.3000030517578,176.1999969482422,166.8000030517578,109.4000015258789,177.39999389648438,165.60000610351562,92.30000305175781,92.19999694824219,110.4000015258789,69.19999694824219,118.69999694824219,105.5999984741211,77.5999984741211,116.80000305175781,85.30000305175781,52.67995834350586,1.4428640604019165,1.42532479763031,0.7144079804420471,0.5941665172576904,0.6432566046714783,12.856005668640137
174.5,176.10000610351562,168.89999389648438,113.5999984741211,179.39999389648438,164.1999969482422,93.80000305175781,90.69999694824219,109.69999694824219,70.19999694824219,118.69999694824219,104.69999694824219,77.5,116.30000305175781,87.4000015258789,51.88789749145508,1.440183162689209,1.431820034980774,0.7212624549865723,0.6009477972984314,0.6474411487579346,12.038304328918457
174.1999969482422,176.1999969482422,167.6999969482422,113.5999984741211,178.89999389648438,162.10000610351562,93.4000015258789,92.4000015258789,109.0,70.5,119.5,102.80000305175781,76.80000305175781,120.0999984741211,85.19999694824219,52.71860122680664,1.4722968339920044,1.4170693159103394,0.7263056635856628,0.5935322046279907,0.6313468217849731,10.44395637512207
173.10000610351562,177.1999969482422,169.5,111.5,179.3000030517578,159.10000610351562,95.0,92.30000305175781,110.80000305175781,70.4000015258789,121.30000305175781,102.69999694824219,76.5999984741211,123.80000305175781,83.5999984741211,51.90339660644531,1.4569634199142456,1.4059488773345947,0.7326582670211792,0.5978230237960815,0.6291541457176208,8.6983003616333
171.5,177.5,168.89999389648438,113.30000305175781,178.1999969482422,160.8000030517578,93.69999694824219,91.5999984741211,107.19999694824219,71.0999984741211,118.19999694824219,104.19999694824219,79.9000015258789,117.0999984741211,84.4000015258789,49.16053009033203,1.412079930305481,1.4190126657485962,0.7350998520851135,0.6086405515670776,0.6574448943138123,12.447942733764648
172.89999389648438,175.5,166.5,110.5999984741211,179.5,162.89999389648438,93.69999694824219,91.80000305175781,108.0999984741211,71.0999984741211,121.0,100.5999984741211,78.9000015258789,118.0999984741211,86.0,50.483970642089844,1.4203928709030151,1.4196746349334717,0.7330137491226196,0.602011501789093,0.6434383392333984,10.919817924499512
174.10000610351562,175.60000610351562,168.3000030517578,112.5,178.8000030517578,160.3000030517578,93.9000015258789,92.0999984741211,110.4000015258789,70.5999984741211,120.69999694824219,101.4000015258789,77.5999984741211,119.19999694824219,86.30000305175781,51.283199310302734,1.4207409620285034,1.4206362962722778,0.7289149165153503,0.6066892743110657,0.6451020836830139,10.70432186126709
173.6999969482422,175.5,166.39999389648438,110.69999694824219,179.8000030517578,161.8000030517578,94.0999984741211,92.0999984741211,110.5,70.80000305175781,120.19999694824219,102.69999694824219,78.5,118.5999984741211,88.0999984741211,52.064395904541016,1.440683364868164,1.4141972064971924,0.7365724444389343,0.5943940281867981,0.6282191276550293,9.881232261657715
172.5,176.60000610351562,167.8000030517578,112.0,179.5,160.3000030517578,94.0999984741211,92.0999984741211,107.5,71.30000305175781,118.19999694824219,101.9000015258789,78.0999984741211,119.0,85.30000305175781,49.57671356201172,1.4276472330093384,1.4220128059387207,0.7345123887062073,0.6029816269874573,0.6333557367324829,9.626736640930176
173.1999969482422,176.0,167.3000030517578,112.19999694824219,177.89999389648438,159.60000610351562,94.5999984741211,91.9000015258789,109.4000015258789,71.0999984741211,119.30000305175781,103.19999694824219,78.30000305175781,119.9000015258789,85.80000305175781,50.604942321777344,1.4433445930480957,1.4256469011306763,0.7368555665016174,0.6004643440246582,0.6383410692214966,9.79074764251709
172.39999389648438,176.10000610351562,167.1999969482422,112.19999694824219,179.5,162.0,93.0999984741211,91.69999694824219,104.9000015258789,69.0,121.30000305175781,99.19999694824219,78.4000015258789,116.80000305175781,85.69999694824219,48.70353698730469,1.3894919157028198,1.42314612865448,0.7349858283996582,0.609411895275116,0.6548027396202087,12.249446868896484
174.39999389648438,176.39999389648438,168.89999389648438,112.0,177.39999389648438,161.0,93.69999694824219,92.5,106.30000305175781,70.80000305175781,119.80000305175781,100.69999694824219,78.30000305175781,120.5999984741211,83.80000305175781,52.082061767578125,1.4129886627197266,1.417912244796753,0.7377059459686279,0.6129782199859619,0.6558507680892944,10.95090389251709
173.8000030517578,176.3000030517578,167.89999389648438,111.5999984741211,178.5,162.6999969482422,93.69999694824219,91.80000305175781,107.80000305175781,70.0999984741211,121.5,98.4000015258789,79.9000015258789,116.30000305175781,85.80000305175781,50.3675651550293,1.3972028493881226,1.4196161031723022,0.7287395596504211,0.603655993938446,0.6534653306007385,13.258438110351562
172.39999389648438,177.0,167.89999389648438,110.0999984741211,178.1999969482422,163.10000610351562,92.9000015258789,92.19999694824219,105.4000015258789,70.19999694824219,118.4000015258789,102.30000305175781,78.69999694824219,117.9000015258789,84.9000015258789,50.1135368347168,1.395963191986084,1.4123402833938599,0.7324894070625305,0.6066458225250244,0.6423049569129944,11.420248985290527
172.3000030517578,178.5,169.0,112.0,178.8000030517578,159.39999389648438,93.5,93.5999984741211,105.4000015258789,70.19999694824219,120.5,102.0999984741211,78.4000015258789,119.30000305175781,84.80000305175781,49.84295654296875,1.4134321212768555,1.4086450338363647,0.7345648407936096,0.6060793995857239,0.6493498682975769,11.27424430847168
176.1999969482422,176.6999969482422,166.8000030517578,114.30000305175781,179.39999389648438,164.0,94.30000305175781,90.80000305175781,109.80000305175781,70.19999694824219,116.9000015258789,104.5,77.0,118.5,87.69999694824219,55.05887985229492,1.4440127611160278,1.4173096418380737,0.7198145389556885,0.605673611164093,0.6629664301872253,11.354640007019043
178.60000610351562,179.5,170.5,123.4000015258789,178.6999969482422,169.39999389648438,102.5,86.5,106.5999984741211,70.0,116.9000015258789,103.9000015258789,79.19999694824219,113.69999694824219,90.19999694824219,53.31853485107422,1.3859527111053467,1.4054713249206543,0.7584719657897949,0.6381100416183472,0.6901309490203857,16.212312698364258
175.0,176.1999969482422,172.6999969482422,131.8000030517578,177.89999389648438,170.6999969482422,115.30000305175781,73.5,109.9000015258789,76.0,110.69999694824219,106.30000305175781,82.9000015258789,112.19999694824219,89.80000305175781,51.04761505126953,1.372962236404419,1.4308664798736572,0.7965377569198608,0.6520282626152039,0.6963024735450745,17.122407913208008
179.0,172.5,175.0,133.39999389648438,175.60000610351562,173.3000030517578,117.0999984741211,70.5999984741211,112.19999694824219,75.19999694824219,112.0999984741211,104.9000015258789,82.19999694824219,112.5,84.69999694824219,49.21240997314453,1.3775324821472168,1.4417545795440674,0.7895758152008057,0.6614007353782654,0.7024773359298706,17.94805145263672
175.60000610351562,175.39999389648438,172.10000610351562,135.0,177.39999389648438,168.60000610351562,115.69999694824219,69.4000015258789,112.0999984741211,76.5,111.5,101.5,85.69999694824219,108.30000305175781,84.5999984741211,48.79903030395508,1.360864520072937,1.4320849180221558,0.7932988405227661,0.6612346172332764,0.7037426233291626,20.52507972717285
177.60000610351562,172.0,173.8000030517578,133.89999389648438,176.39999389648438,178.1999969482422,116.0999984741211,70.5999984741211,110.30000305175781,74.5,111.5999984741211,104.5,81.69999694824219,110.9000015258789,86.80000305175781,48.88624572753906,1.3537482023239136,1.441316843032837,0.7865768074989319,0.6613805890083313,0.6956437826156616,17.593082427978516
174.8000030517578,172.89999389648438,173.5,139.0,176.5,176.60000610351562,121.69999694824219,66.9000015258789,105.4000015258789,78.0,109.0999984741211,101.69999694824219,81.5999984741211,113.5999984741211,85.5999984741211,49.314788818359375,1.3658640384674072,1.446103572845459,0.8181823492050171,0.6808257102966309,0.7173054218292236,16.437183380126953
173.10000610351562,173.8000030517578,173.10000610351562,137.89999389648438,177.10000610351562,179.10000610351562,121.30000305175781,64.9000015258789,108.0,78.5999984741211,108.0999984741211,103.19999694824219,84.0999984741211,108.4000015258789,85.30000305175781,49.304656982421875,1.3511309623718262,1.4260021448135376,0.8067613244056702,0.6676000952720642,0.7025814056396484,17.67177391052246
173.3000030517578,173.1999969482422,175.1999969482422,137.8000030517578,173.89999389648438,175.39999389648438,120.4000015258789,66.5,108.5999984741211,77.9000015258789,108.69999694824219,104.5,82.80000305175781,111.0,84.0,50.95632553100586,1.3652430772781372,1.4243983030319214,0.803080677986145,0.6600950360298157,0.6980909705162048,17.745189666748047
174.89999389648438,172.5,173.3000030517578,136.5,177.6999969482422,175.8000030517578,118.4000015258789,67.5999984741211,108.5,78.69999694824219,110.30000305175781,101.5999984741211,83.30000305175781,110.0,88.0,47.64997482299805,1.3277933597564697,1.4206935167312622,0.7991436123847961,0.6716039776802063,0.7006546258926392,18.622581481933594
174.5,173.0,174.8000030517578,136.6999969482422,179.8000030517578,174.0,116.69999694824219,70.4000015258789,110.4000015258789,75.30000305175781,111.9000015258789,103.9000015258789,81.80000305175781,109.80000305175781,88.80000305175781,48.4267463684082,1.3458280563354492,1.4307657480239868,0.7938332557678223,0.6626854538917542,0.6977490186691284,17.91706085205078
176.89999389648438,176.60000610351562,174.39999389648438,130.3000030517578,177.5,169.6999969482422,114.9000015258789,70.9000015258789,109.5,75.9000015258789,109.5,105.30000305175781,82.5,109.9000015258789,88.0,49.032073974609375,1.369929552078247,1.4482241868972778,0.7945528030395508,0.6650643348693848,0.7044886350631714,18.11212921142578
179.60000610351562,177.89999389648438,173.39999389648438,125.5,179.89999389648438,175.10000610351562,107.0999984741211,81.30000305175781,112.5999984741211,71.5999984741211,113.80000305175781,108.69999694824219,80.80000305175781,110.5999984741211,89.5,49.93240737915039,1.3655405044555664,1.4392822980880737,0.7661239504814148,0.6509574055671692,0.7050260305404663,16.843751907348633
179.5,179.3000030517578,170.3000030517578,118.19999694824219,175.60000610351562,167.60000610351562,98.4000015258789,89.5,109.5,69.69999694824219,117.9000015258789,106.5999984741211,77.0999984741211,114.0999984741211,88.4000015258789,55.00769805908203,1.4205636978149414,1.4365679025650024,0.737633228302002,0.6131705045700073,0.6728907227516174,13.84493637084961
174.8000030517578,176.1999969482422,169.6999969482422,107.30000305175781,175.3000030517578,163.0,91.5999984741211,96.69999694824219,107.69999694824219,68.9000015258789,122.5,105.0999984741211,75.0999984741211,122.69999694824219,82.80000305175781,53.27827072143555,1.4596346616744995,1.4191443920135498,0.7239131927490234,0.5855616331100464,0.6216844320297241,10.084075927734375
170.89999389648438,177.10000610351562,169.5,107.19999694824219,177.8000030517578,162.0,95.9000015258789,90.5999984741211,104.19999694824219,73.0999984741211,117.19999694824219,100.9000015258789,78.30000305175781,119.80000305175781,84.0999984741211,45.97309112548828,1.3810490369796753,1.4122551679611206,0.7463579177856445,0.6255674958229065,0.6281731724739075,9.694851875305176
168.60000610351562,177.5,167.0,109.19999694824219,178.5,159.6999969482422,96.4000015258789,88.30000305175781,106.30000305175781,74.80000305175781,116.4000015258789,100.0,81.0999984741211,118.19999694824219,84.0,47.189125061035156,1.3732481002807617,1.3714324235916138,0.742538571357727,0.6346076130867004,0.646252453327179,11.023148536682129
176.3000030517578,177.39999389648438,172.5,113.9000015258789,178.0,165.0,98.69999694824219,90.0999984741211,106.4000015258789,76.4000015258789,114.30000305175781,102.80000305175781,81.0,119.5,84.5,48.47792434692383,1.415104627609253,1.4001879692077637,0.7507089376449585,0.6417718529701233,0.6542598009109497,10.803936004638672
176.1999969482422,179.1999969482422,177.8000030517578,115.69999694824219,178.5,159.3000030517578,102.30000305175781,88.5,109.0999984741211,77.4000015258789,117.30000305175781,101.4000015258789,83.5,116.69999694824219,83.80000305175781,46.28018569946289,1.424498438835144,1.388540267944336,0.76579749584198,0.6466736793518066,0.6777143478393555,13.553670883178711
178.5,176.10000610351562,177.8000030517578,121.0,178.5,164.0,110.69999694824219,78.80000305175781,112.30000305175781,83.5999984741211,106.4000015258789,102.30000305175781,84.4000015258789,114.5,82.0,46.37823486328125,1.4360418319702148,1.3871134519577026,0.7910997271537781,0.6826651096343994,0.6830238103866577,10.517006874084473
178.89999389648438,175.6999969482422,178.5,121.80000305175781,179.3000030517578,164.60000610351562,112.5999984741211,76.19999694824219,117.9000015258789,78.80000305175781,113.30000305175781,107.30000305175781,83.4000015258789,114.19999694824219,89.9000015258789,45.59955978393555,1.4400254487991333,1.3791311979293823,0.7971067428588867,0.6628077626228333,0.6929296851158142,13.900045394897461
176.39999389648438,178.89999389648438,174.39999389648438,121.5,175.5,161.10000610351562,114.80000305175781,75.4000015258789,114.5999984741211,80.0,115.5999984741211,98.80000305175781,85.4000015258789,114.69999694824219,83.5999984741211,46.32372283935547,1.4384710788726807,1.370414137840271,0.8137049674987793,0.6831050515174866,0.6950365900993347,16.910655975341797
176.1999969482422,177.3000030517578,174.5,127.5,177.60000610351562,164.89999389648438,115.5,72.5,115.4000015258789,79.5999984741211,111.5,101.4000015258789,83.19999694824219,116.4000015258789,83.30000305175781,47.73310470581055,1.436866283416748,1.4048703908920288,0.8140074610710144,0.6783650517463684,0.6997155547142029,14.172060012817383
175.8000030517578,174.8000030517578,175.0,130.0,175.39999389648438,166.60000610351562,121.4000015258789,66.30000305175781,113.9000015258789,81.69999694824219,113.19999694824219,95.5,86.9000015258789,116.19999694824219,82.5999984741211,49.99070358276367,1.4305695295333862,1.3998671770095825,0.8312894105911255,0.7080261707305908,0.728532612323761,18.7484073638916
174.10000610351562,173.60000610351562,174.0,138.0,179.8000030517578,172.6999969482422,123.69999694824219,64.19999694824219,110.69999694824219,80.0999984741211,109.0,103.5,86.5999984741211,111.5999984741211,88.69999694824219,49.19069290161133,1.406014323234558,1.3867406845092773,0.8336625695228577,0.6833707690238953,0.696793258190155,17.390790939331055
174.3000030517578,172.39999389648438,176.8000030517578,138.60000610351562,179.8000030517578,165.6999969482422,125.0,63.0,115.5999984741211,84.30000305175781,108.0999984741211,102.5999984741211,88.69999694824219,113.0,89.0,47.77743148803711,1.3925479650497437,1.4164403676986694,0.8292484283447266,0.6933382749557495,0.7325434684753418,17.659570693969727
172.60000610351562,172.60000610351562,173.0,143.89999389648438,176.6999969482422,176.0,129.39999389648438,56.599998474121094,110.4000015258789,81.5999984741211,106.5,102.0,90.80000305175781,104.5999984741211,86.0999984741211,48.61536407470703,1.37014639377594,1.3654615879058838,0.8307437300682068,0.683678150177002,0.7050280570983887,20.230937957763672
168.60000610351562,171.3000030517578,171.3000030517578,155.8000030517578,172.39999389648438,173.8000030517578,140.39999389648438,47.70000076293945,120.69999694824219,96.5,92.5999984741211,109.19999694824219,97.9000015258789,98.30000305175781,97.80000305175781,42.895912170410156,1.3424650430679321,1.3969844579696655,0.8494206070899963,0.6987746953964233,0.7174593806266785,17.24247932434082
168.0,169.6999969482422,170.10000610351562,161.10000610351562,170.10000610351562,168.1999969482422,146.10000610351562,43.29999923706055,128.89999389648438,104.30000305175781,83.5999984741211,116.5999984741211,106.5,90.4000015258789,97.0999984741211,41.418121337890625,1.3376963138580322,1.3881916999816895,0.837357223033905,0.6947407722473145,0.7040260434150696,17.485275268554688
167.3000030517578,173.10000610351562,171.5,156.10000610351562,172.5,172.89999389648438,139.6999969482422,47.900001525878906,124.19999694824219,98.0,92.30000305175781,105.30000305175781,99.9000015258789,97.19999694824219,94.9000015258789,43.787288665771484,1.3473520278930664,1.4019476175308228,0.8360449075698853,0.703971266746521,0.7270050644874573,17.775651931762695
170.3000030517578,171.60000610351562,169.89999389648438,153.60000610351562,170.1999969482422,177.3000030517578,139.5,47.099998474121094,121.69999694824219,91.5,95.5,109.30000305175781,96.5999984741211,99.4000015258789,91.0,44.7355842590332,1.3296589851379395,1.40346360206604,0.8340641260147095,0.6957922577857971,0.7252681851387024,18.553020477294922
169.0,171.10000610351562,170.8000030517578,155.8000030517578,171.89999389648438,178.39999389648438,140.5,46.099998474121094,121.19999694824219,94.0,94.0,107.4000015258789,97.4000015258789,97.80000305175781,94.4000015258789,43.00111389160156,1.3276950120925903,1.4067028760910034,0.8402116298675537,0.6965631246566772,0.7224797010421753,18.59503746032715
169.3000030517578,169.6999969482422,169.3000030517578,161.5,173.0,174.3000030517578,144.3000030517578,42.900001525878906,122.0,102.5999984741211,87.19999694824219,108.4000015258789,100.9000015258789,92.0999984741211,96.0,36.73361587524414,1.3124829530715942,1.422411561012268,0.8548980355262756,0.7070128321647644,0.727874219417572,17.381656646728516
167.6999969482422,171.89999389648438,170.60000610351562,155.60000610351562,173.5,176.89999389648438,139.8000030517578,47.0,118.5999984741211,93.30000305175781,95.0,103.9000015258789,95.5,98.5,92.4000015258789,44.48428726196289,1.326560139656067,1.4050806760787964,0.8347700834274292,0.6993683576583862,0.7212609648704529,16.356943130493164
169.6999969482422,170.10000610351562,173.10000610351562,154.39999389648438,172.1999969482422,175.0,139.6999969482422,47.5,118.5999984741211,95.0999984741211,93.5,103.30000305175781,95.9000015258789,99.5999984741211,88.5,44.52241134643555,1.333168864250183,1.398552417755127,0.8372454047203064,0.7028330564498901,0.726647675037384,17.088848114013672
168.8000030517578,172.5,170.39999389648438,150.39999389648438,170.5,171.8000030517578,135.89999389648438,51.099998474121094,118.0999984741211,88.4000015258789,99.80000305175781,104.0,90.69999694824219,105.5,88.69999694824219,44.88006591796875,1.3358041048049927,1.4006321430206299,0.8324125409126282,0.703380823135376,0.7216110229492188,16.80290412902832
170.89999389648438,171.8000030517578,167.89999389648438,149.8000030517578,172.6999969482422,177.10000610351562,136.60000610351562,49.79999923706055,116.19999694824219,87.30000305175781,100.0999984741211,105.19999694824219,91.5999984741211,104.69999694824219,91.9000015258789,46.63064956665039,1.3152563571929932,1.3961848020553589,0.8340168595314026,0.6915673613548279,0.7192784547805786,17.728424072265625
169.1999969482422,169.3000030517578,170.5,155.0,175.8000030517578,178.5,140.1999969482422,47.099998474121094,113.69999694824219,94.5,96.30000305175781,100.5999984741211,96.4000015258789,98.5999984741211,93.0999984741211,39.43698501586914,1.298649787902832,1.4325517416000366,0.8561749458312988,0.7167637944221497,0.7380555868148804,19.24249267578125
167.60000610351562,167.8000030517578,163.39999389648438,164.89999389648438,163.5,161.60000610351562,149.10000610351562,40.29999923706055,126.30000305175781,100.30000305175781,88.0999984741211,115.69999694824219,99.9000015258789,95.5,92.4000015258789,32.13368606567383,1.3018102645874023,1.469499111175537,0.8674954771995544,0.7344614863395691,0.7596036791801453,16.37990379333496
169.3000030517578,163.8000030517578,158.10000610351562,174.1999969482422,160.5,151.39999389648438,155.89999389648438,31.0,130.39999389648438,107.19999694824219,81.30000305175781,117.69999694824219,106.9000015258789,88.0999984741211,98.0999984741211,28.004444122314453,1.277167797088623,1.506301999092102,0.9040517210960388,0.7688514590263367,0.7913895845413208,17.259828567504883
168.5,165.5,161.0,172.5,159.60000610351562,150.39999389648438,152.10000610351562,35.900001525878906,124.0999984741211,102.9000015258789,85.5999984741211,115.69999694824219,100.5,92.80000305175781,94.80000305175781,29.474040985107422,1.286009669303894,1.489105224609375,0.8846532702445984,0.7553433775901794,0.7755527496337891,17.013317108154297
168.1999969482422,165.0,163.1999969482422,168.39999389648438,171.8000030517578,171.5,152.89999389648438,34.70000076293945,122.9000015258789,109.4000015258789,80.30000305175781,111.30000305175781,108.80000305175781,86.5999984741211,97.69999694824219,32.089447021484375,1.282838225364685,1.4832605123519897,0.8852648138999939,0.751890242099762,0.758223831653595,17.359317779541016
168.3000030517578,164.10000610351562,158.39999389648438,175.0,159.1999969482422,153.3000030517578,154.39999389648438,32.79999923706055,127.69999694824219,107.0,81.9000015258789,115.5999984741211,105.30000305175781,89.30000305175781,98.9000015258789,28.091236114501953,1.2876203060150146,1.510603904724121,0.8884316682815552,0.7678231000900269,0.7801505327224731,16.73307991027832
168.5,165.89999389648438,164.3000030517578,166.6999969482422,168.5,175.89999389648438,149.1999969482422,39.0,119.69999694824219,104.9000015258789,84.69999694824219,110.0,102.30000305175781,91.80000305175781,93.5,31.826011657714844,1.2874374389648438,1.4530205726623535,0.8737077713012695,0.7358947992324829,0.746682345867157,16.296144485473633
168.8000030517578,167.5,166.39999389648438,161.8000030517578,167.89999389648438,167.10000610351562,147.89999389648438,41.5,121.4000015258789,103.5999984741211,86.4000015258789,111.69999694824219,101.5999984741211,93.80000305175781,92.4000015258789,35.438873291015625,1.290725588798523,1.435908317565918,0.8639354109764099,0.7249899506568909,0.7450070381164551,16.373090744018555
169.39999389648438,166.5,168.60000610351562,161.6999969482422,170.39999389648438,178.1999969482422,143.8000030517578,44.70000076293945,119.5999984741211,98.30000305175781,92.4000015258789,105.30000305175781,98.19999694824219,95.69999694824219,89.0999984741211,36.56959915161133,1.286633014678955,1.4211182594299316,0.8536226749420166,0.7137246131896973,0.7419220209121704,18.332143783569336
168.89999389648438,165.89999389648438,166.8000030517578,164.89999389648438,169.3000030517578,174.1999969482422,147.10000610351562,41.79999923706055,123.30000305175781,105.0,86.0999984741211,109.69999694824219,103.80000305175781,91.80000305175781,91.80000305175781,33.16109848022461,1.2968920469284058,1.4350957870483398,0.860397458076477,0.7264376282691956,0.7458443641662598,17.5689754486084
168.6999969482422,167.10000610351562,169.0,162.5,171.8000030517578,178.0,146.10000610351562,41.599998474121094,125.69999694824219,102.9000015258789,88.0,110.0999984741211,103.5,90.0,95.30000305175781,34.93070983886719,1.3051416873931885,1.4325922727584839,0.8520554900169373,0.707184374332428,0.7347759008407593,18.505775451660156
169.10000610351562,166.10000610351562,170.3000030517578,160.5,169.5,176.3000030517578,143.1999969482422,44.79999923706055,125.5,102.80000305175781,88.5,108.5999984741211,101.30000305175781,95.5999984741211,89.9000015258789,38.627132415771484,1.2957391738891602,1.4137380123138428,0.838921844959259,0.7131784558296204,0.7369481325149536,17.81928062438965
169.0,168.6999969482422,171.89999389648438,157.8000030517578,171.8000030517578,179.89999389648438,141.5,44.70000076293945,125.30000305175781,100.0999984741211,87.69999694824219,109.5,99.80000305175781,94.5,94.30000305175781,41.538429260253906,1.3259683847427368,1.3980586528778076,0.8224157094955444,0.6895273923873901,0.7127881050109863,16.676685333251953
175.3000030517578,169.60000610351562,176.8000030517578,143.3000030517578,177.60000610351562,169.8000030517578,124.69999694824219,63.29999923706055,113.80000305175781,82.0,108.19999694824219,104.0,84.80000305175781,113.80000305175781,89.0,47.443050384521484,1.379939317703247,1.4311108589172363,0.8167492151260376,0.6809195280075073,0.7261725664138794,14.562074661254883
177.89999389648438,170.8000030517578,177.8000030517578,134.39999389648438,174.60000610351562,163.39999389648438,120.4000015258789,67.0999984741211,112.19999694824219,78.5,110.30000305175781,101.69999694824219,87.5,108.19999694824219,87.80000305175781,48.60167694091797,1.3989458084106445,1.4278295040130615,0.8212336301803589,0.6717274188995361,0.717269778251648,19.407367706298828
178.6999969482422,176.0,175.5,130.3000030517578,179.6999969482422,172.89999389648438,116.69999694824219,71.80000305175781,112.5999984741211,78.0,107.4000015258789,110.80000305175781,82.19999694824219,111.0,88.69999694824219,47.032379150390625,1.427559733390808,1.4606486558914185,0.7989752292633057,0.6547235250473022,0.689147412776947,15.9014892578125
178.1999969482422,174.1999969482422,179.8000030517578,121.0999984741211,173.60000610351562,163.5,106.5,81.5,115.19999694824219,75.69999694824219,116.19999694824219,100.69999694824219,80.30000305175781,113.69999694824219,86.0,46.844791412353516,1.4047893285751343,1.4484946727752686,0.7578408718109131,0.6549572944641113,0.6957886219024658,18.591386795043945
179.8000030517578,176.3000030517578,178.89999389648438,121.69999694824219,171.89999389648438,163.8000030517578,108.5,80.0,111.0,76.5999984741211,118.4000015258789,97.9000015258789,81.5,117.69999694824219,87.5,50.407470703125,1.4328713417053223,1.418769359588623,0.7694281339645386,0.6632561683654785,0.6925352215766907,20.045381546020508
175.1999969482422,179.5,172.60000610351562,115.4000015258789,175.10000610351562,159.5,101.4000015258789,86.19999694824219,116.0999984741211,75.0999984741211,118.80000305175781,100.19999694824219,79.5,119.4000015258789,82.69999694824219,48.164039611816406,1.3950995206832886,1.4068944454193115,0.7374504804611206,0.6454733610153198,0.6886391043663025,14.988106727600098
171.8000030517578,179.8000030517578,173.5,112.0999984741211,176.6999969482422,155.39999389648438,98.19999694824219,89.0,113.80000305175781,74.9000015258789,119.19999694824219,99.0,81.0,117.19999694824219,83.30000305175781,47.81394958496094,1.3809711933135986,1.3810265064239502,0.7288415431976318,0.6401408314704895,0.6832112073898315,13.591795921325684
178.1999969482422,178.0,172.3000030517578,113.69999694824219,174.89999389648438,164.3000030517578,101.0999984741211,85.5999984741211,112.0999984741211,72.5999984741211,115.9000015258789,103.69999694824219,79.30000305175781,117.9000015258789,84.19999694824219,49.84394073486328,1.4465997219085693,1.420118808746338,0.741932213306427,0.6374136805534363,0.6814046502113342,14.453231811523438
176.8000030517578,176.60000610351562,179.1999969482422,117.30000305175781,174.10000610351562,159.5,99.9000015258789,85.69999694824219,114.4000015258789,71.5999984741211,118.0,103.30000305175781,80.0999984741211,109.5999984741211,86.80000305175781,47.68035125732422,1.4285180568695068,1.3991130590438843,0.7367107272148132,0.6396116614341736,0.6927270293235779,17.49041175842285
179.5,175.5,177.6999969482422,119.9000015258789,169.39999389648438,158.6999969482422,108.0999984741211,79.4000015258789,110.80000305175781,78.4000015258789,113.5999984741211,99.5999984741211,81.4000015258789,115.9000015258789,83.69999694824219,46.222267150878906,1.4439997673034668,1.4230786561965942,0.7740429639816284,0.6530368328094482,0.6829413175582886,16.185039520263672
178.5,174.8000030517578,178.6999969482422,118.19999694824219,171.39999389648438,164.39999389648438,107.4000015258789,78.9000015258789,112.5,77.0,114.5,103.30000305175781,81.5,116.69999694824219,84.80000305175781,45.646697998046875,1.4256336688995361,1.4184001684188843,0.7717084288597107,0.6607091426849365,0.6942781209945679,16.015932083129883
177.6999969482422,173.6999969482422,178.3000030517578,120.0999984741211,173.60000610351562,162.6999969482422,106.0999984741211,79.0999984741211,115.5999984741211,75.9000015258789,112.9000015258789,104.9000015258789,80.0999984741211,113.0,84.9000015258789,44.26730728149414,1.4257875680923462,1.4257646799087524,0.765443742275238,0.6592728495597839,0.6943926811218262,14.616974830627441
179.8000030517578,176.5,178.3000030517578,117.9000015258789,167.0,156.60000610351562,106.19999694824219,79.30000305175781,115.80000305175781,76.69999694824219,114.4000015258789,102.5,78.69999694824219,117.0999984741211,83.4000015258789,46.013572692871094,1.425052285194397,1.427517056465149,0.7550774812698364,0.641708254814148,0.6780350804328918,16.757492065429688
177.8000030517578,179.60000610351562,175.0,114.30000305175781,172.39999389648438,160.10000610351562,101.5999984741211,84.9000015258789,117.0,74.4000015258789,115.69999694824219,103.80000305175781,79.5999984741211,118.19999694824219,82.30000305175781,47.534523010253906,1.44551682472229,1.422956109046936,0.7373989820480347,0.6318156719207764,0.6824957728385925,14.442049026489258
178.1999969482422,176.60000610351562,171.89999389648438,110.5,174.39999389648438,161.89999389648438,98.5,85.9000015258789,114.0,73.5,116.80000305175781,101.69999694824219,78.80000305175781,115.80000305175781,85.5,48.57355499267578,1.3969078063964844,1.396889328956604,0.7217934131622314,0.6245649456977844,0.6748325824737549,14.461625099182129
174.39999389648438,177.60000610351562,170.60000610351562,108.80000305175781,176.39999389648438,162.1999969482422,97.19999694824219,88.69999694824219,108.80000305175781,74.5999984741211,115.80000305175781,101.5999984741211,79.30000305175781,120.30000305175781,82.0999984741211,49.3835334777832,1.394004225730896,1.390417218208313,0.7364755868911743,0.6412065625190735,0.6781483888626099,11.003366470336914
174.10000610351562,177.6999969482422,168.60000610351562,110.0,179.6999969482422,165.60000610351562,97.80000305175781,87.9000015258789,109.5999984741211,74.19999694824219,113.9000015258789,104.30000305175781,78.80000305175781,120.0999984741211,82.80000305175781,47.449951171875,1.3899794816970825,1.3938548564910889,0.7366596460342407,0.6382843852043152,0.6661638617515564,10.000611305236816
175.60000610351562,174.8000030517578,165.1999969482422,108.0,178.3000030517578,165.39999389648438,97.0999984741211,86.0999984741211,107.80000305175781,71.80000305175781,115.5999984741211,101.69999694824219,77.0,121.9000015258789,80.19999694824219,49.82319641113281,1.3808670043945312,1.3872101306915283,0.7448559403419495,0.6328551769256592,0.6567441821098328,10.254179000854492
173.0,176.3000030517578,166.89999389648438,106.80000305175781,179.8000030517578,168.1999969482422,94.30000305175781,90.69999694824219,106.69999694824219,71.19999694824219,115.5999984741211,102.30000305175781,78.0999984741211,119.69999694824219,79.4000015258789,49.70861053466797,1.3918088674545288,1.387349247932434,0.7288030982017517,0.6282213926315308,0.6595582962036133,11.523581504821777
175.3000030517578,175.3000030517578,166.10000610351562,104.5999984741211,174.39999389648438,164.3000030517578,94.80000305175781,92.19999694824219,111.0,70.69999694824219,117.0999984741211,106.0999984741211,78.4000015258789,118.5,85.19999694824219,52.57208251953125,1.442263126373291,1.4193694591522217,0.7308241724967957,0.6042223572731018,0.6321724653244019,10.89936637878418
174.39999389648438,175.5,166.60000610351562,105.0999984741211,175.89999389648438,163.5,93.5,91.80000305175781,106.5,70.19999694824219,117.5,104.30000305175781,76.5,119.19999694824219,83.0,50.555877685546875,1.401124119758606,1.4040263891220093,0.7300817370414734,0.6152390241622925,0.6409579515457153,10.598433494567871
174.60000610351562,175.5,165.10000610351562,105.19999694824219,175.8000030517578,165.0,94.4000015258789,90.30000305175781,107.5,71.19999694824219,117.4000015258789,102.69999694824219,75.80000305175781,120.0999984741211,82.5,50.91325378417969,1.3970836400985718,1.3948181867599487,0.7322499752044678,0.6183158755302429,0.6395308971405029,9.157591819763184
173.0,174.39999389648438,164.1999969482422,103.69999694824219,175.89999389648438,166.89999389648438,94.0999984741211,90.19999694824219,108.0999984741211,69.5999984741211,116.9000015258789,103.19999694824219,76.0,118.4000015258789,83.5999984741211,51.258548736572266,1.3892908096313477,1.3994468450546265,0.7274580597877502,0.6120941042900085,0.6386127471923828,10.364778518676758
174.5,174.5,166.39999389648438,104.4000015258789,175.10000610351562,163.3000030517578,94.30000305175781,92.0999984741211,110.5999984741211,70.80000305175781,117.30000305175781,106.0999984741211,77.0,119.0999984741211,85.9000015258789,52.08903121948242,1.416546106338501,1.403272271156311,0.7263416647911072,0.6062623858451843,0.622469961643219,10.489697456359863
174.89999389648438,175.3000030517578,169.1999969482422,103.5,173.1999969482422,163.1999969482422,94.30000305175781,93.80000305175781,109.4000015258789,70.19999694824219,119.80000305175781,104.80000305175781,78.30000305175781,115.9000015258789,85.69999694824219,52.6524658203125,1.4332314729690552,1.416393518447876,0.7244923710823059,0.5966260433197021,0.6195536255836487,12.175174713134766
173.89999389648438,175.60000610351562,168.8000030517578,104.69999694824219,174.6999969482422,161.0,94.69999694824219,92.80000305175781,111.9000015258789,69.69999694824219,119.5,106.80000305175781,77.80000305175781,119.0999984741211,83.9000015258789,51.135047912597656,1.427423357963562,1.4099082946777344,0.7296189069747925,0.5985044836997986,0.6223492622375488,12.155820846557617
173.89999389648438,173.89999389648438,162.60000610351562,103.4000015258789,175.5,163.8000030517578,92.0,93.69999694824219,107.69999694824219,69.19999694824219,119.19999694824219,102.5,75.30000305175781,118.0,83.69999694824219,52.428977966308594,1.3948719501495361,1.3933123350143433,0.7191909551620483,0.6025799512863159,0.622198224067688,9.599886894226074
173.1999969482422,175.39999389648438,167.10000610351562,102.9000015258789,174.10000610351562,164.3000030517578,94.4000015258789,91.69999694824219,111.0,70.0999984741211,118.5999984741211,103.5,78.19999694824219,117.0,82.0,51.46611022949219,1.4033206701278687,1.4077826738357544,0.723548948764801,0.6020799875259399,0.6309109330177307,11.964402198791504
173.8000030517578,175.8000030517578,168.10000610351562,104.30000305175781,174.3000030517578,161.5,93.80000305175781,92.80000305175781,108.80000305175781,69.5999984741211,119.4000015258789,105.0,76.30000305175781,117.80000305175781,83.80000305175781,52.94500732421875,1.4243481159210205,1.4071568250656128,0.7299284934997559,0.5972510576248169,0.6248211860656738,10.794904708862305
173.1999969482422,175.10000610351562,165.1999969482422,103.30000305175781,176.10000610351562,166.1999969482422,94.4000015258789,91.30000305175781,107.0999984741211,70.30000305175781,117.0,103.9000015258789,75.30000305175781,116.0,85.5999984741211,50.603050231933594,1.3852769136428833,1.4066134691238403,0.729325532913208,0.6127107739448547,0.6307993531227112,9.74059772491455
175.0,174.3000030517578,162.3000030517578,103.5999984741211,175.10000610351562,162.1999969482422,91.5999984741211,94.30000305175781,110.0999984741211,69.5999984741211,118.0,105.0,75.0,120.5999984741211,83.9000015258789,54.704654693603516,1.4128913879394531,1.391576886177063,0.709252655506134,0.5936508774757385,0.6186042428016663,10.059823989868164
173.0,175.1999969482422,163.3000030517578,104.5,175.8000030517578,164.0,93.69999694824219,92.5,111.0999984741211,70.30000305175781,117.0999984741211,105.30000305175781,78.0999984741211,116.30000305175781,85.0,51.51847457885742,1.4135894775390625,1.4194914102554321,0.7160501480102539,0.5974478721618652,0.6290174722671509,11.239800453186035
174.0,175.39999389648438,166.1999969482422,103.80000305175781,176.3000030517578,166.5,94.4000015258789,91.0999984741211,111.0,69.80000305175781,117.19999694824219,105.19999694824219,77.0999984741211,114.4000015258789,88.0999984741211,51.41424560546875,1.4111663103103638,1.4110699892044067,0.7188332080841064,0.6032555103302002,0.6256079077720642,11.207608222961426
175.60000610351562,173.3000030517578,165.39999389648438,102.5,173.3000030517578,164.89999389648438,94.0,92.5,112.5,69.69999694824219,118.4000015258789,104.80000305175781,77.19999694824219,118.9000015258789,83.0,55.21171951293945,1.443185567855835,1.4082947969436646,0.7227258086204529,0.5969293117523193,0.6238137483596802,11.84876823425293
174.10000610351562,175.1999969482422,165.89999389648438,102.80000305175781,173.6999969482422,164.6999969482422,93.0,92.80000305175781,111.4000015258789,69.4000015258789,118.5,104.5,76.80000305175781,116.0999984741211,85.0,51.65000534057617,1.4035078287124634,1.4206862449645996,0.7137715816497803,0.5922878980636597,0.6251675486564636,11.190131187438965
173.89999389648438,175.8000030517578,169.6999969482422,102.69999694824219,173.1999969482422,160.10000610351562,93.30000305175781,94.9000015258789,109.0,69.69999694824219,120.9000015258789,104.69999694824219,77.19999694824219,120.80000305175781,83.0,52.75788116455078,1.434577465057373,1.4004513025283813,0.7285011410713196,0.5908438563346863,0.6099662780761719,11.55764389038086
174.89999389648438,175.39999389648438,169.8000030517578,103.69999694824219,174.0,161.89999389648438,93.80000305175781,94.9000015258789,109.69999694824219,70.5,119.69999694824219,106.0,77.5,118.19999694824219,86.4000015258789,52.279781341552734,1.4414561986923218,1.4108144044876099,0.7229512929916382,0.5964989066123962,0.6137442588806152,11.208596229553223
175.3000030517578,175.0,168.8000030517578,103.19999694824219,174.6999969482422,165.1999969482422,93.5999984741211,93.5,108.30000305175781,68.9000015258789,120.80000305175781,105.4000015258789,78.0,113.5999984741211,87.69999694824219,53.0311279296875,1.433907151222229,1.4179799556732178,0.725149393081665,0.6010746359825134,0.624703049659729,13.17645263671875
174.39999389648438,175.10000610351562,170.1999969482422,103.0,174.5,163.0,94.30000305175781,92.69999694824219,111.0999984741211,68.30000305175781,120.80000305175781,103.80000305175781,77.19999694824219,115.69999694824219,84.5,52.11316680908203,1.41795015335083,1.4146922826766968,0.724979817867279,0.599022626876831,0.6178334951400757,12.861652374267578
173.0,175.1999969482422,169.6999969482422,103.4000015258789,175.10000610351562,160.3000030517578,93.5,93.5,107.19999694824219,68.4000015258789,121.0999984741211,102.5999984741211,77.9000015258789,120.4000015258789,78.19999694824219,51.05427551269531,1.4087886810302734,1.4081095457077026,0.73823082447052,0.6086647510528564,0.6272720098495483,13.322038650512695
175.1999969482422,175.1999969482422,166.89999389648438,104.0999984741211,175.5,165.10000610351562,94.30000305175781,92.30000305175781,111.9000015258789,69.5,117.5,106.69999694824219,76.69999694824219,115.69999694824219,87.30000305175781,50.80284118652344,1.4068043231964111,1.4164115190505981,0.7157058119773865,0.5988425612449646,0.6203482747077942,11.205720901489258
172.6999969482422,175.3000030517578,165.39999389648438,104.0999984741211,177.0,166.3000030517578,93.4000015258789,92.5999984741211,110.19999694824219,69.30000305175781,117.5,106.0,76.30000305175781,112.9000015258789,87.19999694824219,51.29636764526367,1.4108049869537354,1.4070669412612915,0.7162328958511353,0.5999236702919006,0.6303501129150391,10.854650497436523
174.3000030517578,175.89999389648438,167.0,104.0999984741211,174.5,161.6999969482422,93.80000305175781,93.19999694824219,110.5999984741211,69.19999694824219,119.0,106.19999694824219,75.69999694824219,119.4000015258789,83.69999694824219,52.29159164428711,1.413097858428955,1.4050509929656982,0.7213093638420105,0.59730064868927,0.6216727495193481,11.033516883850098
175.1999969482422,174.60000610351562,168.60000610351562,104.5,175.5,164.5,93.30000305175781,94.19999694824219,111.4000015258789,68.30000305175781,121.0999984741211,105.30000305175781,78.0,115.80000305175781,85.9000015258789,54.326446533203125,1.452391266822815,1.4119030237197876,0.7215654253959656,0.5937133431434631,0.6261748671531677,13.707650184631348
177.39999389648438,175.89999389648438,170.1999969482422,107.80000305175781,175.6999969482422,161.10000610351562,93.9000015258789,92.80000305175781,110.19999694824219,68.69999694824219,121.69999694824219,104.0,77.4000015258789,116.5999984741211,86.0,54.22780990600586,1.4487173557281494,1.423327088356018,0.727945864200592,0.607379138469696,0.6399452686309814,13.301324844360352
177.0,177.3000030517578,171.8000030517578,109.30000305175781,178.1999969482422,166.3000030517578,96.5999984741211,89.69999694824219,111.0999984741211,69.9000015258789,117.80000305175781,106.0999984741211,79.0999984741211,111.69999694824219,89.19999694824219,51.82860565185547,1.4206242561340332,1.432990550994873,0.7285918593406677,0.6145144701004028,0.6460328102111816,14.326614379882812
179.6999969482422,178.3000030517578,173.8000030517578,112.30000305175781,176.3000030517578,165.89999389648438,97.30000305175781,90.0999984741211,110.5999984741211,69.0,117.9000015258789,106.69999694824219,76.0999984741211,115.0999984741211,84.19999694824219,52.832340240478516,1.444928526878357,1.4092024564743042,0.7296332716941833,0.6162519454956055,0.6571196913719177,14.04047966003418
173.10000610351562,178.8000030517578,175.5,124.30000305175781,179.8000030517578,178.3000030517578,110.19999694824219,77.80000305175781,107.0,73.9000015258789,112.4000015258789,102.19999694824219,81.30000305175781,108.4000015258789,86.69999694824219,52.36310958862305,1.4298139810562134,1.4422309398651123,0.7889029383659363,0.6640574932098389,0.6953395009040833,17.10601043701172
174.89999389648438,174.10000610351562,180.0,128.0,176.39999389648438,172.6999969482422,112.0999984741211,76.4000015258789,112.5999984741211,77.30000305175781,114.30000305175781,100.4000015258789,83.5999984741211,111.0999984741211,90.0,48.655094146728516,1.4045922756195068,1.4582809209823608,0.8020960092544556,0.6646095514297485,0.7036688327789307,16.61935043334961
176.5,174.1999969482422,175.8000030517578,132.8000030517578,179.3000030517578,177.0,115.0999984741211,71.0999984741211,109.19999694824219,75.30000305175781,110.9000015258789,103.19999694824219,83.80000305175781,107.5,84.69999694824219,47.44231033325195,1.417959213256836,1.443886160850525,0.8049952983856201,0.6626712083816528,0.6931579113006592,18.38222885131836
174.10000610351562,177.89999389648438,175.8000030517578,129.89999389648438,179.10000610351562,178.60000610351562,114.5,72.80000305175781,98.5,76.19999694824219,112.0999984741211,97.69999694824219,83.5999984741211,108.9000015258789,84.9000015258789,49.763309478759766,1.4153776168823242,1.437749981880188,0.8236516118049622,0.68535977602005,0.6990017294883728,18.351730346679688
179.60000610351562,172.5,178.39999389648438,127.69999694824219,176.39999389648438,168.39999389648438,111.5999984741211,74.30000305175781,120.4000015258789,76.0,112.30000305175781,106.19999694824219,83.0,110.30000305175781,91.30000305175781,47.18722152709961,1.388438105583191,1.4492442607879639,0.7796779870986938,0.6554465889930725,0.7098854184150696,17.5921573638916
177.5,172.8000030517578,179.1999969482422,129.0,176.6999969482422,169.6999969482422,114.9000015258789,76.9000015258789,120.9000015258789,75.5999984741211,115.19999694824219,102.0999984741211,81.9000015258789,109.69999694824219,92.5,49.71783447265625,1.3863532543182373,1.4265574216842651,0.8316118121147156,0.6635770797729492,0.7023962140083313,17.788801193237305
179.89999389648438,172.60000610351562,180.0,125.4000015258789,177.3000030517578,168.0,109.19999694824219,77.19999694824219,118.4000015258789,72.9000015258789,115.5999984741211,103.4000015258789,80.4000015258789,110.19999694824219,89.9000015258789,50.1905403137207,1.4106882810592651,1.427207589149475,0.7738090753555298,0.6500428318977356,0.7015069723129272,18.209754943847656
179.5,173.8000030517578,177.10000610351562,126.5,178.60000610351562,176.60000610351562,111.80000305175781,74.5,112.5999984741211,75.4000015258789,113.0,100.9000015258789,82.5,110.0999984741211,86.9000015258789,47.72166061401367,1.410751223564148,1.446503758430481,0.7919278740882874,0.6668017506599426,0.6986838579177856,17.46060562133789
179.3000030517578,175.3000030517578,176.1999969482422,124.9000015258789,178.60000610351562,175.8000030517578,108.30000305175781,77.69999694824219,107.0999984741211,73.5999984741211,114.19999694824219,99.0999984741211,80.9000015258789,110.5999984741211,89.0,48.25296401977539,1.4027482271194458,1.4370847940444946,0.7834702134132385,0.6689066886901855,0.6890663504600525,17.197961807250977
177.5,172.6999969482422,179.0,122.5999984741211,178.39999389648438,170.0,105.69999694824219,79.30000305175781,113.80000305175781,72.69999694824219,115.0,103.9000015258789,79.9000015258789,111.69999694824219,85.5999984741211,47.20967102050781,1.393109679222107,1.4374090433120728,0.7612736821174622,0.645422101020813,0.7007415890693665,16.7846622467041
177.0,176.3000030517578,167.5,109.5999984741211,173.89999389648438,166.6999969482422,96.4000015258789,86.9000015258789,111.0999984741211,70.9000015258789,116.0,102.30000305175781,76.80000305175781,121.19999694824219,79.0999984741211,52.97602462768555,1.4342281818389893,1.4201762676239014,0.7313575744628906,0.6165310740470886,0.6678972840309143,12.560215950012207
