150.60000610351562,136.60000610351562,133.10000610351562,158.3000030517578,24.700000762939453,164.89999389648438,174.8000030517578,3.0,171.5,176.5,17.899999618530273,177.89999389648438,176.0,176.8000030517578,176.89999389648438,38.888084411621094,1.0609073638916016,1.007707118988037,0.9636430740356445,0.9950359463691711,1.613561749458313,46.130489349365234
151.1999969482422,136.6999969482422,135.6999969482422,158.6999969482422,28.899999618530273,160.60000610351562,174.8000030517578,4.699999809265137,167.3000030517578,174.60000610351562,18.899999618530273,178.39999389648438,175.0,176.8000030517578,177.89999389648438,37.97346496582031,1.054155945777893,1.0183848142623901,0.9751042723655701,1.0064018964767456,1.6240736246109009,44.461734771728516
151.60000610351562,137.3000030517578,132.60000610351562,158.89999389648438,25.899999618530273,163.89999389648438,174.60000610351562,4.699999809265137,167.10000610351562,175.6999969482422,16.600000381469727,179.10000610351562,176.6999969482422,176.0,179.3000030517578,40.823692321777344,1.0520529747009277,0.9974533319473267,0.9671724438667297,0.9882780313491821,1.6133463382720947,46.00716781616211
152.5,136.89999389648438,131.89999389648438,159.39999389648438,25.399999618530273,162.8000030517578,174.6999969482422,3.5999999046325684,169.5,175.5,18.799999237060547,178.1999969482422,175.0,176.3000030517578,176.8000030517578,42.72347640991211,1.0357633829116821,0.9718265533447266,0.9639297723770142,0.9745462536811829,1.6132175922393799,45.236385345458984
151.6999969482422,136.3000030517578,133.60000610351562,157.89999389648438,25.0,165.0,174.5,3.700000047683716,170.6999969482422,177.39999389648438,17.399999618530273,179.10000610351562,174.10000610351562,176.1999969482422,176.89999389648438,41.026763916015625,1.0538523197174072,0.9702277183532715,0.960603654384613,0.989048182964325,1.612837314605713,44.382484436035156
151.89999389648438,137.5,129.1999969482422,153.3000030517578,27.399999618530273,165.10000610351562,174.1999969482422,3.9000000953674316,168.0,177.5,15.300000190734863,179.39999389648438,175.0,177.10000610351562,179.89999389648438,43.69084167480469,1.0428287982940674,0.9555171132087708,0.9416016340255737,0.9255525469779968,1.5891562700271606,47.87343215942383
152.60000610351562,136.60000610351562,128.60000610351562,152.89999389648438,26.700000762939453,167.8000030517578,175.1999969482422,3.4000000953674316,167.39999389648438,179.8000030517578,15.0,179.60000610351562,174.0,176.60000610351562,175.1999969482422,46.90388488769531,1.034873127937317,0.9170014262199402,0.9146910905838013,0.945136308670044,1.5843875408172607,47.22957229614258
153.8000030517578,135.6999969482422,124.9000015258789,154.89999389648438,24.600000381469727,167.10000610351562,176.60000610351562,0.5,169.6999969482422,178.6999969482422,17.100000381469727,178.0,175.0,175.60000610351562,175.0,47.70487976074219,1.0062791109085083,0.9018871784210205,0.8990030288696289,0.9175466299057007,1.5754520893096924,48.65168762207031
156.0,134.10000610351562,118.19999694824219,155.89999389648438,20.5,173.3000030517578,175.1999969482422,2.5,171.5,179.8000030517578,13.100000381469727,176.60000610351562,174.39999389648438,176.89999389648438,176.1999969482422,46.3759880065918,0.9646329283714294,0.9089881181716919,0.9092176556587219,0.9363153576850891,1.5778014659881592,48.68291091918945
156.60000610351562,135.0,117.19999694824219,154.0,20.399999618530273,174.5,174.0,1.899999976158142,168.5,176.60000610351562,10.399999618530273,173.3000030517578,174.8000030517578,175.89999389648438,172.8000030517578,43.81389617919922,0.9789361953735352,0.912850022315979,0.9086388945579529,0.9168620109558105,1.5402640104293823,49.47801971435547
157.1999969482422,133.10000610351562,117.0,150.10000610351562,25.399999618530273,172.10000610351562,172.89999389648438,5.099999904632568,167.89999389648438,174.8000030517578,7.900000095367432,173.0,174.8000030517578,176.6999969482422,176.0,46.08636474609375,0.9766248464584351,0.9062105417251587,0.916765570640564,0.9341122508049011,1.555781364440918,49.36769104003906
158.1999969482422,130.3000030517578,117.4000015258789,150.5,26.299999237060547,168.5,171.89999389648438,4.800000190734863,168.60000610351562,175.5,10.899999618530273,173.5,175.1999969482422,176.5,175.6999969482422,42.99802017211914,0.9732826948165894,0.9625179767608643,0.9705997109413147,0.9959597587585449,1.554819107055664,47.59431838989258
159.39999389648438,129.89999389648438,116.0999984741211,150.1999969482422,25.799999237060547,167.10000610351562,170.89999389648438,4.099999904632568,168.6999969482422,175.6999969482422,10.199999809265137,172.8000030517578,175.39999389648438,176.5,178.60000610351562,42.58776092529297,0.9723482131958008,0.9742470383644104,0.9800935387611389,1.0023980140686035,1.5600776672363281,46.637367248535156
155.60000610351562,133.3000030517578,123.80000305175781,152.1999969482422,28.0,165.89999389648438,171.60000610351562,5.099999904632568,173.1999969482422,177.8000030517578,12.899999618530273,176.10000610351562,173.5,177.3000030517578,174.0,42.237037658691406,1.0185316801071167,0.9460627436637878,0.9588615894317627,0.9803334474563599,1.5872297286987305,45.23813247680664
153.1999969482422,139.60000610351562,134.1999969482422,153.0,29.700000762939453,167.0,171.3000030517578,9.800000190734863,163.6999969482422,180.0,9.0,173.5,175.0,178.89999389648438,175.8000030517578,44.02632522583008,1.0923324823379517,0.9583027362823486,0.9692808985710144,0.9334895014762878,1.6046782732009888,43.44767761230469
151.6999969482422,137.89999389648438,133.0,150.6999969482422,27.700000762939453,168.89999389648438,173.8000030517578,6.099999904632568,167.39999389648438,178.0,14.300000190734863,176.6999969482422,173.6999969482422,178.8000030517578,173.8000030517578,45.0676155090332,1.0638799667358398,0.9142899513244629,0.9310564398765564,0.9588491916656494,1.6138169765472412,42.374393463134766
151.10000610351562,137.1999969482422,134.5,152.0,26.200000762939453,170.10000610351562,174.3000030517578,5.300000190734863,167.1999969482422,178.0,16.899999618530273,176.8000030517578,173.3000030517578,178.8000030517578,174.39999389648438,44.021995544433594,1.0565251111984253,0.9203557968139648,0.9391863346099854,0.9903048872947693,1.6115065813064575,42.25016784667969
151.0,138.1999969482422,133.6999969482422,153.1999969482422,22.799999237060547,173.3000030517578,174.89999389648438,4.699999809265137,167.5,176.1999969482422,16.200000762939453,173.10000610351562,173.89999389648438,177.60000610351562,174.0,41.61774444580078,1.061267614364624,0.9388037919998169,0.9439181089401245,1.0017341375350952,1.614942193031311,41.622093200683594
151.3000030517578,137.10000610351562,134.10000610351562,153.6999969482422,25.299999237060547,169.3000030517578,175.10000610351562,3.799999952316284,169.10000610351562,177.8000030517578,17.899999618530273,178.5,173.1999969482422,179.0,174.1999969482422,44.4998779296875,1.0593713521957397,0.9247347116470337,0.9379072785377502,0.9821245074272156,1.6137784719467163,42.881046295166016
150.10000610351562,136.8000030517578,129.89999389648438,153.10000610351562,24.399999618530273,169.6999969482422,174.10000610351562,5.5,169.1999969482422,176.1999969482422,17.600000381469727,174.3000030517578,172.60000610351562,178.3000030517578,173.6999969482422,42.832462310791016,1.03233003616333,0.9392253160476685,0.939245343208313,1.0146985054016113,1.6232147216796875,42.6900749206543
150.3000030517578,138.10000610351562,129.8000030517578,152.8000030517578,26.700000762939453,167.0,172.89999389648438,6.800000190734863,168.3000030517578,179.5,13.699999809265137,175.1999969482422,172.1999969482422,178.3000030517578,172.1999969482422,43.21114730834961,1.0509427785873413,0.9369875192642212,0.934867799282074,0.9856012463569641,1.618249773979187,43.43091583251953
150.6999969482422,135.39999389648438,131.1999969482422,152.60000610351562,26.600000381469727,164.6999969482422,173.8000030517578,4.400000095367432,170.60000610351562,178.5,17.299999237060547,178.6999969482422,172.60000610351562,176.89999389648438,171.8000030517578,43.59851837158203,1.0357530117034912,0.9488478302955627,0.9372739195823669,0.9982799887657166,1.6189165115356445,43.4112663269043
149.8000030517578,137.5,129.0,152.6999969482422,24.299999237060547,170.10000610351562,173.3000030517578,6.400000095367432,171.5,178.89999389648438,13.0,173.6999969482422,172.3000030517578,177.89999389648438,172.0,42.62599182128906,1.0321319103240967,0.9389978647232056,0.9250038862228394,0.9992161989212036,1.6117974519729614,41.84358596801758
149.89999389648438,136.6999969482422,129.39999389648438,152.5,24.5,168.89999389648438,173.8000030517578,5.599999904632568,170.39999389648438,177.8000030517578,16.0,174.89999389648438,172.0,177.5,172.8000030517578,44.091121673583984,1.0211689472198486,0.9280214309692383,0.9236958026885986,0.9947980046272278,1.6095637083053589,42.763671875
150.5,136.60000610351562,128.0,153.6999969482422,24.700000762939453,168.89999389648438,172.39999389648438,6.900000095367432,168.8000030517578,179.10000610351562,11.0,173.5,172.0,176.5,173.60000610351562,43.999664306640625,1.0181405544281006,0.921627402305603,0.9083544015884399,0.9727254509925842,1.5960925817489624,43.91150665283203
151.3000030517578,134.6999969482422,129.10000610351562,152.6999969482422,27.600000381469727,165.3000030517578,172.39999389648438,6.300000190734863,170.1999969482422,179.6999969482422,13.100000381469727,177.3000030517578,171.39999389648438,175.3000030517578,173.3000030517578,46.43252182006836,1.0044395923614502,0.9075291752815247,0.9020853042602539,0.9423982501029968,1.5840036869049072,44.846153259277344
150.6999969482422,134.39999389648438,129.6999969482422,155.0,24.799999237060547,166.0,173.10000610351562,4.199999809265137,171.8000030517578,179.5,15.100000381469727,179.5,169.1999969482422,173.10000610351562,175.10000610351562,46.228145599365234,0.9892843961715698,0.8979335427284241,0.8931453824043274,0.9309588074684143,1.5842245817184448,45.06847381591797
150.39999389648438,136.10000610351562,128.60000610351562,153.39999389648438,24.100000381469727,169.60000610351562,172.6999969482422,4.199999809265137,172.60000610351562,179.89999389648438,14.5,179.10000610351562,166.89999389648438,173.39999389648438,178.3000030517578,45.07892990112305,0.9996935129165649,0.8977847695350647,0.8786542415618896,0.9226937890052795,1.5828094482421875,46.82767105102539
150.8000030517578,135.89999389648438,130.0,154.6999969482422,23.700000762939453,167.5,173.60000610351562,1.600000023841858,172.89999389648438,179.6999969482422,17.600000381469727,178.6999969482422,166.8000030517578,173.6999969482422,176.1999969482422,45.79363250732422,1.001404881477356,0.9013710618019104,0.8925831913948059,0.9135288000106812,1.5659962892532349,47.57803726196289
151.60000610351562,135.1999969482422,130.0,154.6999969482422,24.799999237060547,167.6999969482422,172.89999389648438,2.9000000953674316,173.10000610351562,179.8000030517578,17.299999237060547,178.3000030517578,167.10000610351562,173.5,176.5,46.45520782470703,0.9917888045310974,0.89272141456604,0.8887989521026611,0.90218186378479,1.5656261444091797,46.75243377685547
151.60000610351562,135.0,128.5,153.1999969482422,27.0,166.8000030517578,172.60000610351562,4.5,174.10000610351562,179.1999969482422,16.299999237060547,177.6999969482422,167.60000610351562,174.10000610351562,175.8000030517578,46.06292724609375,0.9883437752723694,0.8898336291313171,0.8877044320106506,0.9008340835571289,1.5727252960205078,45.0242805480957
151.3000030517578,136.39999389648438,129.3000030517578,155.0,26.200000762939453,165.10000610351562,171.5,5.199999809265137,165.5,179.39999389648438,15.300000190734863,178.89999389648438,168.0,174.60000610351562,177.89999389648438,46.70358657836914,1.0013959407806396,0.9125415086746216,0.9015523195266724,0.9035419821739197,1.5648610591888428,45.64912414550781
151.89999389648438,135.10000610351562,128.89999389648438,154.89999389648438,25.200000762939453,165.6999969482422,171.6999969482422,5.199999809265137,171.3000030517578,178.6999969482422,13.899999618530273,179.39999389648438,168.39999389648438,174.10000610351562,175.8000030517578,43.29818344116211,1.001573920249939,0.9112619757652283,0.8989854454994202,0.9085386395454407,1.5632089376449585,45.41324996948242
151.0,136.1999969482422,129.5,156.1999969482422,23.5,166.1999969482422,172.1999969482422,4.099999904632568,167.5,178.8000030517578,16.0,177.5,168.0,175.0,177.39999389648438,42.40378952026367,1.0116430521011353,0.9241228103637695,0.910220205783844,0.9081705808639526,1.56764554977417,45.46056365966797
150.1999969482422,136.60000610351562,132.0,155.1999969482422,21.299999237060547,173.0,171.0,6.900000095367432,168.39999389648438,179.3000030517578,12.399999618530273,173.39999389648438,167.5,175.39999389648438,175.10000610351562,39.00040054321289,1.0311166048049927,0.943469762802124,0.9281759262084961,0.956923246383667,1.585637092590332,42.99413299560547
150.60000610351562,136.3000030517578,129.8000030517578,154.10000610351562,22.5,172.0,170.8000030517578,7.400000095367432,169.60000610351562,179.1999969482422,10.399999618530273,171.10000610351562,166.60000610351562,175.89999389648438,173.3000030517578,39.04087829589844,1.019698143005371,0.9270292520523071,0.9092295169830322,0.949714183807373,1.5830342769622803,42.944271087646484
150.10000610351562,136.6999969482422,129.6999969482422,155.6999969482422,25.600000381469727,164.3000030517578,170.6999969482422,7.099999904632568,168.8000030517578,178.8000030517578,13.699999809265137,176.39999389648438,167.8000030517578,175.5,176.5,40.92612838745117,1.0218085050582886,0.9287275671958923,0.9242085218429565,0.945925772190094,1.599611759185791,43.168453216552734
149.5,137.39999389648438,134.0,151.0,28.799999237060547,167.6999969482422,171.1999969482422,10.100000381469727,167.89999389648438,179.60000610351562,9.600000381469727,173.39999389648438,170.6999969482422,174.39999389648438,175.1999969482422,45.68038558959961,1.034287452697754,0.8779010772705078,0.8833568096160889,0.9345515370368958,1.5734375715255737,41.90371322631836
148.5,139.0,132.89999389648438,151.1999969482422,30.399999618530273,163.0,169.6999969482422,10.800000190734863,168.10000610351562,178.39999389648438,9.0,174.39999389648438,168.10000610351562,175.89999389648438,173.60000610351562,41.50566482543945,1.0448157787322998,0.8951506614685059,0.903668224811554,0.9269957542419434,1.5769058465957642,42.53071212768555
150.10000610351562,138.89999389648438,131.6999969482422,150.60000610351562,26.0,174.3000030517578,169.0,12.5,167.6999969482422,179.10000610351562,6.300000190734863,166.0,170.60000610351562,175.3000030517578,177.3000030517578,43.341575622558594,1.0341053009033203,0.9061645269393921,0.9038315415382385,0.9687768220901489,1.5766175985336304,41.0074348449707
149.89999389648438,137.8000030517578,133.0,152.0,27.299999237060547,170.6999969482422,170.10000610351562,11.0,165.3000030517578,179.10000610351562,9.399999618530273,170.1999969482422,170.0,176.10000610351562,176.60000610351562,42.71357345581055,1.0302146673202515,0.9006908535957336,0.9071494340896606,0.9319330453872681,1.571004033088684,43.05527114868164
149.8000030517578,137.8000030517578,133.89999389648438,150.39999389648438,23.799999237060547,179.89999389648438,171.8000030517578,10.399999618530273,165.6999969482422,177.60000610351562,9.199999809265137,168.3000030517578,171.1999969482422,176.6999969482422,176.10000610351562,46.68598556518555,1.0270302295684814,0.8687607645988464,0.8876012563705444,0.9102528095245361,1.528844952583313,41.899314880371094
150.1999969482422,138.39999389648438,129.3000030517578,151.5,31.200000762939453,166.3000030517578,168.89999389648438,13.600000381469727,165.0,179.89999389648438,8.699999809265137,170.0,169.1999969482422,175.6999969482422,176.6999969482422,44.68136215209961,1.0194905996322632,0.8889870643615723,0.9077466726303101,0.9396126866340637,1.5810867547988892,42.44377899169922
151.3000030517578,138.0,131.6999969482422,151.8000030517578,29.899999618530273,167.8000030517578,170.60000610351562,11.0,162.1999969482422,179.0,10.399999618530273,173.5,171.10000610351562,175.89999389648438,178.10000610351562,45.901859283447266,1.0204240083694458,0.8818775415420532,0.8978621959686279,0.8890367150306702,1.5502063035964966,44.61699295043945
150.8000030517578,139.1999969482422,128.5,151.6999969482422,28.799999237060547,170.60000610351562,169.6999969482422,13.300000190734863,165.39999389648438,178.60000610351562,8.899999618530273,166.89999389648438,170.6999969482422,176.8000030517578,175.39999389648438,45.02383041381836,1.0261424779891968,0.8889259099960327,0.9039113521575928,0.953267514705658,1.5806070566177368,42.310447692871094
151.0,139.5,130.3000030517578,149.6999969482422,29.5,169.1999969482422,170.3000030517578,11.399999618530273,163.1999969482422,179.8000030517578,9.600000381469727,171.0,171.6999969482422,177.89999389648438,174.60000610351562,46.38856506347656,1.027226209640503,0.8667794466018677,0.8808812499046326,0.8867989778518677,1.532544732093811,44.27016067504883
151.3000030517578,139.1999969482422,129.0,149.6999969482422,26.799999237060547,174.0,170.8000030517578,11.699999809265137,162.5,178.10000610351562,9.699999809265137,167.39999389648438,172.39999389648438,178.39999389648438,177.5,47.906394958496094,1.0120915174484253,0.8478690385818481,0.8771417737007141,0.8967433571815491,1.5317996740341187,41.89375686645508
151.1999969482422,139.3000030517578,129.10000610351562,148.89999389648438,29.799999237060547,171.5,169.10000610351562,14.399999618530273,161.0,179.89999389648438,8.600000381469727,166.60000610351562,171.10000610351562,179.6999969482422,178.8000030517578,46.55768585205078,1.0252833366394043,0.8671067357063293,0.8849785923957825,0.9201450347900391,1.5491043329238892,41.84761047363281
150.89999389648438,140.1999969482422,129.3000030517578,150.0,26.399999618530273,175.0,169.8000030517578,13.699999809265137,160.6999969482422,178.39999389648438,8.399999618530273,161.60000610351562,170.6999969482422,179.60000610351562,179.6999969482422,44.08494567871094,1.0325027704238892,0.873368501663208,0.8957050442695618,0.9327762126922607,1.5450100898742676,40.62002182006836
151.3000030517578,140.1999969482422,128.3000030517578,149.10000610351562,29.100000381469727,171.60000610351562,168.89999389648438,14.0,160.6999969482422,178.89999389648438,8.600000381469727,164.6999969482422,171.5,179.1999969482422,177.60000610351562,46.10774230957031,1.0272012948989868,0.8698001503944397,0.8968015909194946,0.9262722134590149,1.543487787246704,40.45066833496094
151.5,139.89999389648438,130.6999969482422,151.0,27.600000381469727,172.10000610351562,169.10000610351562,14.0,161.5,178.3000030517578,8.5,162.8000030517578,170.0,178.39999389648438,179.39999389648438,42.083160400390625,1.0369030237197876,0.8896188735961914,0.9113777875900269,0.9319254755973816,1.5485987663269043,39.09015655517578
152.10000610351562,139.5,129.3000030517578,151.6999969482422,28.0,169.10000610351562,168.60000610351562,12.5,163.0,178.8000030517578,11.100000381469727,168.1999969482422,170.39999389648438,179.39999389648438,177.60000610351562,44.87763214111328,1.0332224369049072,0.8838739395141602,0.8996816277503967,0.9091713428497314,1.5504825115203857,42.170066833496094
152.0,140.0,129.39999389648438,151.39999389648438,28.0,170.60000610351562,169.1999969482422,12.5,164.5,179.10000610351562,9.699999809265137,164.8000030517578,171.10000610351562,179.0,178.60000610351562,43.486900329589844,1.0377355813980103,0.8868259787559509,0.9020214080810547,0.9171058535575867,1.5575059652328491,43.007747650146484
151.5,139.8000030517578,129.8000030517578,150.10000610351562,29.100000381469727,170.89999389648438,169.0,11.899999618530273,165.1999969482422,179.0,10.5,167.1999969482422,170.89999389648438,178.8000030517578,179.39999389648438,45.088741302490234,1.033864974975586,0.8840962052345276,0.900146484375,0.9171714186668396,1.5529667139053345,42.6027946472168
151.5,139.60000610351562,131.8000030517578,149.3000030517578,33.29999923706055,164.0,168.10000610351562,13.600000381469727,162.8000030517578,178.8000030517578,7.699999809265137,167.3000030517578,171.6999969482422,179.60000610351562,177.0,43.68781280517578,1.041155219078064,0.8926116228103638,0.9087948203086853,0.9035517573356628,1.546806812286377,41.75825500488281
150.60000610351562,140.1999969482422,129.8000030517578,149.6999969482422,26.0,176.0,169.1999969482422,13.600000381469727,161.5,177.1999969482422,5.900000095367432,156.8000030517578,171.6999969482422,179.6999969482422,178.1999969482422,44.10798263549805,1.0405925512313843,0.8872954249382019,0.9093542098999023,0.9605746269226074,1.5518032312393188,39.258052825927734
150.89999389648438,139.89999389648438,129.60000610351562,150.5,26.700000762939453,173.60000610351562,169.6999969482422,13.399999618530273,162.39999389648438,177.3000030517578,4.800000190734863,157.1999969482422,171.1999969482422,179.8000030517578,178.0,44.3671989440918,1.0322859287261963,0.9011011123657227,0.9064722657203674,0.9673001170158386,1.5654269456863403,40.4192008972168
150.5,138.39999389648438,130.1999969482422,151.3000030517578,25.799999237060547,171.3000030517578,170.1999969482422,12.800000190734863,163.39999389648438,179.60000610351562,7.900000095367432,164.5,171.5,177.3000030517578,175.10000610351562,44.1904411315918,1.0306447744369507,0.9064263105392456,0.9121896028518677,1.0144373178482056,1.585281491279602,38.59653854370117
150.5,139.8000030517578,130.10000610351562,151.1999969482422,24.700000762939453,175.5,169.5,11.699999809265137,166.60000610351562,178.1999969482422,5.0,158.39999389648438,171.1999969482422,178.8000030517578,176.89999389648438,40.94792556762695,1.0429071187973022,0.9233858585357666,0.9198384881019592,0.9859125018119812,1.575738787651062,39.03093338012695
149.6999969482422,139.39999389648438,132.89999389648438,153.10000610351562,20.0,179.89999389648438,172.5,8.0,164.89999389648438,176.60000610351562,12.300000190734863,169.10000610351562,173.0,176.89999389648438,177.8000030517578,43.610992431640625,1.0397729873657227,0.9169754385948181,0.9201091527938843,0.9480034708976746,1.559471845626831,40.73630905151367
150.89999389648438,137.3000030517578,130.0,152.39999389648438,25.200000762939453,171.6999969482422,170.0,11.199999809265137,165.10000610351562,178.39999389648438,9.0,164.10000610351562,170.89999389648438,178.5,176.39999389648438,42.84465789794922,1.0146591663360596,0.912466287612915,0.9186528921127319,1.002724528312683,1.5783134698867798,37.83460998535156
151.60000610351562,136.89999389648438,130.89999389648438,152.1999969482422,28.899999618530273,166.10000610351562,168.89999389648438,10.399999618530273,165.0,179.5,10.600000381469727,171.39999389648438,172.3000030517578,177.39999389648438,176.5,44.17547607421875,1.0323264598846436,0.9194255471229553,0.9164480566978455,0.9491624236106873,1.5697004795074463,41.06294250488281
151.1999969482422,137.8000030517578,130.10000610351562,153.10000610351562,25.200000762939453,167.3000030517578,170.60000610351562,7.900000095367432,167.60000610351562,179.3000030517578,14.0,173.60000610351562,170.8000030517578,177.5,176.8000030517578,41.81012725830078,1.0245294570922852,0.9360101819038391,0.9270080924034119,0.9666311740875244,1.5785671472549438,38.67013168334961
150.60000610351562,136.6999969482422,132.3000030517578,157.6999969482422,20.600000381469727,171.10000610351562,172.60000610351562,6.0,167.5,178.10000610351562,18.700000762939453,175.5,170.5,178.3000030517578,175.1999969482422,37.78640365600586,1.0255239009857178,0.9524737000465393,0.9579203128814697,0.9983060956001282,1.5862970352172852,38.293087005615234
151.39999389648438,138.0,129.60000610351562,157.6999969482422,23.200000762939453,165.89999389648438,172.1999969482422,3.0999999046325684,171.3000030517578,176.6999969482422,17.100000381469727,175.3000030517578,172.39999389648438,175.0,178.89999389648438,39.317256927490234,1.0166034698486328,0.9637137651443481,0.9390783905982971,0.9562894701957703,1.5700706243515015,40.724727630615234
151.39999389648438,138.3000030517578,129.8000030517578,156.0,25.100000381469727,167.39999389648438,171.0,6.300000190734863,168.89999389648438,179.3000030517578,14.800000190734863,177.3000030517578,170.89999389648438,177.10000610351562,178.1999969482422,41.68809127807617,1.0262337923049927,0.9326901435852051,0.9326809644699097,0.9368980526924133,1.5743287801742554,40.8900260925293
149.8000030517578,137.39999389648438,129.60000610351562,156.8000030517578,24.200000762939453,166.6999969482422,170.8000030517578,6.5,170.1999969482422,177.8000030517578,16.200000762939453,173.6999969482422,169.5,177.3000030517578,177.60000610351562,39.97075653076172,1.0053684711456299,0.9366992115974426,0.9283522963523865,0.9670740365982056,1.5644876956939697,38.893184661865234
151.39999389648438,136.5,129.5,157.5,24.0,166.3000030517578,172.39999389648438,3.700000047683716,171.3000030517578,178.5,16.899999618530273,177.60000610351562,171.3000030517578,175.89999389648438,178.8000030517578,41.14447021484375,1.0105119943618774,0.9358677268028259,0.9170147180557251,0.938032865524292,1.5607012510299683,39.2398796081543
151.6999969482422,135.0,128.8000030517578,158.1999969482422,23.799999237060547,167.1999969482422,170.5,5.5,169.5,179.39999389648438,17.700000762939453,177.8000030517578,171.89999389648438,175.1999969482422,179.6999969482422,39.2745475769043,0.9999366998672485,0.9641014337539673,0.9435412287712097,0.9779493808746338,1.5708650350570679,38.43431091308594
152.6999969482422,134.0,127.80000305175781,156.39999389648438,25.700000762939453,165.3000030517578,170.89999389648438,3.0,169.5,178.60000610351562,19.200000762939453,178.3000030517578,171.8000030517578,175.60000610351562,176.60000610351562,42.1426887512207,0.973429799079895,0.9367830157279968,0.9290310740470886,0.934941291809082,1.5455095767974854,37.53309631347656
153.6999969482422,136.60000610351562,125.0999984741211,155.60000610351562,22.200000762939453,171.0,172.10000610351562,2.0999999046325684,171.10000610351562,179.60000610351562,16.200000762939453,176.60000610351562,171.60000610351562,176.39999389648438,176.39999389648438,41.58699417114258,1.0180106163024902,0.9591534733772278,0.9277669191360474,0.9354633688926697,1.5460537672042847,39.00162124633789
156.1999969482422,135.1999969482422,125.5999984741211,158.1999969482422,19.700000762939453,170.6999969482422,173.5,0.30000001192092896,169.5,179.89999389648438,19.5,178.3000030517578,173.6999969482422,175.3000030517578,173.39999389648438,42.29261779785156,1.0195257663726807,0.9670728445053101,0.9281798005104065,0.9425855875015259,1.5358211994171143,39.493099212646484
155.6999969482422,135.39999389648438,125.0999984741211,157.39999389648438,18.200000762939453,175.0,173.3000030517578,0.800000011920929,173.5,178.89999389648438,18.200000762939453,177.60000610351562,170.6999969482422,177.89999389648438,177.39999389648438,39.17198181152344,1.0326827764511108,0.9601764678955078,0.9267476201057434,0.9317984580993652,1.5267847776412964,39.53528594970703
154.3000030517578,136.5,126.0999984741211,156.8000030517578,20.0,171.8000030517578,174.6999969482422,0.699999988079071,170.5,179.89999389648438,20.200000762939453,178.1999969482422,170.5,176.5,176.10000610351562,42.15595626831055,1.024624228477478,0.9445550441741943,0.9229541420936584,0.9308661818504333,1.5324147939682007,40.31588363647461
154.8000030517578,135.89999389648438,124.5,155.60000610351562,19.299999237060547,173.6999969482422,172.5,0.30000001192092896,171.60000610351562,178.89999389648438,17.600000381469727,175.89999389648438,171.0,177.5,176.6999969482422,41.95264434814453,1.01437509059906,0.9371548891067505,0.9180452227592468,0.9160252809524536,1.517024040222168,40.85558319091797
153.1999969482422,136.5,128.3000030517578,155.8000030517578,22.0,170.6999969482422,171.5,3.5,167.60000610351562,179.60000610351562,14.0,173.39999389648438,168.6999969482422,179.5,179.8000030517578,38.86496353149414,1.0225203037261963,0.934059739112854,0.9084981083869934,0.8920918107032776,1.5120633840560913,41.4151496887207
153.6999969482422,137.5,127.5,155.3000030517578,24.399999618530273,168.3000030517578,171.39999389648438,4.199999809265137,166.60000610351562,179.1999969482422,13.199999809265137,172.3000030517578,171.10000610351562,178.10000610351562,178.39999389648438,41.53693771362305,1.0193551778793335,0.9339128136634827,0.9137743711471558,0.900596559047699,1.5337536334991455,41.73816680908203
151.39999389648438,138.0,128.8000030517578,155.0,23.899999618530273,167.6999969482422,172.10000610351562,4.300000190734863,169.10000610351562,177.3000030517578,16.399999618530273,176.6999969482422,171.6999969482422,176.89999389648438,180.0,41.89455032348633,1.0123000144958496,0.9198501706123352,0.9020866751670837,0.9040392637252808,1.5468504428863525,40.863101959228516
151.89999389648438,137.6999969482422,129.39999389648438,155.39999389648438,24.5,169.5,171.8000030517578,6.099999904632568,168.3000030517578,178.60000610351562,16.0,176.1999969482422,170.6999969482422,177.1999969482422,178.10000610351562,41.888763427734375,1.0150254964828491,0.9139617085456848,0.9160835146903992,0.9337164759635925,1.555781602859497,41.12111282348633
151.8000030517578,138.10000610351562,129.1999969482422,154.5,24.600000381469727,167.8000030517578,171.6999969482422,6.199999809265137,166.39999389648438,178.6999969482422,14.100000381469727,173.5,169.89999389648438,178.10000610351562,178.5,41.840328216552734,1.0178544521331787,0.9103569388389587,0.9077610969543457,0.9275722503662109,1.5563298463821411,40.732215881347656
152.89999389648438,139.8000030517578,127.5999984741211,155.3000030517578,24.799999237060547,170.10000610351562,170.5,9.399999618530273,164.1999969482422,178.8000030517578,9.800000190734863,168.3000030517578,170.89999389648438,178.60000610351562,176.0,40.340919494628906,1.0183223485946655,0.909179151058197,0.9192934036254883,0.9200389385223389,1.5493603944778442,40.53691482543945
153.39999389648438,138.8000030517578,127.69999694824219,154.3000030517578,26.100000381469727,169.1999969482422,169.89999389648438,9.199999809265137,165.3000030517578,179.89999389648438,11.0,170.3000030517578,170.6999969482422,179.39999389648438,175.89999389648438,41.78822326660156,1.0071433782577515,0.895384669303894,0.9122830033302307,0.904059112071991,1.5350425243377686,41.83540344238281
153.3000030517578,139.3000030517578,128.5,154.3000030517578,27.299999237060547,169.6999969482422,169.1999969482422,11.0,162.10000610351562,179.39999389648438,10.699999809265137,171.3000030517578,171.8000030517578,178.10000610351562,177.39999389648438,44.32183074951172,1.0291293859481812,0.8963518142700195,0.9202677607536316,0.90116286277771,1.5464391708374023,42.67341232299805
152.6999969482422,138.5,128.39999389648438,153.8000030517578,28.700000762939453,168.39999389648438,168.8000030517578,12.100000381469727,162.6999969482422,179.39999389648438,11.199999809265137,168.89999389648438,170.10000610351562,178.8000030517578,178.39999389648438,43.21003723144531,1.0138850212097168,0.8833330273628235,0.9100427627563477,0.9011310338973999,1.5283318758010864,42.09342956542969
153.10000610351562,138.5,128.5,152.5,29.799999237060547,169.5,168.6999969482422,12.0,164.0,179.89999389648438,10.5,170.0,169.10000610351562,180.0,178.3000030517578,44.86113357543945,1.0221537351608276,0.8784844279289246,0.909259557723999,0.899922251701355,1.5280834436416626,41.870849609375
152.89999389648438,138.10000610351562,128.8000030517578,153.39999389648438,30.299999237060547,168.10000610351562,168.10000610351562,11.699999809265137,165.10000610351562,179.89999389648438,11.899999618530273,172.8000030517578,168.1999969482422,179.60000610351562,176.8000030517578,44.28720474243164,1.0165618658065796,0.8746452331542969,0.9124870896339417,0.8768671154975891,1.5311628580093384,42.25336837768555
153.10000610351562,138.89999389648438,127.9000015258789,153.39999389648438,29.0,169.39999389648438,169.1999969482422,11.399999618530273,163.89999389648438,179.39999389648438,12.399999618530273,171.1999969482422,169.0,179.89999389648438,178.0,46.07771301269531,1.0139297246932983,0.8649832606315613,0.9013397693634033,0.8822711706161499,1.518886685371399,42.649810791015625
152.8000030517578,138.8000030517578,127.80000305175781,152.1999969482422,31.100000381469727,167.60000610351562,168.60000610351562,12.100000381469727,165.10000610351562,178.1999969482422,13.0,171.0,167.3000030517578,179.0,177.1999969482422,44.06325149536133,1.0190049409866333,0.873031497001648,0.903977632522583,0.8904456496238708,1.527101993560791,41.45380401611328
151.89999389648438,139.89999389648438,128.0,152.39999389648438,29.100000381469727,170.6999969482422,168.89999389648438,11.800000190734863,164.60000610351562,179.10000610351562,13.100000381469727,171.5,167.6999969482422,178.6999969482422,177.6999969482422,44.360694885253906,1.014597773551941,0.8570253849029541,0.896957278251648,0.8713866472244263,1.5085177421569824,42.12324523925781
151.8000030517578,139.0,128.10000610351562,153.0,29.200000762939453,169.39999389648438,168.6999969482422,12.300000190734863,164.6999969482422,178.39999389648438,12.800000190734863,171.3000030517578,167.39999389648438,179.1999969482422,177.8000030517578,43.59870910644531,1.0146750211715698,0.8723241686820984,0.9023773670196533,0.8956716656684875,1.5244673490524292,40.91615676879883
151.6999969482422,139.5,128.1999969482422,152.3000030517578,29.0,173.0,169.0,12.899999618530273,165.0,178.5,11.899999618530273,168.60000610351562,167.0,178.60000610351562,176.6999969482422,44.80961990356445,1.01136314868927,0.855832040309906,0.8950968980789185,0.8911008834838867,1.5032869577407837,41.24364471435547
152.10000610351562,139.0,128.3000030517578,152.6999969482422,28.399999618530273,170.6999969482422,169.10000610351562,11.399999618530273,165.0,178.6999969482422,13.899999618530273,169.89999389648438,167.60000610351562,179.39999389648438,178.3000030517578,43.2536735534668,1.016371488571167,0.8727298974990845,0.9125908613204956,0.9011054635047913,1.5214217901229858,41.11161804199219
152.0,139.3000030517578,126.4000015258789,152.89999389648438,29.200000762939453,171.3000030517578,168.8000030517578,11.399999618530273,167.5,177.6999969482422,14.199999809265137,173.10000610351562,167.5,179.8000030517578,175.60000610351562,44.9480094909668,1.0058256387710571,0.8608878254890442,0.9011789560317993,0.884859561920166,1.5118460655212402,41.468116760253906
151.89999389648438,139.5,128.6999969482422,153.3000030517578,30.200000762939453,169.6999969482422,169.10000610351562,12.399999618530273,164.3000030517578,179.0,12.5,170.3000030517578,167.10000610351562,179.0,177.8000030517578,44.44668197631836,1.0162792205810547,0.8597654104232788,0.8975205421447754,0.8788514137268066,1.5101940631866455,41.413909912109375
152.5,139.5,127.5,152.3000030517578,30.700000762939453,169.3000030517578,167.60000610351562,13.199999809265137,162.0,179.8000030517578,10.399999618530273,170.10000610351562,166.39999389648438,178.6999969482422,177.0,44.698001861572266,1.0175729990005493,0.8664790987968445,0.906549334526062,0.8637303113937378,1.503184199333191,42.82716369628906
152.60000610351562,138.60000610351562,127.30000305175781,152.0,30.899999618530273,168.6999969482422,168.60000610351562,12.899999618530273,164.10000610351562,179.1999969482422,12.600000381469727,170.60000610351562,166.6999969482422,178.6999969482422,177.60000610351562,45.81104278564453,1.014783263206482,0.866017758846283,0.8988268971443176,0.894286036491394,1.5196040868759155,41.49907302856445
152.8000030517578,138.89999389648438,127.19999694824219,154.0,27.100000381469727,172.60000610351562,170.3000030517578,9.899999618530273,168.3000030517578,177.1999969482422,14.600000381469727,172.6999969482422,167.10000610351562,179.39999389648438,176.10000610351562,44.32060623168945,1.000592827796936,0.8610210418701172,0.896186113357544,0.886364758014679,1.5030487775802612,40.78782272338867
152.3000030517578,140.3000030517578,126.19999694824219,153.8000030517578,27.0,171.1999969482422,169.60000610351562,9.899999618530273,166.89999389648438,177.6999969482422,15.100000381469727,174.3000030517578,168.60000610351562,179.10000610351562,175.3000030517578,45.2596321105957,1.0091712474822998,0.871472179889679,0.8961396813392639,0.8810023069381714,1.5041913986206055,42.52373504638672
149.5,140.6999969482422,129.89999389648438,158.1999969482422,26.299999237060547,168.39999389648438,170.89999389648438,8.100000381469727,168.3000030517578,176.89999389648438,17.700000762939453,177.6999969482422,166.89999389648438,176.6999969482422,176.1999969482422,40.20708465576172,1.0116997957229614,0.8979093432426453,0.928159773349762,0.9187779426574707,1.538460612297058,39.62777328491211
150.8000030517578,137.1999969482422,130.10000610351562,155.6999969482422,29.200000762939453,165.1999969482422,170.39999389648438,8.399999618530273,168.3000030517578,178.60000610351562,16.600000381469727,176.60000610351562,166.6999969482422,176.89999389648438,176.1999969482422,39.94044876098633,0.9911542534828186,0.8931779265403748,0.9212973117828369,0.9191861152648926,1.5364426374435425,39.38632583618164
151.0,137.6999969482422,128.0,158.3000030517578,24.600000381469727,171.3000030517578,172.60000610351562,5.099999904632568,169.6999969482422,175.3000030517578,24.5,178.60000610351562,167.39999389648438,175.89999389648438,177.5,44.656822204589844,0.9852590560913086,0.8803611993789673,0.9107630848884583,0.9334363341331482,1.5465859174728394,39.41083908081055
151.8000030517578,137.1999969482422,126.80000305175781,154.1999969482422,29.600000381469727,170.5,170.6999969482422,8.899999618530273,168.0,175.10000610351562,21.100000381469727,178.6999969482422,167.3000030517578,176.6999969482422,175.1999969482422,49.76741027832031,0.982891857624054,0.8290002942085266,0.8945590257644653,0.8913705945014954,1.5322703123092651,40.85902404785156
151.39999389648438,139.1999969482422,126.9000015258789,156.60000610351562,28.899999618530273,169.6999969482422,172.1999969482422,9.699999809265137,163.1999969482422,173.39999389648438,20.399999618530273,175.60000610351562,168.0,175.6999969482422,175.6999969482422,52.31793212890625,0.982877254486084,0.8144035339355469,0.8897534012794495,0.8711651563644409,1.5206208229064941,41.68891143798828
152.1999969482422,138.0,125.4000015258789,153.39999389648438,28.100000381469727,176.1999969482422,173.39999389648438,11.100000381469727,162.6999969482422,172.89999389648438,19.799999237060547,172.8000030517578,168.8000030517578,176.10000610351562,174.0,54.36212158203125,0.9792677760124207,0.8022703528404236,0.8844567537307739,0.8806411027908325,1.514538049697876,40.986270904541016
151.89999389648438,137.39999389648438,129.89999389648438,154.60000610351562,35.20000076293945,168.0,174.3000030517578,14.699999809265137,160.6999969482422,173.3000030517578,19.700000762939453,173.89999389648438,165.8000030517578,177.60000610351562,176.5,51.164974212646484,0.9878407716751099,0.7780264616012573,0.8572105765342712,0.8805606365203857,1.4831321239471436,38.83551788330078
151.60000610351562,136.60000610351562,129.6999969482422,151.6999969482422,35.79999923706055,171.3000030517578,174.0,16.100000381469727,161.10000610351562,173.60000610351562,20.600000381469727,177.1999969482422,168.10000610351562,176.89999389648438,177.8000030517578,53.90924072265625,0.9953359365463257,0.7779926061630249,0.8663526177406311,0.8800478577613831,1.491039752960205,38.38745880126953
152.39999389648438,135.89999389648438,129.0,151.3000030517578,34.0,174.3000030517578,173.1999969482422,14.0,167.10000610351562,174.60000610351562,18.600000381469727,173.1999969482422,169.39999389648438,178.5,176.10000610351562,54.81003952026367,0.985384464263916,0.7658731341362,0.8360770344734192,0.9032512307167053,1.4624813795089722,38.443058013916016
154.1999969482422,136.8000030517578,127.30000305175781,150.89999389648438,32.79999923706055,176.1999969482422,173.3000030517578,15.300000190734863,163.8000030517578,174.60000610351562,16.0,173.10000610351562,168.0,178.39999389648438,177.3000030517578,55.10407257080078,0.9956073760986328,0.7711884379386902,0.8356608748435974,0.8697606921195984,1.4550697803497314,39.587886810302734
153.5,137.39999389648438,126.5,153.0,35.5,174.60000610351562,172.39999389648438,16.600000381469727,163.89999389648438,174.10000610351562,21.0,174.3000030517578,167.39999389648438,178.10000610351562,176.39999389648438,55.10701370239258,0.9965506792068481,0.76993727684021,0.846237063407898,0.8594068288803101,1.4254095554351807,39.44236373901367
154.89999389648438,138.3000030517578,126.30000305175781,152.39999389648438,39.5,166.1999969482422,170.8000030517578,15.899999618530273,158.6999969482422,174.39999389648438,16.899999618530273,173.39999389648438,168.5,176.0,176.0,56.711997985839844,1.0106422901153564,0.7780834436416626,0.8631990551948547,0.7845136523246765,1.3971316814422607,42.369728088378906
153.89999389648438,139.89999389648438,127.5999984741211,152.8000030517578,38.20000076293945,166.0,171.1999969482422,14.699999809265137,160.6999969482422,174.1999969482422,16.600000381469727,172.8000030517578,169.10000610351562,174.5,176.60000610351562,55.722999572753906,1.0349299907684326,0.7861478328704834,0.8652675151824951,0.778727114200592,1.4066693782806396,42.4007453918457
153.60000610351562,140.0,123.5999984741211,150.89999389648438,33.599998474121094,176.39999389648438,169.6999969482422,18.200000762939453,155.6999969482422,176.89999389648438,13.199999809265137,161.10000610351562,167.6999969482422,177.8000030517578,179.39999389648438,55.05049514770508,1.009465217590332,0.7717416286468506,0.8294875621795654,0.7738391160964966,1.382893443107605,45.09532928466797
154.1999969482422,139.89999389648438,124.30000305175781,151.60000610351562,34.900001525878906,173.6999969482422,170.60000610351562,16.299999237060547,157.1999969482422,176.1999969482422,15.699999809265137,167.8000030517578,168.60000610351562,176.6999969482422,177.0,57.73219680786133,1.0235004425048828,0.7718440890312195,0.8427721261978149,0.7704972624778748,1.410595417022705,45.039039611816406
153.39999389648438,140.6999969482422,121.9000015258789,152.6999969482422,29.700000762939453,177.3000030517578,172.10000610351562,11.600000381469727,162.3000030517578,175.10000610351562,17.399999618530273,166.8000030517578,167.6999969482422,177.0,174.89999389648438,57.219810485839844,1.0027304887771606,0.765328049659729,0.8345237374305725,0.7889030575752258,1.4270185232162476,44.19719314575195
154.6999969482422,138.6999969482422,124.30000305175781,153.6999969482422,34.099998474121094,171.0,172.5,12.899999618530273,160.10000610351562,175.5,24.100000381469727,175.1999969482422,168.60000610351562,175.39999389648438,172.6999969482422,56.90382385253906,0.9929174184799194,0.7762717604637146,0.8545026779174805,0.8359056711196899,1.4429773092269897,39.98986053466797
154.5,140.10000610351562,116.5,152.1999969482422,28.899999618530273,178.6999969482422,172.10000610351562,10.600000381469727,158.0,179.1999969482422,19.799999237060547,176.3000030517578,170.39999389648438,176.10000610351562,176.1999969482422,57.0449104309082,0.9644836783409119,0.7963828444480896,0.8950154781341553,0.8499724864959717,1.5104848146438599,43.15404510498047
154.10000610351562,138.3000030517578,120.30000305175781,151.89999389648438,27.299999237060547,175.3000030517578,172.10000610351562,9.100000381469727,161.0,178.0,16.0,174.60000610351562,171.3000030517578,175.8000030517578,178.89999389648438,54.131134033203125,0.9845132827758789,0.8337849378585815,0.8827233910560608,0.8930774331092834,1.5581820011138916,43.926448822021484
152.6999969482422,137.5,119.69999694824219,150.39999389648438,28.5,175.10000610351562,171.3000030517578,10.300000190734863,160.6999969482422,175.89999389648438,13.199999809265137,177.89999389648438,172.1999969482422,176.39999389648438,177.39999389648438,53.134368896484375,0.9825314283370972,0.8319597244262695,0.8957850337028503,0.8980032205581665,1.5722697973251343,45.58623123168945
151.60000610351562,137.0,122.4000015258789,148.39999389648438,33.5,170.5,168.6999969482422,16.700000762939453,159.1999969482422,176.6999969482422,6.5,170.5,171.60000610351562,177.0,175.10000610351562,51.488182067871094,0.990392804145813,0.845369279384613,0.8961557745933533,0.9378976225852966,1.597603440284729,44.39209747314453
147.5,138.60000610351562,129.89999389648438,150.60000610351562,30.0,167.10000610351562,169.39999389648438,17.100000381469727,163.6999969482422,178.39999389648438,0.699999988079071,166.0,172.3000030517578,175.89999389648438,177.6999969482422,42.16001892089844,1.0460580587387085,0.9356989860534668,0.9368119835853577,1.0171654224395752,1.6340285539627075,42.51921081542969
136.8000030517578,137.39999389648438,141.3000030517578,145.89999389648438,38.20000076293945,168.3000030517578,164.6999969482422,27.399999618530273,161.3000030517578,179.39999389648438,17.600000381469727,158.1999969482422,171.6999969482422,177.8000030517578,179.6999969482422,39.62592315673828,1.0658012628555298,1.047346591949463,1.003782033920288,1.1091140508651733,1.6529957056045532,35.587066650390625
133.0,141.6999969482422,143.5,144.8000030517578,44.29999923706055,169.0,164.10000610351562,29.200000762939453,163.0,176.3000030517578,18.299999237060547,160.89999389648438,172.60000610351562,177.0,179.1999969482422,36.8078727722168,1.0783231258392334,1.0341377258300781,0.9811654090881348,1.0718594789505005,1.6520707607269287,34.92290115356445
134.5,140.5,144.5,145.39999389648438,44.79999923706055,167.6999969482422,164.3000030517578,29.0,163.1999969482422,176.0,18.5,163.0,171.6999969482422,178.10000610351562,179.5,35.250732421875,1.0767714977264404,1.0201363563537598,0.9734095335006714,1.057201623916626,1.6595423221588135,35.2897834777832
134.1999969482422,138.89999389648438,145.3000030517578,146.89999389648438,42.70000076293945,166.0,166.39999389648438,26.600000381469727,163.0,177.89999389648438,14.899999618530273,165.60000610351562,171.5,178.3000030517578,179.10000610351562,34.32732009887695,1.069144368171692,1.0443384647369385,0.9897456765174866,1.0653756856918335,1.6647731065750122,35.67509460449219
142.39999389648438,133.39999389648438,140.8000030517578,152.1999969482422,31.100000381469727,165.5,171.60000610351562,15.399999618530273,163.8000030517578,179.5,2.299999952316284,172.3000030517578,171.60000610351562,179.0,178.39999389648438,40.104034423828125,1.0581414699554443,1.0123800039291382,0.9931338429450989,1.0411549806594849,1.6755305528640747,39.76950454711914
144.6999969482422,131.3000030517578,137.60000610351562,150.5,29.100000381469727,167.6999969482422,170.89999389648438,12.699999809265137,170.60000610351562,179.60000610351562,0.6000000238418579,173.5,171.1999969482422,179.8000030517578,179.0,39.33955001831055,1.0362389087677002,0.9608557820320129,0.9570446610450745,1.0171617269515991,1.649019479751587,41.03852462768555
149.8000030517578,134.0,126.5,156.60000610351562,24.799999237060547,169.1999969482422,172.10000610351562,8.399999618530273,171.89999389648438,176.8000030517578,8.100000381469727,175.3000030517578,174.8000030517578,176.3000030517578,178.39999389648438,44.39640426635742,1.0006086826324463,0.9195049405097961,0.9478891491889954,0.9990447163581848,1.6324827671051025,43.82833480834961
150.8000030517578,135.39999389648438,120.80000305175781,154.3000030517578,21.799999237060547,173.89999389648438,172.6999969482422,6.300000190734863,170.5,175.8000030517578,9.600000381469727,175.10000610351562,174.1999969482422,175.0,178.1999969482422,46.57799530029297,1.0035936832427979,0.9125950932502747,0.9430102109909058,1.0082716941833496,1.6395649909973145,44.23157501220703
151.1999969482422,134.3000030517578,120.69999694824219,153.8000030517578,24.299999237060547,178.39999389648438,172.3000030517578,7.800000190734863,171.60000610351562,176.5,9.800000190734863,176.10000610351562,174.8000030517578,176.10000610351562,179.1999969482422,51.43455505371094,0.9684916734695435,0.8635740280151367,0.9214715957641602,0.9561766386032104,1.6260660886764526,43.953086853027344
152.3000030517578,135.6999969482422,117.69999694824219,151.10000610351562,24.299999237060547,179.10000610351562,171.5,6.300000190734863,169.0,175.60000610351562,11.0,176.1999969482422,177.39999389648438,174.5,179.39999389648438,53.82551193237305,0.9824634790420532,0.872836172580719,0.9372183084487915,0.9615386128425598,1.6268413066864014,45.70933151245117
151.60000610351562,134.8000030517578,120.4000015258789,150.10000610351562,25.5,178.1999969482422,174.1999969482422,4.400000095367432,170.3000030517578,178.3000030517578,14.300000190734863,176.10000610351562,175.1999969482422,174.89999389648438,179.8000030517578,54.132598876953125,0.9714091420173645,0.8543972969055176,0.9059690237045288,0.9498671889305115,1.6026111841201782,44.74726867675781
149.39999389648438,134.39999389648438,128.0,145.3000030517578,31.100000381469727,173.6999969482422,170.60000610351562,8.5,166.1999969482422,176.8000030517578,12.800000190734863,175.60000610351562,171.60000610351562,179.1999969482422,178.89999389648438,50.389381408691406,1.0191149711608887,0.8614051342010498,0.8988134264945984,0.9090913534164429,1.5561901330947876,42.6304931640625
153.10000610351562,135.5,125.9000015258789,149.1999969482422,26.399999618530273,170.89999389648438,173.39999389648438,3.0,168.39999389648438,176.39999389648438,13.5,174.1999969482422,174.0,176.6999969482422,174.3000030517578,47.574005126953125,1.0472840070724487,0.9053736329078674,0.910942554473877,0.9342725276947021,1.5591304302215576,45.22080993652344
154.0,136.3000030517578,124.0,143.0,30.600000381469727,170.0,171.3000030517578,5.0,164.60000610351562,174.5,10.600000381469727,174.60000610351562,174.1999969482422,175.5,174.0,49.92515563964844,1.0474227666854858,0.9028527140617371,0.9063835740089417,0.9318758249282837,1.5631662607192993,45.59083938598633
152.8000030517578,136.89999389648438,124.5999984741211,143.89999389648438,30.899999618530273,170.39999389648438,172.0,5.199999809265137,170.1999969482422,175.3000030517578,11.100000381469727,177.6999969482422,173.6999969482422,175.0,174.0,49.52482223510742,1.0356719493865967,0.8923754096031189,0.8996609449386597,0.9318068027496338,1.57056725025177,45.70903015136719
152.89999389648438,135.89999389648438,125.4000015258789,143.39999389648438,31.700000762939453,174.3000030517578,170.6999969482422,8.5,167.60000610351562,175.3000030517578,10.0,175.60000610351562,173.10000610351562,175.3000030517578,175.3000030517578,50.09846115112305,1.031485676765442,0.8791123628616333,0.9003444314002991,0.9211640357971191,1.5706521272659302,46.103946685791016
154.10000610351562,136.8000030517578,122.30000305175781,145.1999969482422,28.799999237060547,175.89999389648438,173.5,3.799999952316284,172.3000030517578,178.10000610351562,13.600000381469727,178.10000610351562,173.39999389648438,174.3000030517578,173.1999969482422,50.53462600708008,1.0145564079284668,0.872440755367279,0.8938595056533813,0.9124773740768433,1.562930703163147,46.347900390625
156.10000610351562,135.3000030517578,118.5999984741211,147.60000610351562,26.600000381469727,174.6999969482422,175.1999969482422,2.0,172.10000610351562,176.3000030517578,14.5,178.1999969482422,173.3000030517578,175.3000030517578,175.1999969482422,52.06181716918945,0.994706392288208,0.8701813220977783,0.8837908506393433,0.9288085699081421,1.5737107992172241,46.51332473754883
155.5,136.5,118.69999694824219,148.89999389648438,24.899999618530273,175.8000030517578,174.60000610351562,1.2999999523162842,173.1999969482422,177.6999969482422,16.299999237060547,179.3000030517578,171.6999969482422,175.3000030517578,174.89999389648438,53.36827087402344,0.9942988157272339,0.8700132966041565,0.9120806455612183,0.9311367869377136,1.5622495412826538,46.88272476196289
155.1999969482422,136.8000030517578,119.0,146.6999969482422,30.100000381469727,174.39999389648438,174.0,5.599999904632568,167.0,178.1999969482422,15.100000381469727,178.10000610351562,171.1999969482422,176.10000610351562,175.3000030517578,53.23686218261719,0.9914610385894775,0.8449115753173828,0.902654230594635,0.9061478972434998,1.5596939325332642,47.37451171875
155.39999389648438,135.39999389648438,119.9000015258789,145.0,29.399999618530273,174.8000030517578,173.0,5.699999809265137,165.5,178.10000610351562,16.100000381469727,179.6999969482422,171.3000030517578,174.89999389648438,175.3000030517578,54.488590240478516,0.9879372119903564,0.8506069779396057,0.9041522145271301,0.9048956632614136,1.5593518018722534,46.587554931640625
156.5,134.10000610351562,116.5,145.60000610351562,30.200000762939453,175.3000030517578,175.0,4.5,165.0,177.6999969482422,17.0,177.0,171.6999969482422,174.39999389648438,176.1999969482422,58.13620376586914,0.9527910947799683,0.8222788572311401,0.8760321736335754,0.8842054605484009,1.5425422191619873,46.68727111816406
157.10000610351562,134.39999389648438,116.0999984741211,145.89999389648438,28.200000762939453,179.5,173.3000030517578,6.099999904632568,165.6999969482422,177.10000610351562,14.399999618530273,179.6999969482422,168.8000030517578,176.5,175.10000610351562,56.430992126464844,0.9560580849647522,0.8198094367980957,0.8878775835037231,0.8707705140113831,1.5319952964782715,47.970638275146484
167.89999389648438,149.39999389648438,122.4000015258789,162.3000030517578,11.600000381469727,179.60000610351562,179.10000610351562,0.5,172.1999969482422,178.3000030517578,21.899999618530273,179.0,168.89999389648438,177.89999389648438,172.5,51.93098831176758,1.1087148189544678,0.8712248802185059,0.8799725770950317,0.9695557355880737,1.6032609939575195,40.709800720214844
169.1999969482422,149.3000030517578,120.5999984741211,162.10000610351562,11.800000190734863,176.89999389648438,178.6999969482422,4.800000190734863,174.8000030517578,177.60000610351562,25.899999618530273,176.3000030517578,170.10000610351562,176.39999389648438,175.39999389648438,51.989891052246094,1.1033036708831787,0.8905214667320251,0.88558429479599,0.9770209193229675,1.607452392578125,40.386390686035156
168.8000030517578,149.10000610351562,121.0999984741211,162.6999969482422,10.300000190734863,179.8000030517578,179.1999969482422,3.799999952316284,174.89999389648438,178.0,24.700000762939453,177.1999969482422,169.60000610351562,176.8000030517578,174.1999969482422,53.0428466796875,1.0981427431106567,0.8727626800537109,0.8794418573379517,0.9615707397460938,1.6086658239364624,40.23554229736328
169.10000610351562,149.39999389648438,119.0999984741211,163.1999969482422,12.100000381469727,178.0,178.5,4.599999904632568,174.5,176.89999389648438,25.899999618530273,177.60000610351562,170.60000610351562,175.89999389648438,175.89999389648438,53.284934997558594,1.0982853174209595,0.8748898506164551,0.8707762360572815,0.9642637372016907,1.6014915704727173,40.881866455078125
169.3000030517578,149.5,116.9000015258789,162.3000030517578,10.699999809265137,179.6999969482422,178.6999969482422,4.300000190734863,175.60000610351562,177.3000030517578,25.700000762939453,176.3000030517578,169.8000030517578,176.8000030517578,176.39999389648438,51.893402099609375,1.0879685878753662,0.8850390911102295,0.8844131231307983,0.968854546546936,1.603012204170227,40.112178802490234
169.0,150.10000610351562,117.69999694824219,162.60000610351562,8.199999809265137,177.89999389648438,177.6999969482422,5.199999809265137,174.6999969482422,176.8000030517578,25.299999237060547,178.3000030517578,169.5,176.8000030517578,175.10000610351562,52.124908447265625,1.0995272397994995,0.8823645710945129,0.8781942129135132,0.9798587560653687,1.6171014308929443,39.865081787109375
169.39999389648438,150.3000030517578,119.0,162.1999969482422,10.800000190734863,179.10000610351562,178.8000030517578,3.4000000953674316,173.5,177.0,24.600000381469727,179.3000030517578,169.0,177.1999969482422,174.3000030517578,50.93731689453125,1.0980479717254639,0.8986016511917114,0.8879061937332153,0.9844082593917847,1.609052300453186,39.91119384765625
169.39999389648438,149.6999969482422,118.5,163.10000610351562,10.800000190734863,177.8000030517578,177.5,5.900000095367432,175.3000030517578,176.60000610351562,26.299999237060547,176.8000030517578,169.89999389648438,175.8000030517578,175.89999389648438,51.25465393066406,1.0909054279327393,0.8918622136116028,0.8844981789588928,0.9685351252555847,1.6052052974700928,40.30665969848633
169.60000610351562,150.3000030517578,118.0,162.5,12.0,177.89999389648438,179.60000610351562,2.700000047683716,173.6999969482422,177.10000610351562,24.100000381469727,179.8000030517578,169.0,177.10000610351562,175.3000030517578,51.18208694458008,1.0961154699325562,0.8913280367851257,0.8827831745147705,0.9828925728797913,1.608332633972168,40.867225646972656
170.0,150.0,118.30000305175781,162.10000610351562,11.300000190734863,179.0,178.6999969482422,3.299999952316284,174.60000610351562,176.39999389648438,25.399999618530273,178.8000030517578,169.3000030517578,176.39999389648438,175.5,50.711490631103516,1.1016110181808472,0.90223228931427,0.8939386010169983,0.99086594581604,1.60877525806427,40.26069259643555
169.60000610351562,150.3000030517578,119.4000015258789,162.60000610351562,11.300000190734863,176.89999389648438,179.0,3.200000047683716,172.39999389648438,176.89999389648438,25.399999618530273,178.60000610351562,169.60000610351562,176.3000030517578,175.5,50.72251510620117,1.1055949926376343,0.9008130431175232,0.8889867067337036,0.9891826510429382,1.6101915836334229,40.39191818237305
169.39999389648438,150.10000610351562,118.0999984741211,163.5,10.399999618530273,178.1999969482422,177.6999969482422,5.5,173.10000610351562,177.0,26.5,178.1999969482422,173.0,175.39999389648438,173.8000030517578,52.64488220214844,1.1000522375106812,0.8934624791145325,0.9048323035240173,0.9919314980506897,1.6215258836746216,40.14518356323242
167.1999969482422,141.39999389648438,103.69999694824219,162.3000030517578,16.700000762939453,167.60000610351562,179.8000030517578,8.699999809265137,174.60000610351562,179.60000610351562,27.200000762939453,173.6999969482422,172.5,172.8000030517578,175.60000610351562,51.10042190551758,0.9821708798408508,0.9347528219223022,0.9337014555931091,0.9704843163490295,1.6093136072158813,42.76316452026367
160.8000030517578,138.60000610351562,110.69999694824219,155.10000610351562,18.899999618530273,175.8000030517578,176.60000610351562,5.099999904632568,173.5,178.3000030517578,23.700000762939453,179.1999969482422,170.5,174.3000030517578,177.8000030517578,54.291500091552734,0.964678168296814,0.8654916882514954,0.9036153554916382,0.9056532382965088,1.5692485570907593,43.27659225463867
158.1999969482422,138.6999969482422,110.5,152.39999389648438,21.399999618530273,177.1999969482422,175.60000610351562,0.800000011920929,173.0,180.0,19.899999618530273,176.89999389648438,170.1999969482422,174.60000610351562,177.89999389648438,54.021671295166016,0.9450715184211731,0.8634417653083801,0.9181297421455383,0.9078361988067627,1.5693469047546387,42.60641098022461
158.1999969482422,138.5,110.0999984741211,153.6999969482422,18.5,180.0,178.10000610351562,4.699999809265137,176.89999389648438,179.5,21.600000381469727,176.5,171.0,174.8000030517578,177.1999969482422,54.427642822265625,0.9455289840698242,0.8615618348121643,0.9059464335441589,0.9058823585510254,1.5720247030258179,44.459285736083984
159.8000030517578,140.10000610351562,106.80000305175781,154.10000610351562,17.700000762939453,179.60000610351562,177.0,3.5999999046325684,172.8000030517578,180.0,20.600000381469727,179.5,171.6999969482422,174.3000030517578,177.3000030517578,55.03175354003906,0.957660973072052,0.8663759231567383,0.9104870557785034,0.8910897374153137,1.5621120929718018,47.460819244384766
168.10000610351562,139.3000030517578,102.0,160.39999389648438,13.100000381469727,174.60000610351562,177.10000610351562,5.800000190734863,169.5,180.0,22.700000762939453,178.89999389648438,172.60000610351562,175.89999389648438,172.89999389648438,53.41397476196289,0.9790647029876709,0.9379149675369263,0.916510820388794,0.9319865703582764,1.5987944602966309,46.125572204589844
170.6999969482422,143.0,97.5999984741211,161.5,17.600000381469727,169.0,176.5,1.7000000476837158,172.1999969482422,179.10000610351562,22.700000762939453,177.10000610351562,174.1999969482422,174.39999389648438,175.60000610351562,57.15887451171875,1.004328727722168,0.9261264204978943,0.9327272772789001,0.9769364595413208,1.606258749961853,42.803524017333984
171.6999969482422,146.8000030517578,103.80000305175781,162.6999969482422,17.100000381469727,169.6999969482422,178.3000030517578,2.299999952316284,171.3000030517578,179.1999969482422,23.299999237060547,179.10000610351562,172.60000610351562,175.0,175.1999969482422,59.150482177734375,1.0571684837341309,0.9160861372947693,0.9220414161682129,0.997548520565033,1.6295905113220215,41.32188034057617
171.60000610351562,148.1999969482422,105.69999694824219,162.1999969482422,18.399999618530273,170.3000030517578,178.39999389648438,2.5999999046325684,171.10000610351562,178.5,24.200000762939453,179.3000030517578,173.3000030517578,175.3000030517578,176.10000610351562,60.20576858520508,1.070389986038208,0.9052009582519531,0.9138926267623901,0.9737552404403687,1.6213297843933105,43.35856246948242
171.3000030517578,147.89999389648438,107.4000015258789,161.3000030517578,18.799999237060547,170.89999389648438,178.5,1.2000000476837158,170.6999969482422,178.60000610351562,22.899999618530273,179.8000030517578,172.5,174.5,175.6999969482422,61.893131256103516,1.0703904628753662,0.8867825865745544,0.910771369934082,0.9725792407989502,1.6244877576828003,42.5401725769043
171.5,148.0,107.0,161.0,21.200000762939453,166.60000610351562,177.0,1.100000023841858,169.5,179.39999389648438,22.5,179.3000030517578,173.1999969482422,174.1999969482422,176.1999969482422,60.75570297241211,1.0717003345489502,0.9052518010139465,0.9166572690010071,0.9715954661369324,1.620304822921753,41.78041076660156
171.1999969482422,150.0,107.0,160.60000610351562,18.700000762939453,171.89999389648438,178.3000030517578,1.2999999523162842,169.6999969482422,179.60000610351562,21.700000762939453,179.89999389648438,173.6999969482422,174.39999389648438,175.60000610351562,61.84561538696289,1.0739871263504028,0.8966912031173706,0.9095595479011536,0.9701489806175232,1.6203235387802124,43.147464752197266
171.6999969482422,150.60000610351562,108.0,160.39999389648438,20.299999237060547,169.0,177.89999389648438,1.899999976158142,170.6999969482422,179.89999389648438,21.100000381469727,178.89999389648438,174.3000030517578,173.6999969482422,175.89999389648438,61.563846588134766,1.0797524452209473,0.898840069770813,0.905617892742157,0.9551329612731934,1.617229700088501,43.58610153198242
169.10000610351562,152.8000030517578,117.69999694824219,160.89999389648438,14.0,174.8000030517578,177.89999389648438,1.2000000476837158,170.39999389648438,179.3000030517578,18.100000381469727,175.8000030517578,173.3000030517578,176.5,174.10000610351562,63.14619827270508,1.1269021034240723,0.8367170095443726,0.8613198399543762,0.9140328764915466,1.6086695194244385,43.9105110168457
167.8000030517578,152.5,120.0999984741211,158.5,16.700000762939453,173.1999969482422,176.39999389648438,1.2000000476837158,172.39999389648438,179.0,14.899999618530273,173.6999969482422,172.89999389648438,176.10000610351562,172.39999389648438,63.524322509765625,1.1301437616348267,0.8210403919219971,0.837613582611084,0.9092797636985779,1.596421480178833,42.41706848144531
167.0,154.10000610351562,122.69999694824219,159.0,13.699999809265137,175.8000030517578,178.0,0.800000011920929,169.6999969482422,179.0,12.699999809265137,173.89999389648438,172.10000610351562,178.0,172.10000610351562,63.680442810058594,1.1376466751098633,0.7961695790290833,0.8200476169586182,0.8810490369796753,1.583092212677002,43.37459945678711
167.6999969482422,153.5,123.5999984741211,159.0,11.899999618530273,179.60000610351562,178.89999389648438,0.8999999761581421,170.1999969482422,179.5,12.399999618530273,172.89999389648438,173.0,178.39999389648438,171.8000030517578,66.35989379882812,1.1463243961334229,0.7838628888130188,0.8095583915710449,0.8648293018341064,1.5832393169403076,44.23971939086914
166.8000030517578,154.3000030517578,124.4000015258789,159.39999389648438,12.899999618530273,177.6999969482422,178.60000610351562,1.100000023841858,170.5,179.60000610351562,12.0,172.3000030517578,172.0,178.89999389648438,172.3000030517578,66.62155151367188,1.1515837907791138,0.7786670923233032,0.7995123267173767,0.8690776228904724,1.5782419443130493,44.318695068359375
167.5,154.3000030517578,123.19999694824219,158.1999969482422,12.600000381469727,178.5,178.5,1.5,169.8000030517578,179.39999389648438,11.300000190734863,170.5,172.39999389648438,178.5,172.0,67.01323699951172,1.1512805223464966,0.7838612794876099,0.7989047169685364,0.8638430237770081,1.573726773262024,45.10654830932617
167.5,153.5,124.0999984741211,160.39999389648438,12.800000190734863,176.8000030517578,180.0,0.20000000298023224,170.89999389648438,178.10000610351562,14.100000381469727,174.6999969482422,173.3000030517578,178.39999389648438,172.6999969482422,67.38582611083984,1.148346185684204,0.7754130959510803,0.7974956035614014,0.852948009967804,1.5799576044082642,45.28950881958008
167.89999389648438,152.8000030517578,123.0999984741211,158.1999969482422,11.800000190734863,177.39999389648438,178.3000030517578,1.2999999523162842,170.89999389648438,179.89999389648438,12.800000190734863,174.1999969482422,175.8000030517578,178.5,173.3000030517578,64.88310241699219,1.152624487876892,0.8024510145187378,0.8321161270141602,0.9053635597229004,1.6310633420944214,44.58159637451172
169.60000610351562,152.6999969482422,125.5999984741211,157.39999389648438,16.600000381469727,179.3000030517578,176.5,2.799999952316284,171.39999389648438,179.6999969482422,13.5,174.1999969482422,177.8000030517578,177.8000030517578,174.6999969482422,64.91788482666016,1.1710296869277954,0.8162327408790588,0.8497962355613708,0.9444072842597961,1.644426703453064,43.595237731933594
169.6999969482422,151.5,127.5,157.39999389648438,15.300000190734863,179.10000610351562,177.3000030517578,1.7000000476837158,171.5,179.5,14.399999618530273,175.8000030517578,178.5,176.10000610351562,175.10000610351562,64.36389923095703,1.180941104888916,0.8360760807991028,0.8659162521362305,0.9685047268867493,1.6476984024047852,42.93604278564453
170.0,150.39999389648438,129.6999969482422,155.60000610351562,18.399999618530273,177.8000030517578,177.60000610351562,1.100000023841858,171.39999389648438,177.60000610351562,13.800000190734863,177.5,178.89999389648438,177.39999389648438,174.10000610351562,62.28174591064453,1.1799565553665161,0.8444162011146545,0.8649224042892456,0.9857962131500244,1.6552734375,43.6274299621582
170.1999969482422,150.6999969482422,129.39999389648438,157.5,16.0,178.6999969482422,178.0,0.0,171.39999389648438,178.60000610351562,14.300000190734863,177.10000610351562,179.0,177.6999969482422,173.60000610351562,61.9320182800293,1.1797795295715332,0.8502600193023682,0.8701803088188171,0.9831449389457703,1.6642917394638062,44.66139602661133
169.6999969482422,151.10000610351562,131.1999969482422,156.3000030517578,17.399999618530273,179.89999389648438,177.6999969482422,0.6000000238418579,173.1999969482422,178.1999969482422,14.300000190734863,176.3000030517578,179.60000610351562,177.5,173.8000030517578,61.529666900634766,1.1823642253875732,0.8404155969619751,0.8618622422218323,0.9786480665206909,1.6565035581588745,43.44601058959961
169.6999969482422,151.1999969482422,130.60000610351562,157.39999389648438,16.299999237060547,179.60000610351562,178.1999969482422,0.699999988079071,173.6999969482422,179.89999389648438,16.200000762939453,176.39999389648438,179.6999969482422,176.1999969482422,172.60000610351562,61.1587028503418,1.1810592412948608,0.8476054668426514,0.8641944527626038,0.9705642461776733,1.6503214836120605,43.36488342285156
169.89999389648438,148.3000030517578,134.0,157.5,15.100000381469727,179.39999389648438,178.5,0.800000011920929,172.8000030517578,179.10000610351562,14.399999618530273,176.10000610351562,179.10000610351562,174.10000610351562,171.6999969482422,57.87858963012695,1.197188377380371,0.8825189471244812,0.9019274711608887,1.0086575746536255,1.6824332475662231,41.58312225341797
169.5,148.3000030517578,133.10000610351562,155.8000030517578,14.0,178.5,179.8000030517578,2.799999952316284,174.3000030517578,179.3000030517578,14.199999809265137,176.89999389648438,179.8000030517578,175.0,173.89999389648438,58.7117805480957,1.1966150999069214,0.8814219236373901,0.8967519402503967,1.0316811800003052,1.685928225517273,42.70571517944336
169.89999389648438,146.6999969482422,134.5,154.6999969482422,17.799999237060547,177.60000610351562,178.10000610351562,0.8999999761581421,173.60000610351562,177.5,13.699999809265137,177.1999969482422,179.89999389648438,175.5,175.10000610351562,58.30023956298828,1.189596176147461,0.8816980719566345,0.9001258015632629,1.0152639150619507,1.6735292673110962,42.3333854675293
169.39999389648438,149.1999969482422,132.10000610351562,154.39999389648438,19.799999237060547,177.6999969482422,178.5,1.2000000476837158,173.3000030517578,179.10000610351562,14.300000190734863,175.89999389648438,179.39999389648438,178.6999969482422,175.1999969482422,62.09098434448242,1.1695266962051392,0.8421878218650818,0.8517769575119019,0.970638632774353,1.6520838737487793,44.17418670654297
169.5,147.3000030517578,131.8000030517578,156.1999969482422,19.0,176.39999389648438,177.89999389648438,1.0,172.6999969482422,179.1999969482422,15.699999809265137,177.3000030517578,178.10000610351562,179.10000610351562,172.6999969482422,61.192283630371094,1.1649329662322998,0.868098258972168,0.8852517604827881,0.9806250929832458,1.6588691473007202,42.818031311035156
167.0,150.5,129.1999969482422,157.1999969482422,18.700000762939453,172.6999969482422,178.5,0.20000000298023224,173.0,178.39999389648438,16.600000381469727,177.60000610351562,175.5,177.8000030517578,174.6999969482422,60.26334762573242,1.1535875797271729,0.8526099920272827,0.8638470768928528,0.9552512168884277,1.6405725479125977,42.55345916748047
166.0,150.3000030517578,129.8000030517578,160.60000610351562,16.600000381469727,171.6999969482422,179.5,0.5,170.3000030517578,179.39999389648438,17.100000381469727,178.0,171.10000610351562,177.8000030517578,173.1999969482422,62.16854476928711,1.1340259313583374,0.8077191710472107,0.8292637467384338,0.894641637802124,1.604659080505371,43.250579833984375
166.10000610351562,151.8000030517578,126.5,160.60000610351562,15.699999809265137,172.6999969482422,178.1999969482422,1.5,171.3000030517578,177.5,18.899999618530273,179.1999969482422,169.0,176.8000030517578,170.3000030517578,62.06865310668945,1.115004301071167,0.7917380928993225,0.8137446045875549,0.8396131992340088,1.5583261251449585,43.807003021240234
165.5,151.5,126.5,159.5,14.899999618530273,175.1999969482422,179.0,0.5,170.3000030517578,178.0,16.100000381469727,177.0,167.60000610351562,177.10000610351562,167.8000030517578,64.04056549072266,1.1098748445510864,0.7701347470283508,0.7968250513076782,0.824500322341919,1.553938865661621,44.99916076660156
165.6999969482422,150.89999389648438,127.30000305175781,159.60000610351562,13.699999809265137,176.60000610351562,178.10000610351562,1.5,170.60000610351562,177.0,16.799999237060547,177.8000030517578,167.89999389648438,177.5,166.89999389648438,63.60903549194336,1.1094095706939697,0.7773511409759521,0.800615131855011,0.8219801783561707,1.5651845932006836,45.89012908935547
165.6999969482422,151.10000610351562,127.19999694824219,160.60000610351562,15.0,174.60000610351562,178.10000610351562,1.399999976158142,170.39999389648438,177.3000030517578,16.899999618530273,177.5,168.5,176.1999969482422,169.8000030517578,64.23361206054688,1.1117457151412964,0.7775084376335144,0.8050433993339539,0.8214542269706726,1.5529886484146118,44.451995849609375
165.8000030517578,151.0,126.5999984741211,160.0,15.600000381469727,175.6999969482422,179.0,0.4000000059604645,171.0,177.89999389648438,16.299999237060547,176.8000030517578,168.39999389648438,176.89999389648438,170.10000610351562,63.41040802001953,1.1067293882369995,0.7717297673225403,0.8039025664329529,0.8248127698898315,1.5551141500473022,44.246341705322266
165.6999969482422,151.1999969482422,129.3000030517578,162.0,13.0,175.5,177.5,1.5,171.60000610351562,177.5,18.899999618530273,179.0,170.8000030517578,178.10000610351562,171.39999389648438,62.851810455322266,1.1279990673065186,0.7887381315231323,0.8096714019775391,0.8634971380233765,1.5854839086532593,44.526634216308594
165.89999389648438,151.60000610351562,128.5,159.10000610351562,16.700000762939453,173.39999389648438,179.10000610351562,0.10000000149011612,172.10000610351562,178.60000610351562,18.299999237060547,177.8000030517578,173.1999969482422,177.39999389648438,172.60000610351562,62.360347747802734,1.1341191530227661,0.8091519474983215,0.8264424204826355,0.8915870189666748,1.596820592880249,43.67720413208008
166.5,151.0,127.30000305175781,157.8000030517578,18.399999618530273,172.6999969482422,179.6999969482422,1.100000023841858,170.89999389648438,179.39999389648438,16.799999237060547,176.1999969482422,173.39999389648438,177.1999969482422,173.10000610351562,62.22616958618164,1.1347421407699585,0.817438542842865,0.835665762424469,0.9031034111976624,1.5936862230300903,43.1975212097168
168.8000030517578,149.60000610351562,129.89999389648438,156.8000030517578,16.799999237060547,175.3000030517578,177.89999389648438,0.30000001192092896,173.10000610351562,179.10000610351562,17.899999618530273,178.89999389648438,179.5,178.5,175.89999389648438,62.26457214355469,1.1615625619888306,0.8545711636543274,0.8764092326164246,0.9549680352210999,1.642488718032837,44.18279266357422
168.3000030517578,150.8000030517578,129.60000610351562,156.39999389648438,16.600000381469727,178.39999389648438,178.8000030517578,0.800000011920929,171.3000030517578,179.5,17.299999237060547,178.1999969482422,179.5,179.60000610351562,175.1999969482422,60.84025573730469,1.16590416431427,0.8625370860099792,0.8821239471435547,0.9728487133979797,1.661862850189209,44.561073303222656
169.5,149.1999969482422,131.39999389648438,155.5,18.799999237060547,177.60000610351562,178.6999969482422,0.30000001192092896,171.6999969482422,179.89999389648438,17.899999618530273,179.5,179.39999389648438,179.39999389648438,175.3000030517578,61.892757415771484,1.1641030311584473,0.8524104356765747,0.8665769696235657,0.9583579301834106,1.6528069972991943,45.001033782958984
169.60000610351562,147.0,131.89999389648438,156.5,18.0,177.8000030517578,179.39999389648438,1.2999999523162842,174.60000610351562,179.1999969482422,16.0,177.10000610351562,180.0,178.10000610351562,173.8000030517578,60.66501998901367,1.1594640016555786,0.8617929816246033,0.8753673434257507,0.9686954021453857,1.6528468132019043,43.41261291503906
170.5,147.10000610351562,132.3000030517578,157.0,17.5,177.39999389648438,178.39999389648438,0.0,172.1999969482422,179.6999969482422,15.300000190734863,176.6999969482422,179.5,177.6999969482422,173.8000030517578,59.57883834838867,1.1671651601791382,0.8700222969055176,0.8878557682037354,0.9778441190719604,1.6592762470245361,43.0838737487793
169.89999389648438,147.60000610351562,131.10000610351562,155.1999969482422,19.0,177.3000030517578,177.39999389648438,1.399999976158142,170.8000030517578,178.60000610351562,14.699999809265137,176.89999389648438,179.89999389648438,179.10000610351562,174.60000610351562,59.96378707885742,1.166563630104065,0.8760384321212769,0.8879836201667786,0.9837174415588379,1.6612377166748047,43.47658920288086
166.89999389648438,150.39999389648438,129.39999389648438,155.10000610351562,23.600000381469727,172.39999389648438,176.6999969482422,3.9000000953674316,170.89999389648438,178.1999969482422,14.899999618530273,177.8000030517578,177.6999969482422,177.60000610351562,176.5,60.11530303955078,1.1596450805664062,0.8578447699546814,0.8729490041732788,0.9615429043769836,1.6380528211593628,44.39986801147461
167.1999969482422,150.1999969482422,129.39999389648438,157.0,19.5,173.6999969482422,177.8000030517578,1.2000000476837158,172.60000610351562,179.6999969482422,17.0,177.5,177.8000030517578,177.5,173.8000030517578,59.94403076171875,1.155234932899475,0.8609033226966858,0.8801035284996033,0.9539125561714172,1.6341116428375244,43.835418701171875
166.3000030517578,150.10000610351562,129.60000610351562,156.89999389648438,21.299999237060547,171.1999969482422,178.10000610351562,2.700000047683716,171.1999969482422,179.60000610351562,16.100000381469727,177.5,176.3000030517578,177.5,173.3000030517578,59.68583679199219,1.1470760107040405,0.8411240577697754,0.8522089123725891,0.9314274191856384,1.6239511966705322,43.757789611816406
167.0,150.89999389648438,126.0,157.5,19.799999237060547,171.0,177.8000030517578,1.399999976158142,172.3000030517578,179.8000030517578,16.700000762939453,177.0,175.1999969482422,177.39999389648438,173.89999389648438,59.336158752441406,1.1369558572769165,0.843319833278656,0.8505801558494568,0.9222005009651184,1.6087740659713745,42.768409729003906
166.60000610351562,150.6999969482422,126.0,158.5,17.100000381469727,173.5,178.3000030517578,0.4000000059604645,172.5,178.6999969482422,17.399999618530273,175.8000030517578,174.8000030517578,177.8000030517578,173.5,59.42273712158203,1.1332025527954102,0.84229576587677,0.8552714586257935,0.9128110408782959,1.596726417541504,43.09857177734375
167.39999389648438,150.5,128.39999389648438,158.8000030517578,18.600000381469727,170.6999969482422,178.60000610351562,0.10000000149011612,171.8000030517578,179.89999389648438,17.5,177.10000610351562,174.1999969482422,177.60000610351562,173.8000030517578,60.81113815307617,1.1348302364349365,0.8242321610450745,0.8404417037963867,0.8996217250823975,1.5862689018249512,42.926937103271484
166.1999969482422,151.5,128.39999389648438,159.89999389648438,17.200000762939453,171.60000610351562,179.8000030517578,0.800000011920929,171.8000030517578,178.3000030517578,18.399999618530273,176.5,172.6999969482422,176.6999969482422,173.0,61.1993408203125,1.1292906999588013,0.8199926614761353,0.8390063047409058,0.88149493932724,1.5670808553695679,42.57794189453125
166.39999389648438,150.5,128.39999389648438,159.89999389648438,18.399999618530273,170.5,179.60000610351562,0.5,171.5,179.10000610351562,18.700000762939453,178.0,172.0,176.6999969482422,171.10000610351562,61.924888610839844,1.1262012720108032,0.8087975382804871,0.8335322141647339,0.8747949600219727,1.5676400661468506,43.50932693481445
166.5,150.8000030517578,128.10000610351562,159.39999389648438,18.299999237060547,170.39999389648438,179.89999389648438,0.20000000298023224,171.3000030517578,179.39999389648438,18.799999237060547,178.10000610351562,170.89999389648438,177.60000610351562,170.39999389648438,61.03742599487305,1.1178288459777832,0.8073513507843018,0.8282459378242493,0.8613262176513672,1.5560526847839355,42.60866928100586
166.1999969482422,151.8000030517578,125.19999694824219,158.5,18.399999618530273,170.6999969482422,179.6999969482422,0.5,171.5,179.6999969482422,16.700000762939453,175.89999389648438,169.39999389648438,177.3000030517578,170.60000610351562,61.42717742919922,1.1155837774276733,0.809359610080719,0.832843005657196,0.8549474477767944,1.5459163188934326,41.64041519165039
166.10000610351562,151.39999389648438,127.30000305175781,160.39999389648438,15.899999618530273,173.10000610351562,179.5,0.4000000059604645,171.10000610351562,178.0,17.799999237060547,177.1999969482422,168.39999389648438,177.0,169.39999389648438,61.93810272216797,1.118092656135559,0.7966323494911194,0.8245523571968079,0.8444966673851013,1.5610191822052002,42.72666549682617
165.8000030517578,151.3000030517578,125.80000305175781,161.10000610351562,12.5,176.6999969482422,178.10000610351562,1.899999976158142,171.39999389648438,176.0,17.600000381469727,176.1999969482422,168.10000610351562,176.60000610351562,168.39999389648438,63.0866813659668,1.107389211654663,0.7861636877059937,0.8084163665771484,0.8181398510932922,1.5407378673553467,44.697086334228516
166.1999969482422,150.89999389648438,125.80000305175781,160.60000610351562,14.899999618530273,173.6999969482422,179.8000030517578,0.0,170.3000030517578,178.1999969482422,15.600000381469727,175.39999389648438,167.0,176.6999969482422,167.39999389648438,62.9241828918457,1.1175960302352905,0.7879410982131958,0.8175614476203918,0.8335269093513489,1.5649358034133911,44.91810607910156
166.8000030517578,150.39999389648438,124.80000305175781,160.0,13.199999809265137,174.1999969482422,178.39999389648438,2.200000047683716,169.6999969482422,176.8000030517578,16.899999618530273,176.5,166.39999389648438,176.5,166.6999969482422,64.62582397460938,1.110491156578064,0.7780960202217102,0.8048304319381714,0.8014538884162903,1.546955943107605,45.29930877685547
166.89999389648438,150.8000030517578,124.80000305175781,158.5,15.899999618530273,173.5,179.1999969482422,0.20000000298023224,168.6999969482422,176.89999389648438,15.600000381469727,176.39999389648438,166.5,176.60000610351562,166.8000030517578,66.3420639038086,1.1138544082641602,0.7716509699821472,0.8022570013999939,0.8100138306617737,1.5461311340332031,45.60390853881836
167.39999389648438,151.0,123.80000305175781,158.3000030517578,17.600000381469727,173.3000030517578,178.89999389648438,2.799999952316284,169.10000610351562,178.39999389648438,14.699999809265137,175.5,167.0,177.0,169.5,64.10874938964844,1.1268820762634277,0.8006653189659119,0.8351818919181824,0.8621150255203247,1.571016550064087,43.080989837646484
167.0,152.6999969482422,117.0,158.60000610351562,15.399999618530273,176.89999389648438,176.3000030517578,4.099999904632568,169.10000610351562,178.0,12.100000381469727,173.8000030517578,168.8000030517578,178.89999389648438,169.3000030517578,68.5267333984375,1.1268445253372192,0.7812466621398926,0.814460277557373,0.858721137046814,1.561646580696106,43.97091293334961
165.1999969482422,153.5,119.30000305175781,162.0,9.699999809265137,179.1999969482422,179.6999969482422,0.10000000149011612,171.6999969482422,179.3000030517578,13.399999618530273,175.60000610351562,167.89999389648438,179.39999389648438,170.10000610351562,63.89995574951172,1.122631311416626,0.7692517638206482,0.795068621635437,0.8415189385414124,1.569939136505127,45.27829360961914
165.8000030517578,152.6999969482422,113.69999694824219,158.8000030517578,18.600000381469727,174.8000030517578,177.89999389648438,2.5,169.3000030517578,179.6999969482422,14.0,175.8000030517578,168.0,179.10000610351562,167.5,62.64140319824219,1.0960092544555664,0.7976298928260803,0.819821834564209,0.8595435619354248,1.5832812786102295,45.12021255493164
162.3000030517578,146.8000030517578,116.0999984741211,157.1999969482422,25.100000381469727,168.89999389648438,174.89999389648438,4.400000095367432,166.89999389648438,178.0,14.5,178.39999389648438,169.39999389648438,177.5,172.8000030517578,56.696903228759766,1.0858262777328491,0.86073237657547,0.8336483836174011,0.9096203446388245,1.6049081087112427,44.79573440551758
161.3000030517578,145.8000030517578,116.9000015258789,154.10000610351562,29.299999237060547,166.3000030517578,172.6999969482422,6.300000190734863,164.6999969482422,178.60000610351562,14.699999809265137,175.5,169.5,176.3000030517578,172.3000030517578,55.03756332397461,1.0703229904174805,0.8834518790245056,0.8671932220458984,0.8899667263031006,1.5969477891921997,44.26500701904297
162.10000610351562,146.6999969482422,117.19999694824219,156.39999389648438,25.899999618530273,169.0,175.3000030517578,5.300000190734863,163.5,178.10000610351562,14.399999618530273,176.39999389648438,168.5,178.0,170.60000610351562,58.27553939819336,1.0725483894348145,0.8204931616783142,0.8125319480895996,0.8210708498954773,1.562546968460083,44.6442985534668
161.39999389648438,148.0,123.5,154.6999969482422,26.399999618530273,169.5,174.60000610351562,3.0,171.10000610351562,177.10000610351562,14.5,175.8000030517578,168.60000610351562,174.39999389648438,172.10000610351562,58.85525894165039,1.094631552696228,0.801211416721344,0.7877607941627502,0.7795482277870178,1.5224945545196533,45.10379409790039
162.89999389648438,147.10000610351562,121.9000015258789,153.89999389648438,24.600000381469727,173.1999969482422,174.8000030517578,4.800000190734863,167.3000030517578,178.1999969482422,11.300000190734863,174.8000030517578,169.60000610351562,176.5,174.1999969482422,62.54230499267578,1.0995616912841797,0.7618794441223145,0.7708807587623596,0.7711277604103088,1.5581722259521484,47.86811828613281
161.10000610351562,147.39999389648438,122.19999694824219,158.89999389648438,22.299999237060547,174.0,176.0,5.199999809265137,166.39999389648438,177.1999969482422,13.300000190734863,174.60000610351562,173.8000030517578,177.60000610351562,175.0,61.69252395629883,1.0972747802734375,0.779444694519043,0.7907713055610657,0.7957949042320251,1.5864192247390747,47.31147003173828
161.6999969482422,148.39999389648438,119.5,154.5,26.5,171.0,172.6999969482422,7.800000190734863,164.60000610351562,179.3000030517578,12.100000381469727,173.60000610351562,179.1999969482422,175.8000030517578,176.1999969482422,65.19453430175781,1.1081337928771973,0.7896080613136292,0.8032331466674805,0.8245651721954346,1.599907636642456,49.4433479309082
160.6999969482422,146.10000610351562,117.80000305175781,156.10000610351562,25.700000762939453,170.0,173.39999389648438,5.900000095367432,162.8000030517578,179.60000610351562,13.199999809265137,174.3000030517578,178.5,177.3000030517578,175.6999969482422,65.2123031616211,1.0947953462600708,0.8130931258201599,0.8236615657806396,0.8576295971870422,1.5975956916809082,51.01618576049805
161.3000030517578,146.5,118.5,154.3000030517578,28.0,170.5,170.89999389648438,7.900000095367432,162.8000030517578,175.89999389648438,9.899999618530273,175.10000610351562,179.0,178.5,175.3000030517578,63.0974235534668,1.1145594120025635,0.8314475417137146,0.8422008156776428,0.8735024929046631,1.617597222328186,47.464988708496094
162.89999389648438,149.1999969482422,118.19999694824219,157.1999969482422,27.100000381469727,171.60000610351562,172.89999389648438,5.800000190734863,170.3000030517578,177.89999389648438,12.100000381469727,174.0,179.8000030517578,179.10000610351562,173.5,63.649784088134766,1.1073254346847534,0.8319982290267944,0.8386288285255432,0.8603677749633789,1.6059514284133911,44.935508728027344
164.1999969482422,151.10000610351562,119.69999694824219,157.60000610351562,24.700000762939453,169.89999389648438,174.6999969482422,2.9000000953674316,170.6999969482422,176.5,14.100000381469727,175.6999969482422,179.10000610351562,176.39999389648438,175.3000030517578,66.42354583740234,1.1226893663406372,0.7880437970161438,0.8213611245155334,0.8026702404022217,1.5819621086120605,45.23085021972656
162.1999969482422,149.60000610351562,118.19999694824219,153.60000610351562,26.600000381469727,179.39999389648438,171.39999389648438,11.300000190734863,165.89999389648438,178.89999389648438,7.199999809265137,171.89999389648438,178.89999389648438,178.10000610351562,176.60000610351562,69.71493530273438,1.1363801956176758,0.7757269144058228,0.8088117241859436,0.8211004734039307,1.6117937564849854,47.1638298034668
162.1999969482422,148.60000610351562,117.9000015258789,155.0,25.399999618530273,175.89999389648438,170.8000030517578,9.699999809265137,166.60000610351562,179.1999969482422,9.399999618530273,172.39999389648438,179.6999969482422,176.39999389648438,176.39999389648438,69.75208282470703,1.124747395515442,0.7850233912467957,0.8055301904678345,0.8019927144050598,1.5966078042984009,48.58452224731445
161.6999969482422,153.89999389648438,123.0,151.6999969482422,23.899999618530273,176.89999389648438,174.3000030517578,6.099999904632568,171.6999969482422,177.1999969482422,9.300000190734863,170.8000030517578,179.3000030517578,175.0,174.60000610351562,70.56175231933594,1.1693559885025024,0.7510446906089783,0.7448772192001343,0.7522899508476257,1.538633942604065,50.15273666381836
162.3000030517578,154.10000610351562,133.6999969482422,148.39999389648438,23.399999618530273,178.6999969482422,172.5,6.0,173.10000610351562,174.5,7.900000095367432,167.89999389648438,175.8000030517578,179.0,172.0,67.56874084472656,1.2280372381210327,0.7747524976730347,0.7408558130264282,0.7357769012451172,1.5373066663742065,51.97446823120117
160.39999389648438,157.10000610351562,131.89999389648438,152.5,22.100000381469727,178.1999969482422,173.8000030517578,4.300000190734863,172.1999969482422,174.1999969482422,9.0,168.8000030517578,173.3000030517578,179.5,175.3000030517578,58.209564208984375,1.1996421813964844,0.8332021236419678,0.7921491861343384,0.7402575612068176,1.4766156673431396,47.411293029785156
163.0,149.8000030517578,121.69999694824219,153.1999969482422,21.899999618530273,177.39999389648438,167.6999969482422,7.400000095367432,171.6999969482422,177.39999389648438,8.0,172.3000030517578,173.89999389648438,179.60000610351562,175.0,59.82498550415039,1.1383522748947144,0.8190889954566956,0.7861615419387817,0.7131600379943848,1.4508183002471924,48.577117919921875
156.6999969482422,146.1999969482422,130.6999969482422,148.89999389648438,22.100000381469727,179.60000610351562,170.5,6.400000095367432,170.0,173.8000030517578,13.199999809265137,171.5,169.10000610351562,179.5,173.6999969482422,51.891082763671875,1.1737505197525024,0.8814469575881958,0.8529363870620728,0.7791883945465088,1.5003012418746948,47.110687255859375
154.1999969482422,142.1999969482422,122.5999984741211,149.8000030517578,25.0,180.0,167.6999969482422,13.399999618530273,152.60000610351562,179.60000610351562,8.0,167.3000030517578,168.60000610351562,177.39999389648438,174.10000610351562,51.50476837158203,1.1011945009231567,0.9055190086364746,0.9482269287109375,0.790044367313385,1.4894510507583618,47.287235260009766
153.6999969482422,143.8000030517578,121.0999984741211,145.3000030517578,29.0,178.3000030517578,167.3000030517578,14.899999618530273,160.89999389648438,179.60000610351562,2.5999999046325684,162.60000610351562,170.5,178.10000610351562,174.1999969482422,51.47210693359375,1.1049386262893677,0.8906053900718689,0.8865845203399658,0.7957671880722046,1.4890286922454834,48.065940856933594
152.6999969482422,141.1999969482422,124.30000305175781,149.5,26.200000762939453,177.0,169.10000610351562,15.0,160.3000030517578,176.89999389648438,8.0,165.89999389648438,167.3000030517578,179.6999969482422,175.60000610351562,49.31934356689453,1.0875427722930908,0.8750659227371216,0.932949423789978,0.7902206778526306,1.5043127536773682,47.69974899291992
154.5,141.8000030517578,120.0,143.5,33.20000076293945,178.60000610351562,163.89999389648438,18.200000762939453,155.0,176.0,0.8999999761581421,160.8000030517578,172.3000030517578,179.6999969482422,177.8000030517578,52.52140808105469,1.0839691162109375,0.8929954171180725,0.9222338199615479,0.80255126953125,1.5224603414535522,49.85049819946289
157.8000030517578,144.5,113.4000015258789,142.60000610351562,30.799999237060547,178.6999969482422,165.8000030517578,14.699999809265137,153.89999389648438,177.0,1.100000023841858,158.0,176.10000610351562,179.1999969482422,176.6999969482422,54.38835144042969,1.0864591598510742,0.8902259469032288,0.8849037289619446,0.8249022364616394,1.5513709783554077,54.134822845458984
156.8000030517578,145.1999969482422,115.9000015258789,146.1999969482422,27.5,179.6999969482422,166.1999969482422,15.399999618530273,150.60000610351562,177.10000610351562,2.4000000953674316,159.8000030517578,174.60000610351562,179.3000030517578,176.5,52.37174606323242,1.0879226922988892,0.8792370557785034,0.8906285762786865,0.8219200372695923,1.558867335319519,51.41023254394531
159.8000030517578,144.5,111.0999984741211,147.6999969482422,25.0,177.39999389648438,165.3000030517578,13.300000190734863,152.1999969482422,174.60000610351562,2.5999999046325684,162.1999969482422,175.1999969482422,178.60000610351562,176.6999969482422,56.88278579711914,1.071555733680725,0.868811309337616,0.8642857074737549,0.8184100389480591,1.5439115762710571,51.683624267578125
159.39999389648438,147.39999389648438,111.0999984741211,150.5,21.700000762939453,179.0,167.10000610351562,9.5,160.8000030517578,178.8000030517578,6.900000095367432,162.10000610351562,174.0,179.0,176.10000610351562,56.74555587768555,1.0772435665130615,0.8645976185798645,0.842599630355835,0.8150567412376404,1.539536714553833,50.502201080322266
160.3000030517578,146.5,111.9000015258789,153.3000030517578,22.799999237060547,172.89999389648438,168.89999389648438,8.0,160.5,178.39999389648438,9.899999618530273,168.60000610351562,174.0,178.0,170.5,58.17695999145508,1.0617784261703491,0.8575096726417542,0.8248694539070129,0.8012356162071228,1.5442759990692139,51.168006896972656
163.0,146.5,107.30000305175781,156.39999389648438,19.5,177.10000610351562,170.8000030517578,5.599999904632568,163.3000030517578,178.60000610351562,14.800000190734863,172.5,175.1999969482422,178.5,169.60000610351562,59.89139938354492,1.0412553548812866,0.8462364673614502,0.8256769180297852,0.8011980652809143,1.5548388957977295,51.71284866333008
163.3000030517578,145.89999389648438,107.5,158.39999389648438,18.299999237060547,176.5,172.3000030517578,3.4000000953674316,166.8000030517578,175.39999389648438,18.200000762939453,174.6999969482422,175.5,176.6999969482422,169.0,60.618743896484375,1.0346943140029907,0.8402517437934875,0.8193881511688232,0.7933648228645325,1.5699807405471802,52.76618957519531
163.3000030517578,145.60000610351562,111.0999984741211,158.60000610351562,21.0,174.1999969482422,173.60000610351562,4.199999809265137,168.8000030517578,175.3000030517578,17.100000381469727,174.89999389648438,173.6999969482422,177.1999969482422,170.6999969482422,57.6894416809082,1.0424325466156006,0.8401221036911011,0.8114110827445984,0.7832018733024597,1.5639598369598389,51.0709342956543
161.60000610351562,146.10000610351562,117.0999984741211,159.1999969482422,20.0,175.3000030517578,174.6999969482422,3.5999999046325684,165.8000030517578,174.3000030517578,17.700000762939453,176.1999969482422,173.39999389648438,174.6999969482422,172.6999969482422,58.78178024291992,1.0584999322891235,0.8290857076644897,0.8158771395683289,0.7613930106163025,1.5535640716552734,51.2016716003418
160.60000610351562,147.60000610351562,112.0999984741211,152.1999969482422,20.0,179.1999969482422,171.3000030517578,4.800000190734863,167.5,172.10000610351562,16.799999237060547,167.8000030517578,174.6999969482422,176.5,172.1999969482422,61.14043426513672,1.0572755336761475,0.8251014947891235,0.7945319414138794,0.7677311897277832,1.5529499053955078,53.5225830078125
160.89999389648438,147.0,118.19999694824219,159.3000030517578,17.600000381469727,177.89999389648438,175.1999969482422,3.0,165.60000610351562,175.3000030517578,17.899999618530273,177.3000030517578,172.5,177.10000610351562,174.5,57.09065628051758,1.061889410018921,0.8360192179679871,0.8179728388786316,0.7637617588043213,1.5516607761383057,51.11948013305664
162.5,148.5,109.19999694824219,155.6999969482422,17.5,179.5,173.39999389648438,1.5,168.8000030517578,169.10000610351562,22.399999618530273,171.6999969482422,175.6999969482422,175.60000610351562,170.39999389648438,63.339271545410156,1.0362802743911743,0.8098616003990173,0.788999080657959,0.7451288104057312,1.5439780950546265,55.7400016784668
162.8000030517578,149.0,110.0,165.0,13.399999618530273,175.3000030517578,176.3000030517578,2.0999999046325684,169.10000610351562,171.89999389648438,25.799999237060547,179.10000610351562,174.89999389648438,172.89999389648438,170.6999969482422,61.26084518432617,1.0289252996444702,0.8312792778015137,0.7973244190216064,0.7505247592926025,1.5124410390853882,50.42393112182617
164.89999389648438,151.0,102.0,164.10000610351562,5.900000095367432,174.1999969482422,177.89999389648438,5.5,174.8000030517578,168.8000030517578,27.600000381469727,179.89999389648438,174.3000030517578,172.6999969482422,167.3000030517578,58.53803634643555,1.0251132249832153,0.8559539914131165,0.8066783547401428,0.7587851285934448,1.5450643301010132,53.731895446777344
164.60000610351562,150.10000610351562,102.5,162.89999389648438,6.900000095367432,175.6999969482422,178.89999389648438,5.800000190734863,173.6999969482422,170.89999389648438,27.200000762939453,177.8000030517578,173.8000030517578,172.1999969482422,168.5,59.25950241088867,1.0197476148605347,0.8618664741516113,0.8029197454452515,0.7705662250518799,1.5549449920654297,54.25844955444336
164.3000030517578,150.39999389648438,101.80000305175781,160.89999389648438,10.100000381469727,177.1999969482422,177.8000030517578,3.0999999046325684,173.60000610351562,167.10000610351562,26.600000381469727,178.8000030517578,174.0,171.1999969482422,168.3000030517578,60.29939270019531,1.0144436359405518,0.8407509326934814,0.7900400757789612,0.7493726015090942,1.5256911516189575,55.61302185058594
164.39999389648438,151.10000610351562,110.0999984741211,157.60000610351562,16.600000381469727,179.6999969482422,178.89999389648438,1.7000000476837158,174.60000610351562,165.0,25.0,177.3000030517578,172.3000030517578,170.8000030517578,172.1999969482422,65.7791976928711,1.0438144207000732,0.7792507410049438,0.752930223941803,0.6897568106651306,1.4606927633285522,54.589866638183594
163.39999389648438,154.0,117.69999694824219,153.5,19.899999618530273,178.5,174.10000610351562,4.300000190734863,170.89999389648438,168.6999969482422,14.600000381469727,169.6999969482422,173.0,172.0,172.8000030517578,63.93669128417969,1.0992028713226318,0.78978431224823,0.7589753270149231,0.6789798736572266,1.4601316452026367,55.3328742980957
163.1999969482422,152.10000610351562,120.0999984741211,153.60000610351562,25.399999618530273,173.3000030517578,172.60000610351562,6.5,168.60000610351562,174.1999969482422,10.699999809265137,173.89999389648438,172.89999389648438,175.5,172.3000030517578,61.40855407714844,1.0957857370376587,0.8128349184989929,0.7770874500274658,0.6893693208694458,1.4751708507537842,53.017616271972656
162.1999969482422,152.1999969482422,119.4000015258789,145.5,32.29999923706055,173.60000610351562,167.39999389648438,11.800000190734863,167.10000610351562,175.8000030517578,5.0,163.39999389648438,174.10000610351562,174.60000610351562,177.8000030517578,65.36795043945312,1.1144800186157227,0.7934309840202332,0.7618992924690247,0.7095708250999451,1.5035920143127441,51.510589599609375
161.0,154.3000030517578,118.9000015258789,149.8000030517578,24.600000381469727,178.10000610351562,171.6999969482422,7.400000095367432,170.60000610351562,170.10000610351562,7.199999809265137,161.39999389648438,174.39999389648438,176.1999969482422,179.10000610351562,59.03871536254883,1.11458420753479,0.7882501482963562,0.7624819874763489,0.6938032507896423,1.5026580095291138,55.562076568603516
160.0,149.8000030517578,120.19999694824219,155.1999969482422,29.600000381469727,169.8000030517578,170.60000610351562,8.399999618530273,167.89999389648438,178.8000030517578,8.800000190734863,172.6999969482422,177.1999969482422,176.3000030517578,178.5,57.30723190307617,1.118076205253601,0.8187790513038635,0.7979798913002014,0.7659685015678406,1.5621229410171509,53.510501861572266
162.39999389648438,151.89999389648438,108.30000305175781,151.6999969482422,21.799999237060547,179.39999389648438,171.5,4.199999809265137,167.3000030517578,173.1999969482422,13.300000190734863,167.1999969482422,177.0,174.6999969482422,177.1999969482422,56.682106018066406,1.105270266532898,0.8619999289512634,0.8049672842025757,0.7848402857780457,1.5792865753173828,56.310848236083984
164.60000610351562,152.6999969482422,104.30000305175781,156.39999389648438,14.5,179.60000610351562,173.60000610351562,0.10000000149011612,170.10000610351562,170.3000030517578,17.799999237060547,170.5,174.39999389648438,177.0,174.5,54.246795654296875,1.0942227840423584,0.8986867070198059,0.7984793186187744,0.7661030292510986,1.5746840238571167,57.5938835144043
164.60000610351562,151.3000030517578,101.80000305175781,156.5,15.300000190734863,179.5,172.1999969482422,0.5,171.8000030517578,172.8000030517578,19.0,174.1999969482422,174.39999389648438,175.60000610351562,175.10000610351562,53.51835632324219,1.0864505767822266,0.9281078577041626,0.811747670173645,0.7772722840309143,1.5780916213989258,57.396446228027344
164.6999969482422,149.1999969482422,106.0999984741211,157.60000610351562,14.699999809265137,175.39999389648438,173.60000610351562,3.0,173.39999389648438,171.6999969482422,21.899999618530273,175.6999969482422,173.5,176.10000610351562,175.60000610351562,56.3769416809082,1.09237802028656,0.8910201787948608,0.8044033646583557,0.7925500869750977,1.570935606956482,56.60566329956055
164.10000610351562,147.60000610351562,106.0999984741211,157.6999969482422,17.700000762939453,171.3000030517578,171.3000030517578,0.30000001192092896,170.60000610351562,177.1999969482422,18.100000381469727,176.5,172.60000610351562,176.0,174.6999969482422,54.36016082763672,1.095403790473938,0.9394093155860901,0.8326952457427979,0.8120288252830505,1.5804411172866821,54.547794342041016
163.6999969482422,146.8000030517578,103.19999694824219,159.1999969482422,14.100000381469727,173.60000610351562,170.1999969482422,0.6000000238418579,171.8000030517578,177.89999389648438,17.399999618530273,176.39999389648438,172.39999389648438,177.60000610351562,172.6999969482422,53.72646713256836,1.087337613105774,0.9262258410453796,0.8428203463554382,0.8181716799736023,1.5607068538665771,55.98735427856445
163.1999969482422,150.6999969482422,101.69999694824219,157.60000610351562,13.0,178.1999969482422,170.5,0.699999988079071,172.1999969482422,171.39999389648438,21.799999237060547,172.6999969482422,172.8000030517578,177.89999389648438,172.39999389648438,55.838714599609375,1.093456506729126,0.940221905708313,0.8493722677230835,0.8276316523551941,1.554880142211914,55.930198669433594
164.10000610351562,150.10000610351562,100.0999984741211,159.6999969482422,10.800000190734863,178.10000610351562,172.6999969482422,1.899999976158142,174.39999389648438,170.10000610351562,23.299999237060547,173.8000030517578,172.3000030517578,177.89999389648438,173.60000610351562,53.24403381347656,1.089406967163086,0.9459021687507629,0.8512480854988098,0.8324333429336548,1.554744005203247,54.21644973754883
163.6999969482422,145.10000610351562,100.30000305175781,158.89999389648438,16.100000381469727,171.0,171.60000610351562,1.399999976158142,173.8000030517578,174.60000610351562,21.100000381469727,178.89999389648438,172.1999969482422,175.39999389648438,171.0,56.80853271484375,1.0616371631622314,0.9407150149345398,0.8433612585067749,0.8164169788360596,1.557961344718933,56.39735794067383
162.39999389648438,148.0,102.19999694824219,160.0,15.800000190734863,169.5,171.8000030517578,1.0,172.8000030517578,174.8000030517578,20.799999237060547,178.89999389648438,171.89999389648438,174.89999389648438,173.0,55.38185119628906,1.0795979499816895,0.9363707900047302,0.8481165170669556,0.8232847452163696,1.5611146688461304,55.366371154785156
164.10000610351562,146.89999389648438,99.19999694824219,161.89999389648438,12.300000190734863,175.8000030517578,172.0,2.200000047683716,174.3000030517578,172.89999389648438,23.0,178.39999389648438,172.89999389648438,176.89999389648438,171.0,55.59453201293945,1.0575305223464966,0.9323096871376038,0.8393217921257019,0.8091748356819153,1.5504717826843262,56.37554168701172
161.8000030517578,149.5,104.9000015258789,159.1999969482422,13.100000381469727,177.10000610351562,172.10000610351562,0.5,173.60000610351562,171.10000610351562,20.899999618530273,172.89999389648438,172.5,176.6999969482422,173.1999969482422,53.350372314453125,1.0847934484481812,0.9232237935066223,0.8327756524085999,0.8169214129447937,1.5594103336334229,54.64457702636719
162.89999389648438,152.60000610351562,108.19999694824219,159.39999389648438,13.300000190734863,178.39999389648438,176.10000610351562,2.299999952316284,171.60000610351562,168.89999389648438,21.100000381469727,172.0,175.8000030517578,172.0,173.0,55.61333465576172,1.0887082815170288,0.8914932012557983,0.8039634823799133,0.7813312411308289,1.5729780197143555,54.89036560058594
162.3000030517578,153.60000610351562,120.30000305175781,157.8000030517578,23.5,171.3000030517578,175.89999389648438,1.5,171.89999389648438,172.6999969482422,21.799999237060547,179.60000610351562,175.8000030517578,173.39999389648438,175.39999389648438,57.191383361816406,1.1049920320510864,0.8217873573303223,0.8087192177772522,0.7650312185287476,1.5687965154647827,53.16297149658203
162.60000610351562,151.5,123.0,156.5,30.899999618530273,165.8000030517578,174.10000610351562,5.800000190734863,169.6999969482422,173.6999969482422,18.0,178.89999389648438,173.10000610351562,174.39999389648438,174.6999969482422,60.722843170166016,1.076851487159729,0.7829869985580444,0.796204686164856,0.7128156423568726,1.4564751386642456,49.914329528808594
162.1999969482422,152.0,123.69999694824219,153.6999969482422,35.20000076293945,165.3000030517578,171.0,11.699999809265137,164.89999389648438,177.60000610351562,11.100000381469727,171.60000610351562,169.5,178.3000030517578,173.5,59.70724105834961,1.084431529045105,0.7834660410881042,0.8104880452156067,0.7173229455947876,1.418947458267212,46.159461975097656
162.10000610351562,150.6999969482422,122.5999984741211,157.0,33.900001525878906,162.8000030517578,172.39999389648438,9.100000381469727,164.60000610351562,177.89999389648438,15.100000381469727,173.60000610351562,171.39999389648438,177.5,173.3000030517578,59.18220901489258,1.0754327774047852,0.80692458152771,0.8398905992507935,0.7528215646743774,1.4531590938568115,44.538265228271484
161.60000610351562,152.10000610351562,122.80000305175781,154.5,31.600000381469727,168.1999969482422,171.5,9.300000190734863,168.3000030517578,178.3000030517578,12.199999809265137,172.89999389648438,170.5,179.60000610351562,171.1999969482422,58.44407272338867,1.0872946977615356,0.7958465814590454,0.8249750733375549,0.7490115761756897,1.4561735391616821,43.88833999633789
161.89999389648438,153.1999969482422,125.69999694824219,152.1999969482422,30.600000381469727,171.5,171.5,7.599999904632568,169.6999969482422,175.5,12.800000190734863,173.10000610351562,169.0,178.89999389648438,171.60000610351562,57.44839859008789,1.1015936136245728,0.7992103099822998,0.8189090490341187,0.7195687294006348,1.3696649074554443,42.12889099121094
162.3000030517578,154.3000030517578,127.0,155.89999389648438,25.5,174.5,174.89999389648438,1.899999976158142,170.60000610351562,170.10000610351562,19.600000381469727,172.10000610351562,165.8000030517578,178.8000030517578,169.3000030517578,52.81358337402344,1.1158033609390259,0.792048990726471,0.8251218199729919,0.7374241352081299,1.3416738510131836,39.984718322753906
162.8000030517578,153.8000030517578,125.0,155.89999389648438,27.899999618530273,174.5,174.10000610351562,5.300000190734863,170.5,170.6999969482422,14.5,167.3000030517578,165.0,177.8000030517578,171.60000610351562,52.18783187866211,1.0993194580078125,0.786576509475708,0.8269481658935547,0.7363297343254089,1.3284716606140137,39.46721649169922
162.10000610351562,154.5,125.30000305175781,155.5,24.799999237060547,175.1999969482422,174.6999969482422,3.0,171.10000610351562,170.5,16.100000381469727,168.39999389648438,166.8000030517578,176.6999969482422,172.5,53.40625762939453,1.1070201396942139,0.7861893773078918,0.8235089182853699,0.7412142753601074,1.351302981376648,40.555728912353516
161.8000030517578,154.6999969482422,125.9000015258789,156.5,30.299999237060547,172.1999969482422,174.39999389648438,4.0,170.89999389648438,170.0,17.799999237060547,169.60000610351562,165.3000030517578,178.3000030517578,171.5,51.02352523803711,1.1117304563522339,0.8084734082221985,0.8427858352661133,0.7442737221717834,1.3563214540481567,38.188236236572266
161.6999969482422,153.60000610351562,127.5999984741211,157.39999389648438,26.0,178.1999969482422,175.10000610351562,9.5,168.60000610351562,170.60000610351562,15.100000381469727,164.6999969482422,162.39999389648438,179.6999969482422,170.60000610351562,52.48407745361328,1.1146700382232666,0.7969461679458618,0.8392448425292969,0.7648320198059082,1.3361698389053345,35.71950912475586
161.10000610351562,154.39999389648438,128.1999969482422,157.8000030517578,32.79999923706055,169.39999389648438,174.10000610351562,10.800000190734863,168.39999389648438,172.10000610351562,14.699999809265137,168.6999969482422,163.6999969482422,179.60000610351562,170.5,51.07938766479492,1.1094800233840942,0.8044377565383911,0.8458079695701599,0.7506641149520874,1.3562482595443726,36.699188232421875
161.39999389648438,156.10000610351562,126.4000015258789,157.6999969482422,27.799999237060547,174.89999389648438,173.5,6.699999809265137,171.8000030517578,170.0,15.899999618530273,167.89999389648438,167.6999969482422,179.8000030517578,173.5,51.79433059692383,1.1165742874145508,0.8103046417236328,0.8436920046806335,0.7545376420021057,1.3648635149002075,37.100860595703125
161.8000030517578,155.3000030517578,125.19999694824219,159.10000610351562,29.5,170.8000030517578,174.89999389648438,4.5,172.60000610351562,169.10000610351562,18.899999618530273,170.1999969482422,169.1999969482422,178.5,170.6999969482422,50.52817153930664,1.1099472045898438,0.8273847699165344,0.8407838940620422,0.7574222683906555,1.358068585395813,37.54730987548828
162.10000610351562,155.1999969482422,124.9000015258789,158.3000030517578,24.0,177.10000610351562,174.3000030517578,3.5999999046325684,174.10000610351562,168.3000030517578,20.399999618530273,172.8000030517578,168.5,177.0,169.3000030517578,50.09693145751953,1.1179149150848389,0.8233289122581482,0.8500464558601379,0.7651290893554688,1.3482857942581177,37.12385559082031
162.60000610351562,154.5,124.9000015258789,159.10000610351562,24.100000381469727,173.8000030517578,175.5,0.699999988079071,175.89999389648438,168.1999969482422,25.299999237060547,177.10000610351562,168.8000030517578,176.5,166.60000610351562,50.423274993896484,1.112770676612854,0.8230219483375549,0.8432337045669556,0.7705238461494446,1.346792221069336,37.2330436706543
161.5,155.60000610351562,126.0,156.89999389648438,26.5,174.60000610351562,174.60000610351562,5.300000190734863,173.60000610351562,169.60000610351562,17.5,170.10000610351562,169.0,176.39999389648438,171.3000030517578,51.89909362792969,1.1144405603408813,0.8200559616088867,0.8357025980949402,0.7658373117446899,1.3470455408096313,37.06783676147461
161.89999389648438,154.89999389648438,125.4000015258789,156.60000610351562,29.100000381469727,171.39999389648438,174.1999969482422,3.4000000953674316,173.89999389648438,169.1999969482422,20.600000381469727,173.39999389648438,168.8000030517578,176.89999389648438,169.10000610351562,50.66612243652344,1.115341305732727,0.8255359530448914,0.8414306640625,0.7571444511413574,1.350640892982483,36.98675537109375
160.60000610351562,156.0,125.4000015258789,157.0,32.79999923706055,169.1999969482422,173.1999969482422,4.800000190734863,171.89999389648438,170.1999969482422,16.899999618530273,169.0,172.3000030517578,178.60000610351562,170.8000030517578,51.3006591796875,1.125001072883606,0.8358117341995239,0.8330903053283691,0.7630358934402466,1.3900635242462158,40.414817810058594
161.39999389648438,156.39999389648438,126.9000015258789,157.3000030517578,30.799999237060547,172.60000610351562,172.5,6.099999904632568,171.10000610351562,172.1999969482422,15.399999618530273,169.3000030517578,174.1999969482422,179.89999389648438,170.0,50.117164611816406,1.1453983783721924,0.8504605889320374,0.8512344360351562,0.7810863256454468,1.4120304584503174,39.8981819152832
162.10000610351562,154.3000030517578,129.10000610351562,156.89999389648438,26.700000762939453,170.60000610351562,174.3000030517578,1.2000000476837158,175.89999389648438,167.60000610351562,20.600000381469727,175.3000030517578,174.8000030517578,169.3000030517578,154.6999969482422,50.508033752441406,1.132256269454956,0.8385007977485657,0.8217896223068237,0.7675100564956665,1.3402901887893677,39.62533187866211
162.60000610351562,153.6999969482422,128.10000610351562,156.6999969482422,28.100000381469727,171.8000030517578,174.10000610351562,4.699999809265137,173.5,169.0,20.399999618530273,176.10000610351562,174.8000030517578,171.1999969482422,157.3000030517578,50.499874114990234,1.1260493993759155,0.8388352990150452,0.8305821418762207,0.7812678813934326,1.34015953540802,38.75971603393555
162.1999969482422,153.6999969482422,128.1999969482422,158.5,27.5,170.0,174.6999969482422,3.0999999046325684,172.39999389648438,167.89999389648438,22.299999237060547,175.5,174.39999389648438,171.0,153.39999389648438,49.473323822021484,1.1182966232299805,0.8358331918716431,0.8264666199684143,0.7774341702461243,1.3306598663330078,39.0189208984375
161.5,154.5,126.69999694824219,158.0,28.899999618530273,169.5,174.5,4.5,172.8000030517578,169.60000610351562,21.700000762939453,176.6999969482422,175.0,171.89999389648438,162.10000610351562,51.026615142822266,1.1174033880233765,0.8336966633796692,0.8302583694458008,0.7814808487892151,1.353776216506958,38.904293060302734
161.89999389648438,155.3000030517578,127.30000305175781,159.0,29.899999618530273,169.5,173.60000610351562,6.599999904632568,171.1999969482422,170.1999969482422,18.200000762939453,171.10000610351562,174.89999389648438,175.10000610351562,168.10000610351562,50.442623138427734,1.1319369077682495,0.8397002816200256,0.834664523601532,0.7861440777778625,1.375525951385498,39.187557220458984
161.0,156.0,129.0,158.60000610351562,36.0,162.60000610351562,174.0,6.599999904632568,170.1999969482422,172.1999969482422,16.899999618530273,171.60000610351562,176.0,176.60000610351562,173.0,50.55390548706055,1.1311895847320557,0.8478323817253113,0.8397605419158936,0.7913091778755188,1.4234880208969116,41.299354553222656
160.6999969482422,156.1999969482422,128.89999389648438,158.8000030517578,35.79999923706055,164.8000030517578,174.1999969482422,7.099999904632568,170.10000610351562,171.0,14.600000381469727,168.89999389648438,176.0,178.6999969482422,175.8000030517578,50.47589111328125,1.1358555555343628,0.8476228713989258,0.8407171964645386,0.784052312374115,1.4226239919662476,41.809627532958984
159.89999389648438,155.3000030517578,127.19999694824219,159.6999969482422,28.200000762939453,167.60000610351562,173.39999389648438,4.699999809265137,171.8000030517578,170.89999389648438,14.699999809265137,170.10000610351562,175.89999389648438,179.60000610351562,177.3000030517578,50.433349609375,1.142749547958374,0.8460218906402588,0.8342570066452026,0.7776035070419312,1.446152687072754,43.45130157470703
161.6999969482422,154.5,127.69999694824219,158.5,25.600000381469727,176.1999969482422,173.60000610351562,5.800000190734863,168.89999389648438,172.1999969482422,13.399999618530273,169.89999389648438,177.0,178.89999389648438,171.5,48.626338958740234,1.141670823097229,0.8504692912101746,0.8529224991798401,0.7801464200019836,1.4600028991699219,42.37389373779297
160.8000030517578,155.1999969482422,125.0999984741211,157.89999389648438,27.200000762939453,171.1999969482422,172.39999389648438,7.099999904632568,168.89999389648438,175.0,13.0,168.89999389648438,178.60000610351562,179.89999389648438,174.10000610351562,52.58726501464844,1.147250771522522,0.8510431051254272,0.8455110788345337,0.8073502779006958,1.4681953191757202,44.105648040771484
161.60000610351562,155.39999389648438,127.19999694824219,159.8000030517578,24.799999237060547,170.1999969482422,173.60000610351562,1.899999976158142,172.10000610351562,172.60000610351562,17.100000381469727,171.10000610351562,178.39999389648438,179.8000030517578,174.1999969482422,51.02986145019531,1.1562018394470215,0.8628475666046143,0.8557940125465393,0.7918517589569092,1.4790924787521362,45.55736541748047
161.10000610351562,155.1999969482422,125.80000305175781,157.89999389648438,27.0,170.10000610351562,173.3000030517578,3.5,171.10000610351562,173.39999389648438,14.0,169.0,177.6999969482422,178.10000610351562,173.6999969482422,53.50944519042969,1.144946813583374,0.8407846093177795,0.8414394855499268,0.7798970341682434,1.4615715742111206,46.0947380065918
162.0,153.8000030517578,127.80000305175781,158.39999389648438,31.600000381469727,165.1999969482422,173.3000030517578,3.799999952316284,171.39999389648438,173.39999389648438,16.299999237060547,172.0,176.6999969482422,178.5,173.1999969482422,51.01144027709961,1.1426507234573364,0.8497896194458008,0.8409703969955444,0.7855417132377625,1.4516946077346802,43.500614166259766
160.6999969482422,154.6999969482422,126.9000015258789,158.10000610351562,32.099998474121094,166.39999389648438,172.89999389648438,5.900000095367432,170.10000610351562,173.39999389648438,13.5,168.3000030517578,177.0,177.8000030517578,174.3000030517578,49.76387023925781,1.1432793140411377,0.8542813658714294,0.8466137051582336,0.7846304774284363,1.4601439237594604,45.74939727783203
161.89999389648438,154.0,127.5999984741211,158.3000030517578,29.399999618530273,168.1999969482422,173.10000610351562,4.400000095367432,169.89999389648438,173.5,16.299999237060547,171.8000030517578,177.5,179.39999389648438,174.10000610351562,51.81803512573242,1.1397902965545654,0.8473367094993591,0.8441725373268127,0.7872419357299805,1.4486565589904785,43.86735916137695
161.0,154.5,130.10000610351562,158.1999969482422,25.200000762939453,174.1999969482422,173.39999389648438,4.5,171.3000030517578,171.8000030517578,15.399999618530273,169.10000610351562,174.3000030517578,179.89999389648438,171.3000030517578,48.85672378540039,1.150668740272522,0.854854166507721,0.8589203953742981,0.7739531993865967,1.443150281906128,42.272369384765625
159.60000610351562,155.6999969482422,128.5,156.6999969482422,28.700000762939453,171.89999389648438,172.5,4.300000190734863,172.39999389648438,170.6999969482422,16.200000762939453,167.6999969482422,172.5,178.0,175.5,47.624427795410156,1.13725745677948,0.8494264483451843,0.843376874923706,0.7748500108718872,1.4259294271469116,41.95872116088867
160.6999969482422,153.6999969482422,129.3000030517578,154.0,31.0,173.6999969482422,172.3000030517578,9.399999618530273,171.1999969482422,170.60000610351562,13.100000381469727,166.8000030517578,167.8000030517578,177.5,177.6999969482422,52.18412399291992,1.1154215335845947,0.8000204563140869,0.8291395902633667,0.7528114914894104,1.385257601737976,40.8014030456543
160.5,153.8000030517578,128.0,154.0,30.5,174.8000030517578,172.0,11.800000190734863,168.3000030517578,170.39999389648438,10.100000381469727,164.89999389648438,167.6999969482422,178.8000030517578,178.10000610351562,52.52785873413086,1.110934853553772,0.7893041372299194,0.8201805353164673,0.7354875206947327,1.3862709999084473,43.52815246582031
161.0,153.8000030517578,129.10000610351562,154.3000030517578,28.700000762939453,175.0,173.1999969482422,9.300000190734863,169.10000610351562,171.39999389648438,12.399999618530273,165.89999389648438,166.5,178.1999969482422,178.6999969482422,52.72735595703125,1.1115045547485352,0.7985182404518127,0.8270789384841919,0.7467018961906433,1.3582274913787842,41.78765869140625
160.60000610351562,154.1999969482422,125.5,158.39999389648438,29.399999618530273,169.89999389648438,173.8000030517578,8.5,168.8000030517578,172.0,13.899999618530273,170.5,172.1999969482422,175.0,179.89999389648438,54.07617950439453,1.1178408861160278,0.8093594312667847,0.8295248746871948,0.7592515349388123,1.4322954416275024,44.49159622192383
158.39999389648438,151.89999389648438,122.19999694824219,156.1999969482422,25.700000762939453,175.89999389648438,172.0,10.5,166.1999969482422,175.1999969482422,11.600000381469727,170.10000610351562,170.5,178.8000030517578,179.10000610351562,56.49706268310547,1.1025941371917725,0.8140597939491272,0.8430909514427185,0.7654135823249817,1.4784283638000488,43.572418212890625
158.10000610351562,150.8000030517578,122.0,155.89999389648438,24.399999618530273,177.0,172.1999969482422,10.899999618530273,165.0,175.8000030517578,10.800000190734863,170.3000030517578,170.60000610351562,179.89999389648438,175.89999389648438,53.01769256591797,1.0977946519851685,0.830328106880188,0.8613042831420898,0.7826648950576782,1.5035427808761597,43.40724563598633
157.39999389648438,148.3000030517578,115.0999984741211,155.5,26.399999618530273,176.3000030517578,169.1999969482422,13.699999809265137,159.1999969482422,178.10000610351562,8.0,166.39999389648438,171.1999969482422,180.0,177.6999969482422,52.653926849365234,1.0630691051483154,0.8514049649238586,0.8976055979728699,0.8078593611717224,1.5301135778427124,45.839359283447266
156.89999389648438,146.3000030517578,115.30000305175781,157.10000610351562,24.100000381469727,176.10000610351562,168.6999969482422,12.399999618530273,161.0,176.6999969482422,12.100000381469727,168.89999389648438,171.0,179.0,175.8000030517578,52.08998489379883,1.0513231754302979,0.8542011380195618,0.9051373600959778,0.8197317719459534,1.5368057489395142,45.513519287109375
156.60000610351562,149.0,117.5999984741211,157.5,22.5,178.39999389648438,170.5,9.899999618530273,166.5,175.3000030517578,10.100000381469727,167.5,168.39999389648438,179.6999969482422,175.10000610351562,55.02334976196289,1.0748481750488281,0.8346579670906067,0.8618682622909546,0.7843447327613831,1.5172547101974487,44.83279800415039
158.1999969482422,149.8000030517578,121.5999984741211,154.8000030517578,23.899999618530273,177.8000030517578,172.6999969482422,7.699999809265137,166.10000610351562,174.3000030517578,11.0,168.6999969482422,169.6999969482422,178.8000030517578,173.8000030517578,58.529266357421875,1.1010441780090332,0.8095183968544006,0.8135344982147217,0.7525640726089478,1.4811005592346191,45.60810470581055
157.60000610351562,150.5,125.0,154.6999969482422,23.200000762939453,178.3000030517578,172.6999969482422,6.699999809265137,168.3000030517578,174.8000030517578,9.5,169.5,170.5,177.1999969482422,174.6999969482422,58.813194274902344,1.111634612083435,0.804084300994873,0.7880163192749023,0.7278888821601868,1.462162733078003,46.92117691040039
157.60000610351562,150.3000030517578,124.30000305175781,155.3000030517578,26.0,172.8000030517578,172.1999969482422,6.599999904632568,171.1999969482422,175.1999969482422,10.300000190734863,172.0,170.0,176.8000030517578,175.0,58.136478424072266,1.1079283952713013,0.8017548322677612,0.7857193350791931,0.7213731408119202,1.4745423793792725,47.36618423461914
159.5,149.6999969482422,123.5999984741211,153.3000030517578,25.299999237060547,178.5,173.60000610351562,6.400000095367432,168.8000030517578,173.89999389648438,9.800000190734863,168.1999969482422,170.89999389648438,176.0,172.39999389648438,59.67338562011719,1.1037636995315552,0.8030089735984802,0.7942204475402832,0.7291470766067505,1.469521164894104,47.24946212768555
160.5,149.0,119.9000015258789,154.39999389648438,26.200000762939453,174.60000610351562,173.1999969482422,6.0,168.10000610351562,174.60000610351562,11.300000190734863,171.3000030517578,170.8000030517578,178.0,174.3000030517578,60.07207107543945,1.0842161178588867,0.7895357608795166,0.7914950251579285,0.7248557806015015,1.5054755210876465,50.79576110839844
159.39999389648438,149.3000030517578,120.80000305175781,156.10000610351562,25.700000762939453,173.6999969482422,173.60000610351562,6.300000190734863,168.89999389648438,174.5,11.399999618530273,171.8000030517578,170.0,177.8000030517578,174.6999969482422,58.560272216796875,1.0931196212768555,0.7968520522117615,0.7909928560256958,0.7430466413497925,1.5273736715316772,50.73539352416992
158.5,150.0,123.19999694824219,156.1999969482422,23.5,175.89999389648438,174.10000610351562,4.900000095367432,170.3000030517578,175.60000610351562,11.699999809265137,173.3000030517578,167.6999969482422,177.0,176.60000610351562,57.779727935791016,1.1059222221374512,0.8018139004707336,0.7985616326332092,0.7372817993164062,1.5087485313415527,49.9180908203125
159.1999969482422,148.10000610351562,121.0,154.6999969482422,25.0,173.3000030517578,174.0,3.799999952316284,169.0,174.3000030517578,14.399999618530273,175.39999389648438,168.39999389648438,176.0,173.89999389648438,60.46750259399414,1.0911955833435059,0.7978463768959045,0.786418616771698,0.7355433702468872,1.5275686979293823,51.180137634277344
160.3000030517578,148.1999969482422,116.5,157.0,22.399999618530273,173.8000030517578,173.60000610351562,4.400000095367432,168.1999969482422,176.89999389648438,13.899999618530273,176.3000030517578,167.8000030517578,177.5,175.6999969482422,58.918949127197266,1.0688204765319824,0.7988229990005493,0.795464038848877,0.7424394488334656,1.5176904201507568,51.98948287963867
159.3000030517578,149.60000610351562,119.19999694824219,155.0,25.299999237060547,172.60000610351562,174.8000030517578,4.199999809265137,169.1999969482422,173.8000030517578,14.5,176.1999969482422,167.8000030517578,175.39999389648438,175.0,59.42081832885742,1.0814480781555176,0.7996110916137695,0.7889450192451477,0.7318762540817261,1.5136674642562866,51.49946212768555
159.1999969482422,149.3000030517578,121.0,153.5,26.600000381469727,171.60000610351562,173.6999969482422,5.199999809265137,168.6999969482422,175.6999969482422,12.800000190734863,175.1999969482422,167.6999969482422,175.5,174.6999969482422,58.407535552978516,1.097217321395874,0.8036494255065918,0.7946373224258423,0.7421272397041321,1.5321242809295654,50.78004455566406
159.3000030517578,149.3000030517578,117.80000305175781,157.1999969482422,21.5,174.10000610351562,174.8000030517578,3.4000000953674316,170.5,176.10000610351562,14.199999809265137,176.3000030517578,166.5,177.8000030517578,175.1999969482422,56.2368049621582,1.0765658617019653,0.8101946711540222,0.7922008633613586,0.7478263974189758,1.5112603902816772,50.17441177368164
159.1999969482422,149.5,118.19999694824219,153.1999969482422,24.5,174.1999969482422,173.1999969482422,5.800000190734863,167.3000030517578,175.10000610351562,12.5,173.6999969482422,168.8000030517578,175.5,174.60000610351562,60.316104888916016,1.0790432691574097,0.799287736415863,0.7765734791755676,0.7325980067253113,1.5349977016448975,53.38188934326172
159.39999389648438,149.10000610351562,117.5,156.60000610351562,21.799999237060547,175.6999969482422,175.10000610351562,4.0,169.89999389648438,175.39999389648438,14.100000381469727,175.10000610351562,166.3000030517578,177.39999389648438,174.89999389648438,58.89812088012695,1.0755754709243774,0.7959558367729187,0.7843469977378845,0.752949595451355,1.521774411201477,51.762847900390625
159.60000610351562,148.6999969482422,117.5,156.8000030517578,20.899999618530273,176.6999969482422,174.60000610351562,4.099999904632568,167.6999969482422,174.5,13.899999618530273,175.0,166.60000610351562,177.1999969482422,174.6999969482422,59.56539535522461,1.0775270462036133,0.7919462323188782,0.7854635715484619,0.7321417331695557,1.5268923044204712,52.42171859741211
160.60000610351562,148.60000610351562,117.5,153.60000610351562,22.600000381469727,175.8000030517578,174.89999389648438,3.5,168.10000610351562,174.89999389648438,14.199999809265137,175.1999969482422,168.60000610351562,175.3000030517578,174.1999969482422,62.57468032836914,1.0703651905059814,0.7879327535629272,0.7660316228866577,0.7283357977867126,1.5301015377044678,53.51255416870117
160.39999389648438,149.10000610351562,116.5999984741211,155.0,20.399999618530273,175.60000610351562,175.89999389648438,2.9000000953674316,168.89999389648438,176.0,14.699999809265137,177.0,166.89999389648438,177.10000610351562,174.8000030517578,59.51640319824219,1.0640554428100586,0.8023988008499146,0.7754321098327637,0.749760627746582,1.5402175188064575,52.3770866394043
162.39999389648438,148.10000610351562,111.30000305175781,157.1999969482422,18.200000762939453,178.60000610351562,177.60000610351562,0.30000001192092896,168.89999389648438,171.89999389648438,18.200000762939453,176.39999389648438,169.60000610351562,175.0,175.39999389648438,60.93119812011719,1.0545762777328491,0.7998971939086914,0.7733778953552246,0.7473347187042236,1.5571831464767456,54.66231155395508
162.3000030517578,148.6999969482422,113.30000305175781,158.0,17.299999237060547,179.0,177.89999389648438,1.100000023841858,168.3000030517578,174.39999389648438,16.799999237060547,176.89999389648438,169.8000030517578,176.0,176.1999969482422,57.751277923583984,1.0715222358703613,0.818693220615387,0.7774041891098022,0.7737376093864441,1.5650839805603027,52.594661712646484
160.1999969482422,148.5,117.9000015258789,159.10000610351562,19.899999618530273,173.6999969482422,175.89999389648438,2.9000000953674316,170.6999969482422,177.10000610351562,14.800000190734863,178.39999389648438,168.5,177.0,174.39999389648438,56.36781692504883,1.072196364402771,0.8137443661689758,0.7827503085136414,0.7629069685935974,1.5434629917144775,50.27547073364258
160.10000610351562,148.8000030517578,118.0,159.5,17.299999237060547,178.6999969482422,177.39999389648438,1.7000000476837158,168.8000030517578,172.10000610351562,19.0,178.10000610351562,167.60000610351562,177.6999969482422,176.39999389648438,57.505348205566406,1.077792763710022,0.797798216342926,0.794053852558136,0.742205023765564,1.539106845855713,52.20426940917969
160.6999969482422,148.6999969482422,119.5999984741211,156.60000610351562,22.700000762939453,174.39999389648438,174.0,4.0,169.39999389648438,173.39999389648438,16.399999618530273,176.10000610351562,167.5,177.3000030517578,175.6999969482422,59.23920440673828,1.0816833972930908,0.7848302721977234,0.7854074835777283,0.7223629951477051,1.5197019577026367,52.5750732421875
160.1999969482422,150.1999969482422,121.30000305175781,158.0,18.799999237060547,179.1999969482422,176.3000030517578,2.5999999046325684,171.39999389648438,170.60000610351562,16.700000762939453,175.1999969482422,165.10000610351562,178.39999389648438,175.1999969482422,59.60106658935547,1.0873180627822876,0.7653106451034546,0.782395601272583,0.7085420489311218,1.5038458108901978,51.75028610229492
159.60000610351562,149.39999389648438,122.0,156.10000610351562,24.399999618530273,173.3000030517578,174.1999969482422,3.4000000953674316,171.1999969482422,172.39999389648438,16.299999237060547,176.6999969482422,168.89999389648438,177.60000610351562,175.10000610351562,60.5858268737793,1.0874782800674438,0.7737636566162109,0.7897413969039917,0.7116696238517761,1.51607346534729,52.80545425415039
160.39999389648438,149.39999389648438,125.0,155.8000030517578,24.899999618530273,174.0,174.10000610351562,4.099999904632568,173.10000610351562,173.39999389648438,13.399999618530273,175.39999389648438,170.8000030517578,178.0,177.6999969482422,59.31820297241211,1.1113083362579346,0.7693219780921936,0.7809447050094604,0.7116171717643738,1.5384445190429688,52.804344177246094
159.8000030517578,151.60000610351562,123.9000015258789,157.6999969482422,23.700000762939453,174.5,174.5,5.300000190734863,168.5,171.6999969482422,14.699999809265137,172.6999969482422,172.8000030517578,176.1999969482422,176.5,58.23021697998047,1.1076093912124634,0.7956904768943787,0.7893615365028381,0.7182930111885071,1.5475175380706787,54.054534912109375
159.0,150.3000030517578,126.19999694824219,151.10000610351562,27.700000762939453,175.10000610351562,171.39999389648438,7.400000095367432,168.6999969482422,178.39999389648438,9.100000381469727,171.60000610351562,177.3000030517578,176.8000030517578,179.3000030517578,60.73561096191406,1.1363643407821655,0.7797675728797913,0.7752771377563477,0.7361133098602295,1.5779935121536255,55.057613372802734
159.60000610351562,148.6999969482422,126.5999984741211,150.39999389648438,30.200000762939453,172.8000030517578,171.10000610351562,8.600000381469727,166.39999389648438,178.8000030517578,9.800000190734863,172.60000610351562,177.39999389648438,176.0,178.6999969482422,61.307071685791016,1.1289528608322144,0.7917637228965759,0.7805600166320801,0.7418955564498901,1.5882328748703003,55.239173889160156
160.5,148.5,126.30000305175781,150.5,30.5,171.89999389648438,170.10000610351562,8.800000190734863,166.5,179.5,8.399999618530273,172.8000030517578,177.60000610351562,176.5,177.8000030517578,61.00800704956055,1.1340975761413574,0.7930651903152466,0.7780190706253052,0.7397803068161011,1.591170072555542,54.5628547668457
159.8000030517578,149.8000030517578,123.80000305175781,149.1999969482422,30.100000381469727,172.1999969482422,169.89999389648438,10.0,166.89999389648438,178.10000610351562,5.900000095367432,171.39999389648438,178.5,176.39999389648438,178.10000610351562,60.44694519042969,1.1304758787155151,0.799183189868927,0.7816035747528076,0.7569937109947205,1.5980762243270874,55.28904342651367
159.0,149.60000610351562,129.89999389648438,150.89999389648438,31.700000762939453,170.89999389648438,169.0,12.0,167.0,177.0,3.5999999046325684,171.6999969482422,178.3000030517578,179.3000030517578,179.0,58.108619689941406,1.1614205837249756,0.8130056262016296,0.7974725365638733,0.7726209163665771,1.5944478511810303,53.93375015258789
158.0,150.0,128.89999389648438,147.10000610351562,33.900001525878906,169.89999389648438,167.6999969482422,14.399999618530273,164.3000030517578,173.39999389648438,1.7000000476837158,167.6999969482422,179.10000610351562,179.0,178.8000030517578,59.1636962890625,1.1619194746017456,0.81172114610672,0.7884005904197693,0.7800702452659607,1.6074638366699219,55.27454376220703
156.1999969482422,149.39999389648438,134.39999389648438,144.39999389648438,35.79999923706055,169.1999969482422,166.0,16.200000762939453,165.89999389648438,169.0,6.800000190734863,167.5,179.60000610351562,178.89999389648438,177.8000030517578,53.02934646606445,1.1829581260681152,0.8704215288162231,0.8222147822380066,0.8162661790847778,1.6359869241714478,53.63953399658203
156.6999969482422,147.39999389648438,132.6999969482422,145.3000030517578,35.400001525878906,168.6999969482422,166.60000610351562,15.300000190734863,164.8000030517578,170.5,3.799999952316284,169.3000030517578,179.89999389648438,178.6999969482422,177.6999969482422,56.55937957763672,1.168330430984497,0.8472139239311218,0.8189997673034668,0.7980387210845947,1.6168086528778076,53.725006103515625
157.6999969482422,148.5,127.19999694824219,145.0,34.20000076293945,170.60000610351562,166.6999969482422,14.600000381469727,164.0,174.1999969482422,2.4000000953674316,164.60000610351562,179.39999389648438,177.89999389648438,178.5,55.71219253540039,1.1570630073547363,0.8589945435523987,0.8185217380523682,0.8178436160087585,1.6296043395996094,55.371177673339844
158.0,147.5,122.4000015258789,141.8000030517578,33.29999923706055,172.60000610351562,165.10000610351562,13.399999618530273,165.0,172.5,3.5,164.8000030517578,177.39999389648438,174.8000030517578,177.60000610351562,52.38858413696289,1.1730117797851562,0.9172487258911133,0.8577301502227783,0.8822450637817383,1.6609773635864258,59.03274154663086
160.1999969482422,146.8000030517578,119.30000305175781,146.89999389648438,30.299999237060547,171.8000030517578,166.60000610351562,11.899999618530273,166.89999389648438,176.1999969482422,1.899999976158142,167.8000030517578,176.8000030517578,175.10000610351562,179.1999969482422,52.300235748291016,1.1574739217758179,0.9086585640907288,0.8597086071968079,0.8672149777412415,1.6573843955993652,58.069480895996094
160.1999969482422,146.5,120.5,145.8000030517578,31.799999237060547,168.8000030517578,166.39999389648438,11.100000381469727,166.5,178.1999969482422,3.4000000953674316,167.10000610351562,176.6999969482422,173.1999969482422,178.39999389648438,53.9362678527832,1.1511421203613281,0.9034258127212524,0.8417786955833435,0.8590669631958008,1.6564607620239258,58.43613815307617
159.39999389648438,147.8000030517578,119.5999984741211,150.1999969482422,26.399999618530273,174.6999969482422,170.3000030517578,8.800000190734863,168.5,178.89999389648438,4.300000190734863,169.10000610351562,179.5,176.60000610351562,178.5,52.95709228515625,1.1326130628585815,0.8827084302902222,0.844587504863739,0.8523393273353577,1.6650745868682861,55.625816345214844
158.60000610351562,148.0,119.80000305175781,147.60000610351562,29.0,173.89999389648438,168.60000610351562,10.899999618530273,165.1999969482422,178.8000030517578,2.4000000953674316,164.89999389648438,178.5,174.39999389648438,178.89999389648438,53.35764694213867,1.1364413499832153,0.8812412023544312,0.8350904583930969,0.8439261317253113,1.643652319908142,58.39387512207031
159.89999389648438,147.89999389648438,121.69999694824219,147.8000030517578,30.5,174.5,168.6999969482422,11.699999809265137,164.39999389648438,178.3000030517578,3.9000000953674316,164.5,178.8000030517578,176.10000610351562,178.89999389648438,55.72582244873047,1.136476755142212,0.8538469672203064,0.8323577642440796,0.797400176525116,1.6351205110549927,58.105464935302734
160.0,147.39999389648438,123.30000305175781,148.0,29.700000762939453,172.89999389648438,169.89999389648438,9.100000381469727,165.39999389648438,179.39999389648438,6.0,167.89999389648438,179.5,175.39999389648438,178.89999389648438,55.46913146972656,1.1428016424179077,0.8634061217308044,0.8285055160522461,0.8069413900375366,1.6369903087615967,57.34750747680664
160.10000610351562,146.60000610351562,122.19999694824219,145.3000030517578,32.29999923706055,171.1999969482422,167.8000030517578,10.699999809265137,163.3000030517578,179.8000030517578,4.0,166.60000610351562,179.8000030517578,175.5,179.1999969482422,56.95795440673828,1.1362797021865845,0.8696836829185486,0.8286957144737244,0.8124399781227112,1.6231266260147095,57.27767562866211
158.1999969482422,146.89999389648438,126.4000015258789,148.3000030517578,28.399999618530273,172.39999389648438,170.0,9.100000381469727,167.60000610351562,178.89999389648438,5.099999904632568,171.10000610351562,177.10000610351562,178.8000030517578,176.39999389648438,55.8612060546875,1.1550654172897339,0.8648409843444824,0.8255445957183838,0.8247398138046265,1.6470022201538086,54.395748138427734
160.8000030517578,146.89999389648438,122.0999984741211,147.6999969482422,29.899999618530273,169.8000030517578,170.39999389648438,7.400000095367432,165.8000030517578,175.0,10.300000190734863,169.39999389648438,178.0,174.39999389648438,179.60000610351562,58.47076416015625,1.13800847530365,0.8574337363243103,0.8210250735282898,0.8086682558059692,1.6355209350585938,57.441993713378906
159.39999389648438,147.39999389648438,120.5999984741211,149.60000610351562,29.700000762939453,172.1999969482422,169.3000030517578,11.0,166.39999389648438,175.5,2.200000047683716,171.0,177.0,178.0,177.8000030517578,57.493289947509766,1.1317939758300781,0.8287529945373535,0.8148699402809143,0.8170946836471558,1.638045072555542,54.074928283691406
159.10000610351562,147.3000030517578,123.5,145.6999969482422,30.899999618530273,174.10000610351562,167.60000610351562,12.199999809265137,166.1999969482422,176.1999969482422,1.0,167.3000030517578,177.60000610351562,176.6999969482422,176.8000030517578,57.30402374267578,1.1408435106277466,0.8366832733154297,0.8091413974761963,0.8066967129707336,1.621293544769287,54.470863342285156
158.1999969482422,148.3000030517578,123.19999694824219,150.8000030517578,28.100000381469727,172.10000610351562,172.0,8.399999618530273,167.3000030517578,178.3000030517578,6.300000190734863,172.60000610351562,176.1999969482422,177.39999389648438,177.0,57.180763244628906,1.1334208250045776,0.831279993057251,0.8123586773872375,0.8032296299934387,1.6121279001235962,53.367523193359375
158.1999969482422,149.1999969482422,122.0,150.89999389648438,26.600000381469727,174.6999969482422,172.1999969482422,8.199999809265137,168.3000030517578,179.60000610351562,6.5,172.6999969482422,175.60000610351562,177.5,178.60000610351562,58.23896789550781,1.129171371459961,0.8143660426139832,0.7919581532478333,0.795920729637146,1.6087900400161743,53.404693603515625
159.3000030517578,150.8000030517578,121.5,151.6999969482422,25.100000381469727,176.89999389648438,172.6999969482422,8.0,169.0,179.39999389648438,5.300000190734863,171.3000030517578,175.1999969482422,178.10000610351562,177.60000610351562,56.4229621887207,1.135265588760376,0.8222059011459351,0.8019004464149475,0.7912047505378723,1.611514687538147,53.51575469970703
158.60000610351562,149.5,123.19999694824219,151.8000030517578,25.600000381469727,175.5,173.10000610351562,7.599999904632568,169.5,179.6999969482422,6.599999904632568,172.89999389648438,174.89999389648438,178.5,177.1999969482422,55.92427444458008,1.1377981901168823,0.830035388469696,0.7997680902481079,0.8019868731498718,1.6274834871292114,53.6745719909668
157.5,148.10000610351562,123.69999694824219,149.60000610351562,28.799999237060547,173.1999969482422,170.3000030517578,11.199999809265137,167.8000030517578,176.1999969482422,2.4000000953674316,172.6999969482422,174.3000030517578,179.1999969482422,178.39999389648438,58.18656539916992,1.125,0.799896776676178,0.786308228969574,0.7846347689628601,1.6112045049667358,52.87177276611328
157.89999389648438,149.5,123.0,147.0,29.100000381469727,176.1999969482422,169.6999969482422,9.5,165.60000610351562,178.89999389648438,4.199999809265137,165.3000030517578,176.60000610351562,176.3000030517578,177.60000610351562,55.93803787231445,1.1411393880844116,0.8501366972923279,0.8118175864219666,0.800146222114563,1.5984563827514648,55.14034652709961
158.1999969482422,146.89999389648438,124.19999694824219,145.8000030517578,32.0,170.60000610351562,168.10000610351562,11.300000190734863,167.5,174.60000610351562,2.5,172.1999969482422,176.0,177.1999969482422,177.0,58.25114822387695,1.1338882446289062,0.8273862600326538,0.798245906829834,0.7930313348770142,1.608514666557312,52.6326789855957
158.3000030517578,149.60000610351562,122.5,150.60000610351562,25.600000381469727,175.10000610351562,171.39999389648438,7.699999809265137,169.60000610351562,179.1999969482422,5.900000095367432,170.6999969482422,175.1999969482422,177.60000610351562,179.5,56.701175689697266,1.134016752243042,0.8235390186309814,0.8055388331413269,0.8042869567871094,1.6013519763946533,53.02003860473633
158.6999969482422,147.60000610351562,126.30000305175781,147.60000610351562,29.399999618530273,173.1999969482422,169.89999389648438,9.699999809265137,166.10000610351562,179.1999969482422,4.5,170.0,176.60000610351562,175.6999969482422,177.1999969482422,57.18333435058594,1.1478972434997559,0.833618700504303,0.8016043901443481,0.7878166437149048,1.6080161333084106,53.651039123535156
157.60000610351562,147.60000610351562,125.69999694824219,147.3000030517578,31.0,170.5,168.39999389648438,10.899999618530273,168.0,176.39999389648438,3.700000047683716,171.8000030517578,176.3000030517578,176.1999969482422,177.5,57.432247161865234,1.1388472318649292,0.8343636989593506,0.8062039613723755,0.808506190776825,1.614145040512085,51.910011291503906
158.39999389648438,147.10000610351562,123.5999984741211,146.5,31.399999618530273,170.10000610351562,167.0,11.699999809265137,166.6999969482422,175.10000610351562,2.4000000953674316,170.89999389648438,177.5,175.8000030517578,178.89999389648438,58.142822265625,1.1330482959747314,0.839411199092865,0.806699275970459,0.810032308101654,1.6021403074264526,53.06319046020508
159.39999389648438,148.6999969482422,122.5999984741211,148.1999969482422,28.399999618530273,176.8000030517578,169.6999969482422,10.100000381469727,167.0,178.8000030517578,5.099999904632568,167.8000030517578,175.8000030517578,176.8000030517578,177.3000030517578,58.3095703125,1.13516104221344,0.8168894648551941,0.7944085001945496,0.7708501219749451,1.5882118940353394,54.98008728027344
158.39999389648438,149.39999389648438,124.9000015258789,153.39999389648438,24.600000381469727,173.8000030517578,173.5,6.800000190734863,170.39999389648438,179.89999389648438,8.0,175.10000610351562,173.39999389648438,178.10000610351562,178.89999389648438,56.914337158203125,1.1355870962142944,0.8076738715171814,0.7880628108978271,0.7877851128578186,1.6121182441711426,52.290611267089844
159.5,148.10000610351562,123.5999984741211,149.39999389648438,30.200000762939453,171.6999969482422,170.39999389648438,8.5,169.1999969482422,178.39999389648438,7.800000190734863,172.10000610351562,173.3000030517578,176.6999969482422,176.89999389648438,59.01301956176758,1.1333954334259033,0.8076890707015991,0.7876796126365662,0.7628145813941956,1.5848267078399658,52.62800979614258
158.5,149.39999389648438,123.0999984741211,146.60000610351562,29.5,175.0,168.6999969482422,10.100000381469727,167.3000030517578,178.89999389648438,4.699999809265137,168.6999969482422,174.8000030517578,176.8000030517578,178.10000610351562,59.32687759399414,1.1382595300674438,0.8072870969772339,0.7893047332763672,0.7780049443244934,1.5866729021072388,53.523475646972656
159.39999389648438,147.8000030517578,123.0999984741211,149.3000030517578,29.899999618530273,171.3000030517578,169.89999389648438,9.699999809265137,167.8000030517578,179.1999969482422,5.699999809265137,171.6999969482422,175.5,176.1999969482422,177.39999389648438,59.262046813964844,1.124064564704895,0.8052119612693787,0.7898983359336853,0.7775875329971313,1.6024491786956787,52.98479461669922
160.89999389648438,149.60000610351562,122.5999984741211,152.8000030517578,27.700000762939453,172.5,172.0,6.400000095367432,169.8000030517578,176.10000610351562,11.199999809265137,172.3000030517578,176.60000610351562,174.60000610351562,178.39999389648438,61.47502899169922,1.12288498878479,0.7880289554595947,0.7818533778190613,0.7500022053718567,1.5750023126602173,53.748374938964844
160.39999389648438,149.10000610351562,122.19999694824219,150.3000030517578,28.5,172.0,171.0,7.199999809265137,166.39999389648438,175.3000030517578,11.199999809265137,169.0,176.39999389648438,176.10000610351562,177.10000610351562,63.123958587646484,1.1223688125610352,0.7745944261550903,0.7762619256973267,0.7310107946395874,1.5788569450378418,55.90432357788086
159.0,150.8000030517578,123.5999984741211,150.1999969482422,30.600000381469727,170.8000030517578,170.6999969482422,8.800000190734863,168.1999969482422,175.6999969482422,9.100000381469727,168.10000610351562,176.89999389648438,176.8000030517578,178.1999969482422,61.59946823120117,1.1308515071868896,0.7831522226333618,0.791426420211792,0.7585225701332092,1.5754507780075073,53.47749710083008
160.5,150.10000610351562,123.69999694824219,154.10000610351562,28.5,170.0,170.8000030517578,9.0,166.5,178.3000030517578,8.5,171.89999389648438,177.1999969482422,177.39999389648438,178.1999969482422,60.26708221435547,1.1252201795578003,0.7887837886810303,0.7895538806915283,0.7518187165260315,1.5854262113571167,53.813392639160156
160.3000030517578,158.10000610351562,125.30000305175781,158.89999389648438,26.5,164.6999969482422,173.89999389648438,10.300000190734863,164.8000030517578,174.3000030517578,17.399999618530273,175.0,174.0,166.6999969482422,101.0999984741211,49.345741271972656,1.143309235572815,0.8555408120155334,0.8857082724571228,0.8454664349555969,1.2173279523849487,32.22434997558594
162.10000610351562,156.1999969482422,134.8000030517578,158.1999969482422,26.200000762939453,165.5,174.0,9.0,166.3000030517578,177.0,15.699999809265137,176.0,169.6999969482422,167.1999969482422,102.5,47.413143157958984,1.184652328491211,0.8933647871017456,0.9079827070236206,0.8508365750312805,1.257777452468872,30.79438018798828
163.6999969482422,152.8000030517578,128.39999389648438,157.10000610351562,29.600000381469727,167.0,173.1999969482422,8.300000190734863,174.10000610351562,179.6999969482422,10.800000190734863,175.10000610351562,170.60000610351562,177.8000030517578,176.10000610351562,51.47404861450195,1.1502306461334229,0.8775484561920166,0.8905954957008362,0.8701846599578857,1.5501693487167358,38.879783630371094
163.3000030517578,154.39999389648438,128.0,155.60000610351562,29.600000381469727,169.39999389648438,174.60000610351562,7.099999904632568,172.10000610351562,176.8000030517578,11.5,175.1999969482422,172.6999969482422,179.1999969482422,175.39999389648438,55.547481536865234,1.1568959951400757,0.8305940628051758,0.8434460759162903,0.8195893168449402,1.5702593326568604,44.442893981933594
161.6999969482422,156.5,129.89999389648438,159.6999969482422,24.299999237060547,171.39999389648438,175.39999389648438,4.900000095367432,178.10000610351562,175.6999969482422,12.899999618530273,174.10000610351562,171.39999389648438,176.10000610351562,172.60000610351562,51.08002471923828,1.1755033731460571,0.8540431261062622,0.8733603358268738,0.8604499697685242,1.5863862037658691,40.9598503112793
162.1999969482422,153.10000610351562,131.8000030517578,159.60000610351562,18.799999237060547,178.8000030517578,174.8000030517578,3.799999952316284,179.5,176.1999969482422,15.300000190734863,176.60000610351562,171.8000030517578,175.10000610351562,165.6999969482422,49.97708511352539,1.194534420967102,0.8932720422744751,0.9060561060905457,0.9099166393280029,1.584133505821228,40.93788146972656
163.39999389648438,151.6999969482422,131.60000610351562,161.39999389648438,18.899999618530273,176.6999969482422,174.89999389648438,3.0,180.0,177.3000030517578,18.100000381469727,178.39999389648438,173.6999969482422,178.60000610351562,164.89999389648438,46.581336975097656,1.2000091075897217,0.9423509836196899,0.9332810044288635,0.962429404258728,1.5910500288009644,38.04729080200195
163.10000610351562,152.10000610351562,134.39999389648438,162.1999969482422,18.700000762939453,175.5,175.3000030517578,3.4000000953674316,178.3000030517578,177.3000030517578,17.5,177.10000610351562,174.3000030517578,175.1999969482422,169.39999389648438,45.401058197021484,1.2116875648498535,0.9528725743293762,0.9449777603149414,0.9778483510017395,1.6291706562042236,40.414466857910156
162.1999969482422,153.0,131.3000030517578,160.39999389648438,23.600000381469727,173.10000610351562,175.39999389648438,4.5,179.6999969482422,178.0,13.100000381469727,175.8000030517578,176.3000030517578,175.10000610351562,172.8000030517578,47.61014175415039,1.2012354135513306,0.9286293983459473,0.9289817214012146,0.9744426608085632,1.6515487432479858,43.887168884277344
162.5,152.39999389648438,132.3000030517578,159.0,27.600000381469727,168.8000030517578,174.1999969482422,4.900000095367432,177.89999389648438,178.39999389648438,14.5,177.10000610351562,178.89999389648438,177.0,171.10000610351562,49.64341735839844,1.200755000114441,0.9329693913459778,0.930098295211792,0.9822287559509277,1.682665228843689,46.75092697143555
161.60000610351562,154.6999969482422,129.8000030517578,157.60000610351562,29.600000381469727,168.3000030517578,174.1999969482422,6.599999904632568,175.8000030517578,178.3000030517578,11.5,173.6999969482422,177.89999389648438,176.39999389648438,175.10000610351562,51.218650817871094,1.1973676681518555,0.8967806696891785,0.8934073448181152,0.9495225548744202,1.6609106063842773,45.3520393371582
161.8000030517578,155.39999389648438,127.30000305175781,158.1999969482422,27.5,170.5,173.6999969482422,6.0,175.89999389648438,177.89999389648438,11.800000190734863,173.1999969482422,178.8000030517578,177.89999389648438,176.3000030517578,53.23954391479492,1.1785598993301392,0.87248694896698,0.8660611510276794,0.9122450947761536,1.634429693222046,45.95292282104492
162.1999969482422,155.0,127.0,158.10000610351562,26.700000762939453,169.89999389648438,174.0,5.699999809265137,174.39999389648438,177.89999389648438,12.5,172.8000030517578,179.89999389648438,178.6999969482422,174.89999389648438,53.99977111816406,1.1739376783370972,0.8714533448219299,0.8624350428581238,0.9060915112495422,1.6253591775894165,46.767372131347656
162.1999969482422,155.8000030517578,125.69999694824219,158.8000030517578,26.299999237060547,170.1999969482422,173.8000030517578,5.5,175.39999389648438,178.1999969482422,11.800000190734863,172.60000610351562,178.6999969482422,178.3000030517578,175.60000610351562,53.76264572143555,1.1766377687454224,0.8712888360023499,0.8637075424194336,0.8990832567214966,1.6248522996902466,45.80188751220703
162.0,154.60000610351562,127.4000015258789,158.60000610351562,27.5,167.3000030517578,173.6999969482422,5.400000095367432,173.5,177.1999969482422,12.399999618530273,171.6999969482422,179.89999389648438,179.5,173.89999389648438,55.32536697387695,1.175163984298706,0.8662774562835693,0.8524664044380188,0.883163332939148,1.6123658418655396,46.3187141418457
162.10000610351562,155.39999389648438,128.8000030517578,158.0,29.700000762939453,166.5,173.89999389648438,5.400000095367432,173.0,176.39999389648438,12.0,170.1999969482422,179.89999389648438,179.0,174.6999969482422,52.71084213256836,1.177734375,0.886239230632782,0.8572180271148682,0.8925997018814087,1.6059778928756714,46.39490509033203
162.8000030517578,153.5,127.30000305175781,157.5,29.600000381469727,166.0,173.3000030517578,5.599999904632568,173.0,178.10000610351562,10.899999618530273,170.6999969482422,179.6999969482422,179.39999389648438,174.6999969482422,55.421913146972656,1.1687458753585815,0.8663952350616455,0.8518235087394714,0.9008114337921143,1.6007027626037598,45.33660888671875
162.60000610351562,154.60000610351562,127.0,157.89999389648438,29.5,166.89999389648438,173.39999389648438,5.599999904632568,172.6999969482422,176.5,11.5,169.39999389648438,179.6999969482422,179.60000610351562,175.60000610351562,55.384525299072266,1.1586257219314575,0.8517917394638062,0.8396827578544617,0.8700722455978394,1.5875654220581055,46.46234130859375
162.5,154.0,125.5999984741211,158.10000610351562,28.100000381469727,168.0,173.5,5.5,174.1999969482422,178.10000610351562,12.5,171.3000030517578,179.60000610351562,179.39999389648438,175.1999969482422,56.25362777709961,1.1596853733062744,0.8484578132629395,0.8353544473648071,0.8865735530853271,1.5969727039337158,45.40281677246094
162.8000030517578,154.0,127.9000015258789,157.0,29.5,167.89999389648438,173.3000030517578,6.199999809265137,174.0,177.89999389648438,11.600000381469727,170.60000610351562,179.89999389648438,179.8000030517578,176.1999969482422,56.964229583740234,1.1686999797821045,0.8474214673042297,0.836578369140625,0.8899003267288208,1.598312258720398,46.0398063659668
162.39999389648438,154.60000610351562,124.5,158.5,28.5,168.1999969482422,174.6999969482422,5.699999809265137,171.8000030517578,176.89999389648438,12.5,171.6999969482422,180.0,179.39999389648438,175.0,56.69287872314453,1.155106544494629,0.8433298468589783,0.8497912287712097,0.8566915988922119,1.5927854776382446,47.03334426879883
162.3000030517578,154.1999969482422,124.5,159.10000610351562,26.600000381469727,170.39999389648438,175.10000610351562,7.0,170.10000610351562,174.8000030517578,13.800000190734863,171.0,179.3000030517578,177.60000610351562,177.39999389648438,57.002132415771484,1.1398355960845947,0.8247257471084595,0.8219599723815918,0.8227922320365906,1.5512279272079468,47.225650787353516
162.60000610351562,155.0,124.80000305175781,157.89999389648438,27.700000762939453,169.8000030517578,174.39999389648438,7.300000190734863,170.60000610351562,176.1999969482422,13.399999618530273,173.10000610351562,179.0,176.89999389648438,177.60000610351562,57.064205169677734,1.1446226835250854,0.8288585543632507,0.8203107714653015,0.8270622491836548,1.577667474746704,47.79239273071289
162.6999969482422,153.10000610351562,123.0999984741211,159.5,26.799999237060547,169.39999389648438,175.5,6.400000095367432,170.5,175.39999389648438,14.100000381469727,176.8000030517578,179.0,176.10000610351562,175.3000030517578,57.45117950439453,1.1297175884246826,0.8196232914924622,0.8197351694107056,0.803487241268158,1.5750758647918701,49.47576904296875
163.0,154.6999969482422,122.4000015258789,159.3000030517578,25.399999618530273,171.39999389648438,176.39999389648438,5.099999904632568,171.89999389648438,176.89999389648438,13.699999809265137,177.0,176.6999969482422,178.3000030517578,175.39999389648438,54.91733169555664,1.1259093284606934,0.827511727809906,0.8383474946022034,0.8237255811691284,1.5897858142852783,48.94712448120117
164.0,154.60000610351562,129.0,160.1999969482422,23.899999618530273,174.10000610351562,177.3000030517578,4.800000190734863,171.89999389648438,174.0,15.699999809265137,174.8000030517578,175.89999389648438,178.39999389648438,174.3000030517578,56.62709426879883,1.1526964902877808,0.8087348341941833,0.8241681456565857,0.8070243000984192,1.5884121656417847,48.92799758911133
164.0,155.60000610351562,122.5999984741211,160.3000030517578,21.899999618530273,174.39999389648438,178.10000610351562,3.5999999046325684,173.0,174.39999389648438,15.899999618530273,175.6999969482422,174.6999969482422,178.10000610351562,175.39999389648438,55.84600067138672,1.1237984895706177,0.8095687627792358,0.8286384344100952,0.8105135560035706,1.56183660030365,47.20102310180664
163.8000030517578,156.0,127.19999694824219,160.3000030517578,23.100000381469727,174.10000610351562,176.6999969482422,4.599999904632568,172.89999389648438,174.5,14.800000190734863,174.89999389648438,175.1999969482422,179.6999969482422,172.8000030517578,54.213809967041016,1.152551531791687,0.822437047958374,0.8366986513137817,0.8167665600776672,1.5868384838104248,47.52511978149414
