150.3000030517578,172.5,171.8000030517578,177.1999969482422,176.5,168.8000030517578,171.1999969482422,20.600000381469727,178.0,131.0,49.0,173.39999389648438,123.0999984741211,50.20000076293945,162.0,7.383060932159424,1.3496904373168945,1.6833173036575317,0.9466177821159363,0.4944441318511963,0.5827856659889221,16.25338363647461
149.3000030517578,173.39999389648438,171.1999969482422,177.5,176.1999969482422,170.10000610351562,170.6999969482422,20.100000381469727,177.5,128.1999969482422,51.70000076293945,174.1999969482422,119.0999984741211,54.0,162.6999969482422,6.621431827545166,1.346564769744873,1.6881117820739746,0.9610365629196167,0.483781635761261,0.578586220741272,15.454336166381836
149.60000610351562,172.89999389648438,169.8000030517578,177.39999389648438,175.0,171.89999389648438,170.60000610351562,19.600000381469727,176.6999969482422,129.89999389648438,49.099998474121094,173.5,121.69999694824219,49.70000076293945,161.89999389648438,7.130361557006836,1.3409782648086548,1.6666948795318604,0.9329788684844971,0.4807717204093933,0.5822497010231018,17.038820266723633
149.0,173.10000610351562,172.89999389648438,177.5,176.10000610351562,169.89999389648438,170.3000030517578,20.600000381469727,179.0,123.9000015258789,54.0,172.60000610351562,118.0,53.70000076293945,157.39999389648438,8.479513168334961,1.3541498184204102,1.68234384059906,0.9415600299835205,0.48778942227363586,0.5885107517242432,15.12474250793457
149.3000030517578,173.39999389648438,173.0,177.60000610351562,176.5,171.10000610351562,169.5,20.399999618530273,177.89999389648438,125.80000305175781,52.70000076293945,172.5,118.0999984741211,53.599998474121094,158.3000030517578,8.066893577575684,1.3471273183822632,1.6671878099441528,0.9305155873298645,0.47275111079216003,0.5790583491325378,16.10133934020996
149.10000610351562,172.60000610351562,172.60000610351562,179.10000610351562,176.6999969482422,169.3000030517578,168.3000030517578,21.600000381469727,179.60000610351562,125.19999694824219,52.70000076293945,171.39999389648438,118.9000015258789,52.79999923706055,156.6999969482422,8.530092239379883,1.348637342453003,1.6638926267623901,0.9143622517585754,0.48462697863578796,0.5861106514930725,15.548429489135742
149.3000030517578,173.0,172.0,179.39999389648438,177.0,170.60000610351562,167.1999969482422,22.399999618530273,177.8000030517578,119.0,58.5,171.3000030517578,115.30000305175781,55.0,156.10000610351562,10.47925853729248,1.3480738401412964,1.6564549207687378,0.9097996354103088,0.4744192063808441,0.5832600593566895,15.223464012145996
148.3000030517578,173.10000610351562,173.6999969482422,178.6999969482422,175.8000030517578,171.3000030517578,168.89999389648438,21.399999618530273,179.3000030517578,119.4000015258789,57.79999923706055,171.3000030517578,115.9000015258789,54.099998474121094,155.5,9.782629013061523,1.3495346307754517,1.6639678478240967,0.9278538227081299,0.4771677553653717,0.5863432288169861,15.097607612609863
149.8000030517578,172.6999969482422,170.60000610351562,177.60000610351562,177.1999969482422,169.5,169.89999389648438,17.5,175.39999389648438,124.69999694824219,52.400001525878906,173.0,118.30000305175781,51.0,158.39999389648438,7.9905619621276855,1.3468605279922485,1.6429247856140137,0.9145749807357788,0.47781798243522644,0.5898213982582092,17.15068817138672
149.39999389648438,171.89999389648438,171.10000610351562,177.39999389648438,175.6999969482422,171.0,169.89999389648438,19.700000762939453,176.3000030517578,129.1999969482422,48.0,173.8000030517578,119.4000015258789,50.599998474121094,159.3000030517578,8.263676643371582,1.3338053226470947,1.6249194145202637,0.9010725021362305,0.47819241881370544,0.5831913352012634,17.57881736755371
150.89999389648438,171.60000610351562,170.6999969482422,177.5,177.0,169.60000610351562,170.3000030517578,20.299999237060547,175.5,132.0,45.599998474121094,172.1999969482422,121.4000015258789,48.900001525878906,157.6999969482422,8.926851272583008,1.3401660919189453,1.6193355321884155,0.9038301110267639,0.4812032878398895,0.5832041501998901,18.49127769470215
149.89999389648438,172.6999969482422,170.60000610351562,177.60000610351562,176.1999969482422,172.0,168.60000610351562,19.0,172.39999389648438,129.1999969482422,46.70000076293945,172.3000030517578,116.5999984741211,50.5,158.89999389648438,10.901626586914062,1.36058509349823,1.6328843832015991,0.9209392666816711,0.4741070568561554,0.5790788531303406,16.67970848083496
150.0,171.0,170.6999969482422,175.39999389648438,176.10000610351562,174.89999389648438,170.89999389648438,17.5,173.8000030517578,138.8000030517578,36.79999923706055,174.3000030517578,120.0999984741211,49.099998474121094,165.0,8.080568313598633,1.3315749168395996,1.600011944770813,0.8869292736053467,0.47621840238571167,0.551245927810669,15.833321571350098
150.1999969482422,171.6999969482422,170.5,175.39999389648438,176.0,175.10000610351562,169.8000030517578,18.399999618530273,174.6999969482422,140.8000030517578,34.79999923706055,175.6999969482422,122.69999694824219,47.900001525878906,167.0,8.528105735778809,1.3508356809616089,1.6124162673950195,0.8958360552787781,0.4745655059814453,0.5470634698867798,15.657634735107422
149.6999969482422,172.1999969482422,169.5,175.89999389648438,175.3000030517578,175.89999389648438,170.8000030517578,14.899999618530273,177.0,144.1999969482422,30.899999618530273,175.8000030517578,123.5,46.70000076293945,166.5,7.400651454925537,1.3307987451553345,1.596634030342102,0.8821771144866943,0.48041146993637085,0.5584030151367188,16.565622329711914
150.3000030517578,170.89999389648438,170.3000030517578,175.10000610351562,175.0,176.89999389648438,173.0,12.600000381469727,172.89999389648438,149.3000030517578,28.299999237060547,175.10000610351562,126.9000015258789,46.400001525878906,163.10000610351562,5.2717366218566895,1.329018235206604,1.6058582067489624,0.8742256760597229,0.4947413206100464,0.5620853900909424,16.9151554107666
148.6999969482422,170.3000030517578,169.3000030517578,174.8000030517578,175.1999969482422,175.1999969482422,173.6999969482422,9.800000190734863,172.3000030517578,149.0,29.200000762939453,175.5,124.80000305175781,49.0,164.60000610351562,4.959956645965576,1.3292701244354248,1.6300917863845825,0.8784646987915039,0.4979062080383301,0.5611887574195862,16.2325439453125
147.89999389648438,171.60000610351562,171.0,174.6999969482422,175.39999389648438,176.10000610351562,173.8000030517578,16.0,176.8000030517578,146.8000030517578,30.899999618530273,173.39999389648438,124.30000305175781,49.599998474121094,161.0,5.977126121520996,1.3264338970184326,1.6221234798431396,0.9011958241462708,0.4885788857936859,0.5639767050743103,16.38283920288086
148.39999389648438,172.10000610351562,170.60000610351562,175.8000030517578,175.8000030517578,175.5,171.8000030517578,17.899999618530273,176.3000030517578,143.60000610351562,33.900001525878906,173.3000030517578,122.30000305175781,50.0,161.8000030517578,7.348095893859863,1.3351695537567139,1.5976524353027344,0.886946439743042,0.4791012108325958,0.5578122735023499,15.913172721862793
148.39999389648438,172.5,170.1999969482422,174.89999389648438,177.0,174.89999389648438,171.60000610351562,19.399999618530273,177.60000610351562,146.3000030517578,31.0,174.0,124.5,45.79999923706055,166.39999389648438,6.853901386260986,1.3284423351287842,1.587761640548706,0.8948562145233154,0.4717392027378082,0.5546678900718689,15.859696388244629
149.3000030517578,172.5,171.10000610351562,177.0,177.39999389648438,174.60000610351562,169.10000610351562,21.700000762939453,176.0,138.8000030517578,38.400001525878906,174.0,120.80000305175781,50.70000076293945,163.10000610351562,9.105780601501465,1.3580964803695679,1.6199429035186768,0.908626139163971,0.46608150005340576,0.550358235836029,15.928985595703125
151.0,169.8000030517578,174.1999969482422,179.6999969482422,177.6999969482422,174.10000610351562,165.6999969482422,25.600000381469727,177.3000030517578,130.0,47.70000076293945,173.89999389648438,118.0999984741211,56.5,159.5,12.579527854919434,1.353570580482483,1.6228440999984741,0.9088376760482788,0.46961161494255066,0.5501572489738464,14.916740417480469
151.5,169.1999969482422,175.39999389648438,179.5,178.5,171.89999389648438,165.1999969482422,27.200000762939453,177.1999969482422,129.60000610351562,49.29999923706055,173.89999389648438,118.80000305175781,56.20000076293945,158.89999389648438,10.192580223083496,1.3420352935791016,1.6550352573394775,0.9405729174613953,0.4879220128059387,0.5651450157165527,14.093049049377441
153.3000030517578,170.10000610351562,179.8000030517578,178.5,179.39999389648438,170.3000030517578,160.5,41.900001525878906,176.60000610351562,117.5,61.20000076293945,172.6999969482422,113.9000015258789,64.19999694824219,152.60000610351562,11.239691734313965,1.3730989694595337,1.6999714374542236,0.9983923435211182,0.49413368105888367,0.5616531372070312,12.829416275024414
155.5,166.60000610351562,177.39999389648438,175.3000030517578,178.3000030517578,171.8000030517578,159.10000610351562,49.70000076293945,176.0,114.5,63.900001525878906,171.8000030517578,112.0999984741211,65.4000015258789,150.6999969482422,11.110675811767578,1.3387218713760376,1.6872179508209229,1.0170772075653076,0.48261162638664246,0.5680838823318481,15.468644142150879
156.8000030517578,168.0,179.3000030517578,171.89999389648438,179.60000610351562,168.0,154.6999969482422,54.599998474121094,172.0,103.19999694824219,74.19999694824219,171.89999389648438,103.80000305175781,73.80000305175781,146.60000610351562,18.539419174194336,1.3553484678268433,1.6601990461349487,0.9903430342674255,0.46739959716796875,0.5644663572311401,14.549452781677246
157.1999969482422,166.10000610351562,178.89999389648438,167.1999969482422,176.0,174.0,152.3000030517578,60.5,167.6999969482422,100.0,79.4000015258789,165.3000030517578,98.0,82.4000015258789,138.39999389648438,20.330116271972656,1.3345576524734497,1.6544386148452759,0.995576024055481,0.4632067084312439,0.5603596568107605,13.36814022064209
160.89999389648438,164.60000610351562,179.60000610351562,162.3000030517578,176.8000030517578,169.39999389648438,149.0,66.0999984741211,172.1999969482422,90.9000015258789,88.9000015258789,164.0,86.80000305175781,92.19999694824219,137.5,23.414918899536133,1.322486400604248,1.6742171049118042,1.0363961458206177,0.47660377621650696,0.5600563883781433,12.135210037231445
159.89999389648438,162.10000610351562,167.6999969482422,162.5,174.39999389648438,172.39999389648438,148.60000610351562,68.0,172.1999969482422,87.0,93.5999984741211,162.0,83.69999694824219,98.9000015258789,132.1999969482422,20.33243179321289,1.2787303924560547,1.681282877922058,1.0879367589950562,0.4929748773574829,0.5801087021827698,11.372442245483398
161.3000030517578,163.5,179.8000030517578,159.1999969482422,173.0,175.39999389648438,146.8000030517578,71.5,169.8000030517578,88.4000015258789,92.30000305175781,160.10000610351562,82.80000305175781,98.9000015258789,132.60000610351562,25.234485626220703,1.319208025932312,1.6760332584381104,1.0670111179351807,0.48549172282218933,0.5732806921005249,9.669129371643066
161.89999389648438,164.0,179.3000030517578,160.5,172.6999969482422,175.39999389648438,146.6999969482422,72.0,171.1999969482422,90.0,91.30000305175781,160.10000610351562,82.5999984741211,100.0,135.10000610351562,24.768835067749023,1.3364351987838745,1.690359115600586,1.078749418258667,0.48865264654159546,0.5631476640701294,10.158618927001953
161.60000610351562,164.1999969482422,179.0,159.89999389648438,174.0,172.10000610351562,146.0,73.5,169.0,88.69999694824219,92.0999984741211,159.89999389648438,81.5,99.9000015258789,132.89999389648438,24.77675437927246,1.3267662525177002,1.6800403594970703,1.0675948858261108,0.4838277995586395,0.557628870010376,10.32662296295166
159.8000030517578,168.8000030517578,174.6999969482422,159.10000610351562,178.89999389648438,170.89999389648438,140.6999969482422,81.0,170.10000610351562,85.30000305175781,95.80000305175781,159.6999969482422,82.5,100.69999694824219,133.1999969482422,27.619159698486328,1.3623652458190918,1.6800214052200317,1.0963751077651978,0.49075940251350403,0.5643267631530762,10.324857711791992
159.5,169.3000030517578,173.6999969482422,156.8000030517578,179.6999969482422,166.10000610351562,139.5,83.4000015258789,174.10000610351562,84.9000015258789,96.0999984741211,158.6999969482422,80.0,101.69999694824219,135.0,30.15443992614746,1.356750249862671,1.6702730655670166,1.1043411493301392,0.48039644956588745,0.560016393661499,9.84517765045166
160.60000610351562,168.3000030517578,173.60000610351562,155.6999969482422,178.10000610351562,172.10000610351562,138.10000610351562,86.5999984741211,171.60000610351562,84.30000305175781,96.9000015258789,158.3000030517578,79.69999694824219,103.5999984741211,132.5,29.873397827148438,1.3494340181350708,1.671144723892212,1.1106698513031006,0.48367002606391907,0.5639383792877197,9.763655662536621
160.0,168.60000610351562,172.89999389648438,155.8000030517578,177.6999969482422,172.0,137.6999969482422,86.5999984741211,171.39999389648438,83.69999694824219,98.4000015258789,156.89999389648438,79.69999694824219,103.69999694824219,132.1999969482422,29.651180267333984,1.3527050018310547,1.6764156818389893,1.1135791540145874,0.48949870467185974,0.5706536173820496,9.820577621459961
159.6999969482422,169.1999969482422,172.5,155.60000610351562,179.1999969482422,167.39999389648438,138.6999969482422,84.4000015258789,171.1999969482422,84.0,94.80000305175781,160.0,80.5,99.9000015258789,134.6999969482422,31.31833267211914,1.3590084314346313,1.665560007095337,1.0935834646224976,0.46642130613327026,0.552954912185669,9.946556091308594
160.6999969482422,168.8000030517578,173.0,156.10000610351562,176.89999389648438,172.5,138.89999389648438,85.69999694824219,169.6999969482422,84.80000305175781,96.5999984741211,158.39999389648438,80.19999694824219,104.4000015258789,131.89999389648438,28.78606414794922,1.3617557287216187,1.68311607837677,1.1138560771942139,0.487453818321228,0.5656490325927734,9.809425354003906
159.1999969482422,169.8000030517578,173.10000610351562,156.1999969482422,179.89999389648438,167.0,139.10000610351562,82.80000305175781,172.3000030517578,82.19999694824219,98.30000305175781,159.60000610351562,78.4000015258789,104.30000305175781,134.39999389648438,31.14185905456543,1.3703714609146118,1.679517388343811,1.0976624488830566,0.4783399999141693,0.5586674213409424,10.053966522216797
159.6999969482422,169.0,173.5,154.89999389648438,179.39999389648438,167.10000610351562,139.1999969482422,82.5999984741211,173.60000610351562,83.0,96.9000015258789,160.10000610351562,78.9000015258789,103.19999694824219,134.1999969482422,30.438453674316406,1.3593838214874268,1.6729384660720825,1.1048277616500854,0.4838087856769562,0.5623334646224976,10.241265296936035
159.6999969482422,168.3000030517578,173.39999389648438,154.8000030517578,178.8000030517578,167.0,139.60000610351562,81.9000015258789,172.8000030517578,81.9000015258789,97.5999984741211,159.6999969482422,76.80000305175781,104.5999984741211,134.1999969482422,31.521617889404297,1.362574577331543,1.6653592586517334,1.0948913097381592,0.4771825671195984,0.552240252494812,9.57867431640625
159.1999969482422,170.89999389648438,172.1999969482422,154.6999969482422,178.60000610351562,166.60000610351562,137.5,83.19999694824219,172.1999969482422,80.5999984741211,98.9000015258789,160.1999969482422,78.4000015258789,102.5,134.0,31.246862411499023,1.3637876510620117,1.6633800268173218,1.084479808807373,0.4778694212436676,0.5593839287757874,9.895623207092285
159.10000610351562,169.39999389648438,173.10000610351562,155.10000610351562,179.89999389648438,166.60000610351562,140.60000610351562,81.4000015258789,172.1999969482422,83.30000305175781,97.5,159.1999969482422,78.69999694824219,103.5999984741211,135.3000030517578,29.950782775878906,1.3591303825378418,1.6703788042068481,1.095999002456665,0.4880165457725525,0.5621607303619385,9.4962739944458
159.1999969482422,169.3000030517578,173.8000030517578,156.6999969482422,179.3000030517578,168.3000030517578,140.3000030517578,83.5999984741211,172.10000610351562,84.30000305175781,95.80000305175781,159.6999969482422,80.5,101.80000305175781,134.3000030517578,30.02733612060547,1.3631874322891235,1.672537088394165,1.1117151975631714,0.4786495864391327,0.5605998635292053,9.541192054748535
158.6999969482422,169.60000610351562,173.89999389648438,156.10000610351562,179.89999389648438,166.60000610351562,140.5,81.0999984741211,172.10000610351562,83.69999694824219,96.4000015258789,160.0,79.69999694824219,102.5999984741211,133.5,30.458486557006836,1.3632453680038452,1.6715232133865356,1.0968338251113892,0.48377853631973267,0.5610559582710266,9.311585426330566
158.6999969482422,170.39999389648438,171.0,155.10000610351562,178.8000030517578,162.5,140.60000610351562,79.30000305175781,173.3000030517578,80.19999694824219,98.5999984741211,161.39999389648438,76.9000015258789,102.30000305175781,137.8000030517578,31.720890045166016,1.3702930212020874,1.6718289852142334,1.0875004529953003,0.47893503308296204,0.5595189332962036,10.159497261047363
159.8000030517578,167.8000030517578,174.3000030517578,157.8000030517578,179.1999969482422,169.10000610351562,143.1999969482422,77.9000015258789,169.3000030517578,85.0,94.9000015258789,160.6999969482422,79.0999984741211,102.80000305175781,134.6999969482422,28.978796005249023,1.3569769859313965,1.674485683441162,1.0910840034484863,0.48269909620285034,0.5613201260566711,9.335330963134766
160.3000030517578,168.10000610351562,173.5,153.5,178.6999969482422,169.5,137.8000030517578,84.5,171.0,80.9000015258789,99.30000305175781,160.3000030517578,76.30000305175781,107.0,135.6999969482422,30.024246215820312,1.3524609804153442,1.671555519104004,1.1055097579956055,0.47744572162628174,0.5554380416870117,9.35339069366455
161.39999389648438,169.8000030517578,173.0,150.10000610351562,178.1999969482422,171.0,127.0999984741211,89.30000305175781,167.5,73.5999984741211,105.80000305175781,157.8000030517578,71.5,110.0999984741211,128.39999389648438,31.665924072265625,1.3309528827667236,1.653771996498108,0.9935866594314575,0.5095260143280029,0.5979810953140259,9.021941184997559
161.6999969482422,171.39999389648438,176.0,146.0,176.5,167.10000610351562,123.5,93.0,169.89999389648438,71.19999694824219,108.5,157.8000030517578,69.4000015258789,113.80000305175781,125.9000015258789,35.04542541503906,1.3191696405410767,1.6393167972564697,0.9884717464447021,0.5099157094955444,0.5824400782585144,9.2936429977417
160.89999389648438,174.0,178.5,142.3000030517578,179.60000610351562,175.0,119.5,99.4000015258789,167.0,72.69999694824219,109.9000015258789,150.89999389648438,72.80000305175781,110.4000015258789,127.5999984741211,39.095855712890625,1.3069639205932617,1.621629238128662,0.9566036462783813,0.5025373101234436,0.5685394406318665,9.49954605102539
163.0,173.5,177.0,140.10000610351562,177.10000610351562,177.3000030517578,119.0,102.0999984741211,167.89999389648438,74.0,109.5,152.0,74.0999984741211,110.5999984741211,130.5,37.465126037597656,1.2826364040374756,1.6220893859863281,0.9793930649757385,0.5114302635192871,0.5659754872322083,9.821283340454102
162.5,173.1999969482422,177.10000610351562,140.6999969482422,178.1999969482422,176.60000610351562,120.4000015258789,100.5,168.5,75.5,107.9000015258789,152.8000030517578,75.19999694824219,109.80000305175781,129.60000610351562,36.687408447265625,1.290999412536621,1.6192774772644043,0.9883635640144348,0.5114811062812805,0.5665466785430908,9.883485794067383
163.6999969482422,171.89999389648438,179.10000610351562,141.0,178.89999389648438,173.5,120.30000305175781,101.0,168.5,74.4000015258789,108.80000305175781,152.6999969482422,73.9000015258789,111.0,127.69999694824219,35.12651062011719,1.2952823638916016,1.6219079494476318,0.998015284538269,0.5175018906593323,0.5814726948738098,9.688261985778809
161.60000610351562,173.60000610351562,179.8000030517578,140.89999389648438,178.60000610351562,174.39999389648438,122.5,99.19999694824219,170.3000030517578,74.5,108.30000305175781,153.5,72.4000015258789,113.80000305175781,129.39999389648438,38.45840835571289,1.2980889081954956,1.6327853202819824,1.008142113685608,0.5165479779243469,0.5747030973434448,8.198068618774414
161.1999969482422,173.39999389648438,177.60000610351562,139.89999389648438,179.10000610351562,172.5,122.30000305175781,98.30000305175781,170.39999389648438,71.5,108.69999694824219,155.89999389648438,72.30000305175781,108.80000305175781,131.5,38.81947708129883,1.3066033124923706,1.6247620582580566,1.0160584449768066,0.5017544031143188,0.5733738541603088,10.111886978149414
160.3000030517578,172.89999389648438,178.3000030517578,141.5,178.39999389648438,170.0,124.5,96.19999694824219,171.0,74.0999984741211,107.5999984741211,154.39999389648438,74.4000015258789,109.4000015258789,129.1999969482422,36.91448974609375,1.305411458015442,1.627265214920044,1.0322493314743042,0.5134990811347961,0.5844083428382874,9.89451789855957
158.8000030517578,173.10000610351562,177.6999969482422,143.5,178.3000030517578,170.6999969482422,127.19999694824219,94.5999984741211,172.89999389648438,73.19999694824219,106.4000015258789,155.89999389648438,72.19999694824219,110.0999984741211,131.0,35.29084396362305,1.3280949592590332,1.6502562761306763,1.0710519552230835,0.5124642848968506,0.5917658805847168,9.317794799804688
159.0,170.3000030517578,173.8000030517578,148.60000610351562,177.60000610351562,169.3000030517578,130.6999969482422,88.4000015258789,170.39999389648438,74.69999694824219,102.80000305175781,159.1999969482422,72.5999984741211,106.9000015258789,129.89999389648438,30.968013763427734,1.3506221771240234,1.6656044721603394,1.0477323532104492,0.4892706871032715,0.5825669169425964,9.745763778686523
159.6999969482422,170.10000610351562,173.5,149.5,178.5,168.5,132.8000030517578,87.30000305175781,172.3000030517578,76.0999984741211,101.80000305175781,158.5,74.30000305175781,106.0,127.5999984741211,30.958980560302734,1.3613646030426025,1.6618592739105225,1.06553316116333,0.4870419502258301,0.5803017616271973,10.149230003356934
160.6999969482422,167.60000610351562,172.8000030517578,153.1999969482422,178.0,169.0,140.39999389648438,80.19999694824219,173.0,80.9000015258789,97.5,160.5,75.0,104.9000015258789,134.10000610351562,29.954580307006836,1.3612189292907715,1.680172085762024,1.0999969244003296,0.48220735788345337,0.5595946311950684,9.967324256896973
159.3000030517578,168.5,172.10000610351562,155.5,179.10000610351562,169.3000030517578,142.0,79.5,169.3000030517578,82.69999694824219,96.5,160.60000610351562,76.9000015258789,103.69999694824219,134.1999969482422,30.091794967651367,1.3601148128509521,1.675166368484497,1.0871835947036743,0.47568029165267944,0.5544084906578064,9.754884719848633
158.60000610351562,168.89999389648438,171.60000610351562,156.0,178.6999969482422,165.60000610351562,142.6999969482422,76.0,171.39999389648438,80.69999694824219,97.5999984741211,161.10000610351562,74.9000015258789,103.9000015258789,133.10000610351562,30.629484176635742,1.3740180730819702,1.6761419773101807,1.0879991054534912,0.4788132607936859,0.5553992986679077,10.000466346740723
159.8000030517578,165.60000610351562,177.3000030517578,159.5,178.8000030517578,169.5,147.60000610351562,72.30000305175781,171.6999969482422,86.9000015258789,93.4000015258789,161.8000030517578,80.0,102.0999984741211,134.6999969482422,24.491535186767578,1.3346190452575684,1.6918712854385376,1.1077065467834473,0.4981732666492462,0.5615416169166565,9.51345443725586
160.5,160.8000030517578,167.3000030517578,162.0,176.6999969482422,174.10000610351562,150.5,69.0,167.39999389648438,89.5,89.80000305175781,162.0,82.9000015258789,97.0999984741211,133.10000610351562,19.927305221557617,1.284190058708191,1.690231204032898,1.0811043977737427,0.4841948449611664,0.5523682236671448,10.239025115966797
160.39999389648438,160.60000610351562,168.39999389648438,162.8000030517578,176.89999389648438,172.6999969482422,152.8000030517578,62.599998474121094,168.1999969482422,92.80000305175781,87.80000305175781,162.0,83.5999984741211,97.4000015258789,136.10000610351562,19.224830627441406,1.2881550788879395,1.683826208114624,1.0542839765548706,0.4901929497718811,0.5484831929206848,11.368186950683594
160.6999969482422,161.1999969482422,175.10000610351562,161.60000610351562,176.8000030517578,176.10000610351562,151.1999969482422,66.5,164.3000030517578,96.19999694824219,84.9000015258789,159.60000610351562,86.80000305175781,95.80000305175781,132.1999969482422,21.13152503967285,1.3003416061401367,1.6569666862487793,1.0536168813705444,0.48990410566329956,0.559134840965271,11.715156555175781
159.3000030517578,162.5,175.5,163.1999969482422,178.5,172.1999969482422,151.6999969482422,65.0,165.60000610351562,94.30000305175781,85.30000305175781,161.60000610351562,87.5999984741211,92.5999984741211,135.8000030517578,20.27629280090332,1.31016206741333,1.6756691932678223,1.0456331968307495,0.48452985286712646,0.5516188740730286,11.122870445251465
159.5,163.3000030517578,174.3000030517578,164.60000610351562,178.3000030517578,172.1999969482422,153.5,61.29999923706055,166.3000030517578,97.9000015258789,82.5999984741211,162.39999389648438,90.80000305175781,89.9000015258789,136.0,19.628341674804688,1.3155845403671265,1.6744236946105957,1.0402830839157104,0.4841729700565338,0.5639603137969971,12.442938804626465
156.60000610351562,166.6999969482422,175.5,165.5,179.8000030517578,169.5,153.10000610351562,62.599998474121094,165.1999969482422,98.0,82.69999694824219,161.0,92.19999694824219,89.0,136.1999969482422,21.753864288330078,1.3581819534301758,1.664997935295105,1.0317542552947998,0.4895727336406708,0.5622854828834534,12.633735656738281
157.1999969482422,164.60000610351562,177.39999389648438,163.89999389648438,179.39999389648438,168.3000030517578,152.6999969482422,59.29999923706055,167.10000610351562,96.5,82.69999694824219,161.6999969482422,89.30000305175781,88.5999984741211,137.60000610351562,21.2885684967041,1.3282183408737183,1.6507972478866577,1.00393807888031,0.4815077483654022,0.5531394481658936,11.662094116210938
157.0,162.3000030517578,175.0,165.10000610351562,177.8000030517578,171.39999389648438,155.89999389648438,57.0,166.3000030517578,102.5999984741211,78.19999694824219,163.1999969482422,95.30000305175781,85.5,140.10000610351562,19.48246955871582,1.3034534454345703,1.6367899179458618,0.9954590201377869,0.476117879152298,0.5528474450111389,14.586904525756836
155.8000030517578,162.60000610351562,164.3000030517578,167.1999969482422,177.60000610351562,167.0,158.3000030517578,54.599998474121094,167.1999969482422,102.0999984741211,78.5999984741211,167.60000610351562,92.4000015258789,89.5,143.6999969482422,12.931187629699707,1.2856578826904297,1.6994045972824097,1.0370457172393799,0.49597376585006714,0.5501994490623474,13.208826065063477
153.60000610351562,165.6999969482422,172.0,166.10000610351562,177.10000610351562,168.1999969482422,158.8000030517578,56.70000076293945,165.60000610351562,102.30000305175781,77.30000305175781,169.39999389648438,95.5,85.9000015258789,146.10000610351562,13.821760177612305,1.321150541305542,1.7320146560668945,1.0739619731903076,0.5075044631958008,0.5708014369010925,11.726312637329102
154.5,164.89999389648438,171.0,166.89999389648438,176.10000610351562,170.10000610351562,159.60000610351562,54.79999923706055,167.0,103.0999984741211,76.69999694824219,170.5,98.0999984741211,83.30000305175781,146.8000030517578,13.0836820602417,1.308351993560791,1.7230018377304077,1.0594325065612793,0.4980009198188782,0.5684179663658142,12.544740676879883
154.5,169.89999389648438,174.39999389648438,173.8000030517578,175.6999969482422,169.1999969482422,157.60000610351562,46.79999923706055,169.5,112.19999694824219,68.30000305175781,167.5,106.30000305175781,69.69999694824219,147.6999969482422,20.74489974975586,1.3683803081512451,1.6281346082687378,0.8976223468780518,0.4691917598247528,0.561317503452301,14.539130210876465
154.10000610351562,168.8000030517578,174.8000030517578,172.0,173.3000030517578,171.1999969482422,157.10000610351562,45.599998474121094,168.0,108.30000305175781,70.9000015258789,166.10000610351562,105.80000305175781,70.69999694824219,145.39999389648438,22.420146942138672,1.3623006343841553,1.6160166263580322,0.8911749124526978,0.4675667881965637,0.5700330138206482,14.97863483428955
155.60000610351562,169.60000610351562,174.39999389648438,173.0,175.10000610351562,169.0,156.60000610351562,47.5,167.89999389648438,109.5,69.4000015258789,168.3000030517578,105.9000015258789,70.0,148.10000610351562,20.9594669342041,1.375223159790039,1.6320141553878784,0.8974122405052185,0.4691005051136017,0.5616286993026733,14.664044380187988
154.6999969482422,166.89999389648438,177.5,169.39999389648438,172.89999389648438,170.6999969482422,156.6999969482422,49.099998474121094,166.10000610351562,108.69999694824219,71.9000015258789,164.6999969482422,104.5,74.0999984741211,144.10000610351562,22.042404174804688,1.338857650756836,1.604807734489441,0.8989689350128174,0.47191205620765686,0.5676438808441162,15.081842422485352
154.3000030517578,166.8000030517578,177.89999389648438,170.8000030517578,173.1999969482422,172.6999969482422,157.6999969482422,49.5,164.60000610351562,113.0999984741211,68.19999694824219,164.89999389648438,107.30000305175781,70.4000015258789,144.3000030517578,20.088224411010742,1.3329449892044067,1.6121807098388672,0.898503303527832,0.47424063086509705,0.5670072436332703,15.134648323059082
155.3000030517578,168.6999969482422,172.89999389648438,171.5,174.1999969482422,171.39999389648438,155.89999389648438,49.70000076293945,165.8000030517578,111.19999694824219,69.80000305175781,165.10000610351562,103.9000015258789,72.30000305175781,145.6999969482422,21.894634246826172,1.362317681312561,1.6149439811706543,0.8925343155860901,0.4686920940876007,0.5629362463951111,14.211104393005371
153.6999969482422,167.5,175.3000030517578,171.10000610351562,173.10000610351562,173.60000610351562,157.60000610351562,48.5,164.10000610351562,113.80000305175781,67.19999694824219,164.6999969482422,107.5,70.80000305175781,144.1999969482422,22.29876136779785,1.341296672821045,1.590635061264038,0.8818082213401794,0.4698247015476227,0.5692740678787231,15.273993492126465
152.89999389648438,170.8000030517578,172.6999969482422,173.60000610351562,175.5,169.0,158.3000030517578,44.79999923706055,168.6999969482422,114.5999984741211,66.80000305175781,168.89999389648438,107.0999984741211,68.5999984741211,153.3000030517578,21.8170223236084,1.362160325050354,1.6127142906188965,0.8679202795028687,0.4684785008430481,0.550149142742157,13.68050765991211
154.8000030517578,168.60000610351562,172.0,175.39999389648438,176.1999969482422,168.10000610351562,161.1999969482422,40.0,173.89999389648438,117.0,63.29999923706055,171.0,109.9000015258789,63.900001525878906,155.8000030517578,17.315105438232422,1.3663575649261475,1.6407787799835205,0.9096577167510986,0.46923089027404785,0.5688942074775696,14.820499420166016
154.10000610351562,170.10000610351562,173.3000030517578,179.1999969482422,174.8000030517578,171.39999389648438,166.6999969482422,33.70000076293945,174.5,131.60000610351562,49.400001525878906,173.3000030517578,122.0999984741211,55.5,156.39999389648438,13.612689018249512,1.374436855316162,1.6626259088516235,0.9178929924964905,0.49283698201179504,0.5787671208381653,16.24498176574707
153.6999969482422,169.89999389648438,173.89999389648438,179.8000030517578,174.6999969482422,170.3000030517578,165.89999389648438,32.20000076293945,175.89999389648438,130.3000030517578,48.400001525878906,174.89999389648438,119.5999984741211,56.599998474121094,157.5,10.941620826721191,1.366002082824707,1.6764466762542725,0.9314019680023193,0.49865156412124634,0.5803318619728088,15.562255859375
152.0,170.39999389648438,172.60000610351562,178.39999389648438,175.1999969482422,168.6999969482422,167.3000030517578,27.5,176.5,132.89999389648438,47.099998474121094,173.3000030517578,120.5,54.29999923706055,160.39999389648438,11.511185646057129,1.3723971843719482,1.6736844778060913,0.9071688652038574,0.5011404752731323,0.5825022459030151,16.270591735839844
151.6999969482422,171.60000610351562,171.39999389648438,174.10000610351562,177.10000610351562,171.3000030517578,170.89999389648438,20.200000762939453,177.89999389648438,138.89999389648438,42.900001525878906,171.6999969482422,125.80000305175781,49.400001525878906,161.89999389648438,10.269710540771484,1.3721880912780762,1.6717089414596558,0.8732503056526184,0.5185913443565369,0.5881578922271729,14.795828819274902
150.8000030517578,171.1999969482422,171.10000610351562,174.60000610351562,174.6999969482422,172.1999969482422,172.10000610351562,17.100000381469727,179.3000030517578,142.0,39.400001525878906,173.39999389648438,128.1999969482422,49.0,163.3000030517578,9.122963905334473,1.352774739265442,1.6516163349151611,0.8602708578109741,0.5264481902122498,0.5786123871803284,14.02005672454834
151.1999969482422,171.1999969482422,171.10000610351562,174.5,175.6999969482422,174.0,171.10000610351562,16.299999237060547,178.3000030517578,144.1999969482422,37.79999923706055,173.0,130.8000030517578,47.099998474121094,163.0,9.226996421813965,1.3419982194900513,1.6332998275756836,0.8574517369270325,0.5311164855957031,0.5811409950256348,14.100876808166504
150.89999389648438,172.89999389648438,170.10000610351562,174.60000610351562,175.89999389648438,171.1999969482422,172.3000030517578,14.699999809265137,177.1999969482422,143.5,37.79999923706055,174.39999389648438,132.3000030517578,46.400001525878906,161.6999969482422,10.741172790527344,1.3686305284500122,1.6577686071395874,0.8712688684463501,0.526692271232605,0.6001337170600891,15.725049018859863
151.1999969482422,172.39999389648438,171.3000030517578,176.89999389648438,176.0,169.0,171.10000610351562,17.5,179.5,139.60000610351562,41.29999923706055,174.3000030517578,127.0,51.099998474121094,160.60000610351562,10.177567481994629,1.345786690711975,1.6372259855270386,0.8684093356132507,0.517655611038208,0.5987834334373474,15.07557201385498
150.89999389648438,171.3000030517578,171.1999969482422,177.6999969482422,174.3000030517578,170.0,171.3000030517578,20.0,177.5,139.3000030517578,42.70000076293945,173.3000030517578,126.5,51.0,163.39999389648438,10.794088363647461,1.358252763748169,1.670207142829895,0.8801789879798889,0.5192961096763611,0.5729791522026062,13.667203903198242
152.0,171.6999969482422,167.3000030517578,178.0,175.60000610351562,170.1999969482422,170.0,20.899999618530273,179.8000030517578,139.89999389648438,42.599998474121094,173.60000610351562,128.0,49.70000076293945,163.0,12.614351272583008,1.3660244941711426,1.6404536962509155,0.8710322380065918,0.5176534652709961,0.5846248269081116,15.37600326538086
150.60000610351562,172.8000030517578,167.39999389648438,177.6999969482422,175.0,169.0,171.10000610351562,18.700000762939453,178.3000030517578,140.0,42.29999923706055,173.89999389648438,126.80000305175781,50.599998474121094,164.3000030517578,11.169169425964355,1.3718912601470947,1.654258370399475,0.8660858273506165,0.5195025205612183,0.5778796076774597,14.200370788574219
149.39999389648438,171.1999969482422,169.60000610351562,178.3000030517578,174.89999389648438,171.5,170.89999389648438,20.700000762939453,176.1999969482422,142.1999969482422,41.70000076293945,171.0,127.0,50.900001525878906,162.10000610351562,12.162434577941895,1.3412331342697144,1.6275017261505127,0.8851471543312073,0.5238099694252014,0.5878730416297913,13.649917602539062
149.6999969482422,172.10000610351562,167.89999389648438,177.89999389648438,176.60000610351562,170.6999969482422,170.6999969482422,16.600000381469727,178.89999389648438,141.6999969482422,40.900001525878906,172.89999389648438,129.10000610351562,49.599998474121094,163.1999969482422,12.518936157226562,1.341943621635437,1.6132690906524658,0.8507907390594482,0.5223058462142944,0.5876333713531494,13.070744514465332
150.10000610351562,171.39999389648438,169.1999969482422,179.8000030517578,177.10000610351562,171.8000030517578,169.60000610351562,20.5,175.89999389648438,139.1999969482422,42.29999923706055,173.60000610351562,127.0,53.099998474121094,158.39999389648438,15.453295707702637,1.331800103187561,1.6045023202896118,0.8702455759048462,0.5289406180381775,0.5936272740364075,12.126323699951172
150.3000030517578,172.1999969482422,165.1999969482422,178.1999969482422,176.60000610351562,170.89999389648438,169.89999389648438,15.600000381469727,178.10000610351562,141.3000030517578,39.20000076293945,174.0,128.5,49.0,160.8000030517578,14.234565734863281,1.3494341373443604,1.5884850025177002,0.8092217445373535,0.5132433772087097,0.5932101011276245,14.4821195602417
151.39999389648438,168.5,171.6999969482422,171.5,173.8000030517578,171.1999969482422,160.89999389648438,42.29999923706055,163.6999969482422,112.80000305175781,67.5999984741211,166.6999969482422,104.0,73.19999694824219,148.89999389648438,22.871192932128906,1.3483052253723145,1.5876636505126953,0.8821491003036499,0.45992979407310486,0.5531235933303833,13.509669303894043
150.3000030517578,170.1999969482422,173.10000610351562,170.3000030517578,175.6999969482422,167.60000610351562,161.0,41.79999923706055,167.39999389648438,116.5999984741211,65.0999984741211,168.89999389648438,99.9000015258789,78.5,147.8000030517578,21.570505142211914,1.3197016716003418,1.5939595699310303,0.9174673557281494,0.46750327944755554,0.5507922768592834,14.929886817932129
150.6999969482422,166.6999969482422,179.3000030517578,170.60000610351562,175.0,170.5,161.6999969482422,45.599998474121094,166.10000610351562,114.0,67.0999984741211,167.0,101.5999984741211,76.80000305175781,145.60000610351562,19.971237182617188,1.3046519756317139,1.6155037879943848,0.9379414319992065,0.4758922755718231,0.5538055300712585,11.262249946594238
153.6999969482422,168.0,169.60000610351562,169.10000610351562,171.89999389648438,170.89999389648438,159.60000610351562,44.79999923706055,166.89999389648438,112.5,70.4000015258789,166.60000610351562,97.80000305175781,80.30000305175781,149.3000030517578,26.44392204284668,1.3547085523605347,1.5945662260055542,0.8966221213340759,0.4648911654949188,0.535469651222229,12.085593223571777
153.89999389648438,170.3000030517578,175.39999389648438,176.5,177.0,164.0,162.5,38.400001525878906,178.1999969482422,137.60000610351562,53.20000076293945,170.39999389648438,125.5999984741211,68.0999984741211,151.6999969482422,19.117828369140625,1.382240653038025,1.5811901092529297,0.8839179277420044,0.5216207504272461,0.5968058109283447,16.386167526245117
153.8000030517578,170.3000030517578,175.10000610351562,176.3000030517578,176.10000610351562,162.89999389648438,162.0,37.599998474121094,178.3000030517578,136.89999389648438,53.099998474121094,171.10000610351562,125.0,66.69999694824219,154.0,19.326932907104492,1.3825950622558594,1.5777859687805176,0.878435492515564,0.512404203414917,0.5944489240646362,17.37859535217285
153.3000030517578,170.8000030517578,176.3000030517578,176.0,175.89999389648438,162.8000030517578,163.0,38.0,177.1999969482422,137.10000610351562,52.400001525878906,170.89999389648438,125.5,66.69999694824219,152.39999389648438,18.264795303344727,1.3866541385650635,1.584299087524414,0.8818506002426147,0.5167577266693115,0.6013908982276917,16.86204719543457
153.60000610351562,170.0,174.39999389648438,176.10000610351562,175.6999969482422,163.39999389648438,161.89999389648438,38.599998474121094,177.10000610351562,136.5,53.79999923706055,170.1999969482422,125.19999694824219,65.9000015258789,154.6999969482422,17.91989517211914,1.3895962238311768,1.5874685049057007,0.8776866793632507,0.5175781846046448,0.5961131453514099,16.87094497680664
154.10000610351562,170.10000610351562,175.39999389648438,176.8000030517578,176.3000030517578,163.89999389648438,162.3000030517578,38.70000076293945,176.5,137.6999969482422,52.400001525878906,170.0,126.4000015258789,65.5,153.3000030517578,17.61747932434082,1.3885365724563599,1.5914826393127441,0.8889576196670532,0.5200400948524475,0.6039921641349792,16.748329162597656
154.5,169.60000610351562,175.0,177.10000610351562,177.89999389648438,165.89999389648438,162.5,39.70000076293945,177.3000030517578,138.60000610351562,51.400001525878906,170.3000030517578,126.30000305175781,65.80000305175781,153.1999969482422,17.539159774780273,1.3861862421035767,1.591254472732544,0.9025161266326904,0.5180322527885437,0.5953622460365295,15.99677562713623
153.39999389648438,170.1999969482422,175.10000610351562,176.5,176.8000030517578,164.8000030517578,163.5,36.29999923706055,178.0,138.0,50.79999923706055,171.0,125.5999984741211,65.5,153.10000610351562,16.8610782623291,1.377087950706482,1.5833277702331543,0.8834149241447449,0.5117699503898621,0.5944777131080627,16.135995864868164
154.10000610351562,169.39999389648438,176.10000610351562,176.6999969482422,177.5,164.8000030517578,163.1999969482422,37.0,178.89999389648438,137.3000030517578,51.400001525878906,170.89999389648438,127.4000015258789,64.19999694824219,153.3000030517578,16.21295928955078,1.3729830980300903,1.5936124324798584,0.8996214270591736,0.5164796113967896,0.603295624256134,16.624019622802734
154.10000610351562,169.1999969482422,174.10000610351562,176.8000030517578,179.10000610351562,168.0,163.1999969482422,35.0,178.8000030517578,137.39999389648438,49.099998474121094,171.89999389648438,127.0,62.20000076293945,154.5,18.534128189086914,1.3753386735916138,1.5664453506469727,0.8709047436714172,0.5045104622840881,0.597510039806366,18.26474380493164
153.60000610351562,169.1999969482422,172.10000610351562,175.3000030517578,174.39999389648438,165.0,163.0,30.399999618530273,176.89999389648438,135.0,49.400001525878906,174.1999969482422,127.0999984741211,60.0,156.8000030517578,16.11995506286621,1.3569203615188599,1.5484696626663208,0.8355452418327332,0.49753421545028687,0.5912380218505859,18.181577682495117
152.39999389648438,171.5,172.1999969482422,175.3000030517578,175.89999389648438,167.8000030517578,162.8000030517578,25.399999618530273,177.5,136.0,49.70000076293945,171.6999969482422,129.10000610351562,57.70000076293945,156.6999969482422,15.908196449279785,1.3497498035430908,1.5607826709747314,0.7876052260398865,0.5033801794052124,0.6049626469612122,19.188949584960938
153.60000610351562,168.10000610351562,171.39999389648438,177.3000030517578,178.8000030517578,171.89999389648438,166.10000610351562,21.399999618530273,177.1999969482422,139.6999969482422,46.900001525878906,170.0,131.8000030517578,56.900001525878906,154.89999389648438,15.204535484313965,1.3198753595352173,1.5758371353149414,0.8045995235443115,0.5137789249420166,0.6186477541923523,20.215221405029297
152.6999969482422,167.60000610351562,169.6999969482422,178.89999389648438,178.8000030517578,168.39999389648438,163.39999389648438,25.5,179.39999389648438,132.10000610351562,50.70000076293945,170.10000610351562,129.10000610351562,54.70000076293945,155.60000610351562,19.478717803955078,1.321953296661377,1.5137025117874146,0.7876316905021667,0.4826063811779022,0.6057817935943604,22.419336318969727
154.1999969482422,166.10000610351562,170.0,178.3000030517578,177.89999389648438,167.8000030517578,160.3000030517578,32.20000076293945,177.60000610351562,128.89999389648438,51.20000076293945,172.39999389648438,124.5999984741211,54.400001525878906,153.6999969482422,19.357328414916992,1.317406415939331,1.503077507019043,0.8226558566093445,0.47692039608955383,0.601241409778595,22.352622985839844
154.8000030517578,167.39999389648438,170.3000030517578,176.39999389648438,177.8000030517578,166.60000610351562,158.8000030517578,38.70000076293945,173.1999969482422,126.19999694824219,54.29999923706055,174.1999969482422,121.69999694824219,58.599998474121094,156.60000610351562,21.118478775024414,1.3332113027572632,1.5362412929534912,0.8432244658470154,0.46135780215263367,0.5736805200576782,20.15401840209961
153.0,170.8000030517578,170.1999969482422,178.60000610351562,177.1999969482422,170.10000610351562,160.3000030517578,46.79999923706055,173.60000610351562,129.0,50.29999923706055,173.6999969482422,122.4000015258789,55.099998474121094,156.6999969482422,19.927927017211914,1.3792320489883423,1.5381724834442139,0.856272280216217,0.45769500732421875,0.5858301520347595,20.335655212402344
155.0,170.0,172.0,179.10000610351562,176.10000610351562,166.5,160.0,47.0,173.5,131.10000610351562,48.599998474121094,175.5,124.0,54.70000076293945,158.10000610351562,18.76740264892578,1.3800150156021118,1.5639286041259766,0.888210117816925,0.47336283326148987,0.5875021815299988,19.793302536010742
153.1999969482422,171.8000030517578,169.0,178.0,176.6999969482422,167.8000030517578,160.89999389648438,44.900001525878906,172.8000030517578,133.10000610351562,47.20000076293945,175.0,123.80000305175781,53.900001525878906,158.8000030517578,16.810894012451172,1.372794508934021,1.5723661184310913,0.8733280897140503,0.46951884031295776,0.5931538939476013,20.574054718017578
152.89999389648438,171.6999969482422,170.10000610351562,179.6999969482422,178.39999389648438,170.1999969482422,162.10000610351562,45.0,169.8000030517578,135.10000610351562,45.400001525878906,175.3000030517578,126.30000305175781,53.099998474121094,158.1999969482422,15.062395095825195,1.355969786643982,1.5980271100997925,0.8939365744590759,0.4759012460708618,0.6067534685134888,20.516305923461914
154.39999389648438,168.3000030517578,170.89999389648438,176.1999969482422,177.3000030517578,173.39999389648438,161.5,50.29999923706055,164.8000030517578,137.5,45.599998474121094,172.0,124.5999984741211,57.400001525878906,153.39999389648438,16.488252639770508,1.3347570896148682,1.5933207273483276,0.9146314263343811,0.48081886768341064,0.6017330884933472,18.4160213470459
155.39999389648438,167.39999389648438,171.0,176.89999389648438,177.1999969482422,172.89999389648438,161.1999969482422,47.79999923706055,168.0,137.5,46.400001525878906,170.89999389648438,121.19999694824219,59.0,154.6999969482422,20.45588493347168,1.327064037322998,1.5808483362197876,0.9003260135650635,0.4630812108516693,0.5800476670265198,18.56905174255371
155.39999389648438,167.6999969482422,173.5,176.10000610351562,177.5,174.39999389648438,161.39999389648438,48.20000076293945,167.8000030517578,137.60000610351562,46.599998474121094,170.3000030517578,123.0999984741211,58.099998474121094,153.5,16.915555953979492,1.3255610466003418,1.6026667356491089,0.9177103042602539,0.4744262099266052,0.5881270170211792,17.026643753051758
154.5,170.0,170.0,178.5,179.39999389648438,171.8000030517578,160.60000610351562,47.5,168.1999969482422,135.39999389648438,47.29999923706055,172.60000610351562,122.9000015258789,55.79999923706055,156.10000610351562,17.118759155273438,1.3572189807891846,1.6126552820205688,0.8992978930473328,0.46943607926368713,0.5905030369758606,19.257980346679688
155.5,169.89999389648438,171.3000030517578,178.8000030517578,178.60000610351562,168.8000030517578,162.1999969482422,47.5,166.39999389648438,133.1999969482422,47.400001525878906,175.1999969482422,123.69999694824219,56.0,155.8000030517578,15.61962604522705,1.354141116142273,1.6210724115371704,0.9138018488883972,0.4780069887638092,0.6000578999519348,18.82424545288086
154.0,171.8000030517578,169.3000030517578,179.10000610351562,179.39999389648438,168.60000610351562,163.10000610351562,49.20000076293945,166.89999389648438,136.89999389648438,43.900001525878906,176.1999969482422,125.30000305175781,55.20000076293945,155.89999389648438,14.252486228942871,1.3596686124801636,1.6342148780822754,0.9438474774360657,0.48477667570114136,0.6053611636161804,18.555007934570312
151.60000610351562,170.6999969482422,171.5,178.1999969482422,178.0,169.39999389648438,162.89999389648438,48.5,167.1999969482422,136.0,46.5,174.3000030517578,125.5999984741211,55.29999923706055,153.10000610351562,12.447537422180176,1.2909958362579346,1.6283118724822998,0.9248332977294922,0.48867693543434143,0.6153252124786377,17.191930770874023
152.89999389648438,171.5,171.39999389648438,178.39999389648438,179.8000030517578,168.1999969482422,162.60000610351562,48.400001525878906,168.3000030517578,132.6999969482422,48.70000076293945,174.1999969482422,125.0,56.0,153.89999389648438,15.743776321411133,1.3282577991485596,1.6223068237304688,0.915378749370575,0.4842483103275299,0.6129381656646729,17.614591598510742
153.3000030517578,172.1999969482422,167.5,178.39999389648438,178.1999969482422,166.89999389648438,160.6999969482422,48.70000076293945,166.1999969482422,133.10000610351562,48.0,173.6999969482422,122.4000015258789,58.5,153.60000610351562,17.335594177246094,1.3543267250061035,1.6284732818603516,0.903373658657074,0.4812566637992859,0.599592924118042,15.820968627929688
153.60000610351562,170.6999969482422,168.8000030517578,178.10000610351562,177.6999969482422,172.10000610351562,163.10000610351562,46.400001525878906,165.1999969482422,137.10000610351562,45.20000076293945,171.39999389648438,122.4000015258789,58.70000076293945,152.0,16.132282257080078,1.345293402671814,1.6114383935928345,0.8968299031257629,0.48653778433799744,0.5999502539634705,15.238781929016113
154.8000030517578,169.6999969482422,169.5,173.6999969482422,176.5,172.5,160.8000030517578,54.900001525878906,163.8000030517578,135.1999969482422,49.29999923706055,167.39999389648438,119.69999694824219,64.30000305175781,146.39999389648438,25.394855499267578,1.3580212593078613,1.6087837219238281,0.9182098507881165,0.4790395498275757,0.58396977186203,15.461891174316406
157.60000610351562,171.6999969482422,170.60000610351562,161.6999969482422,175.8000030517578,174.3000030517578,146.1999969482422,74.69999694824219,171.60000610351562,113.5,70.80000305175781,158.60000610351562,109.0999984741211,74.30000305175781,135.8000030517578,36.462860107421875,1.3972251415252686,1.5902950763702393,0.9355171918869019,0.4515717625617981,0.5616427659988403,14.283536911010742
158.0,175.39999389648438,169.3000030517578,158.6999969482422,178.3000030517578,175.10000610351562,140.39999389648438,80.0,172.60000610351562,94.0999984741211,88.30000305175781,160.6999969482422,98.4000015258789,83.30000305175781,137.89999389648438,39.325931549072266,1.4200304746627808,1.6596781015396118,0.9945604801177979,0.4640878736972809,0.5948245525360107,14.684282302856445
158.6999969482422,175.1999969482422,168.60000610351562,164.60000610351562,179.5,172.89999389648438,147.10000610351562,74.0999984741211,171.89999389648438,104.4000015258789,77.30000305175781,162.89999389648438,108.19999694824219,75.5,138.39999389648438,35.30780792236328,1.4228730201721191,1.6283457279205322,0.9613642692565918,0.4459594786167145,0.5576093196868896,15.637694358825684
153.39999389648438,171.10000610351562,165.10000610351562,176.10000610351562,177.8000030517578,170.8000030517578,160.39999389648438,48.599998474121094,172.3000030517578,135.1999969482422,50.400001525878906,168.3000030517578,123.9000015258789,57.900001525878906,154.10000610351562,24.49906349182129,1.366886019706726,1.5892962217330933,0.8992053270339966,0.46589329838752747,0.5868874788284302,19.159622192382812
149.8000030517578,171.5,171.10000610351562,175.89999389648438,179.10000610351562,169.1999969482422,167.5,26.299999237060547,173.39999389648438,150.89999389648438,33.0,171.89999389648438,131.0,52.0,155.3000030517578,14.068354606628418,1.310193657875061,1.581415057182312,0.8836771249771118,0.5079656839370728,0.6276252269744873,14.903287887573242
148.5,175.10000610351562,169.60000610351562,176.0,178.8000030517578,169.10000610351562,168.8000030517578,25.399999618530273,171.60000610351562,146.89999389648438,32.5,176.8000030517578,131.1999969482422,49.400001525878906,159.1999969482422,10.364566802978516,1.3236820697784424,1.6275365352630615,0.8906077742576599,0.5065202713012695,0.6368436813354492,16.039125442504883
148.89999389648438,175.0,169.0,175.3000030517578,179.1999969482422,169.8000030517578,168.3000030517578,24.899999618530273,173.0,148.3000030517578,32.29999923706055,175.39999389648438,130.5,48.0,162.39999389648438,11.563382148742676,1.323907732963562,1.6229190826416016,0.8875652551651001,0.506463885307312,0.637304425239563,17.025733947753906
148.5,174.8000030517578,170.39999389648438,175.3000030517578,179.3000030517578,171.60000610351562,168.39999389648438,24.299999237060547,173.39999389648438,145.89999389648438,32.900001525878906,176.1999969482422,131.6999969482422,47.900001525878906,159.6999969482422,11.925498008728027,1.3215701580047607,1.5998249053955078,0.8789355754852295,0.500400185585022,0.6300314664840698,16.66063690185547
148.3000030517578,174.6999969482422,168.1999969482422,174.3000030517578,179.0,173.0,168.6999969482422,23.299999237060547,173.10000610351562,146.60000610351562,31.700000762939453,176.39999389648438,132.89999389648438,46.599998474121094,160.6999969482422,13.504874229431152,1.326790690422058,1.5821475982666016,0.8657591342926025,0.5027544498443604,0.627568244934082,16.94878578186035
148.1999969482422,175.39999389648438,169.39999389648438,174.8000030517578,179.10000610351562,170.8000030517578,168.39999389648438,22.700000762939453,172.89999389648438,143.89999389648438,34.0,176.6999969482422,131.89999389648438,47.29999923706055,159.0,12.646764755249023,1.320473074913025,1.5932841300964355,0.8661925792694092,0.5030986070632935,0.6405974626541138,17.955615997314453
148.10000610351562,173.60000610351562,169.8000030517578,175.60000610351562,178.60000610351562,169.10000610351562,168.6999969482422,18.899999618530273,175.6999969482422,148.1999969482422,30.299999237060547,177.10000610351562,133.60000610351562,46.5,159.10000610351562,10.80516529083252,1.2783938646316528,1.5694067478179932,0.8523415923118591,0.508741021156311,0.6396842002868652,16.541582107543945
148.6999969482422,173.6999969482422,166.39999389648438,178.10000610351562,176.60000610351562,167.3000030517578,166.89999389648438,17.5,180.0,150.3000030517578,28.299999237060547,178.39999389648438,133.1999969482422,46.900001525878906,161.1999969482422,17.731281280517578,1.301224708557129,1.5122379064559937,0.8662580251693726,0.5055351853370667,0.6112027168273926,13.091178894042969
147.1999969482422,172.8000030517578,174.6999969482422,179.89999389648438,178.10000610351562,170.8000030517578,168.5,21.399999618530273,172.3000030517578,151.8000030517578,27.799999237060547,176.60000610351562,135.8000030517578,50.599998474121094,151.8000030517578,12.82193660736084,1.2605739831924438,1.5415749549865723,0.8792445063591003,0.5149288773536682,0.6361764669418335,12.39914321899414
148.60000610351562,171.6999969482422,171.10000610351562,179.5,176.6999969482422,168.8000030517578,168.10000610351562,21.5,172.10000610351562,149.89999389648438,29.799999237060547,176.1999969482422,131.89999389648438,51.400001525878906,155.60000610351562,16.022558212280273,1.2683115005493164,1.5148193836212158,0.8727455139160156,0.5101321935653687,0.6192629933357239,12.340566635131836
147.8000030517578,174.6999969482422,171.0,177.6999969482422,174.6999969482422,166.39999389648438,168.10000610351562,18.0,174.0,150.1999969482422,27.5,179.5,135.3000030517578,48.0,157.1999969482422,14.076728820800781,1.290282130241394,1.5337084531784058,0.8535511493682861,0.5109643340110779,0.6223461031913757,11.667941093444824
147.89999389648438,173.0,172.3000030517578,179.0,176.10000610351562,169.1999969482422,168.89999389648438,18.700000762939453,173.8000030517578,150.0,28.299999237060547,177.10000610351562,133.8000030517578,51.29999923706055,152.8000030517578,14.743293762207031,1.2681831121444702,1.5063570737838745,0.8624876737594604,0.5212854146957397,0.6457148194313049,13.25500774383545
148.6999969482422,174.3000030517578,172.89999389648438,174.3000030517578,177.60000610351562,166.39999389648438,169.39999389648438,15.300000190734863,179.8000030517578,148.0,29.299999237060547,179.0,133.89999389648438,46.599998474121094,160.10000610351562,9.556998252868652,1.3189555406570435,1.6004772186279297,0.863726794719696,0.5029337406158447,0.6291296482086182,17.003814697265625
148.0,176.89999389648438,168.8000030517578,170.3000030517578,179.89999389648438,170.1999969482422,169.3000030517578,16.5,179.1999969482422,149.5,27.700000762939453,179.5,135.60000610351562,42.20000076293945,163.39999389648438,9.59382438659668,1.337011456489563,1.6114892959594727,0.8521965742111206,0.5192700624465942,0.645954966545105,17.815786361694336
149.6999969482422,176.0,168.10000610351562,169.8000030517578,179.60000610351562,172.6999969482422,168.39999389648438,24.100000381469727,178.5,150.0,28.299999237060547,178.6999969482422,137.1999969482422,40.5,166.5,9.059107780456543,1.3441190719604492,1.6291362047195435,0.8553614020347595,0.5184338688850403,0.6381253600120544,18.071788787841797
149.8000030517578,176.0,170.39999389648438,169.39999389648438,179.6999969482422,171.1999969482422,169.3000030517578,18.799999237060547,178.39999389648438,148.5,29.0,179.8000030517578,136.10000610351562,41.70000076293945,165.3000030517578,9.477246284484863,1.3356966972351074,1.6320133209228516,0.8513985276222229,0.5169202089309692,0.6440131664276123,18.292715072631836
148.39999389648438,175.60000610351562,169.5,169.3000030517578,179.0,173.39999389648438,167.89999389648438,20.799999237060547,179.89999389648438,149.3000030517578,27.299999237060547,179.5,136.3000030517578,41.900001525878906,162.8000030517578,8.060959815979004,1.3172612190246582,1.6106239557266235,0.8354265093803406,0.5133758783340454,0.6480446457862854,18.287185668945312
149.6999969482422,175.5,169.6999969482422,168.10000610351562,178.5,172.10000610351562,168.6999969482422,22.299999237060547,178.89999389648438,149.3000030517578,28.600000381469727,179.60000610351562,136.10000610351562,43.400001525878906,162.8000030517578,10.718489646911621,1.325722336769104,1.6176910400390625,0.8454914689064026,0.5180725455284119,0.6486689448356628,18.50664710998535
151.0,176.89999389648438,168.10000610351562,168.60000610351562,177.5,174.8000030517578,166.8000030517578,27.0,173.1999969482422,146.8000030517578,29.899999618530273,179.5,136.0,42.29999923706055,164.0,12.29990291595459,1.347401738166809,1.6228889226913452,0.8455841541290283,0.5079402327537537,0.6458009481430054,19.61179542541504
150.5,176.8000030517578,168.1999969482422,167.89999389648438,177.8000030517578,174.6999969482422,166.60000610351562,27.100000381469727,174.1999969482422,146.0,30.700000762939453,179.1999969482422,134.6999969482422,45.20000076293945,162.6999969482422,13.655473709106445,1.357259750366211,1.6325594186782837,0.8487844467163086,0.5092788934707642,0.6371104717254639,17.673803329467773
151.10000610351562,176.10000610351562,168.5,169.10000610351562,178.60000610351562,171.5,167.0,28.5,175.1999969482422,148.6999969482422,28.299999237060547,179.3000030517578,136.3000030517578,42.5,164.3000030517578,11.59732437133789,1.3267287015914917,1.6297607421875,0.8731246590614319,0.5166467428207397,0.6460828185081482,17.657390594482422
150.0,175.8000030517578,167.89999389648438,168.39999389648438,178.39999389648438,171.1999969482422,167.89999389648438,26.200000762939453,175.5,147.0,31.0,179.6999969482422,133.10000610351562,46.70000076293945,161.89999389648438,12.53148365020752,1.3428434133529663,1.6264011859893799,0.8606220483779907,0.5097295045852661,0.6437370181083679,17.763765335083008
149.89999389648438,175.6999969482422,169.1999969482422,168.0,178.8000030517578,170.60000610351562,166.10000610351562,28.700000762939453,176.1999969482422,146.1999969482422,31.399999618530273,179.8000030517578,133.8000030517578,46.29999923706055,162.89999389648438,13.686057090759277,1.3408111333847046,1.6298898458480835,0.8800411820411682,0.5084490776062012,0.6439062356948853,18.025667190551758
150.89999389648438,175.0,168.5,168.1999969482422,179.89999389648438,170.8000030517578,166.10000610351562,29.899999618530273,175.8000030517578,144.5,32.599998474121094,179.5,135.3000030517578,44.900001525878906,163.39999389648438,13.311104774475098,1.339154601097107,1.6340422630310059,0.8694746494293213,0.5081599950790405,0.64963299036026,18.015705108642578
149.39999389648438,176.89999389648438,169.39999389648438,168.5,179.6999969482422,170.10000610351562,167.6999969482422,24.899999618530273,177.1999969482422,147.10000610351562,29.700000762939453,179.1999969482422,132.5,45.900001525878906,162.1999969482422,12.529199600219727,1.3433610200881958,1.6291513442993164,0.8810039162635803,0.5106668472290039,0.6426746845245361,17.647289276123047
149.3000030517578,176.89999389648438,169.1999969482422,169.0,179.89999389648438,169.89999389648438,167.60000610351562,25.299999237060547,177.6999969482422,148.10000610351562,28.799999237060547,179.1999969482422,134.39999389648438,45.0,162.1999969482422,11.42389965057373,1.3342863321304321,1.626071810722351,0.8762356638908386,0.5122856497764587,0.6518912315368652,17.449085235595703
149.6999969482422,177.10000610351562,169.6999969482422,168.89999389648438,179.6999969482422,168.89999389648438,169.0,22.5,175.89999389648438,149.3000030517578,28.100000381469727,179.5,134.5,45.5,162.5,10.898262977600098,1.338675856590271,1.6312041282653809,0.8749514818191528,0.5118480920791626,0.6467487812042236,17.59950828552246
150.3000030517578,176.1999969482422,169.0,168.6999969482422,179.5,171.60000610351562,167.10000610351562,25.899999618530273,178.1999969482422,148.5,28.700000762939453,179.60000610351562,135.89999389648438,44.0,163.10000610351562,12.418391227722168,1.3440759181976318,1.6255877017974854,0.8775257468223572,0.5163225531578064,0.6483331918716431,17.478185653686523
150.10000610351562,175.3000030517578,171.0,169.3000030517578,178.89999389648438,171.39999389648438,167.3000030517578,29.600000381469727,177.3000030517578,148.60000610351562,29.100000381469727,178.8000030517578,135.8000030517578,44.0,158.6999969482422,11.31489086151123,1.3438172340393066,1.6377856731414795,0.9157488942146301,0.5121604204177856,0.6602646708488464,18.618959426879883
149.60000610351562,175.89999389648438,169.5,169.3000030517578,179.1999969482422,168.8000030517578,168.3000030517578,24.0,179.5,150.39999389648438,26.600000381469727,178.60000610351562,135.89999389648438,41.70000076293945,166.1999969482422,11.507903099060059,1.343188762664795,1.6282280683517456,0.9062698483467102,0.5130884051322937,0.6548267602920532,18.79597282409668
149.10000610351562,176.3000030517578,171.3000030517578,169.89999389648438,177.8000030517578,170.0,168.60000610351562,24.200000762939453,179.6999969482422,150.3000030517578,27.200000762939453,179.89999389648438,136.10000610351562,44.20000076293945,161.0,10.847139358520508,1.3392329216003418,1.6305686235427856,0.908616840839386,0.5163559913635254,0.6670966148376465,19.414836883544922
149.89999389648438,176.0,170.5,168.1999969482422,179.6999969482422,168.3000030517578,167.5,25.600000381469727,178.8000030517578,146.3000030517578,29.200000762939453,177.60000610351562,136.0,41.79999923706055,165.39999389648438,12.21352767944336,1.3275127410888672,1.6225314140319824,0.8920966386795044,0.5116264820098877,0.6668722629547119,19.861961364746094
150.3000030517578,174.6999969482422,172.8000030517578,170.89999389648438,177.5,170.89999389648438,167.6999969482422,40.0,166.6999969482422,145.8000030517578,30.299999237060547,179.89999389648438,134.0,46.599998474121094,158.6999969482422,12.380973815917969,1.3174723386764526,1.6363346576690674,0.9305275082588196,0.5080456733703613,0.6586136221885681,18.868953704833984
151.1999969482422,175.89999389648438,167.5,169.8000030517578,175.39999389648438,175.3000030517578,167.5,36.099998474121094,170.60000610351562,151.39999389648438,25.700000762939453,179.89999389648438,138.10000610351562,42.599998474121094,160.8000030517578,13.89360523223877,1.3383281230926514,1.6431437730789185,0.9286356568336487,0.5144727826118469,0.6609183549880981,17.66911506652832
151.0,175.6999969482422,168.5,168.1999969482422,178.10000610351562,172.39999389648438,167.89999389648438,35.70000076293945,171.10000610351562,150.10000610351562,27.299999237060547,179.1999969482422,136.8000030517578,42.900001525878906,162.60000610351562,16.152843475341797,1.337857723236084,1.6459050178527832,0.9319473505020142,0.500462532043457,0.6476825475692749,17.604047775268555
151.1999969482422,176.6999969482422,168.8000030517578,168.3000030517578,176.8000030517578,175.60000610351562,167.1999969482422,35.900001525878906,172.10000610351562,148.0,28.0,178.8000030517578,137.89999389648438,42.900001525878906,161.10000610351562,16.26027488708496,1.349709391593933,1.6585497856140137,0.9368890523910522,0.4940747022628784,0.6388015747070312,18.614315032958984
150.60000610351562,176.1999969482422,168.3000030517578,167.8000030517578,176.5,177.3000030517578,167.60000610351562,39.5,168.0,148.10000610351562,28.700000762939453,178.89999389648438,137.60000610351562,43.79999923706055,159.5,16.148754119873047,1.3609248399734497,1.6852506399154663,0.9511854648590088,0.4913415014743805,0.6515661478042603,19.915952682495117
150.5,177.0,169.60000610351562,168.8000030517578,176.1999969482422,175.5,166.6999969482422,38.599998474121094,169.0,144.5,31.399999618530273,179.3000030517578,137.10000610351562,42.099998474121094,163.0,13.96249771118164,1.3578064441680908,1.7265386581420898,1.004613995552063,0.4931139051914215,0.6370947360992432,16.481237411499023
150.89999389648438,176.6999969482422,170.1999969482422,167.8000030517578,177.1999969482422,176.10000610351562,168.10000610351562,37.20000076293945,168.5,145.6999969482422,30.899999618530273,179.60000610351562,139.6999969482422,42.599998474121094,161.1999969482422,15.789438247680664,1.376740574836731,1.7217721939086914,0.9933938384056091,0.49663057923316956,0.6484963297843933,17.643959045410156
149.0,175.89999389648438,173.5,167.8000030517578,176.5,178.39999389648438,169.10000610351562,30.899999618530273,176.5,149.10000610351562,30.299999237060547,178.10000610351562,140.0,42.29999923706055,162.6999969482422,12.550644874572754,1.3795987367630005,1.7167719602584839,0.9989179372787476,0.4956648647785187,0.625647246837616,15.783010482788086
149.10000610351562,177.10000610351562,171.1999969482422,166.5,179.39999389648438,171.8000030517578,171.0,13.600000381469727,175.0,151.89999389648438,25.299999237060547,178.60000610351562,137.1999969482422,42.400001525878906,164.60000610351562,14.014700889587402,1.3975907564163208,1.6391276121139526,0.9603396654129028,0.5091931819915771,0.6156575679779053,15.765965461730957
150.10000610351562,175.8000030517578,171.10000610351562,167.1999969482422,178.5,174.8000030517578,170.3000030517578,18.700000762939453,178.39999389648438,149.8000030517578,27.899999618530273,179.39999389648438,137.0,41.900001525878906,163.3000030517578,14.078701972961426,1.3743361234664917,1.577544927597046,0.9269812703132629,0.48741471767425537,0.6022103428840637,16.19912338256836
150.3000030517578,175.5,168.0,167.3000030517578,179.89999389648438,173.39999389648438,169.5,20.5,179.5,151.0,27.600000381469727,178.89999389648438,137.6999969482422,42.900001525878906,160.89999389648438,13.813769340515137,1.3828507661819458,1.608081340789795,0.9097719788551331,0.49924296140670776,0.6149542927742004,16.219829559326172
149.6999969482422,175.10000610351562,169.6999969482422,166.89999389648438,179.60000610351562,172.1999969482422,168.60000610351562,19.100000381469727,178.60000610351562,150.60000610351562,27.0,179.6999969482422,135.89999389648438,46.900001525878906,159.5,13.921677589416504,1.3744111061096191,1.5706100463867188,0.8943788409233093,0.5132588148117065,0.6076207160949707,13.998454093933105
148.0,175.8000030517578,170.8000030517578,167.5,179.89999389648438,171.5,169.0,17.299999237060547,178.6999969482422,149.1999969482422,27.100000381469727,179.1999969482422,135.1999969482422,45.70000076293945,160.39999389648438,14.314903259277344,1.3668925762176514,1.54706609249115,0.8634069561958313,0.5086815357208252,0.6198001503944397,15.76165771484375
148.60000610351562,175.5,167.6999969482422,167.0,179.0,170.6999969482422,169.89999389648438,14.199999809265137,179.3000030517578,149.5,26.5,179.89999389648438,138.39999389648438,42.70000076293945,160.60000610351562,14.498885154724121,1.3454569578170776,1.5261409282684326,0.8451079726219177,0.5119138956069946,0.6374914050102234,17.530963897705078
148.8000030517578,175.89999389648438,167.39999389648438,166.8000030517578,177.89999389648438,169.5,169.8000030517578,13.800000190734863,174.10000610351562,151.60000610351562,24.600000381469727,178.5,140.3000030517578,38.599998474121094,164.60000610351562,12.702143669128418,1.3566144704818726,1.5579848289489746,0.8666799664497375,0.5158331394195557,0.6360131502151489,16.791400909423828
148.39999389648438,176.5,168.5,167.39999389648438,178.1999969482422,170.0,169.1999969482422,16.0,175.6999969482422,150.10000610351562,26.600000381469727,179.8000030517578,139.1999969482422,41.5,161.1999969482422,12.242208480834961,1.35409677028656,1.5726796388626099,0.8690153360366821,0.5171346664428711,0.6451455950737,17.324565887451172
148.8000030517578,176.39999389648438,168.0,167.60000610351562,178.60000610351562,169.10000610351562,170.5,12.800000190734863,176.60000610351562,151.39999389648438,25.700000762939453,179.89999389648438,140.8000030517578,41.400001525878906,161.60000610351562,11.570538520812988,1.3494293689727783,1.55232834815979,0.8272103667259216,0.5139074921607971,0.6426462531089783,18.263368606567383
148.6999969482422,175.0,170.10000610351562,167.60000610351562,178.5,171.10000610351562,170.1999969482422,11.800000190734863,174.89999389648438,149.5,27.899999618530273,179.1999969482422,141.5,42.400001525878906,162.3000030517578,13.174711227416992,1.344407320022583,1.546420931816101,0.8082486987113953,0.5171127319335938,0.6475715637207031,17.999509811401367
148.5,175.5,169.10000610351562,167.89999389648438,176.1999969482422,167.89999389648438,170.3000030517578,11.5,173.0,149.0,28.399999618530273,179.60000610351562,139.0,41.29999923706055,163.8000030517578,13.118206977844238,1.3492969274520874,1.5406197309494019,0.809181272983551,0.5087011456489563,0.6317548155784607,16.477088928222656
149.3000030517578,175.1999969482422,169.8000030517578,168.1999969482422,176.39999389648438,169.0,169.1999969482422,15.800000190734863,175.39999389648438,144.10000610351562,34.599998474121094,179.10000610351562,135.39999389648438,47.5,160.39999389648438,15.065485000610352,1.3740772008895874,1.5482879877090454,0.79622483253479,0.49770987033843994,0.603380560874939,15.85014533996582
148.5,174.89999389648438,169.39999389648438,168.3000030517578,176.0,169.39999389648438,171.1999969482422,10.899999618530273,174.0,148.39999389648438,30.700000762939453,178.3000030517578,140.8000030517578,44.099998474121094,160.10000610351562,14.147464752197266,1.3461930751800537,1.5292719602584839,0.7823684215545654,0.5142380595207214,0.6249867677688599,15.396924018859863
148.89999389648438,174.0,168.60000610351562,169.5,176.3000030517578,170.0,168.6999969482422,11.399999618530273,172.10000610351562,146.6999969482422,32.5,177.6999969482422,137.60000610351562,44.599998474121094,162.0,15.101825714111328,1.3351351022720337,1.5151885747909546,0.776342511177063,0.5024452805519104,0.6242114901542664,15.308712005615234
148.8000030517578,173.89999389648438,167.10000610351562,168.39999389648438,175.89999389648438,170.39999389648438,170.0,9.100000381469727,172.3000030517578,146.5,32.900001525878906,177.60000610351562,136.8000030517578,43.900001525878906,162.89999389648438,15.899209022521973,1.3334680795669556,1.5132817029953003,0.7617529034614563,0.5021436214447021,0.6118720769882202,14.42778205871582
149.10000610351562,174.5,169.39999389648438,171.3000030517578,177.1999969482422,168.6999969482422,168.6999969482422,16.799999237060547,178.39999389648438,142.89999389648438,36.0,175.6999969482422,133.10000610351562,48.70000076293945,159.1999969482422,16.175010681152344,1.335951805114746,1.5024008750915527,0.7453568577766418,0.4922315776348114,0.6148867607116699,15.745763778686523
151.1999969482422,172.6999969482422,169.1999969482422,177.60000610351562,179.89999389648438,170.8000030517578,161.8000030517578,33.79999923706055,177.60000610351562,129.0,51.0,176.1999969482422,121.5,55.900001525878906,163.8000030517578,19.931446075439453,1.400794267654419,1.556772232055664,0.8222876191139221,0.45932555198669434,0.5602127909660339,12.665579795837402
153.5,172.5,173.5,174.6999969482422,179.8000030517578,169.39999389648438,152.1999969482422,50.79999923706055,169.8000030517578,105.5,76.0,170.60000610351562,108.5,68.19999694824219,152.5,23.41471290588379,1.3985660076141357,1.5892791748046875,0.8540816307067871,0.4531889855861664,0.5633618235588074,15.597468376159668
155.89999389648438,170.10000610351562,174.3000030517578,170.10000610351562,176.89999389648438,170.39999389648438,150.39999389648438,55.599998474121094,170.60000610351562,102.5,78.30000305175781,168.1999969482422,106.5999984741211,73.5,148.3000030517578,28.52995491027832,1.3845287561416626,1.5777226686477661,0.8621752858161926,0.4443986117839813,0.5638440847396851,14.897015571594238
154.8000030517578,170.6999969482422,172.8000030517578,175.0,179.5,168.1999969482422,152.0,51.29999923706055,172.3000030517578,104.0,76.9000015258789,170.39999389648438,106.4000015258789,71.0999984741211,152.0,25.88141441345215,1.3862043619155884,1.5725507736206055,0.8515822887420654,0.4448187053203583,0.5613294839859009,15.346451759338379
153.10000610351562,172.1999969482422,174.3000030517578,178.8000030517578,176.0,165.3000030517578,160.0,37.29999923706055,177.60000610351562,124.5999984741211,57.29999923706055,174.6999969482422,116.5999984741211,60.099998474121094,159.89999389648438,18.752655029296875,1.3849605321884155,1.5767567157745361,0.8760677576065063,0.46777674555778503,0.5657010078430176,13.192290306091309
149.0,173.8000030517578,168.1999969482422,171.0,176.0,167.0,169.10000610351562,17.100000381469727,178.6999969482422,141.5,38.900001525878906,175.89999389648438,133.0,45.5,162.89999389648438,17.77885627746582,1.356943964958191,1.5356857776641846,0.8100334405899048,0.4916844964027405,0.6007771492004395,15.400967597961426
149.6999969482422,173.89999389648438,165.0,168.89999389648438,175.89999389648438,167.6999969482422,171.1999969482422,6.699999809265137,170.10000610351562,151.3000030517578,28.0,178.0,140.89999389648438,39.400001525878906,164.89999389648438,13.653717994689941,1.323225736618042,1.5128999948501587,0.7879281044006348,0.5165033340454102,0.6304869651794434,16.667774200439453
148.10000610351562,175.0,166.10000610351562,170.0,177.89999389648438,173.0,170.6999969482422,13.5,179.3000030517578,149.8000030517578,27.899999618530273,179.10000610351562,138.8000030517578,43.599998474121094,159.89999389648438,14.351381301879883,1.3192989826202393,1.4991581439971924,0.8113738298416138,0.5145158171653748,0.6171347498893738,16.35495376586914
148.5,174.0,162.0,166.8000030517578,175.60000610351562,169.10000610351562,171.89999389648438,0.6000000238418579,167.5,155.6999969482422,23.200000762939453,176.8000030517578,143.89999389648438,35.5,166.8000030517578,15.801277160644531,1.3122830390930176,1.472082257270813,0.7855103611946106,0.5190929174423218,0.6335733532905579,17.71144676208496
147.3000030517578,175.60000610351562,160.89999389648438,168.3000030517578,176.89999389648438,169.60000610351562,172.1999969482422,2.799999952316284,167.60000610351562,157.39999389648438,21.299999237060547,177.39999389648438,143.10000610351562,36.70000076293945,166.10000610351562,14.439088821411133,1.310855746269226,1.4800708293914795,0.7857095003128052,0.5240817666053772,0.6349171996116638,17.103912353515625
147.3000030517578,174.6999969482422,159.5,167.3000030517578,178.5,170.89999389648438,175.0,7.5,168.89999389648438,162.10000610351562,16.0,178.5,145.39999389648438,33.5,168.1999969482422,12.728806495666504,1.3074835538864136,1.4909329414367676,0.7999588847160339,0.5445430874824524,0.6472983956336975,15.999756813049316
146.89999389648438,174.39999389648438,160.0,165.39999389648438,178.39999389648438,170.39999389648438,176.8000030517578,12.699999809265137,166.60000610351562,165.3000030517578,11.0,177.39999389648438,148.89999389648438,32.099998474121094,166.1999969482422,11.74498462677002,1.293278694152832,1.488039493560791,0.7897838354110718,0.5537068843841553,0.665913999080658,17.327993392944336
146.5,175.0,158.60000610351562,165.89999389648438,179.5,168.89999389648438,178.1999969482422,23.100000381469727,161.8000030517578,171.8000030517578,5.400000095367432,177.60000610351562,147.89999389648438,29.399999618530273,170.6999969482422,9.213651657104492,1.2718473672866821,1.4933892488479614,0.8093758225440979,0.5539286732673645,0.6510259509086609,15.593375205993652
147.0,174.3000030517578,162.6999969482422,166.1999969482422,179.0,169.39999389648438,177.8000030517578,24.200000762939453,162.1999969482422,170.3000030517578,6.300000190734863,176.6999969482422,147.5,32.900001525878906,166.8000030517578,8.98026180267334,1.2615054845809937,1.4927935600280762,0.8266105651855469,0.5564490556716919,0.6537572145462036,14.782931327819824
147.10000610351562,174.3000030517578,162.1999969482422,165.6999969482422,178.5,167.10000610351562,179.39999389648438,23.600000381469727,160.5,171.0,6.199999809265137,177.0,147.3000030517578,33.79999923706055,166.8000030517578,8.822063446044922,1.2537516355514526,1.4808745384216309,0.8117111325263977,0.5585554242134094,0.6510728597640991,14.698925971984863
146.39999389648438,175.39999389648438,159.5,168.10000610351562,179.10000610351562,170.3000030517578,175.5,15.0,162.6999969482422,166.1999969482422,10.699999809265137,178.10000610351562,146.39999389648438,32.0,170.1999969482422,10.55545711517334,1.2755446434020996,1.4787465333938599,0.7720015645027161,0.5446189641952515,0.6510659456253052,16.355953216552734
147.39999389648438,174.8000030517578,160.6999969482422,169.3000030517578,178.5,170.8000030517578,173.5,3.0999999046325684,169.3000030517578,159.10000610351562,19.200000762939453,179.0,144.6999969482422,35.599998474121094,167.10000610351562,12.359813690185547,1.2977986335754395,1.4890408515930176,0.7723699808120728,0.530442476272583,0.6439313888549805,16.926122665405273
148.10000610351562,174.6999969482422,170.0,173.8000030517578,177.5,168.60000610351562,167.8000030517578,21.700000762939453,179.0,141.1999969482422,37.79999923706055,177.8000030517578,133.39999389648438,45.400001525878906,163.8000030517578,13.611201286315918,1.3562291860580444,1.5693142414093018,0.850739598274231,0.4836736023426056,0.6117902994155884,15.847159385681152
151.8000030517578,171.6999969482422,171.0,179.0,179.39999389648438,170.1999969482422,164.5,34.0,174.3000030517578,134.39999389648438,47.5,175.10000610351562,126.4000015258789,54.5,160.5,17.38843536376953,1.3640859127044678,1.5922201871871948,0.904366672039032,0.4873877465724945,0.5867626070976257,13.003493309020996
151.8000030517578,169.3000030517578,170.60000610351562,174.89999389648438,179.5,174.3000030517578,160.60000610351562,43.099998474121094,172.3000030517578,125.0999984741211,56.900001525878906,171.3000030517578,114.30000305175781,60.400001525878906,160.3000030517578,23.253616333007812,1.370293378829956,1.5715582370758057,0.8719435930252075,0.4522770643234253,0.5684027075767517,13.27894115447998
153.39999389648438,167.6999969482422,172.1999969482422,169.6999969482422,176.1999969482422,173.89999389648438,157.6999969482422,48.900001525878906,167.5,117.4000015258789,66.19999694824219,167.3000030517578,110.0,72.69999694824219,144.8000030517578,27.229141235351562,1.3537180423736572,1.5574393272399902,0.871934711933136,0.454917311668396,0.5630338788032532,15.08072566986084
152.1999969482422,169.39999389648438,170.89999389648438,172.0,177.60000610351562,172.89999389648438,157.8000030517578,48.0,168.60000610351562,116.19999694824219,67.4000015258789,166.6999969482422,110.9000015258789,70.5999984741211,143.10000610351562,25.082408905029297,1.359989881515503,1.5623588562011719,0.8607189655303955,0.45053598284721375,0.569732666015625,15.730417251586914
152.39999389648438,169.89999389648438,170.10000610351562,171.39999389648438,178.10000610351562,171.39999389648438,157.0,47.0,167.8000030517578,117.19999694824219,66.9000015258789,168.0,109.9000015258789,72.0999984741211,146.60000610351562,26.214263916015625,1.365237832069397,1.5727170705795288,0.860519528388977,0.4480632245540619,0.5600528717041016,14.257403373718262
152.6999969482422,170.39999389648438,169.8000030517578,173.8000030517578,179.6999969482422,169.89999389648438,156.60000610351562,47.099998474121094,169.5,110.9000015258789,70.5,167.6999969482422,109.80000305175781,67.5,148.0,24.61412811279297,1.3658932447433472,1.570306420326233,0.8415206074714661,0.44797733426094055,0.5695371627807617,16.076519012451172
154.39999389648438,170.5,164.60000610351562,170.0,179.60000610351562,168.39999389648438,151.89999389648438,53.79999923706055,168.3000030517578,106.0,76.19999694824219,167.60000610351562,102.0999984741211,77.4000015258789,143.8000030517578,31.33036994934082,1.3903120756149292,1.5609192848205566,0.8337386250495911,0.4308454990386963,0.5454735159873962,14.618836402893066
155.0,168.3000030517578,166.39999389648438,163.6999969482422,173.6999969482422,173.6999969482422,149.8000030517578,57.099998474121094,170.3000030517578,98.30000305175781,82.5999984741211,164.8000030517578,95.80000305175781,84.69999694824219,138.10000610351562,33.07045364379883,1.379715085029602,1.5442326068878174,0.8397549390792847,0.4301542043685913,0.5383532643318176,16.277326583862305
153.89999389648438,170.0,169.60000610351562,161.8000030517578,173.60000610351562,172.8000030517578,146.60000610351562,61.400001525878906,167.1999969482422,92.80000305175781,87.19999694824219,161.10000610351562,92.30000305175781,87.19999694824219,134.1999969482422,34.38673782348633,1.3840644359588623,1.553196668624878,0.8327369689941406,0.4162799119949341,0.5319203734397888,15.75474739074707
154.10000610351562,170.39999389648438,170.1999969482422,161.5,173.3000030517578,173.0,148.0,62.400001525878906,165.89999389648438,95.5999984741211,84.80000305175781,162.0,94.9000015258789,87.80000305175781,133.39999389648438,34.593936920166016,1.3931519985198975,1.5733567476272583,0.8575171232223511,0.4164823889732361,0.5380803942680359,15.247254371643066
154.39999389648438,170.3000030517578,169.3000030517578,161.6999969482422,172.89999389648438,174.10000610351562,147.5,62.70000076293945,169.10000610351562,94.5,86.30000305175781,161.5,93.69999694824219,87.80000305175781,133.0,33.27263259887695,1.3912136554718018,1.5797990560531616,0.8618148565292358,0.4167598485946655,0.5411683917045593,15.508305549621582
154.39999389648438,171.89999389648438,165.8000030517578,165.5,175.8000030517578,173.39999389648438,150.6999969482422,58.79999923706055,171.89999389648438,98.0999984741211,80.69999694824219,166.8000030517578,95.19999694824219,81.9000015258789,138.8000030517578,34.78853225708008,1.4082989692687988,1.55081307888031,0.867069661617279,0.41917020082473755,0.5379406809806824,17.120513916015625
155.6999969482422,169.5,168.60000610351562,165.0,176.89999389648438,171.6999969482422,149.3000030517578,64.19999694824219,170.39999389648438,104.0999984741211,76.80000305175781,165.1999969482422,99.19999694824219,81.69999694824219,140.10000610351562,33.80805969238281,1.3863118886947632,1.5551775693893433,0.8860364556312561,0.43270421028137207,0.5298484563827515,14.681886672973633
156.6999969482422,168.8000030517578,171.8000030517578,160.3000030517578,175.60000610351562,173.5,144.6999969482422,75.80000305175781,169.0,98.80000305175781,81.5,159.6999969482422,93.0,86.0,134.39999389648438,34.246463775634766,1.3626279830932617,1.5271754264831543,0.9010894298553467,0.42516130208969116,0.5159428119659424,14.824810028076172
156.6999969482422,168.5,170.3000030517578,162.3000030517578,174.89999389648438,174.60000610351562,146.6999969482422,74.9000015258789,168.0,102.19999694824219,78.9000015258789,157.6999969482422,96.80000305175781,82.5,133.39999389648438,33.288665771484375,1.3643239736557007,1.535821795463562,0.8981031179428101,0.4292093515396118,0.5286587476730347,16.417749404907227
156.5,167.8000030517578,170.6999969482422,162.60000610351562,175.60000610351562,174.6999969482422,147.89999389648438,70.5999984741211,167.8000030517578,103.4000015258789,77.30000305175781,159.0,98.30000305175781,81.0999984741211,132.60000610351562,33.473716735839844,1.342557430267334,1.5302033424377441,0.8829145431518555,0.4329993724822998,0.541324257850647,16.5330810546875
157.1999969482422,169.10000610351562,170.60000610351562,166.89999389648438,179.5,171.60000610351562,151.0,66.69999694824219,165.8000030517578,107.5999984741211,73.0999984741211,161.39999389648438,102.30000305175781,79.19999694824219,135.3000030517578,31.089021682739258,1.3646774291992188,1.5442091226577759,0.8768497109413147,0.4391590654850006,0.534191906452179,15.892012596130371
155.8000030517578,166.89999389648438,174.3000030517578,171.39999389648438,175.3000030517578,176.10000610351562,158.3000030517578,50.5,171.6999969482422,122.0,63.099998474121094,163.8000030517578,116.9000015258789,68.19999694824219,143.60000610351562,25.171592712402344,1.339043140411377,1.5716743469238281,0.9069096446037292,0.4724992513656616,0.569875955581665,17.25813102722168
149.0,172.39999389648438,170.0,168.8000030517578,177.8000030517578,173.1999969482422,171.60000610351562,5.699999809265137,171.5,150.0,26.600000381469727,178.89999389648438,138.6999969482422,39.29999923706055,166.8000030517578,10.897814750671387,1.303808569908142,1.5492326021194458,0.7889048457145691,0.51231449842453,0.6413726210594177,20.703887939453125
149.3000030517578,171.6999969482422,169.5,169.3000030517578,178.3000030517578,173.1999969482422,172.0,4.400000095367432,171.39999389648438,148.0,27.399999618530273,178.8000030517578,137.60000610351562,39.599998474121094,166.89999389648438,11.672100067138672,1.3046345710754395,1.5388474464416504,0.7762918472290039,0.5106939673423767,0.6433023810386658,21.342939376831055
149.5,171.3000030517578,168.0,170.1999969482422,179.0,173.39999389648438,171.5,4.5,170.89999389648438,151.89999389648438,25.299999237060547,179.60000610351562,137.8000030517578,39.0,167.60000610351562,10.127140045166016,1.2948776483535767,1.5295413732528687,0.7720447182655334,0.5067610144615173,0.6283609867095947,18.90355682373047
149.1999969482422,172.6999969482422,169.89999389648438,169.39999389648438,177.6999969482422,173.1999969482422,172.10000610351562,3.5,172.10000610351562,150.0,24.899999618530273,177.5,138.0,38.400001525878906,167.60000610351562,9.154680252075195,1.2891223430633545,1.5412232875823975,0.7559909820556641,0.518444299697876,0.6399664878845215,20.587980270385742
149.10000610351562,172.60000610351562,169.5,168.39999389648438,178.60000610351562,174.10000610351562,170.89999389648438,8.399999618530273,175.10000610351562,147.10000610351562,28.899999618530273,179.60000610351562,136.39999389648438,41.900001525878906,163.0,10.965914726257324,1.3028523921966553,1.5335133075714111,0.7565087080001831,0.5113797187805176,0.6392752528190613,20.76165008544922
149.1999969482422,172.3000030517578,171.89999389648438,168.1999969482422,178.89999389648438,172.0,172.39999389648438,5.900000095367432,171.3000030517578,148.10000610351562,28.299999237060547,179.39999389648438,137.0,40.599998474121094,164.6999969482422,11.106437683105469,1.306393027305603,1.5345497131347656,0.7678673267364502,0.5065655708312988,0.6309205889701843,20.880767822265625
150.0,172.1999969482422,170.6999969482422,168.3000030517578,179.60000610351562,172.39999389648438,171.1999969482422,6.599999904632568,172.0,149.10000610351562,26.700000762939453,178.6999969482422,136.39999389648438,41.20000076293945,165.6999969482422,11.363265991210938,1.2966265678405762,1.5126372575759888,0.7492333054542542,0.5047035813331604,0.6223332285881042,19.943391799926758
149.1999969482422,173.3000030517578,168.1999969482422,167.5,179.6999969482422,175.6999969482422,171.8000030517578,5.400000095367432,173.0,150.89999389648438,24.799999237060547,178.6999969482422,139.89999389648438,39.0,164.6999969482422,10.895410537719727,1.2883530855178833,1.5190346240997314,0.7308816909790039,0.5140881538391113,0.638948917388916,21.39118766784668
149.5,172.6999969482422,167.39999389648438,169.10000610351562,178.8000030517578,174.1999969482422,170.0,6.099999904632568,173.0,151.1999969482422,26.399999618530273,178.10000610351562,141.5,38.70000076293945,162.10000610351562,11.293688774108887,1.2814432382583618,1.5071513652801514,0.7216360569000244,0.5136052966117859,0.6378908753395081,19.638957977294922
149.8000030517578,172.39999389648438,167.5,168.8000030517578,178.6999969482422,174.89999389648438,170.39999389648438,7.5,174.0,148.1999969482422,29.100000381469727,178.39999389648438,139.5,40.400001525878906,162.8000030517578,12.11368179321289,1.2940678596496582,1.50667142868042,0.7193008661270142,0.5051380395889282,0.6252822875976562,18.803234100341797
149.5,173.10000610351562,167.3000030517578,168.8000030517578,179.6999969482422,174.5,171.6999969482422,3.4000000953674316,170.8000030517578,149.60000610351562,27.0,178.8000030517578,139.8000030517578,38.5,164.0,11.540337562561035,1.2804824113845825,1.4972721338272095,0.70622718334198,0.5143886208534241,0.6307686567306519,20.182470321655273
148.89999389648438,172.6999969482422,166.39999389648438,168.8000030517578,179.39999389648438,175.60000610351562,171.39999389648438,5.099999904632568,171.1999969482422,147.6999969482422,28.799999237060547,179.39999389648438,138.5,40.70000076293945,162.89999389648438,10.980473518371582,1.2817944288253784,1.5088276863098145,0.7147285342216492,0.514605700969696,0.6298167705535889,20.603849411010742
149.10000610351562,172.89999389648438,166.6999969482422,169.1999969482422,179.10000610351562,174.6999969482422,171.3000030517578,5.400000095367432,173.1999969482422,144.8000030517578,31.0,179.60000610351562,137.6999969482422,40.70000076293945,163.0,11.490585327148438,1.2924412488937378,1.5081181526184082,0.711606502532959,0.5090345740318298,0.629565417766571,21.215126037597656
150.0,170.89999389648438,165.6999969482422,168.89999389648438,179.1999969482422,176.3000030517578,170.0,3.299999952316284,169.6999969482422,145.60000610351562,30.399999618530273,177.5,136.10000610351562,40.20000076293945,163.39999389648438,12.247101783752441,1.276752233505249,1.4907437562942505,0.6861172318458557,0.5085762739181519,0.6201523542404175,22.119251251220703
149.6999969482422,172.1999969482422,167.5,169.3000030517578,179.6999969482422,175.6999969482422,170.6999969482422,5.5,170.6999969482422,148.0,29.299999237060547,178.10000610351562,137.6999969482422,40.29999923706055,163.60000610351562,12.10456657409668,1.2877681255340576,1.5089393854141235,0.7083808183670044,0.5013144612312317,0.6192916631698608,20.749061584472656
150.10000610351562,171.60000610351562,167.60000610351562,169.10000610351562,178.89999389648438,176.6999969482422,172.3000030517578,1.5,174.89999389648438,149.1999969482422,27.299999237060547,178.10000610351562,137.89999389648438,39.20000076293945,164.5,11.038351058959961,1.2762871980667114,1.5001226663589478,0.6880874633789062,0.5092862248420715,0.6261505484580994,21.42782974243164
148.8000030517578,172.89999389648438,166.10000610351562,168.6999969482422,175.89999389648438,175.8000030517578,178.89999389648438,13.399999618530273,170.0,167.0,9.600000381469727,179.6999969482422,144.8000030517578,31.299999237060547,171.0,6.9612016677856445,1.2602472305297852,1.523298978805542,0.7137799263000488,0.5371596217155457,0.6408067941665649,19.377992630004883
150.1999969482422,171.6999969482422,168.10000610351562,167.39999389648438,176.39999389648438,175.10000610351562,176.60000610351562,20.0,167.3000030517578,171.6999969482422,4.699999809265137,178.1999969482422,146.60000610351562,30.799999237060547,169.60000610351562,7.1016130447387695,1.2498557567596436,1.5469741821289062,0.73094642162323,0.5604368448257446,0.6388272047042847,16.11719512939453
149.60000610351562,170.1999969482422,169.0,167.60000610351562,173.60000610351562,173.89999389648438,175.6999969482422,21.5,168.5,171.8000030517578,2.299999952316284,176.8000030517578,143.1999969482422,29.700000762939453,170.3000030517578,6.633849143981934,1.2416455745697021,1.5569497346878052,0.7643738389015198,0.5700038075447083,0.654394805431366,17.553911209106445
150.0,168.1999969482422,168.8000030517578,166.39999389648438,174.0,173.10000610351562,175.0,21.799999237060547,168.5,174.89999389648438,0.10000000149011612,175.8000030517578,142.39999389648438,31.799999237060547,170.89999389648438,8.36124038696289,1.2234559059143066,1.554399013519287,0.7637155652046204,0.5668751001358032,0.6415708065032959,17.27033233642578
149.5,170.6999969482422,168.8000030517578,169.60000610351562,175.89999389648438,176.39999389648438,178.0,8.899999618530273,173.60000610351562,163.89999389648438,13.399999618530273,178.89999389648438,142.3000030517578,34.599998474121094,169.0,6.323482513427734,1.2462234497070312,1.5301328897476196,0.725845992565155,0.5401553511619568,0.6323038935661316,16.694591522216797
149.39999389648438,171.60000610351562,168.89999389648438,169.1999969482422,179.8000030517578,174.8000030517578,174.8000030517578,3.799999952316284,170.10000610351562,157.5,18.299999237060547,179.0,142.0,36.599998474121094,165.1999969482422,7.144248962402344,1.2618550062179565,1.5330654382705688,0.7197079062461853,0.5247824788093567,0.6377878189086914,19.480958938598633
149.89999389648438,171.89999389648438,167.10000610351562,170.1999969482422,178.89999389648438,175.6999969482422,173.6999969482422,0.8999999761581421,172.0,150.60000610351562,25.899999618530273,179.3000030517578,140.1999969482422,38.5,163.39999389648438,9.228516578674316,1.2755255699157715,1.5204601287841797,0.6993792057037354,0.5134782195091248,0.6306489109992981,19.64447021484375
149.5,171.60000610351562,166.6999969482422,168.89999389648438,179.10000610351562,176.0,172.10000610351562,3.0,170.5,146.89999389648438,29.200000762939453,178.10000610351562,137.39999389648438,41.599998474121094,161.5,11.042047500610352,1.2804234027862549,1.5118359327316284,0.7050158977508545,0.5119247436523438,0.6349789500236511,22.829185485839844
149.39999389648438,172.1999969482422,166.39999389648438,170.39999389648438,179.8000030517578,177.0,170.8000030517578,4.300000190734863,172.5,146.6999969482422,29.200000762939453,178.5,135.10000610351562,42.70000076293945,161.1999969482422,10.615190505981445,1.279047966003418,1.4974327087402344,0.6971405148506165,0.5123606324195862,0.6293224096298218,20.67729377746582
150.3000030517578,171.8000030517578,168.1999969482422,171.10000610351562,178.6999969482422,175.3000030517578,167.10000610351562,11.600000381469727,175.1999969482422,142.60000610351562,36.20000076293945,173.8000030517578,132.10000610351562,48.099998474121094,155.6999969482422,12.952103614807129,1.2975720167160034,1.5014094114303589,0.7003068923950195,0.49785667657852173,0.6235514879226685,20.208282470703125
151.10000610351562,171.39999389648438,166.6999969482422,173.10000610351562,178.3000030517578,173.10000610351562,165.1999969482422,15.699999809265137,174.5,134.89999389648438,42.79999923706055,175.0,128.1999969482422,49.20000076293945,160.0,16.200302124023438,1.3135192394256592,1.4996733665466309,0.7073342800140381,0.4857372045516968,0.6044800281524658,20.706932067871094
150.8000030517578,171.0,165.60000610351562,173.89999389648438,178.5,172.6999969482422,164.3000030517578,16.799999237060547,172.89999389648438,133.89999389648438,44.0,174.1999969482422,126.0999984741211,50.400001525878906,159.60000610351562,16.132415771484375,1.3331172466278076,1.5167421102523804,0.7289290428161621,0.4880899488925934,0.6015611290931702,22.16979217529297
151.39999389648438,170.60000610351562,168.1999969482422,174.10000610351562,176.1999969482422,170.0,162.0,21.200000762939453,176.5,129.1999969482422,48.70000076293945,174.60000610351562,127.4000015258789,50.5,155.89999389648438,18.061269760131836,1.3444554805755615,1.5191967487335205,0.7368801236152649,0.4768422544002533,0.597358226776123,22.35491371154785
153.0,170.10000610351562,169.0,176.1999969482422,175.39999389648438,170.8000030517578,159.6999969482422,28.899999618530273,178.89999389648438,127.9000015258789,50.0,174.5,124.30000305175781,54.29999923706055,154.6999969482422,16.892621994018555,1.3538234233856201,1.5294708013534546,0.766636312007904,0.47873687744140625,0.5969389081001282,21.337772369384766
153.89999389648438,167.60000610351562,169.6999969482422,177.3000030517578,178.0,171.8000030517578,161.1999969482422,27.399999618530273,179.60000610351562,130.10000610351562,50.099998474121094,172.10000610351562,124.80000305175781,56.20000076293945,153.6999969482422,18.273866653442383,1.3509987592697144,1.5448421239852905,0.7760730385780334,0.4713830351829529,0.5927020907402039,21.991378784179688
153.6999969482422,168.5,169.60000610351562,178.60000610351562,176.3000030517578,169.6999969482422,158.39999389648438,31.100000381469727,178.39999389648438,124.0,55.099998474121094,172.8000030517578,121.80000305175781,58.20000076293945,152.8000030517578,19.233945846557617,1.3551303148269653,1.5413790941238403,0.7775363922119141,0.4636341333389282,0.5874219536781311,22.36332130432129
154.10000610351562,169.0,169.6999969482422,179.0,178.10000610351562,172.10000610351562,156.60000610351562,33.5,178.89999389648438,122.69999694824219,57.099998474121094,170.5,119.19999694824219,59.5,151.6999969482422,20.840320587158203,1.356522798538208,1.5438684225082397,0.7888604998588562,0.4602632522583008,0.5733967423439026,20.953292846679688
154.1999969482422,169.39999389648438,169.3000030517578,178.8000030517578,177.8000030517578,172.1999969482422,156.89999389648438,36.400001525878906,175.89999389648438,121.4000015258789,57.599998474121094,171.0,121.5,57.900001525878906,149.60000610351562,20.63072395324707,1.3592524528503418,1.5507980585098267,0.7946158051490784,0.463267058134079,0.5902748107910156,22.163896560668945
152.5,170.3000030517578,167.10000610351562,179.39999389648438,176.89999389648438,173.10000610351562,156.1999969482422,37.70000076293945,175.60000610351562,119.30000305175781,59.900001525878906,170.39999389648438,117.5,60.900001525878906,151.3000030517578,19.737903594970703,1.3712477684020996,1.5545505285263062,0.7832877039909363,0.4589044153690338,0.5711899995803833,19.714271545410156
153.60000610351562,168.89999389648438,170.6999969482422,177.1999969482422,179.1999969482422,171.60000610351562,155.60000610351562,37.900001525878906,176.1999969482422,120.5999984741211,60.20000076293945,168.1999969482422,118.69999694824219,62.0,146.8000030517578,21.61982536315918,1.348942756652832,1.5487258434295654,0.8032726049423218,0.4615941643714905,0.5893365740776062,20.967498779296875
152.8000030517578,169.39999389648438,169.89999389648438,178.6999969482422,177.6999969482422,173.1999969482422,157.10000610351562,34.599998474121094,179.10000610351562,121.5,57.900001525878906,171.0,120.5,59.099998474121094,148.8000030517578,18.135835647583008,1.3395659923553467,1.5541815757751465,0.8025036454200745,0.47029802203178406,0.5982863903045654,21.683979034423828
153.39999389648438,168.39999389648438,169.39999389648438,179.5,178.10000610351562,170.39999389648438,157.5,33.70000076293945,176.60000610351562,118.5,60.0,170.8000030517578,119.0,57.5,151.10000610351562,19.93303108215332,1.3488342761993408,1.5417367219924927,0.7848209142684937,0.465670645236969,0.5860358476638794,21.898427963256836
154.0,168.6999969482422,169.6999969482422,180.0,176.89999389648438,170.8000030517578,157.1999969482422,32.900001525878906,177.89999389648438,120.5999984741211,58.20000076293945,171.60000610351562,120.4000015258789,59.0,151.5,19.788419723510742,1.3588018417358398,1.5441380739212036,0.7740952372550964,0.4625886082649231,0.5797961354255676,21.51486587524414
153.89999389648438,169.0,169.1999969482422,178.3000030517578,178.8000030517578,171.89999389648438,156.3000030517578,34.099998474121094,177.0,121.80000305175781,58.099998474121094,169.89999389648438,119.9000015258789,60.400001525878906,149.89999389648438,21.578535079956055,1.3469562530517578,1.526334524154663,0.7757018804550171,0.4594992995262146,0.5809755325317383,21.867956161499023
153.89999389648438,168.6999969482422,170.0,179.3000030517578,176.60000610351562,171.10000610351562,158.10000610351562,31.899999618530273,177.3000030517578,121.19999694824219,57.79999923706055,170.8000030517578,120.0999984741211,58.900001525878906,149.10000610351562,20.64200782775879,1.3538092374801636,1.5429686307907104,0.7808487415313721,0.46835583448410034,0.5898904800415039,22.032451629638672
153.39999389648438,168.39999389648438,169.1999969482422,179.3000030517578,176.10000610351562,171.0,158.10000610351562,31.0,177.10000610351562,122.0999984741211,56.599998474121094,171.60000610351562,121.19999694824219,57.599998474121094,151.60000610351562,20.569068908691406,1.3558053970336914,1.5270094871520996,0.7737582921981812,0.46466851234436035,0.589554488658905,22.492290496826172
152.8000030517578,168.89999389648438,169.39999389648438,178.0,176.5,171.0,158.89999389648438,29.899999618530273,179.0,124.5999984741211,55.099998474121094,170.89999389648438,121.9000015258789,56.79999923706055,152.6999969482422,19.21410369873047,1.3590322732925415,1.5487189292907715,0.7774607539176941,0.4652322232723236,0.5903506278991699,22.187021255493164
153.60000610351562,168.3000030517578,168.39999389648438,179.1999969482422,178.1999969482422,171.60000610351562,158.6999969482422,30.600000381469727,179.3000030517578,124.4000015258789,56.20000076293945,170.3000030517578,122.0,57.599998474121094,152.60000610351562,19.596097946166992,1.356581687927246,1.5410151481628418,0.7717646956443787,0.4610760807991028,0.5829766392707825,22.335437774658203
152.3000030517578,168.6999969482422,168.39999389648438,179.8000030517578,176.8000030517578,171.0,157.39999389648438,30.399999618530273,178.1999969482422,120.9000015258789,57.5,170.89999389648438,119.0999984741211,58.70000076293945,151.10000610351562,19.439821243286133,1.3465807437896729,1.5225341320037842,0.7637296319007874,0.4754543900489807,0.585702121257782,20.808395385742188
151.60000610351562,169.3000030517578,167.5,177.1999969482422,176.39999389648438,169.5,159.8000030517578,26.0,178.1999969482422,125.69999694824219,53.099998474121094,172.5,120.9000015258789,55.400001525878906,156.10000610351562,18.77944564819336,1.3562690019607544,1.5322049856185913,0.7648796439170837,0.4642936885356903,0.5789463520050049,21.270099639892578
151.3000030517578,171.3000030517578,168.0,176.0,176.0,172.10000610351562,160.89999389648438,24.200000762939453,177.60000610351562,128.89999389648438,50.5,173.3000030517578,125.30000305175781,52.599998474121094,156.6999969482422,18.18231964111328,1.3469568490982056,1.529260277748108,0.7455099821090698,0.47263577580451965,0.5931636691093445,21.14210319519043
152.1999969482422,170.6999969482422,171.39999389648438,177.10000610351562,177.5,173.3000030517578,161.1999969482422,24.700000762939453,177.8000030517578,130.1999969482422,49.400001525878906,172.60000610351562,128.39999389648438,52.900001525878906,154.5,16.966936111450195,1.3504754304885864,1.5546128749847412,0.7675586342811584,0.4768465757369995,0.6029330492019653,21.10029411315918
151.89999389648438,171.8000030517578,169.5,177.6999969482422,176.89999389648438,172.39999389648438,160.39999389648438,24.600000381469727,177.60000610351562,126.0999984741211,52.5,173.39999389648438,125.0999984741211,53.599998474121094,154.10000610351562,19.346572875976562,1.359681248664856,1.5343135595321655,0.7419265508651733,0.4737239480018616,0.5946327447891235,21.45183563232422
151.1999969482422,170.8000030517578,168.39999389648438,177.6999969482422,176.8000030517578,172.3000030517578,160.3000030517578,24.200000762939453,179.0,127.69999694824219,51.20000076293945,173.0,123.0,53.70000076293945,155.39999389648438,17.713058471679688,1.338390588760376,1.5306841135025024,0.7561075687408447,0.474023699760437,0.593181848526001,21.650848388671875
151.8000030517578,170.3000030517578,168.0,177.3000030517578,176.5,172.10000610351562,159.89999389648438,25.200000762939453,179.5,127.69999694824219,51.0,172.89999389648438,124.0999984741211,53.400001525878906,153.39999389648438,18.00926399230957,1.337172508239746,1.521759033203125,0.7495225071907043,0.47328275442123413,0.5950260162353516,21.489627838134766
151.6999969482422,171.0,170.39999389648438,177.5,177.10000610351562,172.10000610351562,159.6999969482422,26.399999618530273,179.1999969482422,128.3000030517578,51.5,172.5,124.0,55.0,153.8000030517578,18.920679092407227,1.3532980680465698,1.542710542678833,0.7616601586341858,0.46442610025405884,0.5902753472328186,21.352760314941406
152.0,170.60000610351562,168.60000610351562,178.5,177.6999969482422,173.10000610351562,159.0,26.5,179.6999969482422,129.3000030517578,50.5,171.39999389648438,122.9000015258789,56.599998474121094,152.39999389648438,19.462848663330078,1.3476475477218628,1.5291731357574463,0.7601277232170105,0.4655093550682068,0.5815879702568054,19.958864212036133
151.8000030517578,171.1999969482422,168.10000610351562,177.8000030517578,176.10000610351562,172.5,159.1999969482422,26.0,177.3000030517578,122.4000015258789,55.599998474121094,174.0,123.0,55.29999923706055,154.3000030517578,19.987985610961914,1.35723876953125,1.5258532762527466,0.7375734448432922,0.4746044874191284,0.5853121280670166,20.09940528869629
152.60000610351562,169.1999969482422,169.60000610351562,178.3000030517578,176.5,171.1999969482422,159.5,28.100000381469727,179.8000030517578,125.4000015258789,54.0,172.5,122.5999984741211,56.599998474121094,153.0,19.893232345581055,1.3482892513275146,1.529317855834961,0.7572647333145142,0.46875324845314026,0.5840873718261719,20.39872932434082
151.1999969482422,170.10000610351562,168.60000610351562,178.39999389648438,177.6999969482422,172.6999969482422,159.5,26.100000381469727,179.39999389648438,128.3000030517578,51.099998474121094,171.0,122.69999694824219,56.099998474121094,153.0,17.937376022338867,1.3354007005691528,1.5243895053863525,0.76369309425354,0.472016304731369,0.5900871753692627,20.51788330078125
152.60000610351562,168.89999389648438,169.3000030517578,176.60000610351562,175.8000030517578,169.10000610351562,161.89999389648438,24.0,179.39999389648438,127.0999984741211,51.400001525878906,173.5,124.5999984741211,53.29999923706055,155.0,19.034473419189453,1.3499987125396729,1.5336105823516846,0.7600913047790527,0.47159531712532043,0.5931243300437927,21.781740188598633
152.0,170.39999389648438,169.0,176.39999389648438,177.5,173.3000030517578,160.89999389648438,22.200000762939453,176.89999389648438,126.30000305175781,52.599998474121094,172.6999969482422,123.80000305175781,53.0,156.10000610351562,18.467376708984375,1.342815637588501,1.5214087963104248,0.7330687046051025,0.4693799614906311,0.5855353474617004,21.281034469604492
151.60000610351562,171.0,167.6999969482422,177.5,179.0,172.8000030517578,161.6999969482422,23.100000381469727,178.10000610351562,132.60000610351562,47.400001525878906,173.10000610351562,125.69999694824219,51.900001525878906,157.60000610351562,18.662935256958008,1.3502216339111328,1.532059669494629,0.7455714344978333,0.46844449639320374,0.5864728093147278,20.940168380737305
152.5,169.89999389648438,169.0,175.89999389648438,175.60000610351562,169.89999389648438,162.39999389648438,21.100000381469727,177.60000610351562,129.10000610351562,49.0,174.10000610351562,125.80000305175781,53.0,154.8000030517578,19.942914962768555,1.3524774312973022,1.5195467472076416,0.7404148578643799,0.47398725152015686,0.5962291955947876,20.70591163635254
150.8000030517578,171.89999389648438,169.39999389648438,175.89999389648438,176.39999389648438,171.8000030517578,163.5,19.399999618530273,177.3000030517578,130.10000610351562,48.400001525878906,174.8000030517578,128.6999969482422,49.79999923706055,156.10000610351562,16.787792205810547,1.3374671936035156,1.5420281887054443,0.7456147074699402,0.47993648052215576,0.5992292165756226,20.83612632751465
150.39999389648438,172.0,169.3000030517578,176.1999969482422,177.89999389648438,175.1999969482422,162.3000030517578,19.299999237060547,178.6999969482422,129.89999389648438,48.29999923706055,174.10000610351562,127.5,50.599998474121094,156.60000610351562,17.60698699951172,1.33402419090271,1.5341662168502808,0.7295199632644653,0.4733279347419739,0.5958614945411682,19.486888885498047
151.8000030517578,170.8000030517578,168.10000610351562,176.89999389648438,177.10000610351562,171.60000610351562,162.5,19.399999618530273,178.0,128.0,50.400001525878906,173.3000030517578,126.9000015258789,49.900001525878906,155.1999969482422,19.131210327148438,1.3398598432540894,1.5285576581954956,0.731840968132019,0.47019335627555847,0.5939949750900269,21.327207565307617
150.60000610351562,170.6999969482422,166.0,177.3000030517578,177.60000610351562,173.1999969482422,161.1999969482422,19.600000381469727,177.60000610351562,129.10000610351562,50.400001525878906,171.60000610351562,123.4000015258789,50.79999923706055,159.1999969482422,20.46903419494629,1.338023066520691,1.5110282897949219,0.7221616506576538,0.4686257243156433,0.5871291756629944,21.133739471435547
150.89999389648438,171.0,168.10000610351562,177.8000030517578,178.0,172.8000030517578,162.60000610351562,21.799999237060547,179.8000030517578,127.69999694824219,49.79999923706055,174.39999389648438,123.5,50.099998474121094,161.0,15.292104721069336,1.3155583143234253,1.537513017654419,0.7435125112533569,0.47836193442344666,0.5926485657691956,20.595651626586914
150.89999389648438,171.60000610351562,165.89999389648438,176.6999969482422,177.39999389648438,173.6999969482422,162.1999969482422,19.200000762939453,176.0,132.89999389648438,46.900001525878906,173.1999969482422,127.30000305175781,49.599998474121094,159.60000610351562,20.314632415771484,1.34645414352417,1.5401784181594849,0.7364956736564636,0.4666558802127838,0.5951150059700012,19.8470401763916
150.60000610351562,171.5,166.8000030517578,175.89999389648438,177.1999969482422,174.1999969482422,162.39999389648438,19.100000381469727,178.5,132.3000030517578,47.400001525878906,172.10000610351562,126.19999694824219,49.599998474121094,159.3000030517578,18.234697341918945,1.3375439643859863,1.5440027713775635,0.7258609533309937,0.47066324949264526,0.5946042537689209,21.645044326782227
151.10000610351562,171.60000610351562,167.60000610351562,176.89999389648438,178.39999389648438,174.89999389648438,162.60000610351562,19.399999618530273,178.1999969482422,133.89999389648438,45.70000076293945,171.60000610351562,127.69999694824219,50.5,155.3000030517578,20.125770568847656,1.3348729610443115,1.5333542823791504,0.7175644040107727,0.4741840660572052,0.5998173356056213,20.449703216552734
151.60000610351562,171.0,168.1999969482422,177.3000030517578,178.3000030517578,175.60000610351562,162.6999969482422,20.0,178.1999969482422,132.89999389648438,46.900001525878906,172.5,127.80000305175781,49.900001525878906,157.10000610351562,18.6330509185791,1.333560824394226,1.5391552448272705,0.7330788969993591,0.475867360830307,0.59815514087677,20.507740020751953
150.0,171.10000610351562,165.6999969482422,176.0,177.3000030517578,175.10000610351562,163.0,17.0,175.0,135.0,44.70000076293945,173.89999389648438,127.69999694824219,48.79999923706055,161.5,19.69082260131836,1.3323588371276855,1.5347892045974731,0.7254467010498047,0.469348281621933,0.6007819175720215,19.318601608276367
150.60000610351562,170.1999969482422,168.89999389648438,176.10000610351562,178.6999969482422,175.1999969482422,163.5,16.799999237060547,179.10000610351562,136.3000030517578,43.70000076293945,172.39999389648438,128.60000610351562,48.599998474121094,159.39999389648438,17.669960021972656,1.3263576030731201,1.558937668800354,0.7309019565582275,0.4721417725086212,0.6126836538314819,20.299596786499023
150.39999389648438,170.3000030517578,167.39999389648438,176.6999969482422,179.0,176.60000610351562,163.5,17.0,177.60000610351562,135.39999389648438,44.599998474121094,172.1999969482422,128.3000030517578,49.70000076293945,156.3000030517578,19.844961166381836,1.326890468597412,1.5462512969970703,0.7258985638618469,0.4661218523979187,0.601561427116394,19.823440551757812
150.10000610351562,171.39999389648438,166.1999969482422,175.39999389648438,177.10000610351562,173.10000610351562,165.10000610351562,16.399999618530273,176.0,135.3000030517578,44.099998474121094,175.3000030517578,129.6999969482422,46.0,162.89999389648438,16.85762596130371,1.3268409967422485,1.5522407293319702,0.7436923980712891,0.4716092646121979,0.6020947098731995,20.185955047607422
151.5,171.1999969482422,166.5,176.6999969482422,179.0,173.39999389648438,165.1999969482422,17.0,179.3000030517578,137.5,41.900001525878906,172.6999969482422,130.10000610351562,47.70000076293945,157.1999969482422,19.555007934570312,1.3410370349884033,1.521538257598877,0.7395977973937988,0.4736948013305664,0.5986985564231873,20.56235122680664
151.89999389648438,171.0,166.5,177.10000610351562,179.1999969482422,176.0,165.0,16.100000381469727,179.3000030517578,139.60000610351562,39.70000076293945,172.39999389648438,130.89999389648438,46.900001525878906,157.60000610351562,18.220914840698242,1.3327065706253052,1.531707525253296,0.741553544998169,0.48242563009262085,0.6011239886283875,19.942899703979492
151.3000030517578,171.3000030517578,165.39999389648438,176.10000610351562,179.10000610351562,174.10000610351562,164.89999389648438,15.800000190734863,179.8000030517578,138.3000030517578,41.29999923706055,172.39999389648438,130.3000030517578,47.20000076293945,158.10000610351562,19.597070693969727,1.336122751235962,1.5268774032592773,0.726283073425293,0.4770674407482147,0.6003614068031311,19.961559295654297
151.3000030517578,171.8000030517578,167.60000610351562,176.10000610351562,178.6999969482422,174.3000030517578,165.0,16.200000762939453,179.1999969482422,138.0,41.900001525878906,172.39999389648438,129.3000030517578,49.900001525878906,156.39999389648438,18.06595802307129,1.338278889656067,1.5458399057388306,0.7415894269943237,0.474898099899292,0.6004366874694824,19.722597122192383
151.10000610351562,172.6999969482422,167.89999389648438,176.8000030517578,179.0,175.89999389648438,166.5,15.699999809265137,177.6999969482422,139.1999969482422,39.099998474121094,176.8000030517578,133.6999969482422,48.0,155.10000610351562,14.434954643249512,1.3109900951385498,1.5466660261154175,0.7322816848754883,0.49091047048568726,0.6081888675689697,19.797779083251953
150.39999389648438,171.1999969482422,166.0,176.1999969482422,180.0,176.5,166.1999969482422,13.699999809265137,175.39999389648438,140.8000030517578,38.599998474121094,174.60000610351562,132.0,47.29999923706055,157.8000030517578,19.100910186767578,1.3342134952545166,1.548204779624939,0.737977921962738,0.48046302795410156,0.6062868237495422,19.249113082885742
149.8000030517578,172.6999969482422,167.1999969482422,174.60000610351562,179.3000030517578,177.39999389648438,168.5,9.199999809265137,175.6999969482422,143.8000030517578,36.099998474121094,174.1999969482422,135.39999389648438,46.79999923706055,154.39999389648438,14.950124740600586,1.3236826658248901,1.555965542793274,0.7369033098220825,0.4935462176799774,0.622639536857605,18.559741973876953
149.60000610351562,172.60000610351562,167.60000610351562,174.8000030517578,178.1999969482422,177.10000610351562,169.8000030517578,8.0,177.0,144.6999969482422,31.700000762939453,177.6999969482422,133.89999389648438,44.0,159.3000030517578,12.807360649108887,1.3135619163513184,1.5395488739013672,0.7125973105430603,0.49147528409957886,0.6246069073677063,19.681398391723633
149.6999969482422,171.8000030517578,166.10000610351562,175.89999389648438,179.8000030517578,176.8000030517578,169.1999969482422,11.300000190734863,177.89999389648438,142.6999969482422,36.599998474121094,173.6999969482422,135.10000610351562,45.70000076293945,154.89999389648438,13.114644050598145,1.3103924989700317,1.5722118616104126,0.7394269108772278,0.4928445816040039,0.6297381520271301,20.021194458007812
149.6999969482422,173.39999389648438,164.60000610351562,174.3000030517578,179.3000030517578,177.10000610351562,168.60000610351562,8.399999618530273,175.0,145.3000030517578,34.20000076293945,175.0,136.39999389648438,43.599998474121094,160.39999389648438,14.836653709411621,1.319393277168274,1.5595965385437012,0.726105809211731,0.4902111887931824,0.6139327883720398,19.104248046875
149.1999969482422,173.10000610351562,163.60000610351562,174.1999969482422,179.89999389648438,177.1999969482422,171.1999969482422,5.099999904632568,176.8000030517578,149.3000030517578,28.799999237060547,175.10000610351562,138.39999389648438,41.79999923706055,158.1999969482422,11.772622108459473,1.3086459636688232,1.556634545326233,0.7216595411300659,0.5019264817237854,0.6326347589492798,20.705785751342773
149.1999969482422,172.5,164.10000610351562,174.39999389648438,179.60000610351562,176.60000610351562,172.1999969482422,1.2000000476837158,172.60000610351562,150.8000030517578,24.899999618530273,179.5,140.3000030517578,39.29999923706055,161.1999969482422,11.881882667541504,1.3109781742095947,1.554789662361145,0.7285565733909607,0.5097266435623169,0.6281858086585999,20.06463623046875
150.10000610351562,172.60000610351562,164.1999969482422,174.1999969482422,178.8000030517578,177.3000030517578,173.60000610351562,0.699999988079071,174.39999389648438,153.0,23.0,179.1999969482422,139.8000030517578,41.20000076293945,160.1999969482422,9.698299407958984,1.3033394813537598,1.555633544921875,0.7173627018928528,0.5154362916946411,0.6282930374145508,19.14061737060547
149.0,173.10000610351562,165.8000030517578,173.60000610351562,179.6999969482422,176.8000030517578,173.6999969482422,1.2999999523162842,175.5,151.10000610351562,24.899999618530273,176.6999969482422,138.60000610351562,41.0,158.39999389648438,9.119953155517578,1.302036166191101,1.56105375289917,0.7234557271003723,0.5144991278648376,0.6425440907478333,19.476951599121094
148.6999969482422,174.10000610351562,163.60000610351562,174.6999969482422,179.89999389648438,176.0,172.8000030517578,1.7000000476837158,173.8000030517578,150.10000610351562,26.799999237060547,177.6999969482422,141.8000030517578,39.599998474121094,159.60000610351562,11.781893730163574,1.308402180671692,1.5560153722763062,0.7249117493629456,0.5094810724258423,0.6369587182998657,20.181699752807617
148.89999389648438,174.0,164.89999389648438,174.0,179.6999969482422,176.89999389648438,170.5,5.400000095367432,175.3000030517578,147.8000030517578,29.100000381469727,177.89999389648438,137.6999969482422,41.79999923706055,160.3000030517578,10.422266960144043,1.3137190341949463,1.581592321395874,0.7286113500595093,0.5059511065483093,0.6285797953605652,20.02509307861328
148.8000030517578,172.39999389648438,162.89999389648438,173.8000030517578,177.5,178.8000030517578,171.1999969482422,3.799999952316284,176.0,149.5,28.0,177.89999389648438,137.1999969482422,41.70000076293945,162.1999969482422,12.428888320922852,1.3206629753112793,1.5502089262008667,0.7100922465324402,0.4919183552265167,0.6106351613998413,18.961715698242188
149.60000610351562,172.1999969482422,161.6999969482422,176.1999969482422,176.89999389648438,177.8000030517578,168.89999389648438,8.899999618530273,176.3000030517578,143.8000030517578,33.0,179.0,135.5,42.70000076293945,163.39999389648438,13.106431007385254,1.3203082084655762,1.5548467636108398,0.7195679545402527,0.48904937505722046,0.6009146571159363,18.880264282226562
150.0,171.0,167.0,179.60000610351562,179.8000030517578,174.6999969482422,164.5,20.799999237060547,179.3000030517578,134.60000610351562,45.5,174.89999389648438,130.3000030517578,48.70000076293945,159.8000030517578,17.985519409179688,1.3200401067733765,1.5409400463104248,0.7438048124313354,0.47387224435806274,0.5885112881660461,19.217103958129883
152.10000610351562,170.1999969482422,164.89999389648438,179.39999389648438,179.0,175.3000030517578,162.5,23.799999237060547,177.3000030517578,131.39999389648438,50.0,171.10000610351562,126.4000015258789,53.099998474121094,156.8000030517578,23.789636611938477,1.346108317375183,1.5474649667739868,0.7542190551757812,0.4674186706542969,0.5849456787109375,17.486549377441406
151.10000610351562,170.0,165.60000610351562,179.89999389648438,178.3000030517578,173.39999389648438,162.10000610351562,24.799999237060547,177.39999389648438,129.60000610351562,51.20000076293945,172.39999389648438,124.9000015258789,52.0,159.60000610351562,20.04216194152832,1.333046317100525,1.5542353391647339,0.7735520601272583,0.47039875388145447,0.5914168953895569,17.860031127929688
151.60000610351562,169.60000610351562,167.60000610351562,176.6999969482422,179.89999389648438,175.60000610351562,161.6999969482422,27.700000762939453,174.0,127.80000305175781,52.599998474121094,171.6999969482422,123.80000305175781,54.599998474121094,156.1999969482422,22.34551429748535,1.3248465061187744,1.5457855463027954,0.7742017507553101,0.46826252341270447,0.5811864137649536,17.041471481323242
151.6999969482422,167.39999389648438,163.39999389648438,175.8000030517578,179.10000610351562,176.5,159.89999389648438,33.20000076293945,172.3000030517578,123.5999984741211,58.0,168.60000610351562,116.30000305175781,60.0,156.5,23.7783203125,1.3491811752319336,1.551924705505371,0.7870664000511169,0.4586145877838135,0.5700854659080505,17.342445373535156
152.39999389648438,168.5,165.6999969482422,173.1999969482422,179.60000610351562,175.60000610351562,159.8000030517578,33.5,169.5,120.5,60.400001525878906,168.39999389648438,118.80000305175781,59.20000076293945,152.5,25.210933685302734,1.3524097204208374,1.5531630516052246,0.7768814563751221,0.4644237756729126,0.5904828310012817,18.423259735107422
152.0,168.10000610351562,167.6999969482422,172.89999389648438,179.89999389648438,173.1999969482422,158.89999389648438,35.900001525878906,169.6999969482422,117.80000305175781,63.20000076293945,169.8000030517578,120.19999694824219,59.79999923706055,152.3000030517578,25.367877960205078,1.3550360202789307,1.5591378211975098,0.7945093512535095,0.4660252034664154,0.59512859582901,18.26485252380371
151.8000030517578,169.39999389648438,166.10000610351562,173.8000030517578,179.8000030517578,171.5,160.60000610351562,32.29999923706055,171.6999969482422,119.69999694824219,60.099998474121094,170.10000610351562,119.5,59.0,151.3000030517578,24.59346580505371,1.3620210886001587,1.5619385242462158,0.7832269072532654,0.46308261156082153,0.5927019715309143,19.0911808013916
152.3000030517578,170.39999389648438,167.39999389648438,173.39999389648438,179.8000030517578,171.6999969482422,159.39999389648438,34.099998474121094,170.39999389648438,120.0,60.5,170.3000030517578,119.30000305175781,59.79999923706055,151.89999389648438,23.024599075317383,1.366197943687439,1.5732101202011108,0.7852305173873901,0.46298518776893616,0.5890549421310425,18.646886825561523
152.6999969482422,168.89999389648438,167.8000030517578,173.1999969482422,178.89999389648438,173.5,159.8000030517578,35.79999923706055,168.8000030517578,122.30000305175781,58.599998474121094,169.0,121.5999984741211,59.099998474121094,149.89999389648438,23.884170532226562,1.3495469093322754,1.563614845275879,0.7940072417259216,0.46950528025627136,0.5947037935256958,18.576433181762695
152.39999389648438,168.5,168.3000030517578,172.89999389648438,177.8000030517578,173.5,159.8000030517578,36.79999923706055,168.5,119.0,62.599998474121094,169.0,118.5,63.0,150.8000030517578,24.84872817993164,1.3661327362060547,1.5893657207489014,0.8078892230987549,0.46390852332115173,0.587649405002594,17.8974552154541
151.8000030517578,170.39999389648438,167.6999969482422,173.3000030517578,179.60000610351562,172.6999969482422,158.39999389648438,35.400001525878906,170.39999389648438,117.30000305175781,63.70000076293945,170.3000030517578,117.19999694824219,62.29999923706055,152.10000610351562,26.34212875366211,1.3811599016189575,1.5689605474472046,0.7709766626358032,0.45485934615135193,0.5818079710006714,18.368576049804688
152.60000610351562,169.1999969482422,167.10000610351562,172.10000610351562,178.39999389648438,173.60000610351562,159.10000610351562,36.79999923706055,168.5,117.0999984741211,64.4000015258789,167.60000610351562,117.69999694824219,61.400001525878906,151.6999969482422,25.625776290893555,1.3783193826675415,1.5893969535827637,0.7945590019226074,0.4535790681838989,0.5797796845436096,18.066205978393555
152.1999969482422,168.89999389648438,166.6999969482422,170.5,176.89999389648438,175.1999969482422,157.10000610351562,39.70000076293945,166.8000030517578,114.69999694824219,66.30000305175781,167.6999969482422,114.9000015258789,64.0999984741211,149.3000030517578,27.190860748291016,1.3879705667495728,1.5729365348815918,0.7897520065307617,0.45071354508399963,0.5785953402519226,18.078859329223633
151.5,169.3000030517578,168.0,170.6999969482422,176.89999389648438,175.5,158.1999969482422,36.400001525878906,168.39999389648438,115.69999694824219,65.9000015258789,167.3000030517578,116.5,64.5999984741211,147.8000030517578,27.376070022583008,1.377469778060913,1.5734734535217285,0.7889420390129089,0.451933890581131,0.5862306356430054,18.463014602661133
151.3000030517578,170.10000610351562,166.3000030517578,174.10000610351562,178.6999969482422,174.1999969482422,159.6999969482422,34.0,170.0,121.0999984741211,60.099998474121094,169.39999389648438,117.5,61.0,153.0,23.01043701171875,1.356453537940979,1.5691088438034058,0.7915880084037781,0.45961877703666687,0.5847262144088745,17.765945434570312
152.5,169.5,168.60000610351562,171.39999389648438,179.5,174.89999389648438,156.89999389648438,38.70000076293945,168.5,115.4000015258789,65.9000015258789,167.89999389648438,117.69999694824219,61.70000076293945,150.89999389648438,26.629169464111328,1.3663620948791504,1.5626431703567505,0.7853883504867554,0.4555681049823761,0.5849881768226624,17.692052841186523
152.0,169.10000610351562,164.5,172.1999969482422,179.6999969482422,172.60000610351562,156.60000610351562,38.0,169.0,114.4000015258789,65.30000305175781,169.5,113.0999984741211,63.20000076293945,154.6999969482422,26.57962989807129,1.3817131519317627,1.5623395442962646,0.7790917158126831,0.4508229196071625,0.5762123465538025,18.901540756225586
151.8000030517578,168.60000610351562,166.1999969482422,173.8000030517578,178.60000610351562,173.10000610351562,160.3000030517578,34.599998474121094,169.8000030517578,119.80000305175781,60.20000076293945,170.39999389648438,118.0999984741211,59.599998474121094,152.89999389648438,23.59872055053711,1.3549085855484009,1.5641090869903564,0.7847074270248413,0.46135520935058594,0.5830215215682983,17.954620361328125
152.39999389648438,168.39999389648438,167.10000610351562,171.5,177.10000610351562,172.10000610351562,159.0,36.599998474121094,167.6999969482422,118.30000305175781,62.900001525878906,167.3000030517578,115.80000305175781,64.69999694824219,149.8000030517578,23.568510055541992,1.3615937232971191,1.5815519094467163,0.8055477738380432,0.4692651629447937,0.5825367569923401,18.135541915893555
152.5,169.39999389648438,166.5,171.60000610351562,178.89999389648438,172.39999389648438,158.5,36.5,169.6999969482422,118.5999984741211,63.29999923706055,167.89999389648438,116.0,63.70000076293945,151.39999389648438,26.707536697387695,1.376609206199646,1.5710054636001587,0.7898716926574707,0.4597746431827545,0.5800753235816956,18.158281326293945
152.8000030517578,168.6999969482422,166.89999389648438,170.5,178.0,174.3000030517578,156.60000610351562,40.29999923706055,166.89999389648438,114.30000305175781,67.4000015258789,167.8000030517578,114.0999984741211,64.80000305175781,152.10000610351562,27.5280818939209,1.3760427236557007,1.5701916217803955,0.7865082621574402,0.45316725969314575,0.5759790539741516,17.87462615966797
152.6999969482422,168.0,169.39999389648438,172.6999969482422,178.39999389648438,177.6999969482422,159.3000030517578,36.5,168.60000610351562,121.9000015258789,59.400001525878906,167.39999389648438,121.80000305175781,59.099998474121094,150.10000610351562,23.760129928588867,1.3448902368545532,1.5655819177627563,0.796665608882904,0.470365971326828,0.5974913835525513,17.686153411865234
151.89999389648438,168.1999969482422,165.60000610351562,172.1999969482422,177.6999969482422,173.39999389648438,159.1999969482422,36.599998474121094,169.0,120.5999984741211,61.5,167.89999389648438,116.0999984741211,64.30000305175781,152.5,25.812671661376953,1.3652064800262451,1.5620149374008179,0.7934328317642212,0.45934760570526123,0.5707260370254517,18.02886390686035
152.3000030517578,170.10000610351562,168.8000030517578,172.5,180.0,171.1999969482422,158.3000030517578,37.099998474121094,169.10000610351562,118.5,63.79999923706055,169.0,115.0,64.80000305175781,152.39999389648438,24.975116729736328,1.3803144693374634,1.5832042694091797,0.7976005673408508,0.45588210225105286,0.5686805844306946,17.182706832885742
151.89999389648438,170.0,166.10000610351562,171.89999389648438,178.60000610351562,174.8000030517578,157.1999969482422,40.29999923706055,165.89999389648438,115.4000015258789,65.80000305175781,168.3000030517578,115.0999984741211,64.0999984741211,147.5,27.14356231689453,1.3950291872024536,1.5703098773956299,0.7846313714981079,0.4491759240627289,0.5828030705451965,18.8114070892334
153.0,168.10000610351562,168.8000030517578,171.6999969482422,177.89999389648438,174.39999389648438,158.5,39.29999923706055,168.0,113.0999984741211,68.4000015258789,167.6999969482422,114.5999984741211,65.19999694824219,148.0,25.71539306640625,1.375767469406128,1.600882887840271,0.8168327808380127,0.45101097226142883,0.579325795173645,17.02716636657715
152.6999969482422,169.1999969482422,167.8000030517578,171.3000030517578,179.60000610351562,172.6999969482422,156.89999389648438,40.400001525878906,166.6999969482422,111.5,68.9000015258789,167.89999389648438,113.5,64.5999984741211,149.10000610351562,27.27972984313965,1.3741397857666016,1.5647432804107666,0.7738327980041504,0.4411776661872864,0.5748753547668457,18.538658142089844
153.3000030517578,168.6999969482422,166.0,170.5,179.10000610351562,171.5,156.10000610351562,39.79999923706055,167.89999389648438,110.0999984741211,70.9000015258789,168.39999389648438,109.5,67.5999984741211,151.5,28.09734535217285,1.3834666013717651,1.5632563829421997,0.7817824482917786,0.4499658942222595,0.5691460967063904,18.001953125
153.10000610351562,169.6999969482422,169.39999389648438,170.60000610351562,179.89999389648438,172.6999969482422,156.3000030517578,40.29999923706055,167.3000030517578,111.5,68.9000015258789,168.6999969482422,113.5999984741211,65.4000015258789,148.8000030517578,27.935983657836914,1.3774166107177734,1.56744384765625,0.7757457494735718,0.44552451372146606,0.5784002542495728,18.802303314208984
152.89999389648438,169.3000030517578,168.60000610351562,170.10000610351562,178.6999969482422,172.3000030517578,156.6999969482422,40.900001525878906,167.10000610351562,113.5999984741211,67.80000305175781,168.6999969482422,111.9000015258789,67.80000305175781,150.3000030517578,27.98601722717285,1.3788561820983887,1.5669794082641602,0.7886555790901184,0.4503014385700226,0.5625472068786621,16.9534969329834
152.60000610351562,170.39999389648438,168.60000610351562,171.5,178.89999389648438,172.60000610351562,157.0,38.400001525878906,169.60000610351562,111.0999984741211,68.80000305175781,168.5,112.30000305175781,66.80000305175781,149.39999389648438,27.84453582763672,1.3887206315994263,1.57741379737854,0.7897034287452698,0.44772425293922424,0.5662398934364319,17.03020668029785
153.5,168.1999969482422,168.3000030517578,169.60000610351562,177.60000610351562,177.10000610351562,155.89999389648438,42.0,165.10000610351562,113.69999694824219,68.0,167.3000030517578,114.9000015258789,64.9000015258789,148.8000030517578,26.974620819091797,1.3699886798858643,1.5812053680419922,0.8078812956809998,0.454718679189682,0.5805897116661072,18.082454681396484
152.60000610351562,169.89999389648438,165.6999969482422,171.10000610351562,179.3000030517578,171.39999389648438,155.39999389648438,39.599998474121094,168.5,107.4000015258789,72.69999694824219,169.5,107.5999984741211,69.9000015258789,151.0,27.840442657470703,1.3851944208145142,1.5557332038879395,0.7657958269119263,0.4379194676876068,0.5611673593521118,18.069847106933594
153.89999389648438,168.39999389648438,166.89999389648438,169.0,177.0,173.39999389648438,154.0,44.099998474121094,167.8000030517578,107.5999984741211,73.19999694824219,168.0,107.30000305175781,70.5,149.39999389648438,28.424135208129883,1.4012484550476074,1.590490460395813,0.800814688205719,0.4429607093334198,0.5580458641052246,16.917970657348633
154.39999389648438,171.10000610351562,163.10000610351562,167.60000610351562,178.8000030517578,172.10000610351562,151.39999389648438,49.400001525878906,167.39999389648438,99.4000015258789,79.80000305175781,167.60000610351562,100.19999694824219,76.4000015258789,145.60000610351562,30.362159729003906,1.4003804922103882,1.587349534034729,0.7924275398254395,0.4228484630584717,0.5492092370986938,15.60943603515625
154.6999969482422,169.60000610351562,166.60000610351562,169.8000030517578,177.3000030517578,173.10000610351562,151.6999969482422,44.29999923706055,170.8000030517578,102.9000015258789,77.0999984741211,165.0,104.19999694824219,71.0,146.60000610351562,27.788127899169922,1.3811495304107666,1.5511125326156616,0.7595871090888977,0.43611136078834534,0.5512614250183105,17.635719299316406
154.60000610351562,168.60000610351562,170.3000030517578,171.60000610351562,179.1999969482422,174.5,151.3000030517578,46.0,167.89999389648438,104.5,74.9000015258789,166.3000030517578,106.5,70.0,146.6999969482422,25.909616470336914,1.369261384010315,1.5679610967636108,0.7908721566200256,0.44870826601982117,0.5555604100227356,16.625255584716797
154.3000030517578,170.0,169.3000030517578,173.60000610351562,179.89999389648438,173.3000030517578,150.5,47.20000076293945,167.6999969482422,102.69999694824219,75.69999694824219,166.60000610351562,106.5,69.5,146.6999969482422,24.922311782836914,1.3748399019241333,1.565049648284912,0.7933300733566284,0.4407367706298828,0.5608451962471008,17.74244499206543
154.8000030517578,168.60000610351562,171.89999389648438,172.10000610351562,177.10000610351562,174.3000030517578,152.0,47.599998474121094,171.0,107.0,73.30000305175781,165.1999969482422,108.0999984741211,68.4000015258789,146.10000610351562,24.874359130859375,1.355568289756775,1.5621330738067627,0.8139429092407227,0.4495106637477875,0.5616376996040344,18.56618309020996
