161.89999389648438,175.3000030517578,177.0,162.89999389648438,171.60000610351562,175.1999969482422,167.39999389648438,6.400000095367432,172.8000030517578,173.10000610351562,8.399999618530273,175.39999389648438,163.3000030517578,45.70000076293945,149.39999389648438,33.233802795410156,1.37019944190979,1.7620717287063599,0.959101140499115,0.8268513679504395,0.8510560989379883,23.084489822387695
162.3000030517578,175.89999389648438,176.6999969482422,162.3000030517578,172.39999389648438,174.3000030517578,167.8000030517578,6.5,171.8000030517578,170.5,6.599999904632568,176.6999969482422,162.6999969482422,46.0,150.5,32.90791702270508,1.3642657995224,1.7506660223007202,0.9331995844841003,0.8037976026535034,0.8327126502990723,23.456993103027344
162.39999389648438,175.0,177.3000030517578,161.8000030517578,172.60000610351562,174.6999969482422,167.6999969482422,4.5,174.60000610351562,172.0,7.599999904632568,176.3000030517578,162.10000610351562,41.20000076293945,155.6999969482422,33.77745819091797,1.3728598356246948,1.7589002847671509,0.9251481890678406,0.782804012298584,0.8136947154998779,22.34252166748047
162.1999969482422,174.89999389648438,179.3000030517578,163.3000030517578,171.10000610351562,175.1999969482422,168.8000030517578,4.199999809265137,174.0,172.8000030517578,6.300000190734863,178.60000610351562,159.3000030517578,40.099998474121094,157.60000610351562,33.649784088134766,1.385670781135559,1.7832090854644775,0.9096593856811523,0.7656720876693726,0.8018189072608948,23.701494216918945
162.39999389648438,174.8000030517578,178.60000610351562,162.89999389648438,172.39999389648438,174.10000610351562,169.39999389648438,3.5,172.3000030517578,173.10000610351562,7.199999809265137,177.39999389648438,161.3000030517578,37.70000076293945,157.39999389648438,34.30057144165039,1.4084426164627075,1.8133141994476318,0.9167267084121704,0.7555164694786072,0.8133352994918823,23.482927322387695
162.0,175.89999389648438,179.0,163.60000610351562,171.89999389648438,174.89999389648438,169.5,3.0,173.1999969482422,173.6999969482422,7.400000095367432,176.8000030517578,160.3000030517578,37.0,158.6999969482422,34.113197326660156,1.401526927947998,1.8060022592544556,0.9224554896354675,0.7589710354804993,0.815636932849884,22.808975219726562
161.60000610351562,175.1999969482422,179.89999389648438,162.5,171.5,172.8000030517578,166.89999389648438,6.599999904632568,172.10000610351562,168.1999969482422,3.5999999046325684,178.0,161.6999969482422,38.70000076293945,156.1999969482422,32.907039642333984,1.3781063556671143,1.7634631395339966,0.9126898050308228,0.7620360255241394,0.7946748733520508,23.49093246459961
161.6999969482422,175.6999969482422,179.1999969482422,162.39999389648438,172.0,173.8000030517578,168.0,5.199999809265137,172.0,171.39999389648438,6.699999809265137,178.6999969482422,160.3000030517578,44.400001525878906,153.5,32.87193298339844,1.379095435142517,1.7697604894638062,0.9278768301010132,0.7749468088150024,0.8144136071205139,24.522510528564453
161.60000610351562,175.10000610351562,179.89999389648438,162.10000610351562,171.39999389648438,173.39999389648438,167.10000610351562,5.900000095367432,171.89999389648438,171.10000610351562,6.300000190734863,178.60000610351562,162.10000610351562,44.599998474121094,152.0,32.257930755615234,1.3752937316894531,1.753617286682129,0.9201595187187195,0.7644868493080139,0.8019154071807861,23.464550018310547
161.0,175.8000030517578,180.0,161.8000030517578,171.3000030517578,173.8000030517578,167.60000610351562,6.099999904632568,172.6999969482422,170.89999389648438,5.300000190734863,177.1999969482422,160.6999969482422,42.29999923706055,154.5,31.065933227539062,1.3623850345611572,1.7373160123825073,0.8818215131759644,0.7323973178863525,0.7796750068664551,23.349279403686523
160.39999389648438,175.10000610351562,179.10000610351562,162.60000610351562,171.10000610351562,175.0,168.89999389648438,3.200000047683716,174.60000610351562,172.6999969482422,8.0,175.6999969482422,159.8000030517578,43.599998474121094,153.1999969482422,30.227745056152344,1.3743629455566406,1.749493956565857,0.8813360929489136,0.7285056114196777,0.7738329768180847,22.576820373535156
160.89999389648438,175.3000030517578,179.89999389648438,163.6999969482422,169.89999389648438,175.10000610351562,169.5,3.5,174.3000030517578,173.60000610351562,7.300000190734863,176.39999389648438,158.89999389648438,41.599998474121094,155.1999969482422,28.827739715576172,1.3663408756256104,1.7342352867126465,0.8407458066940308,0.6973931193351746,0.7498919367790222,23.46379852294922
160.8000030517578,175.3000030517578,179.0,162.6999969482422,169.5,176.39999389648438,170.0,1.7999999523162842,174.6999969482422,174.39999389648438,9.5,175.89999389648438,159.89999389648438,44.0,152.1999969482422,30.082500457763672,1.375132441520691,1.7530852556228638,0.8762581944465637,0.7202169895172119,0.7674574255943298,22.06444549560547
161.39999389648438,176.3000030517578,178.10000610351562,162.6999969482422,169.89999389648438,176.10000610351562,169.39999389648438,3.700000047683716,172.8000030517578,174.10000610351562,7.900000095367432,178.6999969482422,157.89999389648438,46.29999923706055,152.3000030517578,32.182090759277344,1.3749889135360718,1.7832133769989014,0.9066124558448792,0.745647668838501,0.7962420582771301,24.265243530273438
162.1999969482422,176.0,177.39999389648438,162.6999969482422,169.8000030517578,177.39999389648438,168.5,4.900000095367432,171.5,171.60000610351562,5.300000190734863,178.6999969482422,158.60000610351562,41.900001525878906,156.89999389648438,34.56102752685547,1.379066824913025,1.7978960275650024,0.9159398078918457,0.7512654066085815,0.8036012649536133,23.463022232055664
162.10000610351562,176.1999969482422,178.5,162.1999969482422,170.6999969482422,176.39999389648438,169.1999969482422,4.599999904632568,171.39999389648438,173.10000610351562,6.5,179.1999969482422,158.5,40.599998474121094,157.0,34.6303596496582,1.381747841835022,1.793729543685913,0.9013004302978516,0.7446339130401611,0.7933602333068848,24.050579071044922
162.6999969482422,176.1999969482422,177.39999389648438,162.3000030517578,171.10000610351562,176.5,168.39999389648438,5.400000095367432,170.5,170.89999389648438,5.099999904632568,178.10000610351562,159.3000030517578,40.599998474121094,157.39999389648438,34.19779968261719,1.3790507316589355,1.7902051210403442,0.8972170352935791,0.7363846302032471,0.7880920767784119,23.850910186767578
161.1999969482422,176.89999389648438,179.0,162.6999969482422,170.39999389648438,176.3000030517578,172.6999969482422,2.0999999046325684,172.6999969482422,178.60000610351562,17.799999237060547,176.60000610351562,153.5,50.400001525878906,151.1999969482422,31.971683502197266,1.3743125200271606,1.7947072982788086,0.8902533650398254,0.7226894497871399,0.7572749853134155,22.94199562072754
161.39999389648438,176.60000610351562,177.10000610351562,162.1999969482422,170.0,177.89999389648438,176.3000030517578,8.399999618530273,176.3000030517578,171.3000030517578,27.399999618530273,173.0,151.60000610351562,56.29999923706055,145.1999969482422,32.194637298583984,1.3697881698608398,1.8084980249404907,0.8926441073417664,0.7301338911056519,0.7602253556251526,22.196008682250977
161.3000030517578,177.0,177.60000610351562,164.0,169.8000030517578,178.60000610351562,177.60000610351562,8.600000381469727,175.6999969482422,168.1999969482422,28.200000762939453,174.89999389648438,150.10000610351562,54.79999923706055,148.6999969482422,30.711732864379883,1.364211082458496,1.8014637231826782,0.8797129392623901,0.7145788669586182,0.7565709352493286,22.747148513793945
160.89999389648438,176.5,177.10000610351562,162.5,170.10000610351562,179.1999969482422,175.60000610351562,6.5,174.5,173.0,24.600000381469727,173.60000610351562,151.5,54.099998474121094,148.5,31.613481521606445,1.3780437707901,1.8114204406738281,0.8786594271659851,0.7157221436500549,0.7524427771568298,22.794206619262695
161.39999389648438,177.3000030517578,178.8000030517578,163.5,171.10000610351562,176.0,175.1999969482422,5.800000190734863,176.3000030517578,172.8000030517578,24.200000762939453,173.1999969482422,152.5,49.599998474121094,152.3000030517578,31.023778915405273,1.3780155181884766,1.807713270187378,0.8599455952644348,0.7026388049125671,0.7464118599891663,23.1163330078125
161.0,177.39999389648438,178.3000030517578,163.60000610351562,170.39999389648438,177.6999969482422,175.5,6.099999904632568,176.60000610351562,172.60000610351562,24.200000762939453,173.3000030517578,151.3000030517578,51.599998474121094,150.39999389648438,30.797597885131836,1.3829888105392456,1.8137164115905762,0.8729225397109985,0.7124208807945251,0.7513593435287476,22.47745132446289
161.1999969482422,177.10000610351562,176.60000610351562,164.10000610351562,168.89999389648438,179.89999389648438,176.5,6.400000095367432,176.10000610351562,172.0,24.399999618530273,174.89999389648438,151.1999969482422,53.400001525878906,149.6999969482422,30.369462966918945,1.3764694929122925,1.8221272230148315,0.9024873375892639,0.7386770248413086,0.7806708216667175,22.512819290161133
160.8000030517578,177.60000610351562,178.60000610351562,164.1999969482422,170.0,178.1999969482422,175.3000030517578,4.800000190734863,175.5,172.0,23.600000381469727,174.60000610351562,150.89999389648438,51.20000076293945,150.39999389648438,29.609542846679688,1.3795949220657349,1.8065894842147827,0.8683809041976929,0.7074736952781677,0.7519935369491577,22.913951873779297
160.60000610351562,177.3000030517578,176.8000030517578,163.3000030517578,169.10000610351562,179.1999969482422,174.0,3.4000000953674316,176.0,175.6999969482422,20.299999237060547,174.39999389648438,151.6999969482422,50.79999923706055,149.89999389648438,31.134401321411133,1.3856148719787598,1.8133207559585571,0.8755708932876587,0.7161276936531067,0.7579114437103271,23.108627319335938
161.0,177.8000030517578,176.6999969482422,163.3000030517578,170.60000610351562,177.6999969482422,174.1999969482422,3.299999952316284,176.10000610351562,174.8000030517578,21.200000762939453,174.3000030517578,151.8000030517578,50.70000076293945,149.6999969482422,31.361841201782227,1.3886964321136475,1.8168084621429443,0.8784350156784058,0.7212635278701782,0.7644158005714417,23.552583694458008
160.89999389648438,176.8000030517578,177.1999969482422,163.3000030517578,170.10000610351562,176.89999389648438,175.0,5.300000190734863,176.8000030517578,173.60000610351562,22.700000762939453,173.60000610351562,150.60000610351562,52.0,148.8000030517578,30.89077377319336,1.384464979171753,1.8114734888076782,0.8739798069000244,0.7061411142349243,0.7532782554626465,23.23263168334961
160.6999969482422,177.5,178.0,163.8000030517578,169.10000610351562,178.6999969482422,174.10000610351562,3.9000000953674316,176.10000610351562,175.10000610351562,20.700000762939453,174.1999969482422,152.0,49.79999923706055,150.60000610351562,30.426025390625,1.386396884918213,1.8176026344299316,0.8827868103981018,0.7223401069641113,0.7619490027427673,23.15644645690918
160.89999389648438,177.60000610351562,177.89999389648438,163.60000610351562,170.0,178.0,174.39999389648438,3.4000000953674316,175.8000030517578,176.39999389648438,19.299999237060547,173.6999969482422,152.10000610351562,48.29999923706055,152.89999389648438,30.611663818359375,1.3797783851623535,1.806898832321167,0.8618007302284241,0.7009249925613403,0.7481513023376465,22.905887603759766
161.0,177.0,179.0,163.6999969482422,169.10000610351562,178.5,174.6999969482422,3.0,175.8000030517578,177.6999969482422,17.799999237060547,173.1999969482422,151.60000610351562,47.20000076293945,154.60000610351562,30.48002052307129,1.379181146621704,1.8025256395339966,0.8452452421188354,0.6875025033950806,0.7425651550292969,24.170394897460938
161.10000610351562,177.1999969482422,179.3000030517578,162.89999389648438,169.39999389648438,178.8000030517578,174.3000030517578,2.9000000953674316,174.3000030517578,176.60000610351562,19.0,174.1999969482422,152.5,48.70000076293945,151.6999969482422,31.61757469177246,1.3848036527633667,1.8119375705718994,0.8531175851821899,0.6964626908302307,0.750264048576355,23.876338958740234
161.10000610351562,176.60000610351562,179.89999389648438,163.10000610351562,169.1999969482422,179.3000030517578,173.0,0.0,173.5,178.5,13.199999809265137,175.3000030517578,156.1999969482422,44.5,154.0,33.669090270996094,1.396130084991455,1.8375712633132935,0.8875483274459839,0.7444986701011658,0.7942466139793396,23.0623722076416
163.3000030517578,175.39999389648438,177.89999389648438,161.60000610351562,171.8000030517578,177.60000610351562,171.89999389648438,0.4000000059604645,173.0,176.10000610351562,11.0,175.8000030517578,158.60000610351562,42.20000076293945,153.6999969482422,37.03605270385742,1.394840121269226,1.8294011354446411,0.9176737070083618,0.7695216536521912,0.8241815567016602,24.63329315185547
163.60000610351562,174.6999969482422,177.10000610351562,163.10000610351562,170.60000610351562,175.6999969482422,170.3000030517578,1.2999999523162842,174.89999389648438,176.10000610351562,10.199999809265137,176.10000610351562,159.39999389648438,41.400001525878906,153.1999969482422,36.060585021972656,1.3973356485366821,1.8283823728561401,0.9137020111083984,0.7722230553627014,0.8219894170761108,24.02838897705078
163.10000610351562,173.3000030517578,175.6999969482422,162.5,169.0,177.5,165.60000610351562,8.199999809265137,169.1999969482422,165.8000030517578,1.899999976158142,179.5,165.8000030517578,30.799999237060547,160.5,37.462398529052734,1.3979542255401611,1.8455016613006592,0.9455190896987915,0.8123366236686707,0.8564699292182922,24.04917335510254
163.10000610351562,174.60000610351562,174.6999969482422,161.10000610351562,171.5,175.60000610351562,165.10000610351562,8.800000190734863,171.1999969482422,160.89999389648438,7.300000190734863,179.6999969482422,164.6999969482422,28.0,161.6999969482422,39.481422424316406,1.3918471336364746,1.8485889434814453,0.9633228182792664,0.8270797729492188,0.8746367692947388,22.95072364807129
164.5,171.3000030517578,172.1999969482422,161.8000030517578,170.1999969482422,174.8000030517578,163.10000610351562,11.100000381469727,171.10000610351562,153.10000610351562,13.899999618530273,178.10000610351562,168.1999969482422,22.899999618530273,165.0,41.164512634277344,1.3944804668426514,1.833591103553772,0.9760019779205322,0.845615804195404,0.875531792640686,21.59087562561035
162.0,174.8000030517578,175.3000030517578,163.5,169.89999389648438,175.8000030517578,163.1999969482422,10.100000381469727,173.6999969482422,160.5,7.0,176.89999389648438,167.89999389648438,26.0,163.5,36.68828201293945,1.4041938781738281,1.8245128393173218,0.987105131149292,0.841243326663971,0.8787623047828674,22.725570678710938
162.6999969482422,174.10000610351562,175.39999389648438,164.39999389648438,169.3000030517578,174.6999969482422,163.10000610351562,11.100000381469727,171.6999969482422,160.6999969482422,6.599999904632568,176.1999969482422,167.39999389648438,26.399999618530273,164.1999969482422,35.506935119628906,1.404858946800232,1.8210093975067139,0.9666655659675598,0.832831084728241,0.8644417524337769,22.916358947753906
163.1999969482422,174.0,177.60000610351562,163.89999389648438,169.60000610351562,176.0,168.1999969482422,6.0,170.60000610351562,169.0,2.299999952316284,177.5,161.5,33.29999923706055,161.89999389648438,35.961456298828125,1.4150739908218384,1.826505184173584,0.9143700003623962,0.7577653527259827,0.8177455067634583,23.903108596801758
162.3000030517578,175.1999969482422,177.0,162.6999969482422,169.0,175.8000030517578,171.3000030517578,1.5,173.5,178.10000610351562,12.100000381469727,176.6999969482422,155.6999969482422,46.29999923706055,151.39999389648438,31.86271858215332,1.364908218383789,1.757513403892517,0.8723581433296204,0.7200784683227539,0.7690625190734863,23.57548713684082
161.8000030517578,174.10000610351562,174.8000030517578,161.1999969482422,169.39999389648438,176.10000610351562,171.89999389648438,1.399999976158142,174.39999389648438,176.5,19.399999618530273,175.39999389648438,154.60000610351562,51.599998474121094,148.60000610351562,32.00994110107422,1.3675364255905151,1.7148592472076416,0.8547421097755432,0.6926521062850952,0.7249950170516968,22.20646095275879
163.39999389648438,171.89999389648438,174.0,160.8000030517578,171.0,175.60000610351562,176.60000610351562,7.599999904632568,177.89999389648438,172.5,24.700000762939453,171.6999969482422,153.89999389648438,50.0,149.10000610351562,33.478397369384766,1.352927327156067,1.6967036724090576,0.8320439457893372,0.6649882793426514,0.7015851736068726,23.035560607910156
163.1999969482422,172.0,173.0,160.0,173.0,174.89999389648438,178.0,8.399999618530273,177.0,171.1999969482422,26.5,168.8000030517578,152.89999389648438,51.0,146.89999389648438,33.901824951171875,1.3504581451416016,1.67991042137146,0.8144501447677612,0.6450539827346802,0.6982860565185547,23.303041458129883
164.0,171.8000030517578,173.0,160.5,172.3000030517578,175.0,179.89999389648438,10.699999809265137,177.89999389648438,168.6999969482422,28.799999237060547,169.39999389648438,150.39999389648438,53.29999923706055,147.60000610351562,33.91179275512695,1.354852318763733,1.6836727857589722,0.8099473118782043,0.6327359676361084,0.6835901737213135,23.52735137939453
163.5,172.39999389648438,174.3000030517578,161.3000030517578,174.10000610351562,173.5,177.89999389648438,12.5,179.1999969482422,165.39999389648438,30.799999237060547,169.3000030517578,149.6999969482422,48.20000076293945,151.39999389648438,33.196754455566406,1.3639243841171265,1.7214303016662598,0.8072115778923035,0.6281881928443909,0.7021714448928833,23.821701049804688
163.10000610351562,173.39999389648438,173.60000610351562,161.5,173.39999389648438,176.39999389648438,177.6999969482422,12.300000190734863,178.60000610351562,166.10000610351562,30.100000381469727,168.39999389648438,150.39999389648438,49.29999923706055,149.6999969482422,32.50270462036133,1.365612268447876,1.7246557474136353,0.8085407614707947,0.6291972398757935,0.7085152268409729,23.811283111572266
163.3000030517578,172.89999389648438,172.6999969482422,160.8000030517578,173.89999389648438,174.1999969482422,179.8000030517578,10.100000381469727,179.39999389648438,169.60000610351562,26.5,169.60000610351562,151.0,48.0,150.60000610351562,33.1550407409668,1.3572770357131958,1.7019493579864502,0.7897443175315857,0.6176508069038391,0.6869432926177979,23.145797729492188
163.8000030517578,171.8000030517578,173.6999969482422,160.60000610351562,173.89999389648438,175.0,178.60000610351562,10.600000381469727,178.5,167.1999969482422,29.0,168.8000030517578,152.10000610351562,48.20000076293945,148.0,33.1346549987793,1.3575525283813477,1.6940176486968994,0.7973201274871826,0.6258419752120972,0.6960673928260803,23.61966896057129
162.60000610351562,173.1999969482422,172.3000030517578,159.6999969482422,174.5,175.60000610351562,178.1999969482422,11.600000381469727,179.39999389648438,164.89999389648438,29.799999237060547,171.60000610351562,151.8000030517578,47.70000076293945,149.8000030517578,33.423919677734375,1.37151300907135,1.7189730405807495,0.7846635580062866,0.6121859550476074,0.693051278591156,23.187658309936523
162.10000610351562,173.3000030517578,173.6999969482422,160.60000610351562,174.1999969482422,175.3000030517578,179.10000610351562,9.300000190734863,179.89999389648438,168.5,25.799999237060547,171.3000030517578,151.5,47.20000076293945,151.89999389648438,32.248748779296875,1.372446894645691,1.7128463983535767,0.7820755243301392,0.6131631731987,0.697529137134552,23.223388671875
163.39999389648438,172.8000030517578,172.89999389648438,161.10000610351562,173.8000030517578,175.60000610351562,178.1999969482422,9.600000381469727,179.39999389648438,167.5,26.700000762939453,170.3000030517578,150.89999389648438,46.5,151.89999389648438,32.65229034423828,1.3724530935287476,1.7157211303710938,0.7802713513374329,0.6125723719596863,0.6870743632316589,22.591201782226562
162.5,173.5,172.6999969482422,161.0,174.3000030517578,176.1999969482422,177.0,12.300000190734863,179.60000610351562,165.1999969482422,29.899999618530273,169.39999389648438,149.8000030517578,47.29999923706055,152.1999969482422,32.22012710571289,1.376388430595398,1.7228792905807495,0.7803164720535278,0.6083396673202515,0.6818593144416809,22.690263748168945
163.10000610351562,173.10000610351562,173.1999969482422,160.6999969482422,175.10000610351562,174.10000610351562,176.6999969482422,11.899999618530273,179.89999389648438,164.1999969482422,30.0,170.60000610351562,149.0,48.900001525878906,151.60000610351562,32.881473541259766,1.3730088472366333,1.709631323814392,0.7626570463180542,0.5965883731842041,0.6724794507026672,22.780141830444336
162.5,173.6999969482422,172.89999389648438,161.0,173.60000610351562,177.39999389648438,175.8000030517578,13.899999618530273,178.5,163.10000610351562,32.599998474121094,168.0,148.5,50.400001525878906,149.1999969482422,32.41105270385742,1.376489520072937,1.7240487337112427,0.780568540096283,0.6050436496734619,0.6800881624221802,22.11330223083496
163.39999389648438,173.1999969482422,172.89999389648438,161.10000610351562,173.6999969482422,176.89999389648438,177.3000030517578,11.899999618530273,179.60000610351562,165.8000030517578,29.600000381469727,170.39999389648438,148.8000030517578,48.400001525878906,153.3000030517578,33.05259323120117,1.378934621810913,1.7252827882766724,0.7838314175605774,0.6098296046257019,0.6774787306785583,22.152679443359375
161.8000030517578,175.39999389648438,176.5,161.89999389648438,171.60000610351562,174.39999389648438,176.6999969482422,6.0,178.1999969482422,175.5,19.299999237060547,171.8000030517578,151.0,43.599998474121094,155.5,31.719942092895508,1.3979030847549438,1.7675578594207764,0.7838181257247925,0.6241204738616943,0.6914538741111755,23.875415802001953
161.10000610351562,177.10000610351562,180.0,162.10000610351562,171.3000030517578,174.3000030517578,171.0,2.299999952316284,173.0,176.5,8.600000381469727,179.10000610351562,156.0,40.70000076293945,159.1999969482422,31.377161026000977,1.4062260389328003,1.8021289110183716,0.8043648600578308,0.6670795679092407,0.7496376037597656,25.145978927612305
161.6999969482422,177.6999969482422,175.39999389648438,163.1999969482422,170.3000030517578,175.1999969482422,169.8000030517578,4.5,171.10000610351562,170.8000030517578,2.200000047683716,179.89999389648438,162.0,31.799999237060547,162.3000030517578,32.54740524291992,1.4082130193710327,1.841034173965454,0.8566165566444397,0.716688334941864,0.7992899417877197,25.007062911987305
162.0,176.8000030517578,173.60000610351562,162.0,170.5,176.10000610351562,167.6999969482422,6.699999809265137,168.39999389648438,162.1999969482422,6.800000190734863,177.39999389648438,164.6999969482422,26.5,165.60000610351562,36.87371826171875,1.4046616554260254,1.8568099737167358,0.9126939177513123,0.759832501411438,0.8271099925041199,25.22325897216797
162.8000030517578,176.60000610351562,171.5,163.0,170.60000610351562,173.60000610351562,167.39999389648438,5.599999904632568,170.89999389648438,166.39999389648438,1.2000000476837158,178.89999389648438,163.89999389648438,31.799999237060547,161.10000610351562,36.67750930786133,1.3814589977264404,1.837556004524231,0.9216557741165161,0.784578263759613,0.8509604930877686,26.845561981201172
164.10000610351562,176.89999389648438,173.3000030517578,162.89999389648438,168.6999969482422,176.10000610351562,166.6999969482422,6.599999904632568,169.10000610351562,162.39999389648438,5.0,178.6999969482422,164.60000610351562,32.400001525878906,160.39999389648438,37.228397369384766,1.3723255395889282,1.8262367248535156,0.9502870440483093,0.8135151863098145,0.8641524314880371,26.36044692993164
163.8000030517578,176.5,176.0,161.39999389648438,171.39999389648438,175.39999389648438,169.3000030517578,3.9000000953674316,170.39999389648438,167.5,0.20000000298023224,178.1999969482422,163.0,31.600000381469727,161.60000610351562,38.84550476074219,1.3863588571548462,1.8436225652694702,0.9466795325279236,0.7993418574333191,0.849312424659729,25.198013305664062
164.10000610351562,176.5,175.0,162.89999389648438,170.8000030517578,174.3000030517578,170.10000610351562,3.0,171.39999389648438,169.0,1.5,179.8000030517578,163.5,31.5,160.8000030517578,36.99707794189453,1.37705659866333,1.8296414613723755,0.9346511363983154,0.7903733849525452,0.8472341895103455,25.937421798706055
164.10000610351562,177.0,176.60000610351562,161.3000030517578,172.60000610351562,173.89999389648438,171.89999389648438,1.7000000476837158,172.8000030517578,175.6999969482422,6.800000190734863,179.8000030517578,161.8000030517578,32.900001525878906,160.89999389648438,38.79277420043945,1.3923701047897339,1.84480619430542,0.8983654975891113,0.7590437531471252,0.8194434642791748,25.869281768798828
162.6999969482422,178.39999389648438,178.89999389648438,161.6999969482422,172.8000030517578,176.60000610351562,176.60000610351562,5.599999904632568,174.10000610351562,166.5,27.0,176.5,153.0,45.70000076293945,152.3000030517578,35.60378646850586,1.409259557723999,1.8655840158462524,0.8687315583229065,0.7252212762832642,0.7857021689414978,24.038543701171875
160.89999389648438,179.3000030517578,176.5,160.60000610351562,173.8000030517578,178.39999389648438,177.89999389648438,12.699999809265137,175.8000030517578,155.10000610351562,40.5,172.3000030517578,148.60000610351562,51.400001525878906,146.89999389648438,34.661903381347656,1.4029123783111572,1.8612537384033203,0.8560280203819275,0.7067465782165527,0.7647920846939087,23.088848114013672
162.0,177.8000030517578,178.89999389648438,161.6999969482422,172.89999389648438,175.10000610351562,179.39999389648438,10.0,177.6999969482422,163.1999969482422,31.0,172.39999389648438,149.89999389648438,47.70000076293945,150.39999389648438,33.58978271484375,1.393868088722229,1.8264822959899902,0.8071621060371399,0.6548423767089844,0.7263907790184021,23.829788208007812
162.6999969482422,176.60000610351562,179.0,162.89999389648438,172.6999969482422,175.89999389648438,174.89999389648438,17.0,177.5,155.10000610351562,41.900001525878906,165.60000610351562,145.89999389648438,53.70000076293945,147.1999969482422,32.65997314453125,1.3948801755905151,1.8166768550872803,0.8169524669647217,0.6528247594833374,0.7190942764282227,24.428007125854492
162.89999389648438,176.3000030517578,178.0,161.60000610351562,173.39999389648438,177.10000610351562,172.89999389648438,21.299999237060547,177.8000030517578,151.3000030517578,46.900001525878906,165.89999389648438,146.10000610351562,56.0,146.3000030517578,34.31119918823242,1.3951506614685059,1.833816647529602,0.8425335884094238,0.6684000492095947,0.7231827974319458,23.476669311523438
163.10000610351562,174.89999389648438,177.6999969482422,162.10000610351562,172.6999969482422,176.0,170.3000030517578,25.399999618530273,174.5,148.0,50.400001525878906,163.39999389648438,142.60000610351562,57.79999923706055,143.3000030517578,33.90688705444336,1.399101734161377,1.8194524049758911,0.8227550983428955,0.6487319469451904,0.7032067775726318,24.021099090576172
163.0,175.1999969482422,177.8000030517578,162.5,174.1999969482422,175.0,170.5,24.700000762939453,173.1999969482422,149.6999969482422,48.70000076293945,163.39999389648438,142.3000030517578,57.20000076293945,144.39999389648438,33.272300720214844,1.3926823139190674,1.8187693357467651,0.8181357979774475,0.6457576155662537,0.6956380009651184,23.68864631652832
162.3000030517578,175.6999969482422,177.5,162.6999969482422,171.3000030517578,179.89999389648438,171.89999389648438,21.799999237060547,176.1999969482422,150.6999969482422,46.79999923706055,165.10000610351562,145.0,55.599998474121094,145.60000610351562,32.60593032836914,1.388999342918396,1.8212027549743652,0.8180058598518372,0.648746132850647,0.708190381526947,23.773700714111328
163.3000030517578,174.89999389648438,176.5,161.1999969482422,173.1999969482422,177.10000610351562,172.5,20.299999237060547,176.3000030517578,151.1999969482422,45.900001525878906,166.1999969482422,144.5,59.099998474121094,142.89999389648438,33.95450210571289,1.3918558359146118,1.7929084300994873,0.8073111772537231,0.6326117515563965,0.7013489007949829,24.776376724243164
163.6999969482422,173.60000610351562,175.5,160.60000610351562,175.0,176.0,171.8000030517578,22.399999618530273,175.60000610351562,150.89999389648438,46.400001525878906,166.60000610351562,144.89999389648438,60.599998474121094,141.1999969482422,34.62688064575195,1.3782879114151,1.7798187732696533,0.8091102838516235,0.6328907012939453,0.6939387917518616,24.590652465820312
163.1999969482422,173.3000030517578,177.10000610351562,160.39999389648438,169.3000030517578,179.5,174.1999969482422,17.899999618530273,179.3000030517578,153.3000030517578,43.29999923706055,168.3000030517578,144.5,56.900001525878906,146.60000610351562,34.64174270629883,1.368314266204834,1.743240237236023,0.8112615346908569,0.6280285716056824,0.6971718072891235,24.371076583862305
161.39999389648438,173.89999389648438,173.3000030517578,158.39999389648438,174.5,171.8000030517578,179.3000030517578,11.100000381469727,176.8000030517578,161.39999389648438,33.70000076293945,169.6999969482422,155.0,70.0999984741211,129.5,35.53420639038086,1.357574462890625,1.5836156606674194,0.8125461935997009,0.6639667749404907,0.7380959987640381,25.671785354614258
161.1999969482422,171.5,174.0,155.39999389648438,176.10000610351562,170.5,179.8000030517578,7.699999809265137,174.1999969482422,166.1999969482422,29.5,169.60000610351562,156.39999389648438,79.80000305175781,121.0999984741211,36.63993453979492,1.3287514448165894,1.5302894115447998,0.8275337815284729,0.6911159157752991,0.7508267164230347,24.263084411621094
161.60000610351562,171.60000610351562,173.10000610351562,155.3000030517578,176.89999389648438,170.10000610351562,179.89999389648438,5.800000190734863,172.60000610351562,167.3000030517578,29.100000381469727,170.60000610351562,156.6999969482422,79.0,123.30000305175781,37.08795928955078,1.316807508468628,1.5226305723190308,0.8400055170059204,0.7041614055633545,0.7546658515930176,22.942922592163086
161.8000030517578,171.6999969482422,172.8000030517578,155.10000610351562,176.6999969482422,170.39999389648438,179.89999389648438,5.699999809265137,171.60000610351562,168.6999969482422,27.5,172.89999389648438,157.10000610351562,80.0,123.4000015258789,36.96143341064453,1.301507592201233,1.5066709518432617,0.8351065516471863,0.7089887261390686,0.759725034236908,24.009000778198242
162.1999969482422,170.10000610351562,172.5,155.10000610351562,176.3000030517578,170.0,177.60000610351562,4.5,170.10000610351562,170.60000610351562,28.100000381469727,172.6999969482422,158.1999969482422,84.80000305175781,119.4000015258789,37.76369094848633,1.292077898979187,1.509412407875061,0.8445580005645752,0.7153856754302979,0.7704885005950928,24.684926986694336
161.89999389648438,169.1999969482422,173.6999969482422,154.0,176.0,172.0,177.6999969482422,5.199999809265137,172.0,171.60000610351562,29.600000381469727,169.1999969482422,158.6999969482422,88.4000015258789,115.4000015258789,38.55760192871094,1.2831956148147583,1.5074135065078735,0.8553630113601685,0.7238128781318665,0.7808423638343811,23.73532485961914
162.10000610351562,169.6999969482422,173.10000610351562,153.8000030517578,177.3000030517578,171.5,178.8000030517578,4.400000095367432,170.89999389648438,170.1999969482422,29.600000381469727,169.6999969482422,159.10000610351562,87.19999694824219,115.19999694824219,38.802616119384766,1.2801343202590942,1.4895744323730469,0.8404055237770081,0.7180411219596863,0.774567186832428,23.03012466430664
161.60000610351562,169.6999969482422,173.39999389648438,153.3000030517578,176.6999969482422,172.1999969482422,179.1999969482422,4.400000095367432,170.10000610351562,170.60000610351562,28.799999237060547,168.6999969482422,158.3000030517578,86.5,115.80000305175781,39.14320373535156,1.2774032354354858,1.4795198440551758,0.8451210260391235,0.7123783826828003,0.771389901638031,24.05137825012207
161.3000030517578,169.5,171.5,153.3000030517578,177.39999389648438,171.6999969482422,178.3000030517578,2.5,168.39999389648438,170.39999389648438,27.899999618530273,170.39999389648438,158.8000030517578,95.5999984741211,108.19999694824219,38.87469482421875,1.27386474609375,1.4711391925811768,0.8575283885002136,0.7229974865913391,0.7885178923606873,23.341045379638672
161.10000610351562,168.3000030517578,174.3000030517578,153.6999969482422,176.10000610351562,172.1999969482422,179.10000610351562,3.5,165.39999389648438,171.10000610351562,30.600000381469727,168.10000610351562,159.0,104.19999694824219,105.5,39.18634033203125,1.2604751586914062,1.465246319770813,0.8713502883911133,0.7236082553863525,0.8154261708259583,26.924171447753906
161.0,166.39999389648438,175.39999389648438,153.8000030517578,174.89999389648438,172.60000610351562,179.5,4.300000190734863,169.1999969482422,173.5,30.100000381469727,164.39999389648438,158.6999969482422,99.0999984741211,109.9000015258789,39.95170974731445,1.2370892763137817,1.4193885326385498,0.8643413186073303,0.7227112054824829,0.7977107167243958,28.257266998291016
162.10000610351562,166.0,172.39999389648438,152.5,175.89999389648438,170.10000610351562,178.3000030517578,7.099999904632568,170.0,173.10000610351562,34.900001525878906,162.8000030517578,159.89999389648438,102.5999984741211,106.30000305175781,42.178550720214844,1.241334319114685,1.4031574726104736,0.8631104826927185,0.7297535538673401,0.799830973148346,26.419586181640625
161.8000030517578,165.89999389648438,173.3000030517578,154.3000030517578,175.3000030517578,173.3000030517578,178.1999969482422,6.900000095367432,169.5,172.60000610351562,34.29999923706055,162.8000030517578,159.89999389648438,102.0999984741211,107.80000305175781,39.64165496826172,1.2440707683563232,1.436131477355957,0.876301646232605,0.739734947681427,0.8082900047302246,26.763559341430664
160.5,169.0,171.89999389648438,153.89999389648438,175.6999969482422,173.6999969482422,177.8000030517578,4.199999809265137,167.39999389648438,171.8000030517578,31.799999237060547,167.3000030517578,159.60000610351562,103.0999984741211,104.5,37.85927963256836,1.2670645713806152,1.478982925415039,0.8812558054924011,0.737791895866394,0.8088005185127258,24.801156997680664
162.1999969482422,167.3000030517578,174.89999389648438,154.0,176.0,172.5,177.5,4.400000095367432,171.0,173.1999969482422,30.399999618530273,166.89999389648438,159.1999969482422,94.19999694824219,112.0999984741211,38.05552673339844,1.2673693895339966,1.4947293996810913,0.8582075238227844,0.7302563190460205,0.7893304228782654,24.596792221069336
162.3000030517578,168.10000610351562,173.89999389648438,155.0,176.3000030517578,171.3000030517578,179.3000030517578,7.400000095367432,172.6999969482422,170.5,30.700000762939453,168.89999389648438,157.1999969482422,82.5999984741211,120.9000015258789,37.78156280517578,1.2817318439483643,1.5076682567596436,0.8451327085494995,0.7178685069084167,0.7662320137023926,24.283954620361328
163.0,168.60000610351562,173.10000610351562,155.89999389648438,176.5,170.89999389648438,178.1999969482422,8.899999618530273,174.5,166.60000610351562,30.100000381469727,169.1999969482422,157.39999389648438,80.5999984741211,122.30000305175781,37.3498420715332,1.308783769607544,1.5326555967330933,0.8250435590744019,0.6898185014724731,0.7480104565620422,24.662315368652344
162.39999389648438,171.60000610351562,168.39999389648438,155.8000030517578,177.3000030517578,171.39999389648438,177.10000610351562,13.5,178.10000610351562,159.8000030517578,35.0,171.1999969482422,156.5,78.0999984741211,121.5999984741211,37.42573165893555,1.3446345329284668,1.5764894485473633,0.8140363693237305,0.678946316242218,0.7496969699859619,25.479578018188477
162.8000030517578,171.60000610351562,172.1999969482422,158.5,175.10000610351562,171.8000030517578,177.3000030517578,15.600000381469727,179.89999389648438,158.8000030517578,37.79999923706055,167.5,153.0,69.9000015258789,127.4000015258789,35.758155822753906,1.3649940490722656,1.6098774671554565,0.8081445097923279,0.6623971462249756,0.7299519181251526,24.791305541992188
164.0,171.0,173.5,159.5,174.60000610351562,172.3000030517578,179.39999389648438,13.300000190734863,178.39999389648438,163.39999389648438,34.400001525878906,165.6999969482422,152.1999969482422,61.29999923706055,136.3000030517578,35.024837493896484,1.3404021263122559,1.6117972135543823,0.8077266812324524,0.6538939476013184,0.7125615477561951,24.02280616760254
164.60000610351562,169.60000610351562,175.1999969482422,159.5,174.3000030517578,174.60000610351562,179.39999389648438,13.0,178.1999969482422,165.1999969482422,32.900001525878906,166.3000030517578,150.1999969482422,57.400001525878906,144.89999389648438,35.09347915649414,1.3356305360794067,1.6465435028076172,0.8049611449241638,0.643237829208374,0.7013973593711853,23.931962966918945
163.3000030517578,171.0,174.3000030517578,159.8000030517578,174.89999389648438,174.8000030517578,179.3000030517578,11.100000381469727,179.6999969482422,167.3000030517578,30.200000762939453,167.1999969482422,151.1999969482422,50.29999923706055,149.39999389648438,33.8945426940918,1.348328709602356,1.669030785560608,0.784330427646637,0.6170730590820312,0.6821187138557434,23.730470657348633
164.5,173.0,171.89999389648438,161.39999389648438,176.3000030517578,172.39999389648438,176.6999969482422,16.100000381469727,177.1999969482422,160.6999969482422,36.20000076293945,168.0,148.6999969482422,52.20000076293945,149.6999969482422,33.4630126953125,1.3808125257492065,1.7329976558685303,0.7857136130332947,0.6083211898803711,0.67317134141922,22.961519241333008
164.10000610351562,173.10000610351562,173.1999969482422,161.8000030517578,174.60000610351562,175.0,177.60000610351562,15.699999809265137,178.60000610351562,160.6999969482422,36.70000076293945,168.5,149.6999969482422,52.900001525878906,148.39999389648438,33.07956314086914,1.3983794450759888,1.7797549962997437,0.8031828999519348,0.6202298402786255,0.6823752522468567,22.416589736938477
164.10000610351562,174.5,172.89999389648438,163.0,175.3000030517578,173.5,176.8000030517578,15.100000381469727,177.60000610351562,161.5,35.29999923706055,167.60000610351562,149.39999389648438,49.900001525878906,148.6999969482422,32.299461364746094,1.4033501148223877,1.8007444143295288,0.8088886141777039,0.6338664889335632,0.6975061297416687,24.139923095703125
163.0,175.3000030517578,171.89999389648438,161.3000030517578,176.3000030517578,174.6999969482422,176.1999969482422,16.5,180.0,154.39999389648438,42.400001525878906,169.1999969482422,146.60000610351562,54.0,147.89999389648438,33.75263977050781,1.4277474880218506,1.8522878885269165,0.83123779296875,0.664351224899292,0.7273094058036804,23.91813850402832
162.1999969482422,175.8000030517578,173.0,161.5,177.3000030517578,172.89999389648438,175.1999969482422,16.899999618530273,179.0,137.5,57.70000076293945,168.6999969482422,142.8000030517578,54.099998474121094,145.5,34.560882568359375,1.4178494215011597,1.8650422096252441,0.8702983260154724,0.6859371662139893,0.7563006281852722,23.276710510253906
163.5,176.39999389648438,173.10000610351562,159.3000030517578,178.10000610351562,177.1999969482422,176.1999969482422,16.5,179.0,119.0999984741211,76.9000015258789,167.39999389648438,142.5,54.599998474121094,145.89999389648438,37.16032409667969,1.3911151885986328,1.8504908084869385,0.8760220408439636,0.7007398009300232,0.7842724919319153,22.628814697265625
162.6999969482422,178.60000610351562,171.39999389648438,159.6999969482422,178.8000030517578,176.3000030517578,178.0,15.300000190734863,176.8000030517578,108.4000015258789,87.4000015258789,165.8000030517578,142.3000030517578,53.400001525878906,148.3000030517578,37.56502151489258,1.37946355342865,1.8571659326553345,0.8955510854721069,0.7240319848060608,0.8047633171081543,23.348623275756836
161.1999969482422,179.89999389648438,170.89999389648438,160.3000030517578,178.10000610351562,178.0,174.39999389648438,18.899999618530273,176.6999969482422,95.5,100.30000305175781,163.8000030517578,136.1999969482422,58.099998474121094,147.6999969482422,36.60539627075195,1.3834502696990967,1.8626645803451538,0.9037312865257263,0.7281537055969238,0.8033372163772583,22.905757904052734
161.6999969482422,179.6999969482422,169.89999389648438,160.0,178.6999969482422,176.1999969482422,172.6999969482422,20.0,179.8000030517578,97.5,97.30000305175781,163.6999969482422,134.10000610351562,60.5,144.60000610351562,37.14688491821289,1.3810267448425293,1.8591631650924683,0.9028323888778687,0.7292971611022949,0.8005280494689941,22.054061889648438
161.6999969482422,179.5,170.60000610351562,160.6999969482422,176.8000030517578,177.6999969482422,174.3000030517578,19.200000762939453,178.0,84.80000305175781,111.5999984741211,163.39999389648438,136.10000610351562,60.400001525878906,146.1999969482422,36.67220687866211,1.3897534608840942,1.8600553274154663,0.8999177813529968,0.7382493615150452,0.8039958477020264,21.287227630615234
162.6999969482422,178.39999389648438,171.1999969482422,160.60000610351562,176.89999389648438,176.6999969482422,176.1999969482422,17.799999237060547,179.39999389648438,106.0,90.0999984741211,163.8000030517578,139.3000030517578,57.5,141.8000030517578,37.06328201293945,1.3879929780960083,1.8596289157867432,0.8997526168823242,0.7329187989234924,0.8063520193099976,23.245471954345703
163.5,176.10000610351562,172.5,162.5,175.89999389648438,172.0,178.0,13.899999618530273,177.3000030517578,148.8000030517578,48.0,168.0,147.6999969482422,52.599998474121094,145.1999969482422,34.605201721191406,1.4154469966888428,1.8559739589691162,0.8969900012016296,0.7197322249412537,0.7842745780944824,23.49300193786621
165.60000610351562,173.1999969482422,176.1999969482422,160.60000610351562,175.6999969482422,174.8000030517578,175.0,16.799999237060547,178.8000030517578,162.39999389648438,36.900001525878906,166.3000030517578,150.0,52.599998474121094,148.5,35.88367462158203,1.3856167793273926,1.7588900327682495,0.8171728253364563,0.6427510380744934,0.7213189601898193,24.995849609375
164.60000610351562,174.3000030517578,178.0,158.89999389648438,175.5,174.5,179.8000030517578,9.899999618530273,176.3000030517578,168.39999389648438,29.600000381469727,167.89999389648438,151.60000610351562,53.5,148.8000030517578,36.5317497253418,1.3570806980133057,1.6973845958709717,0.7900925278663635,0.6287667751312256,0.7122384905815125,26.063522338867188
165.39999389648438,172.3000030517578,178.89999389648438,158.8000030517578,175.60000610351562,174.3000030517578,179.5,11.399999618530273,178.1999969482422,165.1999969482422,32.400001525878906,170.10000610351562,147.89999389648438,56.5,146.5,37.46924591064453,1.3475806713104248,1.7339094877243042,0.8252676129341125,0.6509604454040527,0.7154060006141663,24.18495750427246
164.60000610351562,173.6999969482422,177.1999969482422,157.8000030517578,176.8000030517578,173.0,178.5,8.600000381469727,176.6999969482422,166.10000610351562,30.700000762939453,171.1999969482422,147.39999389648438,57.900001525878906,146.1999969482422,37.405372619628906,1.341361403465271,1.7044405937194824,0.797835111618042,0.6328215003013611,0.7086997628211975,26.02753257751465
163.39999389648438,175.1999969482422,177.3000030517578,157.60000610351562,176.39999389648438,173.60000610351562,176.10000610351562,5.199999809265137,173.89999389648438,169.5,26.899999618530273,172.0,150.39999389648438,55.900001525878906,147.0,36.59398651123047,1.3456445932388306,1.7060333490371704,0.8102154731750488,0.6506529450416565,0.7224612832069397,24.751230239868164
163.89999389648438,174.60000610351562,178.5,158.3000030517578,175.60000610351562,172.60000610351562,174.89999389648438,3.0999999046325684,172.10000610351562,171.8000030517578,24.5,172.8000030517578,152.0,57.400001525878906,146.1999969482422,35.94886016845703,1.3390374183654785,1.6761349439620972,0.7947238087654114,0.6373862028121948,0.7200803756713867,26.09382438659668
163.89999389648438,174.5,178.6999969482422,159.0,175.89999389648438,173.0,174.1999969482422,2.9000000953674316,171.5,171.3000030517578,25.200000762939453,173.8000030517578,151.0,60.0,146.1999969482422,35.62095260620117,1.338451623916626,1.683099627494812,0.7994685173034668,0.6466264724731445,0.7285412549972534,26.765153884887695
163.89999389648438,174.6999969482422,178.89999389648438,158.89999389648438,176.10000610351562,173.3000030517578,175.6999969482422,4.400000095367432,173.39999389648438,168.60000610351562,27.600000381469727,172.39999389648438,150.8000030517578,58.900001525878906,145.10000610351562,35.76760482788086,1.339818000793457,1.6859252452850342,0.7973596453666687,0.6421401500701904,0.7304133772850037,26.152576446533203
164.1999969482422,174.0,179.6999969482422,159.3000030517578,176.0,173.1999969482422,177.10000610351562,6.199999809265137,174.39999389648438,168.5,28.0,172.39999389648438,149.5,57.599998474121094,147.3000030517578,35.77265548706055,1.3467825651168823,1.6892162561416626,0.7954384088516235,0.6380642652511597,0.7199264764785767,26.00070571899414
164.5,173.89999389648438,179.0,159.10000610351562,175.60000610351562,174.10000610351562,174.5,4.0,174.5,169.1999969482422,27.399999618530273,172.60000610351562,150.60000610351562,57.20000076293945,149.5,36.11675262451172,1.348821759223938,1.693442940711975,0.8038314580917358,0.6498637795448303,0.7260614037513733,26.195301055908203
165.39999389648438,173.5,178.1999969482422,163.39999389648438,178.60000610351562,171.89999389648438,171.6999969482422,28.700000762939453,165.8000030517578,151.10000610351562,48.900001525878906,159.60000610351562,145.60000610351562,71.69999694824219,127.0999984741211,33.87053680419922,1.3855695724487305,1.7051057815551758,0.8278896808624268,0.6645981073379517,0.705858588218689,25.489652633666992
163.8000030517578,173.3000030517578,179.3000030517578,163.8000030517578,178.3000030517578,169.89999389648438,161.3000030517578,38.5,156.8000030517578,138.8000030517578,61.5,151.39999389648438,142.5,76.0999984741211,118.4000015258789,36.511505126953125,1.4487320184707642,1.6593931913375854,0.8331227898597717,0.6480429768562317,0.6921234726905823,22.318893432617188
164.6999969482422,173.0,179.5,163.8000030517578,178.10000610351562,168.89999389648438,161.6999969482422,39.099998474121094,156.89999389648438,138.3000030517578,60.599998474121094,153.6999969482422,143.1999969482422,76.19999694824219,115.4000015258789,36.41587829589844,1.4446316957473755,1.664864182472229,0.8229600191116333,0.6446638703346252,0.6884603500366211,22.94015121459961
164.89999389648438,172.6999969482422,178.5,162.10000610351562,179.60000610351562,169.5,168.60000610351562,29.200000762939453,162.5,148.89999389648438,49.900001525878906,156.0,145.5,77.0,115.4000015258789,34.782073974609375,1.4091715812683105,1.6658556461334229,0.8187010288238525,0.6556906700134277,0.7174770832061768,24.642589569091797
166.39999389648438,172.1999969482422,177.1999969482422,159.39999389648438,178.0,172.89999389648438,178.6999969482422,14.300000190734863,178.1999969482422,159.60000610351562,37.099998474121094,166.6999969482422,147.6999969482422,63.20000076293945,139.89999389648438,36.56193542480469,1.367674708366394,1.6487232446670532,0.7730295658111572,0.6225258708000183,0.6877727508544922,27.812454223632812
165.0,174.10000610351562,177.89999389648438,158.89999389648438,177.1999969482422,172.8000030517578,179.1999969482422,9.5,178.89999389648438,162.39999389648438,33.20000076293945,169.39999389648438,146.3000030517578,58.099998474121094,146.39999389648438,36.26671600341797,1.34847092628479,1.6479182243347168,0.7597540020942688,0.6082725524902344,0.6897369623184204,26.887447357177734
163.1999969482422,174.8000030517578,178.60000610351562,160.1999969482422,175.39999389648438,172.1999969482422,175.5,5.099999904632568,174.0,173.10000610351562,23.399999618530273,174.5,153.0,51.5,151.0,34.333343505859375,1.3512108325958252,1.6977390050888062,0.8084750175476074,0.6563464403152466,0.7230370044708252,24.059003829956055
164.3000030517578,175.10000610351562,179.1999969482422,161.0,175.0,171.1999969482422,175.0,4.800000190734863,176.60000610351562,175.3000030517578,21.799999237060547,171.5,153.1999969482422,48.599998474121094,155.10000610351562,34.483970642089844,1.3534026145935059,1.7136120796203613,0.8095369338989258,0.6538469195365906,0.7243703603744507,24.05622100830078
165.0,176.3000030517578,179.1999969482422,159.89999389648438,175.6999969482422,173.0,175.89999389648438,3.4000000953674316,174.5,171.6999969482422,22.600000381469727,174.39999389648438,152.0,48.79999923706055,152.0,36.16950988769531,1.3556324243545532,1.732992172241211,0.7807188630104065,0.6438583135604858,0.7135158777236938,26.595550537109375
165.1999969482422,177.39999389648438,177.0,161.10000610351562,173.8000030517578,174.39999389648438,175.0,3.4000000953674316,174.39999389648438,176.10000610351562,19.700000762939453,173.39999389648438,150.39999389648438,48.0,155.5,36.16301727294922,1.3743040561676025,1.7746220827102661,0.7890087366104126,0.6552032828330994,0.7214388251304626,26.07730484008789
165.89999389648438,177.3000030517578,177.5,161.3000030517578,173.8000030517578,174.60000610351562,176.10000610351562,4.400000095367432,175.10000610351562,175.1999969482422,20.200000762939453,173.5,149.8000030517578,47.099998474121094,155.89999389648438,36.695396423339844,1.376049518585205,1.7794957160949707,0.7911846041679382,0.6531312465667725,0.7233935594558716,25.961429595947266
165.6999969482422,176.8000030517578,177.5,160.5,174.8000030517578,174.6999969482422,176.89999389648438,4.900000095367432,176.60000610351562,173.60000610351562,21.5,172.8000030517578,150.1999969482422,46.20000076293945,155.6999969482422,36.9822998046875,1.3721293210983276,1.7722004652023315,0.7793769240379333,0.6415657997131348,0.7200889587402344,27.77863311767578
165.89999389648438,176.6999969482422,175.89999389648438,160.0,175.6999969482422,173.39999389648438,176.8000030517578,5.199999809265137,176.5,177.0,19.200000762939453,170.39999389648438,150.6999969482422,42.400001525878906,159.3000030517578,37.93782424926758,1.378798484802246,1.7725460529327393,0.7793203592300415,0.636555016040802,0.7093836069107056,26.322736740112305
166.0,176.39999389648438,176.5,160.10000610351562,174.6999969482422,174.39999389648438,175.60000610351562,3.5,175.8000030517578,175.60000610351562,19.700000762939453,172.60000610351562,149.8000030517578,45.400001525878906,158.6999969482422,37.96324157714844,1.37116277217865,1.7672111988067627,0.7819969058036804,0.6415975093841553,0.7092985510826111,27.080259323120117
165.89999389648438,176.60000610351562,176.60000610351562,160.60000610351562,173.6999969482422,175.6999969482422,176.6999969482422,5.099999904632568,176.3000030517578,173.5,22.0,172.5,150.3000030517578,46.900001525878906,156.89999389648438,37.13506317138672,1.3702678680419922,1.772917628288269,0.784345805644989,0.646441638469696,0.7229488492012024,27.924091339111328
166.60000610351562,175.0,174.89999389648438,161.1999969482422,175.10000610351562,175.1999969482422,178.89999389648438,12.100000381469727,178.8000030517578,164.39999389648438,32.20000076293945,168.3000030517578,147.39999389648438,50.20000076293945,154.6999969482422,36.67867660522461,1.3769999742507935,1.7544268369674683,0.7806056141853333,0.6181601285934448,0.6981563568115234,26.33417510986328
165.8000030517578,174.60000610351562,176.5,160.3000030517578,175.60000610351562,176.39999389648438,175.8000030517578,16.100000381469727,174.10000610351562,160.8000030517578,37.099998474121094,164.89999389648438,145.10000610351562,54.400001525878906,149.0,37.01169204711914,1.3786834478378296,1.7716257572174072,0.7782374620437622,0.627101719379425,0.7031177878379822,27.55417823791504
166.5,174.3000030517578,177.39999389648438,159.8000030517578,177.5,173.6999969482422,177.0,14.899999618530273,175.8000030517578,162.60000610351562,35.70000076293945,166.89999389648438,145.8000030517578,55.900001525878906,148.5,37.613197326660156,1.3750039339065552,1.7709351778030396,0.7884467244148254,0.6392097473144531,0.7046709656715393,27.362491607666016
167.0,174.1999969482422,177.5,159.39999389648438,178.1999969482422,174.60000610351562,176.89999389648438,16.100000381469727,175.6999969482422,160.3000030517578,37.599998474121094,166.39999389648438,145.3000030517578,55.20000076293945,151.0,38.41044998168945,1.375468373298645,1.7640458345413208,0.7881798148155212,0.622092068195343,0.7004936933517456,26.49047088623047
166.3000030517578,174.3000030517578,177.6999969482422,159.0,178.0,175.0,176.8000030517578,17.600000381469727,175.89999389648438,158.10000610351562,40.400001525878906,166.8000030517578,144.8000030517578,56.900001525878906,150.3000030517578,38.53631591796875,1.377390742301941,1.777276873588562,0.7981495261192322,0.6336961388587952,0.7105042934417725,26.76164436340332
165.8000030517578,174.0,177.10000610351562,159.5,177.60000610351562,174.60000610351562,173.39999389648438,19.299999237060547,173.0,154.89999389648438,42.79999923706055,164.3000030517578,143.8000030517578,57.599998474121094,147.8000030517578,37.59359359741211,1.3878909349441528,1.7406145334243774,0.7591783404350281,0.6100426912307739,0.6886919140815735,26.977947235107422
166.5,173.6999969482422,178.60000610351562,159.60000610351562,178.89999389648438,173.0,172.10000610351562,22.0,170.6999969482422,151.6999969482422,46.099998474121094,163.5,142.60000610351562,61.5,141.5,37.99243927001953,1.3996378183364868,1.7379474639892578,0.7727339267730713,0.6184551119804382,0.6868104934692383,27.096378326416016
166.1999969482422,174.0,178.0,159.89999389648438,178.39999389648438,174.10000610351562,171.10000610351562,23.5,170.8000030517578,149.6999969482422,48.900001525878906,162.39999389648438,141.60000610351562,64.5999984741211,138.3000030517578,37.78290557861328,1.4000481367111206,1.7608078718185425,0.7872899174690247,0.6260569095611572,0.6966676712036133,26.845375061035156
166.39999389648438,173.6999969482422,178.1999969482422,159.39999389648438,177.3000030517578,175.0,173.89999389648438,21.399999618530273,172.8000030517578,151.89999389648438,47.099998474121094,164.10000610351562,144.10000610351562,61.900001525878906,140.8000030517578,38.08817672729492,1.3939082622528076,1.7782797813415527,0.8014987707138062,0.637061595916748,0.7155302166938782,27.765235900878906
166.3000030517578,173.1999969482422,179.10000610351562,159.39999389648438,178.3000030517578,175.0,172.60000610351562,24.0,170.3000030517578,152.8000030517578,47.099998474121094,161.1999969482422,141.8000030517578,64.80000305175781,138.3000030517578,37.84787368774414,1.3948955535888672,1.750394582748413,0.7961323857307434,0.6247127056121826,0.6875892877578735,26.46221351623535
166.60000610351562,173.8000030517578,178.8000030517578,159.8000030517578,179.10000610351562,172.8000030517578,172.0,23.100000381469727,170.8000030517578,152.8000030517578,46.29999923706055,163.0,143.6999969482422,61.20000076293945,140.5,37.90960693359375,1.3970643281936646,1.7679641246795654,0.7931347489356995,0.6358243823051453,0.7032378911972046,26.562686920166016
166.89999389648438,173.10000610351562,178.89999389648438,159.8000030517578,178.8000030517578,172.89999389648438,172.5,23.200000762939453,169.60000610351562,153.0,46.400001525878906,162.0,143.39999389648438,64.30000305175781,138.0,38.1180534362793,1.387702226638794,1.754093885421753,0.8066039681434631,0.6366406083106995,0.6996060013771057,25.972043991088867
166.60000610351562,173.39999389648438,178.60000610351562,160.10000610351562,179.10000610351562,172.60000610351562,171.8000030517578,24.0,169.60000610351562,151.8000030517578,47.79999923706055,163.0,142.89999389648438,63.400001525878906,140.10000610351562,37.96029281616211,1.3987302780151367,1.7545275688171387,0.7942988276481628,0.6298057436943054,0.6963545083999634,26.082746505737305
167.5,172.8000030517578,178.89999389648438,160.3000030517578,179.10000610351562,172.3000030517578,170.1999969482422,25.600000381469727,167.3000030517578,150.3000030517578,49.5,161.1999969482422,141.1999969482422,65.30000305175781,137.60000610351562,38.103302001953125,1.3968236446380615,1.7652162313461304,0.7970273494720459,0.6337774991989136,0.6968446373939514,26.136383056640625
166.60000610351562,173.3000030517578,178.89999389648438,160.3000030517578,179.0,172.8000030517578,170.1999969482422,25.600000381469727,167.1999969482422,150.89999389648438,49.20000076293945,159.6999969482422,142.60000610351562,64.80000305175781,136.3000030517578,37.52365493774414,1.400579571723938,1.755928874015808,0.7895170450210571,0.6261747479438782,0.6944634318351746,26.63896369934082
166.6999969482422,173.60000610351562,179.1999969482422,159.6999969482422,179.89999389648438,171.8000030517578,170.39999389648438,24.899999618530273,168.0,152.1999969482422,47.5,160.5,142.6999969482422,64.30000305175781,136.89999389648438,37.865943908691406,1.4035898447036743,1.7468231916427612,0.7905686497688293,0.6296910047531128,0.6952296495437622,26.080137252807617
166.1999969482422,173.39999389648438,179.5,160.3000030517578,177.6999969482422,173.1999969482422,172.0,23.799999237060547,170.3000030517578,153.10000610351562,46.29999923706055,162.10000610351562,141.89999389648438,65.0,137.39999389648438,37.05881118774414,1.3989875316619873,1.747973084449768,0.7964550852775574,0.6228929162025452,0.6909345984458923,25.54207420349121
166.8000030517578,173.89999389648438,179.39999389648438,160.1999969482422,179.1999969482422,172.0,171.1999969482422,23.700000762939453,168.5,151.10000610351562,47.5,162.8000030517578,142.60000610351562,62.099998474121094,140.10000610351562,37.79154586791992,1.3977760076522827,1.7585744857788086,0.784026026725769,0.6233461499214172,0.6938433051109314,26.5202579498291
165.60000610351562,173.60000610351562,177.89999389648438,160.0,177.10000610351562,174.89999389648438,172.39999389648438,23.299999237060547,169.39999389648438,152.39999389648438,47.099998474121094,161.3000030517578,142.39999389648438,62.20000076293945,141.5,36.84918212890625,1.3984816074371338,1.7637934684753418,0.795120120048523,0.6305572986602783,0.703801691532135,27.11489486694336
166.3000030517578,173.39999389648438,178.5,160.1999969482422,178.6999969482422,173.0,172.1999969482422,22.399999618530273,170.39999389648438,152.8000030517578,46.20000076293945,162.60000610351562,143.39999389648438,61.79999923706055,140.3000030517578,37.20363998413086,1.392744779586792,1.7553815841674805,0.7894706130027771,0.6281280517578125,0.6977088451385498,26.8091983795166
166.0,173.6999969482422,178.6999969482422,160.10000610351562,178.1999969482422,174.0,172.1999969482422,23.100000381469727,169.89999389648438,150.89999389648438,47.599998474121094,162.5,141.6999969482422,62.20000076293945,140.8000030517578,37.25094985961914,1.3950538635253906,1.7699898481369019,0.7957253456115723,0.6291071176528931,0.6989263892173767,26.955820083618164
167.39999389648438,172.8000030517578,178.6999969482422,161.8000030517578,176.6999969482422,173.10000610351562,170.0,25.799999237060547,165.3000030517578,147.1999969482422,51.29999923706055,160.3000030517578,140.39999389648438,64.69999694824219,135.3000030517578,36.66183853149414,1.3930189609527588,1.769061803817749,0.7984693646430969,0.6278920769691467,0.6929890513420105,26.945396423339844
166.6999969482422,173.1999969482422,178.60000610351562,160.5,179.10000610351562,172.89999389648438,169.8000030517578,25.200000762939453,166.1999969482422,149.8000030517578,49.0,158.6999969482422,140.5,64.5,135.10000610351562,37.31936264038086,1.406198263168335,1.7586379051208496,0.7774988412857056,0.6167495846748352,0.6826776266098022,26.629186630249023
167.60000610351562,172.39999389648438,178.5,161.1999969482422,178.1999969482422,173.1999969482422,169.8000030517578,26.399999618530273,165.6999969482422,149.1999969482422,50.099998474121094,159.3000030517578,140.5,64.9000015258789,137.60000610351562,37.47207260131836,1.394189715385437,1.7648223638534546,0.788938045501709,0.6197064518928528,0.6816346049308777,26.273530960083008
167.1999969482422,172.5,179.3000030517578,161.3000030517578,178.60000610351562,172.60000610351562,168.8000030517578,26.5,166.5,149.5,49.70000076293945,158.89999389648438,141.1999969482422,66.0,133.5,36.80472183227539,1.3906670808792114,1.7637073993682861,0.7977039813995361,0.6347460150718689,0.698647677898407,27.17439842224121
167.3000030517578,172.5,178.6999969482422,161.0,178.1999969482422,172.89999389648438,170.0,26.200000762939453,164.89999389648438,147.60000610351562,51.099998474121094,159.0,139.6999969482422,65.19999694824219,136.39999389648438,37.21220016479492,1.3917502164840698,1.7561569213867188,0.7891103625297546,0.6148294806480408,0.6756077408790588,26.258058547973633
167.3000030517578,172.6999969482422,179.5,161.5,178.0,172.89999389648438,169.39999389648438,26.899999618530273,164.60000610351562,149.3000030517578,49.900001525878906,159.89999389648438,140.39999389648438,65.30000305175781,136.3000030517578,36.769203186035156,1.397164225578308,1.764115810394287,0.7870328426361084,0.6240325570106506,0.684197723865509,25.89311408996582
167.60000610351562,172.1999969482422,179.39999389648438,161.6999969482422,177.60000610351562,173.3000030517578,168.89999389648438,27.200000762939453,163.6999969482422,145.60000610351562,52.400001525878906,159.1999969482422,139.39999389648438,66.30000305175781,134.8000030517578,36.88349533081055,1.3894002437591553,1.7613115310668945,0.7938222885131836,0.6214715242385864,0.6880686283111572,25.9171199798584
167.10000610351562,172.10000610351562,178.89999389648438,161.1999969482422,178.10000610351562,172.60000610351562,168.89999389648438,27.200000762939453,165.10000610351562,147.60000610351562,51.400001525878906,158.60000610351562,139.60000610351562,65.69999694824219,134.89999389648438,36.984779357910156,1.3915009498596191,1.7524303197860718,0.7935170531272888,0.6146026253700256,0.6837653517723083,27.545324325561523
167.5,172.10000610351562,179.3000030517578,161.6999969482422,177.6999969482422,172.89999389648438,169.39999389648438,27.899999618530273,163.89999389648438,148.60000610351562,51.099998474121094,158.89999389648438,140.6999969482422,64.80000305175781,134.6999969482422,36.67770767211914,1.3868043422698975,1.7725871801376343,0.807974636554718,0.6325783133506775,0.6911463141441345,26.89900779724121
167.3000030517578,172.10000610351562,179.39999389648438,161.39999389648438,178.10000610351562,172.5,169.0,27.299999237060547,165.10000610351562,147.10000610351562,51.599998474121094,159.39999389648438,140.3000030517578,66.30000305175781,134.5,37.01310729980469,1.398032307624817,1.7674938440322876,0.7891060709953308,0.6223336458206177,0.6884915828704834,27.378162384033203
166.8000030517578,172.39999389648438,179.60000610351562,161.1999969482422,177.0,173.60000610351562,168.89999389648438,28.0,164.6999969482422,147.3000030517578,52.099998474121094,157.39999389648438,139.60000610351562,65.30000305175781,134.10000610351562,36.90156555175781,1.3993357419967651,1.7580757141113281,0.7863278985023499,0.6078079342842102,0.6712677478790283,26.976518630981445
164.8000030517578,176.5,179.10000610351562,161.89999389648438,172.5,175.10000610351562,176.10000610351562,3.0,175.89999389648438,176.10000610351562,18.600000381469727,171.0,149.89999389648438,45.70000076293945,156.10000610351562,34.52081298828125,1.3756401538848877,1.7575758695602417,0.7786603569984436,0.6318864822387695,0.7135995626449585,26.38947868347168
164.8000030517578,176.1999969482422,179.89999389648438,160.8000030517578,173.89999389648438,174.10000610351562,177.0,4.900000095367432,176.60000610351562,170.8000030517578,23.200000762939453,172.8000030517578,148.1999969482422,46.900001525878906,157.10000610351562,35.750213623046875,1.3776178359985352,1.7635095119476318,0.7695574164390564,0.6209670901298523,0.7075748443603516,26.35882568359375
164.60000610351562,175.5,179.10000610351562,160.3000030517578,174.89999389648438,174.60000610351562,177.3000030517578,6.199999809265137,177.39999389648438,169.10000610351562,26.399999618530273,170.5,147.6999969482422,49.70000076293945,153.3000030517578,35.29648971557617,1.366966724395752,1.735859990119934,0.7671898603439331,0.6150259375572205,0.6954655051231384,26.966764450073242
165.39999389648438,175.10000610351562,179.8000030517578,161.0,174.89999389648438,175.60000610351562,179.10000610351562,9.399999618530273,179.89999389648438,165.8000030517578,30.700000762939453,168.89999389648438,146.3000030517578,52.0,153.89999389648438,35.42771530151367,1.373124361038208,1.7544283866882324,0.7717670798301697,0.6154626607894897,0.6922672986984253,27.16558074951172
165.8000030517578,175.3000030517578,179.39999389648438,160.8000030517578,175.5,173.8000030517578,177.60000610351562,6.900000095367432,177.8000030517578,169.3000030517578,26.600000381469727,171.1999969482422,148.1999969482422,50.900001525878906,153.5,35.52423858642578,1.3691027164459229,1.7413557767868042,0.7668378949165344,0.6213486194610596,0.6913362741470337,27.43772315979004
165.3000030517578,174.60000610351562,178.5,160.1999969482422,176.3000030517578,173.39999389648438,178.5,8.100000381469727,179.1999969482422,166.89999389648438,29.0,170.3000030517578,146.5,50.400001525878906,154.5,36.05709457397461,1.359488606452942,1.7325856685638428,0.7665255069732666,0.6122450828552246,0.6833496689796448,27.658538818359375
165.8000030517578,174.39999389648438,180.0,161.0,176.0,175.10000610351562,179.5,12.199999809265137,177.39999389648438,164.3000030517578,32.400001525878906,168.10000610351562,145.8000030517578,52.79999923706055,153.1999969482422,35.70337677001953,1.3704503774642944,1.7436532974243164,0.7646998167037964,0.6119188666343689,0.6832960844039917,26.658857345581055
166.10000610351562,173.89999389648438,179.5,160.1999969482422,177.39999389648438,173.8000030517578,179.5,10.899999618530273,179.60000610351562,164.60000610351562,32.0,168.0,146.8000030517578,51.70000076293945,153.6999969482422,36.64396286010742,1.3644131422042847,1.7535698413848877,0.767295241355896,0.6110918521881104,0.6885038614273071,26.672325134277344
165.1999969482422,175.39999389648438,178.89999389648438,160.5,175.5,174.6999969482422,180.0,9.899999618530273,178.1999969482422,164.8000030517578,30.899999618530273,169.10000610351562,145.5,51.20000076293945,154.10000610351562,35.60178756713867,1.368179202079773,1.7320863008499146,0.7538478970527649,0.6016489267349243,0.6820082068443298,27.988183975219727
165.5,175.3000030517578,177.39999389648438,162.0,172.0,175.60000610351562,174.3000030517578,2.0,175.10000610351562,180.0,16.100000381469727,170.60000610351562,151.10000610351562,46.70000076293945,155.3000030517578,34.963233947753906,1.3823466300964355,1.7688885927200317,0.7832230925559998,0.6368822455406189,0.720268726348877,27.378936767578125
165.0,175.89999389648438,178.39999389648438,161.60000610351562,172.89999389648438,175.5,174.5,1.5,175.10000610351562,178.8000030517578,16.5,170.5,150.10000610351562,44.29999923706055,157.1999969482422,34.907291412353516,1.374903678894043,1.775193691253662,0.7785958647727966,0.6314878463745117,0.717284619808197,27.712007522583008
165.0,176.1999969482422,177.3000030517578,161.6999969482422,172.6999969482422,176.1999969482422,174.5,1.7000000476837158,175.8000030517578,179.89999389648438,16.299999237060547,169.89999389648438,150.3000030517578,46.20000076293945,156.1999969482422,34.82160186767578,1.3781095743179321,1.7828166484832764,0.7679976224899292,0.6360230445861816,0.7177125215530396,27.339754104614258
164.5,177.6999969482422,178.3000030517578,162.0,174.10000610351562,173.89999389648438,175.39999389648438,2.299999952316284,176.5,176.3000030517578,17.700000762939453,172.1999969482422,149.6999969482422,44.70000076293945,156.39999389648438,34.54990005493164,1.385694146156311,1.7880332469940186,0.7752513289451599,0.630929172039032,0.7241567969322205,27.17011070251465
164.60000610351562,176.3000030517578,176.3000030517578,161.60000610351562,172.6999969482422,176.6999969482422,176.0,3.799999952316284,177.5,175.0,20.399999618530273,170.1999969482422,148.89999389648438,47.099998474121094,154.60000610351562,34.83246612548828,1.3790903091430664,1.7929139137268066,0.7765769362449646,0.6384098529815674,0.7273696064949036,27.28116226196289
165.0,176.10000610351562,176.1999969482422,161.5,173.39999389648438,175.0,175.1999969482422,3.200000047683716,176.60000610351562,177.39999389648438,18.899999618530273,169.39999389648438,149.6999969482422,45.79999923706055,156.1999969482422,35.32455825805664,1.3846544027328491,1.7946118116378784,0.7890092134475708,0.6449064016342163,0.7259891629219055,27.402048110961914
164.60000610351562,177.0,177.60000610351562,161.5,173.39999389648438,175.39999389648438,177.3000030517578,5.900000095367432,176.6999969482422,170.5,24.899999618530273,171.39999389648438,149.10000610351562,49.20000076293945,153.1999969482422,34.74222183227539,1.3821799755096436,1.7833940982818604,0.7853479981422424,0.634446382522583,0.7312443852424622,27.48948097229004
164.5,176.10000610351562,177.8000030517578,161.10000610351562,173.6999969482422,176.5,177.1999969482422,6.099999904632568,177.60000610351562,173.39999389648438,23.600000381469727,169.5,148.89999389648438,49.20000076293945,154.39999389648438,35.170963287353516,1.3802999258041382,1.7924678325653076,0.7924760580062866,0.6475638151168823,0.7314370274543762,27.362384796142578
164.5,176.5,179.10000610351562,161.10000610351562,173.89999389648438,175.5,178.60000610351562,7.699999809265137,177.60000610351562,167.10000610351562,28.700000762939453,170.5,147.60000610351562,51.400001525878906,151.1999969482422,34.84713363647461,1.3801456689834595,1.7730170488357544,0.7826424837112427,0.6318304538726807,0.7212759256362915,27.412315368652344
164.60000610351562,176.10000610351562,179.60000610351562,160.8000030517578,175.39999389648438,174.39999389648438,178.89999389648438,8.399999618530273,180.0,165.10000610351562,30.600000381469727,168.8000030517578,145.0,50.29999923706055,156.1999969482422,35.46274948120117,1.3774025440216064,1.7724964618682861,0.7702821493148804,0.6120954751968384,0.6954671740531921,26.770776748657227
165.39999389648438,174.6999969482422,179.3000030517578,160.6999969482422,175.5,175.5,179.39999389648438,11.600000381469727,178.3000030517578,163.89999389648438,33.099998474121094,168.0,145.1999969482422,53.599998474121094,152.0,35.86500930786133,1.3751733303070068,1.7709071636199951,0.7795152068138123,0.6233977675437927,0.6992208957672119,26.512258529663086
166.3000030517578,173.39999389648438,179.5,160.3000030517578,177.6999969482422,173.8000030517578,177.39999389648438,15.300000190734863,175.39999389648438,160.5,37.79999923706055,165.8000030517578,144.39999389648438,55.70000076293945,149.39999389648438,37.04567337036133,1.3804129362106323,1.7782865762710571,0.7839695811271667,0.6222643256187439,0.6908314824104309,25.109872817993164
165.6999969482422,174.5,179.8000030517578,160.10000610351562,177.10000610351562,174.6999969482422,176.8000030517578,16.0,176.3000030517578,159.10000610351562,39.0,166.10000610351562,144.10000610351562,57.599998474121094,149.1999969482422,36.26771926879883,1.3801276683807373,1.777213215827942,0.7848765850067139,0.618788480758667,0.6944048404693604,26.09343719482422
165.6999969482422,174.6999969482422,179.8000030517578,160.8000030517578,177.60000610351562,173.5,176.89999389648438,16.0,175.89999389648438,157.6999969482422,40.20000076293945,166.60000610351562,144.39999389648438,57.400001525878906,149.0,35.65953826904297,1.3815083503723145,1.7808390855789185,0.7823172211647034,0.6190048456192017,0.6905964612960815,25.95720863342285
165.5,174.5,179.89999389648438,160.0,177.10000610351562,173.10000610351562,179.8000030517578,10.100000381469727,180.0,164.3000030517578,32.0,168.89999389648438,145.60000610351562,53.400001525878906,151.39999389648438,36.2909049987793,1.35845947265625,1.7373125553131104,0.7768149971961975,0.605797529220581,0.6879123449325562,26.286474227905273
165.10000610351562,174.10000610351562,178.60000610351562,159.8000030517578,177.0,173.5,177.8000030517578,7.900000095367432,178.0,167.60000610351562,29.200000762939453,169.39999389648438,147.10000610351562,51.79999923706055,152.3000030517578,35.99891662597656,1.3490010499954224,1.7064472436904907,0.7697843909263611,0.6113336682319641,0.6901164054870605,25.19919776916504
165.1999969482422,173.60000610351562,179.6999969482422,158.1999969482422,177.89999389648438,171.39999389648438,178.60000610351562,7.599999904632568,176.6999969482422,165.8000030517578,30.0,170.39999389648438,147.6999969482422,52.900001525878906,152.39999389648438,37.20608901977539,1.339429259300232,1.6824363470077515,0.7813662886619568,0.6169570088386536,0.7024060487747192,26.413663864135742
164.60000610351562,173.6999969482422,178.89999389648438,157.3000030517578,176.89999389648438,173.60000610351562,177.89999389648438,7.0,177.8000030517578,166.89999389648438,29.100000381469727,169.5,149.1999969482422,54.0,150.10000610351562,37.21943664550781,1.342966914176941,1.6831549406051636,0.7841351628303528,0.6232274770736694,0.7178552746772766,27.78980255126953
165.60000610351562,173.8000030517578,178.5,157.39999389648438,177.6999969482422,172.89999389648438,180.0,8.699999809265137,178.0,164.3000030517578,31.399999618530273,168.39999389648438,147.60000610351562,54.70000076293945,148.1999969482422,37.843814849853516,1.3448234796524048,1.654463291168213,0.7611687779426575,0.6088725924491882,0.6947085857391357,27.220794677734375
164.6999969482422,174.3000030517578,179.0,157.89999389648438,176.5,172.60000610351562,179.39999389648438,8.199999809265137,177.6999969482422,164.89999389648438,30.5,168.3000030517578,148.6999969482422,53.29999923706055,148.89999389648438,36.75241470336914,1.33870267868042,1.6391196250915527,0.7617326378822327,0.6121656894683838,0.6941861510276794,26.514633178710938
164.6999969482422,174.39999389648438,177.89999389648438,157.39999389648438,177.5,173.3000030517578,178.1999969482422,10.100000381469727,178.5,161.89999389648438,33.0,168.10000610351562,146.8000030517578,53.79999923706055,148.3000030517578,37.41437530517578,1.3486231565475464,1.6611567735671997,0.7592921853065491,0.6037098169326782,0.6954314708709717,26.800172805786133
164.10000610351562,175.60000610351562,179.5,158.6999969482422,175.8000030517578,173.60000610351562,179.5,7.699999809265137,179.39999389648438,164.89999389648438,28.5,167.89999389648438,149.89999389648438,50.5,149.39999389648438,35.97514724731445,1.3552924394607544,1.6395732164382935,0.7322582602500916,0.5944671034812927,0.6969671249389648,28.321147918701172
163.89999389648438,174.1999969482422,179.10000610351562,158.6999969482422,174.39999389648438,173.5,179.39999389648438,5.599999904632568,178.8000030517578,167.0,25.799999237060547,169.10000610351562,150.1999969482422,46.29999923706055,153.0,35.43862533569336,1.353858470916748,1.6485995054244995,0.7378474473953247,0.5919859409332275,0.686747133731842,27.32796859741211
163.10000610351562,174.8000030517578,179.6999969482422,159.5,173.5,174.10000610351562,177.8000030517578,4.099999904632568,179.0,169.39999389648438,23.799999237060547,170.8000030517578,150.10000610351562,49.400001525878906,150.0,34.14162826538086,1.3542416095733643,1.6592497825622559,0.7327110767364502,0.5984055399894714,0.6911731958389282,26.945417404174805
162.6999969482422,175.8000030517578,178.8000030517578,160.0,174.8000030517578,174.0,173.1999969482422,2.4000000953674316,175.8000030517578,177.5,9.699999809265137,172.10000610351562,153.39999389648438,38.0,161.5,33.577816009521484,1.3776602745056152,1.7170205116271973,0.7138481140136719,0.5932785868644714,0.6940382719039917,26.608413696289062
162.60000610351562,177.1999969482422,175.1999969482422,163.0,173.39999389648438,172.39999389648438,169.6999969482422,5.400000095367432,174.0,172.60000610351562,2.299999952316284,178.1999969482422,161.0,29.5,167.1999969482422,31.102672576904297,1.4204139709472656,1.7912684679031372,0.7287351489067078,0.6107187271118164,0.7270585894584656,24.73912811279297
162.5,175.6999969482422,172.39999389648438,163.89999389648438,171.1999969482422,173.6999969482422,167.0,7.0,173.89999389648438,165.10000610351562,3.5,175.89999389648438,162.89999389648438,27.899999618530273,169.6999969482422,31.362337112426758,1.4125502109527588,1.8325324058532715,0.8158121705055237,0.6873512864112854,0.7997329235076904,25.667394638061523
162.3000030517578,176.8000030517578,173.60000610351562,163.8000030517578,170.89999389648438,173.0,167.8000030517578,5.900000095367432,173.60000610351562,167.10000610351562,0.8999999761581421,175.6999969482422,162.8000030517578,32.70000076293945,164.3000030517578,30.848323822021484,1.4167064428329468,1.8348416090011597,0.811393141746521,0.6876239776611328,0.8177334070205688,27.0385799407959
162.60000610351562,176.8000030517578,173.60000610351562,163.60000610351562,172.0,172.1999969482422,167.5,6.199999809265137,174.6999969482422,166.1999969482422,2.200000047683716,176.10000610351562,162.60000610351562,31.899999618530273,164.8000030517578,31.705896377563477,1.408097505569458,1.8274555206298828,0.8062706589698792,0.6830027103424072,0.8085936903953552,26.966209411621094
163.10000610351562,176.60000610351562,172.6999969482422,163.8000030517578,171.3000030517578,173.60000610351562,168.3000030517578,5.400000095367432,174.10000610351562,168.1999969482422,0.30000001192092896,177.0,162.5,31.100000381469727,166.0,31.53070640563965,1.4063032865524292,1.8247183561325073,0.8039687871932983,0.6787866950035095,0.807102620601654,27.18757438659668
163.0,177.6999969482422,174.1999969482422,164.1999969482422,171.89999389648438,172.39999389648438,167.3000030517578,5.699999809265137,174.5,166.89999389648438,1.399999976158142,177.10000610351562,162.0,32.900001525878906,164.5,31.754302978515625,1.409157395362854,1.829491138458252,0.8272571563720703,0.6976577639579773,0.8057079911231995,25.900554656982422
163.1999969482422,176.6999969482422,172.60000610351562,163.39999389648438,171.10000610351562,172.8000030517578,165.5,7.699999809265137,173.1999969482422,160.60000610351562,7.400000095367432,177.1999969482422,164.5,29.100000381469727,165.8000030517578,33.54811477661133,1.412672758102417,1.832743525505066,0.8366974592208862,0.7047844529151917,0.8068124651908875,25.512863159179688
163.60000610351562,176.1999969482422,172.8000030517578,163.0,171.8000030517578,174.0,167.0,6.800000190734863,173.39999389648438,163.60000610351562,5.0,177.5,163.89999389648438,28.200000762939453,168.10000610351562,34.458580017089844,1.4046567678451538,1.8421976566314697,0.8460159301757812,0.7160824537277222,0.8191186189651489,26.289369583129883
163.6999969482422,176.60000610351562,174.10000610351562,163.6999969482422,172.5,172.10000610351562,168.10000610351562,5.199999809265137,174.6999969482422,167.5,0.5,177.10000610351562,161.60000610351562,32.70000076293945,165.1999969482422,32.857635498046875,1.406063199043274,1.8276703357696533,0.8356187343597412,0.70876544713974,0.812336266040802,25.813983917236328
163.10000610351562,176.3000030517578,174.10000610351562,163.3000030517578,173.10000610351562,172.1999969482422,168.5,4.800000190734863,174.5,172.5,3.700000047683716,177.1999969482422,161.5,33.599998474121094,164.60000610351562,32.514015197753906,1.4061082601547241,1.8170450925827026,0.8081132769584656,0.6758341789245605,0.7856795191764832,25.752283096313477
163.3000030517578,176.10000610351562,173.10000610351562,162.89999389648438,173.1999969482422,171.5,168.5,4.300000190734863,174.6999969482422,171.10000610351562,4.099999904632568,173.60000610351562,161.10000610351562,32.5,166.60000610351562,32.03896713256836,1.4056283235549927,1.7894748449325562,0.7896772027015686,0.6560549139976501,0.7718266248703003,25.918460845947266
163.60000610351562,177.0,174.5,163.10000610351562,173.10000610351562,172.39999389648438,168.3000030517578,5.0,174.3000030517578,169.89999389648438,1.600000023841858,176.8000030517578,160.89999389648438,33.5,164.10000610351562,32.289527893066406,1.404700517654419,1.8088775873184204,0.7975572943687439,0.6680998206138611,0.7890351414680481,26.534809112548828
163.6999969482422,175.8000030517578,174.10000610351562,162.8000030517578,172.3000030517578,172.5,168.10000610351562,4.900000095367432,173.6999969482422,171.6999969482422,4.199999809265137,175.3000030517578,159.8000030517578,35.5,163.8000030517578,32.426639556884766,1.4091709852218628,1.7978107929229736,0.7780078053474426,0.6495941877365112,0.7671369314193726,26.400968551635742
163.39999389648438,176.1999969482422,175.0,163.5,172.6999969482422,171.89999389648438,170.5,2.700000047683716,174.60000610351562,176.39999389648438,8.300000190734863,175.8000030517578,157.8000030517578,36.29999923706055,163.60000610351562,31.435325622558594,1.4131356477737427,1.7903951406478882,0.7718623280525208,0.6396523714065552,0.7552632093429565,26.606718063354492
163.8000030517578,175.60000610351562,174.6999969482422,163.1999969482422,171.89999389648438,173.8000030517578,169.1999969482422,4.0,173.89999389648438,173.6999969482422,5.800000190734863,175.89999389648438,158.8000030517578,37.20000076293945,162.89999389648438,32.23202896118164,1.417582631111145,1.8051717281341553,0.7862996459007263,0.6531164646148682,0.769837498664856,26.77528953552246
163.10000610351562,176.8000030517578,175.8000030517578,163.10000610351562,172.5,172.6999969482422,170.10000610351562,2.9000000953674316,173.6999969482422,177.0,9.399999618530273,175.39999389648438,157.89999389648438,39.0,161.0,31.410432815551758,1.4121203422546387,1.7848390340805054,0.7689685821533203,0.6334201097488403,0.755037784576416,26.81126594543457
163.0,176.39999389648438,175.10000610351562,162.60000610351562,172.1999969482422,173.39999389648438,170.1999969482422,3.0,174.39999389648438,174.8000030517578,7.5,173.6999969482422,157.60000610351562,36.70000076293945,162.0,31.864639282226562,1.4116311073303223,1.7895305156707764,0.7666709423065186,0.6341134905815125,0.7513440251350403,26.7061767578125
164.10000610351562,175.39999389648438,174.3000030517578,163.10000610351562,172.8000030517578,172.1999969482422,171.6999969482422,1.7999999523162842,176.39999389648438,177.5,9.899999618530273,174.39999389648438,156.39999389648438,39.29999923706055,161.3000030517578,32.07170486450195,1.409662127494812,1.7917733192443848,0.7573458552360535,0.6300347447395325,0.7450401186943054,28.276823043823242
163.10000610351562,176.89999389648438,177.1999969482422,162.5,172.5,175.0,173.1999969482422,0.10000000149011612,175.1999969482422,178.3000030517578,15.0,173.3000030517578,152.8000030517578,45.0,155.8000030517578,32.282169342041016,1.4091260433197021,1.7942345142364502,0.7607362270355225,0.626922070980072,0.7421508431434631,28.381162643432617
162.5,177.5,177.6999969482422,162.39999389648438,172.6999969482422,175.6999969482422,176.1999969482422,2.0999999046325684,177.0,174.6999969482422,17.899999618530273,171.8000030517578,151.89999389648438,42.79999923706055,156.8000030517578,31.88082504272461,1.4003795385360718,1.7738258838653564,0.7471820116043091,0.6118991374969482,0.7305454015731812,28.032941818237305
163.5,177.1999969482422,179.39999389648438,161.1999969482422,176.5,174.8000030517578,179.0,9.399999618530273,179.60000610351562,163.5,30.0,171.10000610351562,147.60000610351562,46.70000076293945,154.10000610351562,33.96105194091797,1.4164949655532837,1.806158185005188,0.7491335272789001,0.6004630923271179,0.6951810121536255,26.065811157226562
163.3000030517578,176.3000030517578,179.8000030517578,161.5,175.5,176.0,177.0,12.0,178.8000030517578,157.0,36.29999923706055,170.39999389648438,146.6999969482422,48.099998474121094,155.10000610351562,33.85313034057617,1.4199235439300537,1.8224623203277588,0.7553703188896179,0.6047841310501099,0.7041525840759277,26.5369815826416
163.1999969482422,176.39999389648438,179.10000610351562,162.0,174.60000610351562,175.8000030517578,176.10000610351562,13.300000190734863,178.10000610351562,155.60000610351562,37.599998474121094,170.0,147.3000030517578,47.29999923706055,154.10000610351562,33.36860656738281,1.4180816411972046,1.8324780464172363,0.766712486743927,0.6151388883590698,0.7136936187744141,27.422199249267578
163.89999389648438,176.3000030517578,179.3000030517578,161.89999389648438,175.8000030517578,174.60000610351562,176.60000610351562,12.600000381469727,177.6999969482422,156.8000030517578,36.099998474121094,170.3000030517578,147.39999389648438,45.29999923706055,155.1999969482422,33.57294845581055,1.414372205734253,1.814359426498413,0.7533145546913147,0.6004223823547363,0.6949077248573303,26.903003692626953
164.10000610351562,175.5,180.0,162.39999389648438,174.6999969482422,175.3000030517578,176.39999389648438,13.300000190734863,176.60000610351562,157.39999389648438,36.29999923706055,169.0,144.8000030517578,45.900001525878906,156.10000610351562,33.186500549316406,1.4147534370422363,1.7992922067642212,0.7486071586608887,0.5933416485786438,0.6854206323623657,27.186540603637695
164.3000030517578,175.6999969482422,179.8000030517578,162.1999969482422,175.6999969482422,174.60000610351562,175.10000610351562,14.899999618530273,176.6999969482422,155.5,38.900001525878906,168.60000610351562,144.8000030517578,48.70000076293945,154.8000030517578,33.72904586791992,1.417528748512268,1.8089531660079956,0.758823037147522,0.6031956672668457,0.6953111886978149,26.274518966674805
163.89999389648438,176.10000610351562,179.39999389648438,162.3000030517578,176.0,174.6999969482422,175.60000610351562,14.399999618530273,177.10000610351562,155.6999969482422,38.099998474121094,168.6999969482422,145.10000610351562,47.29999923706055,155.3000030517578,33.33396530151367,1.4102753400802612,1.80580735206604,0.7549217939376831,0.5966253280639648,0.6921027302742004,26.27928924560547
163.6999969482422,175.39999389648438,178.6999969482422,161.5,176.1999969482422,174.89999389648438,176.10000610351562,13.699999809265137,177.0,153.89999389648438,39.70000076293945,170.0,144.3000030517578,49.79999923706055,155.3000030517578,33.94930648803711,1.418805480003357,1.8054609298706055,0.7420639991760254,0.5868175029754639,0.6827796697616577,26.536632537841797
163.3000030517578,176.0,179.8000030517578,162.1999969482422,174.3000030517578,176.3000030517578,175.6999969482422,13.899999618530273,177.60000610351562,156.3000030517578,37.5,168.1999969482422,145.6999969482422,45.79999923706055,155.10000610351562,32.99171829223633,1.4164764881134033,1.8075721263885498,0.7613266110420227,0.6020556092262268,0.7004859447479248,27.063989639282227
164.0,175.5,179.39999389648438,162.5,175.39999389648438,175.5,175.3000030517578,14.800000190734863,176.8000030517578,155.1999969482422,38.70000076293945,168.5,144.60000610351562,48.29999923706055,154.0,33.22370529174805,1.4151166677474976,1.8088949918746948,0.7553269267082214,0.5975522994995117,0.6957265734672546,26.613862991333008
163.1999969482422,176.60000610351562,179.39999389648438,161.3000030517578,175.60000610351562,175.1999969482422,174.3000030517578,15.600000381469727,176.60000610351562,148.60000610351562,44.0,170.0,144.39999389648438,46.900001525878906,154.60000610351562,34.612815856933594,1.4147754907608032,1.8214094638824463,0.764243483543396,0.6016194820404053,0.70127934217453,26.859752655029297
164.3000030517578,176.5,178.8000030517578,160.6999969482422,176.1999969482422,174.3000030517578,176.8000030517578,12.0,179.60000610351562,160.39999389648438,33.400001525878906,168.1999969482422,148.39999389648438,42.29999923706055,155.8000030517578,35.05264663696289,1.4123258590698242,1.801061987876892,0.7541582584381104,0.5979340076446533,0.7029832005500793,26.535449981689453
164.0,177.3000030517578,175.39999389648438,161.8000030517578,172.39999389648438,174.10000610351562,173.8000030517578,0.0,174.39999389648438,179.8000030517578,12.600000381469727,174.6999969482422,154.5,39.29999923706055,160.10000610351562,33.73314666748047,1.4055498838424683,1.805354356765747,0.7726312875747681,0.6328071355819702,0.7471212148666382,27.332807540893555
164.6999969482422,178.0,173.89999389648438,161.89999389648438,172.89999389648438,175.6999969482422,174.10000610351562,0.10000000149011612,172.8000030517578,173.6999969482422,7.599999904632568,173.89999389648438,156.8000030517578,36.599998474121094,162.39999389648438,34.957584381103516,1.4177720546722412,1.8320742845535278,0.7813861966133118,0.6430568099021912,0.7673530578613281,28.102418899536133
164.60000610351562,179.6999969482422,176.0,162.0,173.3000030517578,175.5,173.5,0.4000000059604645,172.8000030517578,175.10000610351562,9.800000190734863,174.3000030517578,157.0,38.79999923706055,160.3000030517578,36.47175979614258,1.4221211671829224,1.8577934503555298,0.8301315903663635,0.6948757171630859,0.7902731895446777,25.66802978515625
166.1999969482422,179.60000610351562,175.60000610351562,161.10000610351562,173.0,175.8000030517578,170.39999389648438,2.0999999046325684,171.6999969482422,169.6999969482422,5.199999809265137,174.1999969482422,161.1999969482422,36.20000076293945,160.8000030517578,39.792205810546875,1.4206513166427612,1.866796612739563,0.8726046681404114,0.7383787035942078,0.8174513578414917,25.027828216552734
166.1999969482422,179.5,174.8000030517578,161.6999969482422,172.10000610351562,176.8000030517578,170.5,1.7000000476837158,172.1999969482422,168.8000030517578,5.099999904632568,172.0,161.0,36.900001525878906,161.60000610351562,39.13182830810547,1.4174823760986328,1.8698923587799072,0.8802170753479004,0.7422813177108765,0.828267514705658,25.326332092285156
165.89999389648438,179.10000610351562,175.1999969482422,161.1999969482422,173.39999389648438,174.89999389648438,170.3000030517578,2.0999999046325684,172.39999389648438,168.3000030517578,3.200000047683716,175.10000610351562,161.1999969482422,36.5,161.3000030517578,39.698524475097656,1.4159208536148071,1.8714083433151245,0.8890114426612854,0.7541435360908508,0.841584324836731,24.911096572875977
163.3000030517578,177.0,172.5,162.89999389648438,171.60000610351562,174.39999389648438,169.5,3.4000000953674316,173.8000030517578,172.39999389648438,5.5,176.10000610351562,160.0,38.70000076293945,158.8000030517578,32.123023986816406,1.4169597625732422,1.8323289155960083,0.7780426144599915,0.6476181149482727,0.7676200270652771,27.387834548950195
161.6999969482422,176.5,174.1999969482422,162.8000030517578,172.6999969482422,173.8000030517578,169.3000030517578,4.099999904632568,171.5,174.6999969482422,6.800000190734863,178.3000030517578,159.10000610351562,36.900001525878906,162.89999389648438,30.026039123535156,1.398341178894043,1.818406105041504,0.7798860669136047,0.6461589336395264,0.77862948179245,27.520282745361328
161.6999969482422,177.10000610351562,174.89999389648438,162.6999969482422,173.10000610351562,174.3000030517578,170.0,2.9000000953674316,173.10000610351562,175.8000030517578,7.900000095367432,178.3000030517578,156.6999969482422,38.599998474121094,163.5,30.13776969909668,1.4061709642410278,1.8210700750350952,0.7674181461334229,0.6275889873504639,0.7615851163864136,27.371105194091797
164.0,176.89999389648438,175.10000610351562,162.89999389648438,171.8000030517578,175.1999969482422,170.0,2.0,171.89999389648438,174.8000030517578,8.0,178.10000610351562,159.39999389648438,38.900001525878906,160.39999389648438,33.31364059448242,1.4128730297088623,1.8332946300506592,0.8254993557929993,0.6729424595832825,0.7926352620124817,26.627002716064453
165.3000030517578,177.10000610351562,175.5,162.8000030517578,172.5,174.6999969482422,174.0,0.4000000059604645,173.39999389648438,178.10000610351562,11.899999618530273,173.10000610351562,156.3000030517578,38.29999923706055,159.3000030517578,34.63422775268555,1.4186421632766724,1.8311636447906494,0.7911616563796997,0.643919050693512,0.7643846869468689,27.86211395263672
165.0,177.8000030517578,176.39999389648438,161.6999969482422,173.39999389648438,175.1999969482422,172.3000030517578,1.5,172.89999389648438,170.8000030517578,4.300000190734863,175.0,158.39999389648438,36.400001525878906,163.0,36.72981262207031,1.4206414222717285,1.8530012369155884,0.8157225251197815,0.6800873279571533,0.7879836559295654,26.6900577545166
164.1999969482422,178.5,177.39999389648438,161.39999389648438,173.10000610351562,175.10000610351562,173.60000610351562,0.4000000059604645,174.3000030517578,175.60000610351562,8.699999809265137,175.1999969482422,157.89999389648438,39.099998474121094,157.89999389648438,36.549034118652344,1.4270756244659424,1.8591617345809937,0.8076322674751282,0.6746728420257568,0.7894783020019531,26.314857482910156
164.10000610351562,178.6999969482422,177.60000610351562,160.89999389648438,174.0,175.0,174.39999389648438,0.8999999761581421,174.39999389648438,176.5,9.399999618530273,174.89999389648438,156.3000030517578,38.79999923706055,159.6999969482422,36.40254592895508,1.4320611953735352,1.8504403829574585,0.783455491065979,0.6562672853469849,0.7652091383934021,25.116287231445312
165.5,179.0,176.1999969482422,160.0,174.60000610351562,175.3000030517578,173.3000030517578,0.4000000059604645,174.10000610351562,175.60000610351562,9.600000381469727,173.1999969482422,157.0,36.900001525878906,160.6999969482422,39.566139221191406,1.4458024501800537,1.866875171661377,0.8409193754196167,0.7065515518188477,0.7932750582695007,25.023128509521484
166.10000610351562,178.60000610351562,175.60000610351562,160.10000610351562,175.10000610351562,174.89999389648438,172.3000030517578,0.10000000149011612,172.6999969482422,174.0,8.399999618530273,173.60000610351562,158.6999969482422,35.5,162.5,41.128990173339844,1.4327374696731567,1.8773069381713867,0.8749188780784607,0.7366801500320435,0.8246135115623474,25.170812606811523
166.1999969482422,178.89999389648438,176.6999969482422,158.1999969482422,176.3000030517578,175.6999969482422,172.8000030517578,0.800000011920929,171.89999389648438,175.60000610351562,11.100000381469727,173.0,160.1999969482422,38.099998474121094,157.6999969482422,42.6865119934082,1.4275299310684204,1.868669867515564,0.8884329199790955,0.7534462809562683,0.8391110301017761,26.0010986328125
166.6999969482422,178.10000610351562,175.5,159.5,174.0,175.8000030517578,171.6999969482422,0.20000000298023224,171.10000610351562,171.1999969482422,8.600000381469727,170.5,161.10000610351562,39.29999923706055,155.89999389648438,41.946556091308594,1.4177886247634888,1.8581689596176147,0.8946982622146606,0.761515200138092,0.8327300548553467,24.9182071685791
168.3000030517578,178.6999969482422,175.8000030517578,158.5,176.6999969482422,176.1999969482422,175.39999389648438,5.699999809265137,173.1999969482422,177.1999969482422,16.600000381469727,168.0,160.10000610351562,41.900001525878906,154.10000610351562,43.692604064941406,1.4208272695541382,1.8517866134643555,0.9039588570594788,0.777862012386322,0.8516782522201538,26.061670303344727
168.6999969482422,178.89999389648438,175.60000610351562,158.60000610351562,177.39999389648438,176.0,172.89999389648438,3.700000047683716,173.0,171.89999389648438,12.0,167.8000030517578,158.10000610351562,43.20000076293945,154.8000030517578,44.059478759765625,1.4280462265014648,1.8554327487945557,0.9208863377571106,0.7960421442985535,0.858062207698822,25.479005813598633
168.3000030517578,178.60000610351562,174.0,158.8000030517578,175.5,175.60000610351562,170.89999389648438,1.7000000476837158,172.39999389648438,170.39999389648438,10.0,167.8000030517578,159.6999969482422,41.79999923706055,156.10000610351562,43.66753387451172,1.4174861907958984,1.8505253791809082,0.906497061252594,0.7761175632476807,0.8359280824661255,24.76622200012207
168.5,179.3000030517578,175.6999969482422,158.0,177.39999389648438,175.1999969482422,173.6999969482422,3.799999952316284,171.8000030517578,177.3000030517578,15.600000381469727,170.60000610351562,159.10000610351562,44.0,154.5,44.939022064208984,1.4139750003814697,1.8567537069320679,0.9199430346488953,0.7889605164527893,0.8634462952613831,26.369834899902344
167.0,178.6999969482422,174.39999389648438,158.1999969482422,175.60000610351562,176.8000030517578,173.8000030517578,2.799999952316284,173.3000030517578,173.6999969482422,11.699999809265137,170.5,159.6999969482422,40.79999923706055,155.6999969482422,43.659950256347656,1.4101345539093018,1.8577325344085693,0.8973529934883118,0.7760142087936401,0.8397655487060547,24.896690368652344
164.8000030517578,179.3000030517578,177.6999969482422,158.60000610351562,175.5,178.0,175.60000610351562,5.300000190734863,174.89999389648438,179.6999969482422,17.799999237060547,171.60000610351562,155.6999969482422,45.0,152.5,40.69533157348633,1.4172502756118774,1.8764243125915527,0.8764206171035767,0.7553583979606628,0.8322334289550781,24.912992477416992
165.89999389648438,178.1999969482422,174.3000030517578,158.60000610351562,176.6999969482422,174.10000610351562,175.5,3.299999952316284,174.1999969482422,177.60000610351562,13.399999618530273,172.10000610351562,156.60000610351562,40.0,157.1999969482422,40.80403518676758,1.435099720954895,1.8768304586410522,0.8287259936332703,0.7083951234817505,0.7922120094299316,25.2620849609375
163.5,179.89999389648438,175.60000610351562,159.8000030517578,175.3000030517578,175.8000030517578,177.60000610351562,4.400000095367432,173.5,175.6999969482422,19.200000762939453,173.60000610351562,153.39999389648438,44.599998474121094,154.8000030517578,36.83720779418945,1.436112403869629,1.8613266944885254,0.7847954034805298,0.6647796630859375,0.7547140121459961,26.236156463623047
163.39999389648438,179.10000610351562,174.6999969482422,159.89999389648438,174.89999389648438,176.3000030517578,176.6999969482422,3.5,174.60000610351562,177.8000030517578,16.799999237060547,172.5,153.89999389648438,42.099998474121094,155.60000610351562,36.46387481689453,1.4297378063201904,1.8532582521438599,0.7750548124313354,0.6516588926315308,0.7396297454833984,26.410127639770508
163.60000610351562,179.39999389648438,175.1999969482422,160.5,174.10000610351562,176.10000610351562,176.3000030517578,3.200000047683716,174.3000030517578,176.8000030517578,16.899999618530273,174.10000610351562,153.3000030517578,42.5,155.39999389648438,36.47909164428711,1.4307001829147339,1.8639918565750122,0.7860816717147827,0.6601536870002747,0.7425820827484131,25.67333221435547
163.60000610351562,179.60000610351562,175.60000610351562,160.0,174.8000030517578,175.89999389648438,176.89999389648438,4.599999904632568,174.89999389648438,173.6999969482422,21.100000381469727,172.5,153.10000610351562,44.0,154.89999389648438,37.08172607421875,1.442380666732788,1.8714582920074463,0.7926995158195496,0.6694677472114563,0.7561670541763306,25.99248504638672
163.8000030517578,180.0,177.1999969482422,160.3000030517578,174.8000030517578,175.8000030517578,177.39999389648438,4.599999904632568,173.6999969482422,175.1999969482422,19.700000762939453,173.3000030517578,154.5,43.599998474121094,154.8000030517578,37.23831558227539,1.4425148963928223,1.8717235326766968,0.8014926314353943,0.6763792037963867,0.7665725350379944,26.487268447875977
164.8000030517578,178.39999389648438,179.1999969482422,159.60000610351562,175.0,176.1999969482422,174.60000610351562,4.0,175.3000030517578,179.10000610351562,16.899999618530273,172.89999389648438,153.8000030517578,44.20000076293945,154.1999969482422,39.20359802246094,1.4557137489318848,1.8703663349151611,0.847190797328949,0.7125923037528992,0.7896825671195984,24.760921478271484
167.10000610351562,175.5,177.3000030517578,159.8000030517578,175.10000610351562,176.6999969482422,174.39999389648438,2.9000000953674316,172.0,173.8000030517578,10.899999618530273,169.8000030517578,156.89999389648438,40.099998474121094,157.89999389648438,42.149410247802734,1.449451208114624,1.8643083572387695,0.8932874202728271,0.75226891040802,0.8205373883247375,24.908397674560547
166.5,176.39999389648438,174.89999389648438,159.89999389648438,174.8000030517578,176.6999969482422,174.10000610351562,2.299999952316284,173.10000610351562,174.89999389648438,11.300000190734863,170.8000030517578,155.89999389648438,41.0,157.1999969482422,41.75027084350586,1.4474347829818726,1.8634142875671387,0.8975095748901367,0.7554052472114563,0.8267236948013306,25.181453704833984
166.8000030517578,175.89999389648438,176.0,159.60000610351562,175.0,177.10000610351562,174.60000610351562,2.5,170.60000610351562,175.8000030517578,12.300000190734863,172.0,156.1999969482422,41.0,157.89999389648438,42.247962951660156,1.4507806301116943,1.8628809452056885,0.8982051014900208,0.7506880760192871,0.8262295722961426,25.74383544921875
166.8000030517578,176.10000610351562,178.8000030517578,160.39999389648438,174.39999389648438,176.60000610351562,173.5,1.2000000476837158,170.6999969482422,173.39999389648438,9.899999618530273,170.5,156.39999389648438,38.29999923706055,159.89999389648438,41.435081481933594,1.4447730779647827,1.864625334739685,0.8760448694229126,0.734993577003479,0.8085833191871643,25.550098419189453
166.6999969482422,176.8000030517578,176.0,160.0,174.60000610351562,176.6999969482422,174.8000030517578,3.0999999046325684,172.10000610351562,177.60000610351562,14.399999618530273,169.3000030517578,155.39999389648438,40.0,158.3000030517578,41.07310104370117,1.4339369535446167,1.8574334383010864,0.8725394606590271,0.731663167476654,0.8060566186904907,25.51654624938965
167.0,177.39999389648438,176.10000610351562,159.5,175.39999389648438,176.3000030517578,174.60000610351562,2.9000000953674316,172.6999969482422,177.1999969482422,14.100000381469727,170.60000610351562,155.8000030517578,41.70000076293945,156.89999389648438,41.30481719970703,1.4387423992156982,1.8628183603286743,0.8668667674064636,0.7291761636734009,0.7972320914268494,24.624414443969727
166.1999969482422,177.6999969482422,175.0,160.39999389648438,174.5,176.10000610351562,173.8000030517578,3.4000000953674316,173.3000030517578,176.3000030517578,13.800000190734863,171.0,155.89999389648438,41.400001525878906,158.0,39.96114730834961,1.435461163520813,1.8646880388259888,0.8621642589569092,0.7233052849769592,0.787238597869873,23.5770263671875
166.8000030517578,178.1999969482422,174.1999969482422,159.60000610351562,176.39999389648438,173.89999389648438,174.6999969482422,3.5999999046325684,174.6999969482422,178.89999389648438,14.899999618530273,171.1999969482422,155.89999389648438,40.20000076293945,157.60000610351562,41.11967086791992,1.4307968616485596,1.874600887298584,0.847988486289978,0.719443678855896,0.7902964353561401,24.117956161499023
166.89999389648438,177.89999389648438,174.6999969482422,159.6999969482422,175.3000030517578,176.5,174.8000030517578,4.0,173.3000030517578,177.8000030517578,15.199999809265137,170.3000030517578,156.10000610351562,40.79999923706055,156.8000030517578,40.764522552490234,1.4270306825637817,1.8652671575546265,0.8568772673606873,0.7199088335037231,0.7918399572372437,24.166257858276367
165.8000030517578,178.60000610351562,177.10000610351562,159.10000610351562,176.0,176.0,174.89999389648438,4.800000190734863,174.0,178.1999969482422,19.299999237060547,171.6999969482422,156.0,44.900001525878906,153.39999389648438,40.53240966796875,1.4298187494277954,1.8749761581420898,0.8570635914802551,0.7293886542320251,0.799954354763031,24.761938095092773
164.39999389648438,179.6999969482422,177.6999969482422,160.0,174.8000030517578,176.1999969482422,175.3000030517578,3.9000000953674316,173.0,178.39999389648438,17.700000762939453,174.0,154.89999389648438,43.900001525878906,154.60000610351562,38.06355285644531,1.4325562715530396,1.8730608224868774,0.8326850533485413,0.7058100700378418,0.7800179719924927,25.150745391845703
163.8000030517578,179.89999389648438,176.10000610351562,159.8000030517578,175.39999389648438,176.0,176.89999389648438,4.900000095367432,175.0,175.0,19.799999237060547,173.10000610351562,153.6999969482422,44.5,153.60000610351562,36.5908203125,1.4323842525482178,1.8625010251998901,0.7847567200660706,0.6593115329742432,0.7515149712562561,26.337766647338867
163.60000610351562,179.0,175.8000030517578,161.10000610351562,173.6999969482422,176.5,176.6999969482422,3.5999999046325684,175.39999389648438,174.39999389648438,18.700000762939453,173.39999389648438,153.5,41.0,157.0,34.73927307128906,1.427692174911499,1.849686622619629,0.7581276297569275,0.6269189715385437,0.725030243396759,26.357196807861328
163.89999389648438,179.10000610351562,176.6999969482422,161.3000030517578,173.3000030517578,176.60000610351562,176.0,3.700000047683716,174.89999389648438,177.1999969482422,17.100000381469727,172.39999389648438,153.1999969482422,42.79999923706055,156.5,34.66399383544922,1.4275906085968018,1.846906065940857,0.7666343450546265,0.6325175166130066,0.7281849384307861,25.363855361938477
163.39999389648438,178.89999389648438,179.3000030517578,160.39999389648438,174.6999969482422,176.60000610351562,176.89999389648438,3.5999999046325684,175.10000610351562,175.1999969482422,18.5,172.60000610351562,153.8000030517578,41.900001525878906,156.0,35.7386474609375,1.4378641843795776,1.850626826286316,0.7719444632530212,0.6391515135765076,0.7379115223884583,26.310935974121094
163.6999969482422,177.8000030517578,179.1999969482422,161.6999969482422,173.60000610351562,176.0,177.1999969482422,5.5,175.5,173.10000610351562,21.299999237060547,171.8000030517578,152.5,44.0,155.1999969482422,34.482662200927734,1.4282222986221313,1.8464006185531616,0.7910346984863281,0.6458375453948975,0.7452826499938965,26.285627365112305
164.3000030517578,176.6999969482422,179.1999969482422,161.6999969482422,175.0,175.1999969482422,177.3000030517578,4.800000190734863,176.5,172.60000610351562,20.799999237060547,171.3000030517578,153.1999969482422,41.0,157.1999969482422,34.948272705078125,1.4339839220046997,1.8420841693878174,0.7836639881134033,0.635384738445282,0.739595353603363,26.99754524230957
164.1999969482422,177.39999389648438,178.6999969482422,160.8000030517578,174.39999389648438,176.10000610351562,177.39999389648438,4.800000190734863,177.3000030517578,174.1999969482422,19.399999618530273,172.3000030517578,150.89999389648438,44.29999923706055,156.3000030517578,35.56222152709961,1.4403252601623535,1.8230671882629395,0.761834979057312,0.6265454292297363,0.7208611369132996,25.429353713989258
164.60000610351562,176.5,178.60000610351562,160.10000610351562,175.5,175.39999389648438,176.8000030517578,3.5999999046325684,175.8000030517578,175.39999389648438,18.299999237060547,171.6999969482422,151.89999389648438,41.400001525878906,159.89999389648438,36.59870147705078,1.436492681503296,1.8211349248886108,0.766849935054779,0.6308229565620422,0.7384979724884033,27.643808364868164
164.89999389648438,176.60000610351562,178.0,160.3000030517578,175.6999969482422,174.8000030517578,175.39999389648438,2.200000047683716,176.0,177.39999389648438,15.699999809265137,172.8000030517578,152.60000610351562,40.599998474121094,160.0,36.817543029785156,1.432554006576538,1.8189624547958374,0.7592028379440308,0.6228267550468445,0.730050802230835,26.87107276916504
165.0,176.89999389648438,177.3000030517578,159.39999389648438,176.0,175.39999389648438,176.8000030517578,4.599999904632568,177.39999389648438,175.39999389648438,19.5,170.39999389648438,153.1999969482422,45.400001525878906,153.39999389648438,37.51918411254883,1.4445680379867554,1.8214309215545654,0.7652698755264282,0.6379481554031372,0.7283473610877991,26.07258415222168
164.5,177.1999969482422,177.1999969482422,160.3000030517578,175.39999389648438,175.5,176.10000610351562,3.799999952316284,176.5,174.60000610351562,19.200000762939453,171.1999969482422,152.3000030517578,43.099998474121094,155.89999389648438,37.04405212402344,1.4443672895431519,1.841913104057312,0.7799568772315979,0.6455289721488953,0.7368019819259644,25.51833724975586
164.39999389648438,177.60000610351562,177.89999389648438,161.0,175.0,175.39999389648438,177.0,4.400000095367432,176.8000030517578,175.8000030517578,18.0,170.5,152.3000030517578,41.29999923706055,157.5,36.3918342590332,1.4380998611450195,1.8421341180801392,0.7821557521820068,0.6486595869064331,0.7533148527145386,26.542888641357422
164.39999389648438,177.1999969482422,177.10000610351562,160.0,175.60000610351562,175.10000610351562,175.89999389648438,3.5,176.6999969482422,175.39999389648438,18.399999618530273,172.10000610351562,151.60000610351562,43.099998474121094,157.0,37.41978454589844,1.4451731443405151,1.844724178314209,0.7787163853645325,0.6474570631980896,0.7410050630569458,26.322160720825195
165.0,175.6999969482422,175.6999969482422,160.60000610351562,175.0,175.3000030517578,175.6999969482422,3.700000047683716,176.5,173.89999389648438,19.700000762939453,171.89999389648438,154.39999389648438,41.900001525878906,156.0,37.218719482421875,1.4393693208694458,1.8417502641677856,0.7861667275428772,0.6504178047180176,0.7387096285820007,24.911653518676758
165.1999969482422,175.39999389648438,173.6999969482422,160.10000610351562,175.3000030517578,175.39999389648438,175.60000610351562,2.9000000953674316,175.5,175.3000030517578,18.0,172.60000610351562,154.39999389648438,40.400001525878906,158.10000610351562,37.97622299194336,1.4407646656036377,1.8466525077819824,0.7940587997436523,0.6527315378189087,0.7446207404136658,25.527057647705078
165.60000610351562,175.0,174.39999389648438,161.0,174.8000030517578,175.39999389648438,176.39999389648438,4.199999809265137,176.39999389648438,173.1999969482422,20.100000381469727,172.1999969482422,154.1999969482422,40.5,156.5,37.681697845458984,1.4345611333847046,1.849909782409668,0.800963819026947,0.6613042950630188,0.7558765411376953,26.12484359741211
165.5,176.0,176.0,160.0,175.8000030517578,174.60000610351562,175.89999389648438,3.9000000953674316,177.6999969482422,175.5,18.5,170.5,153.60000610351562,41.0,157.10000610351562,38.369850158691406,1.451993703842163,1.8503323793411255,0.7973141670227051,0.6610459685325623,0.7558048367500305,26.14238739013672
165.10000610351562,176.89999389648438,177.6999969482422,159.89999389648438,175.39999389648438,176.10000610351562,176.1999969482422,3.9000000953674316,175.60000610351562,176.3000030517578,18.399999618530273,171.10000610351562,152.5,43.099998474121094,156.1999969482422,38.377105712890625,1.446616768836975,1.855265498161316,0.8075644969940186,0.6740046739578247,0.7640049457550049,26.69293785095215
164.6999969482422,176.89999389648438,178.8000030517578,159.89999389648438,175.60000610351562,175.5,176.0,3.799999952316284,176.89999389648438,174.60000610351562,19.100000381469727,171.8000030517578,151.6999969482422,42.70000076293945,156.39999389648438,38.62541198730469,1.4537992477416992,1.8652609586715698,0.8014363050460815,0.6693887710571289,0.758487343788147,26.144819259643555
164.6999969482422,177.10000610351562,178.10000610351562,159.89999389648438,174.6999969482422,177.0,176.5,4.099999904632568,176.10000610351562,176.39999389648438,17.899999618530273,172.1999969482422,153.10000610351562,43.0,156.39999389648438,38.28593063354492,1.4512767791748047,1.8579140901565552,0.8056561350822449,0.6717942953109741,0.7556664943695068,25.90056037902832
165.1999969482422,177.89999389648438,177.3000030517578,160.60000610351562,175.6999969482422,174.5,176.8000030517578,4.300000190734863,177.3000030517578,175.0,18.700000762939453,172.3000030517578,152.10000610351562,42.20000076293945,157.0,37.590721130371094,1.4417307376861572,1.8472949266433716,0.7980690598487854,0.6557170748710632,0.7469026446342468,26.321746826171875
164.39999389648438,178.3000030517578,179.3000030517578,160.1999969482422,175.10000610351562,175.60000610351562,177.89999389648438,6.599999904632568,176.89999389648438,172.0,23.299999237060547,171.1999969482422,150.6999969482422,45.29999923706055,157.0,37.798274993896484,1.4540283679962158,1.8647147417068481,0.8091542720794678,0.6747959852218628,0.7602100372314453,25.4431209564209
164.0,178.0,177.89999389648438,159.89999389648438,175.39999389648438,176.0,177.39999389648438,5.400000095367432,176.89999389648438,172.6999969482422,21.799999237060547,171.1999969482422,152.6999969482422,42.79999923706055,156.3000030517578,38.2762565612793,1.449769377708435,1.8722020387649536,0.8267690539360046,0.6844304203987122,0.7700424790382385,25.784486770629883
165.0,177.3000030517578,179.39999389648438,159.6999969482422,176.0,176.0,177.89999389648438,6.599999904632568,177.60000610351562,173.1999969482422,22.600000381469727,170.39999389648438,152.10000610351562,45.29999923706055,153.8000030517578,38.55266189575195,1.4579778909683228,1.86472749710083,0.8209382891654968,0.6855413913726807,0.7630654573440552,25.151145935058594
