134.0,138.10000610351562,173.1999969482422,173.60000610351562,0.8999999761581421,175.60000610351562,179.89999389648438,8.0,164.1999969482422,168.6999969482422,7.599999904632568,179.8000030517578,119.19999694824219,67.0999984741211,163.5,39.17957305908203,1.2333033084869385,0.8323624134063721,0.8277565836906433,0.8457059860229492,0.632304847240448,28.30270767211914
134.10000610351562,137.6999969482422,172.3000030517578,173.8000030517578,1.0,174.5,179.89999389648438,8.0,166.5,170.39999389648438,6.099999904632568,178.5,116.19999694824219,69.69999694824219,163.10000610351562,38.84709167480469,1.2291743755340576,0.8368031978607178,0.8310155272483826,0.8490147590637207,0.6389076709747314,28.519262313842773
135.1999969482422,137.10000610351562,172.6999969482422,173.60000610351562,1.2000000476837158,171.60000610351562,178.6999969482422,7.800000190734863,164.89999389648438,172.39999389648438,5.300000190734863,177.0,122.5999984741211,58.79999923706055,167.60000610351562,35.410926818847656,1.2222267389297485,0.8337720632553101,0.8297210931777954,0.8284004926681519,0.6355543732643127,24.78255844116211
135.1999969482422,137.5,170.39999389648438,174.89999389648438,2.5999999046325684,173.10000610351562,177.10000610351562,3.700000047683716,167.1999969482422,175.6999969482422,0.10000000149011612,179.8000030517578,121.5,61.400001525878906,164.6999969482422,36.30116653442383,1.2254811525344849,0.8255208134651184,0.8276599049568176,0.8260107636451721,0.6308256983757019,23.765480041503906
134.5,136.60000610351562,173.39999389648438,172.8000030517578,1.7000000476837158,175.3000030517578,178.89999389648438,8.600000381469727,165.0,171.39999389648438,3.299999952316284,179.39999389648438,120.80000305175781,61.79999923706055,167.0,34.76534652709961,1.2347296476364136,0.8389719724655151,0.8461282849311829,0.8324454426765442,0.6160086989402771,26.60491180419922
135.1999969482422,136.5,170.60000610351562,175.60000610351562,2.299999952316284,175.39999389648438,177.6999969482422,3.799999952316284,166.60000610351562,176.60000610351562,2.4000000953674316,178.0,122.30000305175781,61.900001525878906,163.0,37.46815872192383,1.2204430103302002,0.8220730423927307,0.8202323317527771,0.8182854056358337,0.614472508430481,24.400001525878906
135.6999969482422,135.3000030517578,169.3000030517578,175.3000030517578,2.5,173.3000030517578,177.6999969482422,4.099999904632568,165.5,174.10000610351562,0.4000000059604645,179.3000030517578,112.9000015258789,70.0999984741211,166.89999389648438,35.289180755615234,1.2200934886932373,0.8395930528640747,0.8414230346679688,0.8423967957496643,0.6341897249221802,28.408472061157227
134.60000610351562,136.1999969482422,172.10000610351562,177.5,5.099999904632568,172.60000610351562,177.60000610351562,3.0,167.1999969482422,175.6999969482422,0.4000000059604645,178.8000030517578,111.0999984741211,71.80000305175781,164.8000030517578,36.088008880615234,1.234815239906311,0.8385634422302246,0.8410186171531677,0.8453076481819153,0.6349630355834961,27.87106704711914
135.8000030517578,134.6999969482422,169.89999389648438,175.89999389648438,2.4000000953674316,175.10000610351562,176.60000610351562,2.4000000953674316,167.6999969482422,177.3000030517578,3.700000047683716,176.60000610351562,108.5999984741211,75.5999984741211,163.10000610351562,36.955223083496094,1.2110768556594849,0.8103794455528259,0.8130922317504883,0.8050171732902527,0.607576847076416,28.321630477905273
136.10000610351562,136.39999389648438,168.8000030517578,177.8000030517578,5.0,171.6999969482422,176.1999969482422,2.4000000953674316,168.8000030517578,179.1999969482422,3.5999999046325684,178.5,108.19999694824219,74.19999694824219,161.89999389648438,37.14102554321289,1.2250138521194458,0.8047451972961426,0.8124338388442993,0.8124136328697205,0.5985589623451233,27.63446044921875
136.10000610351562,135.5,170.3000030517578,178.5,5.599999904632568,172.60000610351562,175.6999969482422,1.399999976158142,168.5,178.10000610351562,4.199999809265137,177.8000030517578,109.9000015258789,72.5999984741211,164.8000030517578,38.065895080566406,1.2217395305633545,0.8082010746002197,0.8240789175033569,0.8156362175941467,0.6073654294013977,27.32879066467285
136.3000030517578,134.3000030517578,171.89999389648438,180.0,4.900000095367432,174.60000610351562,175.89999389648438,1.7999999523162842,169.10000610351562,177.0,2.9000000953674316,177.8000030517578,105.80000305175781,77.0999984741211,164.6999969482422,37.3482551574707,1.2324583530426025,0.8167417049407959,0.8344665169715881,0.8252329230308533,0.608313262462616,28.950923919677734
135.39999389648438,136.1999969482422,173.60000610351562,177.3000030517578,10.100000381469727,172.6999969482422,175.0,1.399999976158142,170.10000610351562,180.0,7.199999809265137,176.3000030517578,101.9000015258789,81.19999694824219,163.39999389648438,41.67718505859375,1.2060164213180542,0.8046636581420898,0.8234283924102783,0.8029603958129883,0.595212996006012,30.161603927612305
137.39999389648438,136.1999969482422,168.8000030517578,176.6999969482422,19.600000381469727,164.6999969482422,169.3000030517578,10.300000190734863,177.60000610351562,170.5,18.100000381469727,171.8000030517578,116.30000305175781,62.599998474121094,166.6999969482422,37.34772491455078,1.2046699523925781,0.799289882183075,0.8083798289299011,0.8001973628997803,0.5960949659347534,20.56159782409668
136.89999389648438,136.1999969482422,170.60000610351562,176.10000610351562,20.200000762939453,164.6999969482422,168.0,11.300000190734863,177.10000610351562,169.1999969482422,19.5,171.3000030517578,115.69999694824219,64.9000015258789,163.60000610351562,40.26816177368164,1.2125555276870728,0.7832996249198914,0.8039715886116028,0.8092546463012695,0.5952728986740112,20.615312576293945
139.60000610351562,135.6999969482422,170.5,174.5,20.600000381469727,166.5,167.60000610351562,11.399999618530273,176.60000610351562,172.1999969482422,17.5,169.3000030517578,124.0,54.5,166.8000030517578,40.405418395996094,1.2136696577072144,0.7970231771469116,0.818518877029419,0.8052860498428345,0.6070294976234436,18.392353057861328
138.10000610351562,136.5,170.0,176.89999389648438,18.100000381469727,165.6999969482422,168.0,11.0,175.3000030517578,170.5,18.799999237060547,171.0,118.30000305175781,61.900001525878906,164.3000030517578,37.97481918334961,1.2169455289840698,0.799077033996582,0.8230465054512024,0.8131657838821411,0.6079825758934021,20.302780151367188
136.5,137.10000610351562,171.89999389648438,175.89999389648438,16.799999237060547,169.10000610351562,168.39999389648438,10.5,173.10000610351562,174.6999969482422,16.0,174.0,115.0,70.30000305175781,164.8000030517578,37.56150817871094,1.2265921831130981,0.8194991946220398,0.83861243724823,0.8252032995223999,0.6109654903411865,23.12085723876953
136.5,136.8000030517578,171.0,176.89999389648438,16.200000762939453,166.3000030517578,171.1999969482422,7.0,174.6999969482422,175.10000610351562,13.600000381469727,178.1999969482422,111.30000305175781,74.5,164.8000030517578,36.12609100341797,1.2431893348693848,0.8198139071464539,0.841081440448761,0.8091017007827759,0.5824610590934753,23.392942428588867
135.0,136.5,173.39999389648438,177.10000610351562,11.5,173.39999389648438,176.3000030517578,0.4000000059604645,169.39999389648438,179.1999969482422,10.5,176.89999389648438,112.4000015258789,84.0,156.89999389648438,38.58248519897461,1.2191283702850342,0.8456653356552124,0.8496237397193909,0.7803123593330383,0.5921387672424316,25.618593215942383
134.6999969482422,138.39999389648438,171.3000030517578,175.5,3.9000000953674316,171.89999389648438,179.60000610351562,3.299999952316284,170.3000030517578,178.5,9.899999618530273,178.8000030517578,116.5999984741211,77.9000015258789,157.60000610351562,36.74090576171875,1.2206077575683594,0.8319472670555115,0.8304598331451416,0.7990357279777527,0.5919037461280823,24.367982864379883
133.6999969482422,138.60000610351562,171.5,178.39999389648438,8.0,171.1999969482422,178.0,2.4000000953674316,170.60000610351562,176.89999389648438,10.699999809265137,178.5,120.30000305175781,72.5,157.60000610351562,38.20232009887695,1.224401593208313,0.8365317583084106,0.8437213897705078,0.812256395816803,0.5927573442459106,22.363224029541016
133.0,140.89999389648438,169.89999389648438,176.10000610351562,4.400000095367432,173.3000030517578,179.0,2.700000047683716,170.60000610351562,177.10000610351562,11.199999809265137,176.8000030517578,122.0,71.0,155.3000030517578,37.995521545410156,1.2212179899215698,0.8230264186859131,0.8182749152183533,0.7998469471931458,0.585181474685669,21.839805603027344
131.60000610351562,139.8000030517578,170.60000610351562,173.3000030517578,0.5,178.89999389648438,175.0,3.200000047683716,172.5,171.0,15.5,175.1999969482422,125.5,68.30000305175781,152.39999389648438,35.723731994628906,1.212277889251709,0.8350500464439392,0.8165552020072937,0.811614453792572,0.617975115776062,18.553295135498047
133.3000030517578,136.6999969482422,169.0,174.60000610351562,8.5,170.8000030517578,171.5,8.800000190734863,174.60000610351562,170.3000030517578,19.0,173.8000030517578,128.60000610351562,64.30000305175781,152.3000030517578,34.0289421081543,1.2097092866897583,0.8320478200912476,0.8213982582092285,0.8076295256614685,0.6458114385604858,14.833617210388184
135.10000610351562,135.10000610351562,170.6999969482422,170.1999969482422,2.799999952316284,173.3000030517578,176.60000610351562,3.0,169.10000610351562,173.89999389648438,14.0,178.3000030517578,130.89999389648438,61.099998474121094,154.60000610351562,31.180471420288086,1.193971872329712,0.8350192308425903,0.8083187341690063,0.7906909584999084,0.6365146040916443,16.236061096191406
132.6999969482422,137.39999389648438,174.5,164.6999969482422,9.5,179.0,179.3000030517578,5.199999809265137,167.60000610351562,179.60000610351562,6.5,178.0,136.89999389648438,53.599998474121094,159.0,34.64414596557617,1.2038755416870117,0.8262081742286682,0.7944031953811646,0.7893120646476746,0.6161791682243347,17.15109634399414
131.5,139.1999969482422,174.0,166.0,10.899999618530273,177.0,179.1999969482422,4.199999809265137,167.60000610351562,179.39999389648438,6.199999809265137,177.10000610351562,135.6999969482422,56.900001525878906,156.89999389648438,34.92034149169922,1.2012407779693604,0.8348520994186401,0.8030339479446411,0.7925121188163757,0.6236490607261658,19.395551681518555
131.60000610351562,138.1999969482422,173.60000610351562,167.10000610351562,8.0,179.1999969482422,179.8000030517578,3.5,167.6999969482422,179.5,7.800000190734863,176.3000030517578,132.8000030517578,60.79999923706055,155.89999389648438,35.436519622802734,1.210180640220642,0.832989513874054,0.8016173839569092,0.7896129488945007,0.6196088194847107,19.82613754272461
132.1999969482422,138.10000610351562,173.39999389648438,170.60000610351562,5.5,178.6999969482422,178.39999389648438,0.699999988079071,170.1999969482422,178.10000610351562,9.100000381469727,176.5,126.0999984741211,65.5,155.89999389648438,36.19997024536133,1.207098364830017,0.8271523714065552,0.8083414435386658,0.7998890280723572,0.6136824488639832,22.4588565826416
132.5,138.39999389648438,172.1999969482422,170.1999969482422,4.599999904632568,179.5,177.89999389648438,0.20000000298023224,168.89999389648438,177.10000610351562,10.699999809265137,174.6999969482422,122.0,71.5,152.10000610351562,36.17865753173828,1.2037334442138672,0.8214232921600342,0.7923732995986938,0.791500449180603,0.6186324954032898,23.50886344909668
133.39999389648438,137.0,171.10000610351562,169.39999389648438,4.699999809265137,178.0,180.0,2.5,168.1999969482422,178.0,8.199999809265137,178.60000610351562,121.4000015258789,69.5,156.89999389648438,35.45320129394531,1.2001093626022339,0.8264070153236389,0.8011643290519714,0.7862166166305542,0.6079902052879333,22.95380210876465
133.6999969482422,137.5,170.3000030517578,170.89999389648438,3.5999999046325684,178.5,176.89999389648438,0.0,169.39999389648438,176.39999389648438,10.199999809265137,177.6999969482422,123.4000015258789,68.0,155.39999389648438,35.949459075927734,1.2082278728485107,0.8272563815116882,0.808144748210907,0.8039875626564026,0.6187758445739746,21.6717529296875
132.39999389648438,137.10000610351562,173.39999389648438,172.10000610351562,0.10000000149011612,177.3000030517578,175.89999389648438,2.799999952316284,170.6999969482422,175.5,13.800000190734863,174.1999969482422,125.80000305175781,67.5999984741211,153.10000610351562,36.54275131225586,1.2073390483856201,0.8275298476219177,0.8129159808158875,0.8046442866325378,0.6306540369987488,20.197412490844727
132.6999969482422,138.0,171.3000030517578,169.0,4.300000190734863,178.5,178.10000610351562,0.4000000059604645,170.39999389648438,176.8000030517578,12.100000381469727,173.39999389648438,126.80000305175781,66.9000015258789,150.3000030517578,36.387516021728516,1.2051047086715698,0.8194943070411682,0.806465208530426,0.8018877506256104,0.6286559700965881,20.984241485595703
133.1999969482422,137.8000030517578,172.5,171.6999969482422,0.800000011920929,177.1999969482422,177.0,1.7999999523162842,169.39999389648438,176.60000610351562,12.0,175.3000030517578,123.0999984741211,69.69999694824219,153.5,36.585411071777344,1.2063149213790894,0.819261372089386,0.8106617331504822,0.7992092370986938,0.6251713633537292,21.91872787475586
133.39999389648438,137.89999389648438,172.3000030517578,171.10000610351562,2.0,178.10000610351562,178.6999969482422,0.0,170.60000610351562,179.8000030517578,10.300000190734863,174.6999969482422,127.0999984741211,65.69999694824219,152.8000030517578,36.13948059082031,1.210141897201538,0.8307448029518127,0.8279824256896973,0.8064258694648743,0.6251099705696106,21.725950241088867
132.8000030517578,138.8000030517578,172.5,173.39999389648438,0.6000000238418579,178.1999969482422,175.3000030517578,4.800000190734863,173.3000030517578,174.0,14.300000190734863,174.89999389648438,124.30000305175781,69.80000305175781,150.0,36.01193618774414,1.210792899131775,0.8318806290626526,0.8187025189399719,0.8019431233406067,0.6186063885688782,20.942089080810547
133.6999969482422,138.3000030517578,169.6999969482422,172.39999389648438,1.0,174.3000030517578,175.3000030517578,3.4000000953674316,173.39999389648438,174.0,14.600000381469727,176.0,121.30000305175781,70.0,155.3000030517578,36.68963623046875,1.2046653032302856,0.8255508542060852,0.8099289536476135,0.7984827756881714,0.6065773963928223,21.878860473632812
133.10000610351562,136.5,171.6999969482422,169.39999389648438,3.799999952316284,177.8000030517578,178.0,0.4000000059604645,169.6999969482422,176.6999969482422,12.100000381469727,175.3000030517578,122.0999984741211,72.19999694824219,152.5,34.91032409667969,1.19918692111969,0.8234813213348389,0.8028320074081421,0.7928491234779358,0.6187092065811157,22.56881332397461
132.0,136.39999389648438,173.39999389648438,169.5,6.0,178.39999389648438,179.89999389648438,3.0999999046325684,169.6999969482422,177.60000610351562,4.800000190734863,177.0,124.5,68.4000015258789,155.89999389648438,36.06342697143555,1.2159117460250854,0.8449122309684753,0.8200673460960388,0.83122718334198,0.6397280693054199,24.41412925720215
131.39999389648438,137.0,174.39999389648438,169.3000030517578,6.699999809265137,178.8000030517578,179.60000610351562,3.5999999046325684,166.1999969482422,176.3000030517578,4.199999809265137,178.0,129.3000030517578,63.900001525878906,157.1999969482422,35.07917785644531,1.2181077003479004,0.8585845232009888,0.8229866623878479,0.829759955406189,0.6401979327201843,23.240034103393555
131.6999969482422,137.39999389648438,171.10000610351562,166.5,11.899999618530273,177.39999389648438,178.89999389648438,6.5,168.10000610351562,176.6999969482422,3.4000000953674316,176.39999389648438,122.30000305175781,72.5,151.8000030517578,36.10829162597656,1.2155346870422363,0.8420887589454651,0.8247336149215698,0.8400671482086182,0.6457591652870178,25.875038146972656
132.6999969482422,136.1999969482422,175.1999969482422,173.60000610351562,3.799999952316284,180.0,178.6999969482422,3.0,169.5,177.60000610351562,5.699999809265137,176.1999969482422,128.0,68.0999984741211,153.39999389648438,38.895267486572266,1.2175405025482178,0.8176340460777283,0.8217315673828125,0.8260251879692078,0.6553955078125,22.640764236450195
132.8000030517578,138.60000610351562,172.89999389648438,174.10000610351562,2.299999952316284,178.3000030517578,178.0,2.700000047683716,170.10000610351562,178.6999969482422,9.5,174.5,129.5,69.5999984741211,146.89999389648438,40.876487731933594,1.2081971168518066,0.7973119616508484,0.8360907435417175,0.823744535446167,0.6411438584327698,23.082237243652344
133.5,133.6999969482422,170.39999389648438,173.39999389648438,4.800000190734863,179.39999389648438,179.39999389648438,4.400000095367432,167.60000610351562,176.8000030517578,8.5,174.5,115.0999984741211,84.9000015258789,150.89999389648438,36.62570571899414,1.194549322128296,0.8365461826324463,0.8672394752502441,0.8470461368560791,0.6664400100708008,28.499370574951172
133.60000610351562,135.89999389648438,171.10000610351562,174.60000610351562,2.799999952316284,178.89999389648438,177.39999389648438,4.400000095367432,169.0,176.6999969482422,8.100000381469727,176.6999969482422,111.0,90.5,145.89999389648438,35.4260368347168,1.1999913454055786,0.8446374535560608,0.8723110556602478,0.8483691215515137,0.6600133180618286,30.885669708251953
132.89999389648438,134.10000610351562,169.3000030517578,177.6999969482422,0.0,176.89999389648438,180.0,1.899999976158142,171.5,179.1999969482422,13.0,174.6999969482422,106.0,95.9000015258789,142.0,35.75468444824219,1.2012169361114502,0.8558754920959473,0.8835973143577576,0.838627278804779,0.6509761214256287,30.434146881103516
133.60000610351562,131.1999969482422,171.8000030517578,178.6999969482422,7.5,173.89999389648438,177.1999969482422,4.099999904632568,173.3000030517578,177.39999389648438,16.700000762939453,171.5,103.30000305175781,97.5,141.10000610351562,34.29496383666992,1.204276442527771,0.8554530143737793,0.8743331432342529,0.8465852737426758,0.6656363606452942,30.533689498901367
132.10000610351562,130.39999389648438,175.1999969482422,179.39999389648438,10.699999809265137,173.5,176.39999389648438,3.5999999046325684,170.6999969482422,175.10000610351562,18.700000762939453,174.39999389648438,107.19999694824219,93.19999694824219,149.5,37.20041275024414,1.1804156303405762,0.8549245595932007,0.8714519739151001,0.8338581323623657,0.6694328784942627,27.535863876342773
132.3000030517578,130.60000610351562,177.1999969482422,179.10000610351562,15.0,170.3000030517578,175.89999389648438,4.5,169.10000610351562,179.0,13.100000381469727,176.3000030517578,108.19999694824219,91.9000015258789,151.60000610351562,37.81471252441406,1.1844992637634277,0.8610418438911438,0.8631346821784973,0.8625418543815613,0.6890568733215332,28.19469451904297
132.60000610351562,132.39999389648438,175.89999389648438,178.39999389648438,9.899999618530273,174.39999389648438,177.0,2.299999952316284,170.10000610351562,179.39999389648438,12.100000381469727,173.10000610351562,111.9000015258789,88.5999984741211,148.8000030517578,42.62367248535156,1.1833727359771729,0.8141928911209106,0.8304755687713623,0.8344362378120422,0.6676195859909058,26.78424644470215
134.10000610351562,130.89999389648438,174.39999389648438,177.6999969482422,14.100000381469727,171.8000030517578,176.8000030517578,3.0999999046325684,170.5,177.39999389648438,15.899999618530273,174.39999389648438,113.19999694824219,86.4000015258789,148.39999389648438,38.11928176879883,1.2018834352493286,0.8274624943733215,0.8489763140678406,0.8145682215690613,0.633684515953064,25.008319854736328
133.6999969482422,130.3000030517578,173.39999389648438,179.1999969482422,12.100000381469727,173.60000610351562,176.0,3.4000000953674316,172.3000030517578,175.8000030517578,17.799999237060547,172.39999389648438,103.80000305175781,95.30000305175781,150.39999389648438,38.694122314453125,1.2015830278396606,0.8263450860977173,0.8520563840866089,0.8143319487571716,0.6284459829330444,27.125171661376953
135.60000610351562,131.8000030517578,171.89999389648438,179.10000610351562,8.100000381469727,175.89999389648438,177.10000610351562,0.4000000059604645,168.89999389648438,178.10000610351562,13.300000190734863,175.60000610351562,114.0999984741211,84.9000015258789,150.6999969482422,41.42967987060547,1.1770050525665283,0.798508882522583,0.8222302794456482,0.7841518521308899,0.6137672066688538,24.07927894592285
134.10000610351562,133.0,172.3000030517578,178.1999969482422,11.600000381469727,173.89999389648438,177.8000030517578,0.0,170.89999389648438,176.60000610351562,15.399999618530273,174.8000030517578,112.5,85.4000015258789,151.5,41.678314208984375,1.1976515054702759,0.8088521361351013,0.830070972442627,0.7901285886764526,0.6046934127807617,24.732391357421875
133.3000030517578,134.5,173.89999389648438,178.5,8.800000190734863,174.89999389648438,176.1999969482422,0.30000001192092896,170.6999969482422,176.10000610351562,16.799999237060547,171.10000610351562,109.9000015258789,83.5999984741211,152.10000610351562,43.77321243286133,1.1967051029205322,0.7748430371284485,0.8111164569854736,0.8129757642745972,0.595890462398529,27.149620056152344
134.39999389648438,135.60000610351562,171.5,175.39999389648438,4.900000095367432,174.10000610351562,179.5,4.699999809265137,168.60000610351562,175.5,12.399999618530273,178.10000610351562,109.9000015258789,85.19999694824219,154.6999969482422,40.828521728515625,1.2000359296798706,0.8072574138641357,0.8259018659591675,0.782313883304596,0.5871551036834717,25.623004913330078
134.8000030517578,134.5,171.60000610351562,177.89999389648438,4.699999809265137,179.1999969482422,177.8000030517578,3.200000047683716,169.39999389648438,176.6999969482422,14.800000190734863,172.10000610351562,110.9000015258789,82.80000305175781,155.0,44.19991683959961,1.173209547996521,0.789603054523468,0.8138126134872437,0.7774593830108643,0.5884235501289368,25.391124725341797
137.1999969482422,135.3000030517578,168.60000610351562,178.10000610351562,6.300000190734863,174.6999969482422,177.0,1.7000000476837158,169.8000030517578,174.3000030517578,12.699999809265137,179.10000610351562,121.19999694824219,72.5,156.5,41.845577239990234,1.1729240417480469,0.8130221366882324,0.8235610723495483,0.7627002000808716,0.6056448221206665,19.70840072631836
139.1999969482422,134.10000610351562,165.1999969482422,175.39999389648438,1.7000000476837158,178.3000030517578,175.8000030517578,0.10000000149011612,171.8000030517578,173.3000030517578,13.600000381469727,176.0,125.30000305175781,72.4000015258789,152.8000030517578,42.424808502197266,1.1418298482894897,0.8037893176078796,0.8024030923843384,0.7509205937385559,0.639378011226654,17.023576736450195
137.6999969482422,135.0,166.10000610351562,177.6999969482422,3.0,178.8000030517578,173.3000030517578,0.4000000059604645,170.8000030517578,174.0,12.899999618530273,176.5,124.9000015258789,65.0,159.3000030517578,41.561866760253906,1.1458356380462646,0.7992186546325684,0.8192586302757263,0.7435942888259888,0.5959060192108154,17.69627571105957
137.6999969482422,133.6999969482422,165.3000030517578,177.39999389648438,1.5,175.60000610351562,172.0,1.7999999523162842,173.39999389648438,175.5,15.100000381469727,170.5,125.30000305175781,64.5,158.5,41.711952209472656,1.1359846591949463,0.7791807651519775,0.8180078864097595,0.770581841468811,0.6178243160247803,19.140405654907227
139.60000610351562,134.39999389648438,164.5,178.5,7.900000095367432,177.5,170.10000610351562,3.700000047683716,173.89999389648438,171.10000610351562,14.399999618530273,177.3000030517578,131.39999389648438,58.099998474121094,158.5,43.36932373046875,1.1241583824157715,0.7789691686630249,0.8119382262229919,0.7693299651145935,0.630720853805542,14.270218849182129
138.6999969482422,136.6999969482422,166.10000610351562,172.39999389648438,13.0,179.5,168.8000030517578,4.0,175.1999969482422,170.10000610351562,16.0,176.60000610351562,126.9000015258789,66.5,157.39999389648438,50.00899124145508,1.145359992980957,0.7827125787734985,0.8347334265708923,0.7818390727043152,0.6534135341644287,15.921219825744629
138.5,135.3000030517578,163.60000610351562,175.3000030517578,9.800000190734863,179.10000610351562,172.0,1.0,171.0,172.89999389648438,13.600000381469727,176.89999389648438,128.6999969482422,67.0999984741211,154.89999389648438,50.533103942871094,1.1449017524719238,0.7830578088760376,0.834355354309082,0.7616243958473206,0.6576839089393616,15.079822540283203
135.89999389648438,136.60000610351562,169.6999969482422,175.89999389648438,16.700000762939453,172.6999969482422,171.89999389648438,6.5,171.8000030517578,169.3000030517578,22.200000762939453,177.1999969482422,125.30000305175781,70.80000305175781,152.3000030517578,41.10269546508789,1.1980206966400146,0.8191659450531006,0.838834285736084,0.7548273801803589,0.6483822464942932,14.443181991577148
137.8000030517578,136.5,169.60000610351562,165.0,28.0,168.6999969482422,168.6999969482422,8.5,173.1999969482422,172.3000030517578,16.5,179.1999969482422,123.9000015258789,71.9000015258789,155.5,47.00592041015625,1.2066524028778076,0.7920539975166321,0.8051778674125671,0.7140655517578125,0.634169340133667,13.413326263427734
140.60000610351562,136.0,171.10000610351562,163.39999389648438,30.600000381469727,167.8000030517578,165.60000610351562,14.0,179.6999969482422,168.1999969482422,17.299999237060547,179.39999389648438,130.8000030517578,59.099998474121094,157.3000030517578,44.89988327026367,1.1945096254348755,0.8135731220245361,0.8374138474464417,0.8176302909851074,0.725334107875824,11.394875526428223
139.0,135.3000030517578,168.0,173.0,23.700000762939453,165.89999389648438,170.60000610351562,7.300000190734863,172.6999969482422,173.0,15.0,178.3000030517578,130.39999389648438,64.19999694824219,153.39999389648438,42.54178237915039,1.2058504819869995,0.8095112442970276,0.8330615162849426,0.8145707249641418,0.6878209710121155,14.06491470336914
136.60000610351562,134.0,167.3000030517578,169.5,24.899999618530273,168.89999389648438,167.89999389648438,14.199999809265137,176.8000030517578,171.89999389648438,18.700000762939453,173.10000610351562,133.60000610351562,66.19999694824219,144.39999389648438,43.79868698120117,1.2002248764038086,0.7900416851043701,0.8157252669334412,0.8133962154388428,0.7027438879013062,12.339054107666016
137.3000030517578,133.39999389648438,167.39999389648438,169.1999969482422,27.0,166.8000030517578,167.8000030517578,14.5,177.1999969482422,172.8000030517578,17.799999237060547,174.1999969482422,134.60000610351562,66.4000015258789,143.6999969482422,44.061527252197266,1.2021960020065308,0.7811092138290405,0.8112208843231201,0.8037775158882141,0.7022485136985779,12.053672790527344
133.60000610351562,135.89999389648438,171.60000610351562,170.89999389648438,23.399999618530273,170.1999969482422,170.6999969482422,10.899999618530273,176.3000030517578,175.10000610351562,18.299999237060547,171.8000030517578,131.0,71.5,145.8000030517578,42.249595642089844,1.206733226776123,0.8250453472137451,0.8508502244949341,0.8157094120979309,0.6934399604797363,14.585238456726074
135.8000030517578,132.6999969482422,168.6999969482422,173.1999969482422,20.200000762939453,171.10000610351562,173.39999389648438,7.599999904632568,174.10000610351562,178.3000030517578,14.399999618530273,176.0,118.5,82.19999694824219,147.89999389648438,39.56055450439453,1.178844928741455,0.8457133173942566,0.8744602203369141,0.8291349411010742,0.7098477482795715,20.106355667114258
134.3000030517578,133.10000610351562,172.89999389648438,177.0,12.300000190734863,176.1999969482422,177.1999969482422,1.7999999523162842,167.1999969482422,179.6999969482422,11.399999618530273,176.60000610351562,120.69999694824219,81.4000015258789,146.0,40.423824310302734,1.1869012117385864,0.8440075516700745,0.856265127658844,0.8305728435516357,0.701202929019928,20.903709411621094
135.8000030517578,129.39999389648438,174.0,176.3000030517578,13.399999618530273,173.6999969482422,175.3000030517578,3.0999999046325684,170.6999969482422,179.39999389648438,11.0,175.10000610351562,120.0999984741211,79.80000305175781,147.1999969482422,43.31079864501953,1.2070460319519043,0.8221494555473328,0.8394858837127686,0.8160715103149414,0.6853778958320618,19.727502822875977
133.89999389648438,132.0,175.1999969482422,175.10000610351562,15.0,173.60000610351562,176.60000610351562,2.4000000953674316,168.39999389648438,179.1999969482422,12.0,176.8000030517578,123.0,80.69999694824219,146.89999389648438,42.295650482177734,1.202775239944458,0.8447767496109009,0.8559812307357788,0.8304999470710754,0.7030912041664124,19.781295776367188
136.1999969482422,133.89999389648438,169.8000030517578,167.1999969482422,28.100000381469727,168.10000610351562,170.60000610351562,9.600000381469727,173.60000610351562,173.3000030517578,17.799999237060547,176.0,118.9000015258789,80.5,150.60000610351562,41.78475570678711,1.1911746263504028,0.8442637920379639,0.8714695572853088,0.7881536483764648,0.6787208914756775,17.531105041503906
137.0,134.6999969482422,169.39999389648438,165.89999389648438,28.899999618530273,168.89999389648438,167.10000610351562,15.0,179.10000610351562,170.1999969482422,22.200000762939453,171.0,111.5,87.19999694824219,142.6999969482422,40.6124267578125,1.212011694908142,0.8315485119819641,0.8651371598243713,0.7877292633056641,0.6855026483535767,20.11194610595703
139.39999389648438,133.0,170.0,162.6999969482422,39.20000076293945,161.3000030517578,164.10000610351562,21.5,178.5,164.89999389648438,26.100000381469727,176.1999969482422,106.0999984741211,88.69999694824219,150.60000610351562,40.8035774230957,1.1924985647201538,0.8358389139175415,0.8578703999519348,0.8015536665916443,0.6824098229408264,19.46959686279297
139.1999969482422,132.10000610351562,166.8000030517578,165.3000030517578,36.70000076293945,161.8000030517578,165.3000030517578,20.399999618530273,177.5,163.10000610351562,28.399999618530273,173.0,104.4000015258789,92.30000305175781,141.5,38.550315856933594,1.2021437883377075,0.8242793679237366,0.8469565510749817,0.7920392155647278,0.6651415824890137,21.29881477355957
138.5,131.39999389648438,170.6999969482422,162.60000610351562,41.20000076293945,161.60000610351562,164.60000610351562,21.600000381469727,178.0,166.0,24.200000762939453,175.0,106.4000015258789,91.9000015258789,145.39999389648438,39.885581970214844,1.1938234567642212,0.8349668979644775,0.8552594780921936,0.7838974595069885,0.6628192067146301,20.075912475585938
138.0,129.60000610351562,169.89999389648438,164.89999389648438,36.900001525878906,163.89999389648438,162.8000030517578,23.5,175.5,162.8000030517578,32.0,167.3000030517578,104.80000305175781,91.0999984741211,142.8000030517578,39.249176025390625,1.190193772315979,0.8215883374214172,0.8464368581771851,0.8212119936943054,0.6707478165626526,20.928438186645508
137.39999389648438,130.10000610351562,170.10000610351562,164.1999969482422,40.20000076293945,161.89999389648438,163.1999969482422,23.399999618530273,175.89999389648438,162.5,30.0,172.0,100.19999694824219,96.5,144.8000030517578,37.94852066040039,1.1869004964828491,0.8386490345001221,0.8528295755386353,0.8113416433334351,0.6710175275802612,21.89004135131836
138.8000030517578,129.3000030517578,169.3000030517578,163.60000610351562,40.70000076293945,161.6999969482422,160.5,26.399999618530273,173.10000610351562,158.8000030517578,34.400001525878906,168.10000610351562,95.9000015258789,98.9000015258789,142.1999969482422,37.02204132080078,1.1937732696533203,0.8345922827720642,0.8527792096138,0.8296868205070496,0.6595281958580017,23.23646354675293
135.8000030517578,130.39999389648438,170.10000610351562,164.60000610351562,41.099998474121094,161.3000030517578,160.60000610351562,27.200000762939453,173.1999969482422,157.0,36.29999923706055,166.60000610351562,96.30000305175781,98.0999984741211,137.6999969482422,36.97495651245117,1.2050821781158447,0.8310208320617676,0.845307469367981,0.8127065300941467,0.6602379083633423,22.433231353759766
137.89999389648438,128.89999389648438,169.60000610351562,162.1999969482422,42.0,160.6999969482422,160.5,27.600000381469727,173.5,155.89999389648438,36.099998474121094,168.60000610351562,98.30000305175781,97.5999984741211,139.1999969482422,37.546165466308594,1.1762715578079224,0.837807297706604,0.8554243445396423,0.8011685013771057,0.6717032194137573,20.815570831298828
137.89999389648438,129.39999389648438,170.3000030517578,161.39999389648438,43.5,160.6999969482422,159.10000610351562,28.5,173.3000030517578,156.0,35.599998474121094,169.0,93.19999694824219,100.5999984741211,141.3000030517578,38.857234954833984,1.1885331869125366,0.8268142342567444,0.8398683667182922,0.8032740950584412,0.6670247912406921,21.411924362182617
137.3000030517578,128.1999969482422,168.3000030517578,161.60000610351562,42.400001525878906,162.0,159.1999969482422,28.600000381469727,173.60000610351562,156.6999969482422,36.0,167.60000610351562,94.9000015258789,98.9000015258789,137.6999969482422,38.481292724609375,1.1841752529144287,0.8190558552742004,0.8306796550750732,0.7951809763908386,0.6692020297050476,21.479934692382812
138.0,129.1999969482422,170.60000610351562,163.1999969482422,39.599998474121094,162.5,164.60000610351562,22.600000381469727,175.60000610351562,159.5,31.899999618530273,171.39999389648438,97.9000015258789,97.0999984741211,143.10000610351562,39.306129455566406,1.199488639831543,0.8253280520439148,0.8467696309089661,0.7920308709144592,0.6714701056480408,19.859949111938477
138.0,137.0,173.0,161.8000030517578,34.70000076293945,166.0,165.6999969482422,17.200000762939453,179.89999389648438,173.0,16.700000762939453,175.8000030517578,122.0,73.4000015258789,149.1999969482422,39.660423278808594,1.21645987033844,0.8663855791091919,0.8969790935516357,0.9040305614471436,0.7987242341041565,15.658560752868652
133.3000030517578,133.3000030517578,175.89999389648438,177.10000610351562,12.899999618530273,175.8000030517578,177.3000030517578,2.200000047683716,170.1999969482422,180.0,11.199999809265137,175.10000610351562,125.0,77.5,143.39999389648438,41.21798324584961,1.2305301427841187,0.8557230830192566,0.886346697807312,0.8729078769683838,0.7181814312934875,19.175003051757812
133.3000030517578,139.0,168.0,164.5,6.199999809265137,178.6999969482422,175.6999969482422,10.199999809265137,158.3000030517578,164.5,12.899999618530273,165.5,148.1999969482422,36.29999923706055,165.3000030517578,39.89985656738281,1.2181957960128784,0.8156116604804993,0.8440569639205933,0.8377512097358704,0.7546088099479675,13.070055961608887
131.10000610351562,138.39999389648438,170.89999389648438,155.1999969482422,16.799999237060547,179.10000610351562,167.8000030517578,17.799999237060547,157.39999389648438,154.8000030517578,23.200000762939453,162.60000610351562,151.39999389648438,33.29999923706055,169.8000030517578,40.44447326660156,1.2265429496765137,0.820178747177124,0.8359453678131104,0.8484393954277039,0.7530717849731445,15.366868019104004
129.89999389648438,136.8000030517578,175.5,153.3000030517578,17.600000381469727,178.39999389648438,164.3000030517578,18.100000381469727,160.3000030517578,157.0,18.5,166.10000610351562,146.1999969482422,40.5,169.1999969482422,39.313533782958984,1.2534968852996826,0.8277255892753601,0.8318623900413513,0.84758460521698,0.7421544790267944,16.27934455871582
129.8000030517578,136.39999389648438,174.8000030517578,146.8000030517578,24.600000381469727,179.6999969482422,163.3000030517578,20.100000381469727,158.6999969482422,152.8000030517578,22.299999237060547,165.60000610351562,147.6999969482422,38.599998474121094,171.1999969482422,40.25248718261719,1.2769277095794678,0.806607723236084,0.8335182666778564,0.8257245421409607,0.716213583946228,16.49940299987793
129.5,135.5,175.89999389648438,146.60000610351562,26.5,175.3000030517578,163.0,21.700000762939453,154.5,153.60000610351562,22.5,164.60000610351562,145.6999969482422,39.400001525878906,173.89999389648438,36.3582878112793,1.2778935432434082,0.8355658054351807,0.8429896235466003,0.8353234529495239,0.7235055565834045,17.851158142089844
130.1999969482422,135.60000610351562,174.60000610351562,153.60000610351562,16.5,177.10000610351562,164.0,19.0,158.5,152.60000610351562,22.399999618530273,166.6999969482422,146.39999389648438,39.099998474121094,171.89999389648438,38.67303466796875,1.2608575820922852,0.8326767683029175,0.8446956276893616,0.8397859930992126,0.7369179129600525,17.076248168945312
133.6999969482422,137.39999389648438,172.89999389648438,153.89999389648438,18.399999618530273,178.89999389648438,167.60000610351562,15.300000190734863,161.1999969482422,157.5,16.200000762939453,169.60000610351562,145.1999969482422,40.599998474121094,165.10000610351562,35.524497985839844,1.281529426574707,0.823137104511261,0.8372628688812256,0.8332118988037109,0.7448058128356934,17.279748916625977
132.60000610351562,132.5,177.60000610351562,175.60000610351562,3.9000000953674316,175.1999969482422,175.89999389648438,4.900000095367432,165.5,170.60000610351562,2.200000047683716,173.60000610351562,129.3000030517578,63.0,161.6999969482422,38.82474136352539,1.25095796585083,0.8331446647644043,0.8541299700737,0.8634312152862549,0.7470865845680237,18.132080078125
136.39999389648438,132.10000610351562,173.39999389648438,163.5,31.600000381469727,164.89999389648438,170.60000610351562,10.199999809265137,172.89999389648438,178.1999969482422,12.100000381469727,178.8000030517578,117.5,82.5,147.5,41.680747985839844,1.2148464918136597,0.846404492855072,0.8746375441551208,0.8641415238380432,0.7407575845718384,19.773853302001953
135.89999389648438,132.60000610351562,175.0,160.8000030517578,37.0,164.1999969482422,164.0,18.700000762939453,177.1999969482422,173.6999969482422,16.799999237060547,174.1999969482422,118.69999694824219,79.0,149.3000030517578,40.49312210083008,1.2026232481002808,0.8551955223083496,0.8839409351348877,0.8967302441596985,0.7800301909446716,17.439027786254883
135.6999969482422,134.10000610351562,173.5,158.39999389648438,38.099998474121094,165.60000610351562,165.5,17.200000762939453,175.1999969482422,170.89999389648438,19.100000381469727,176.3000030517578,110.69999694824219,89.69999694824219,145.1999969482422,43.63896942138672,1.1977261304855347,0.8310748934745789,0.8662768006324768,0.8683971166610718,0.7468122243881226,18.995332717895508
134.3000030517578,133.10000610351562,172.6999969482422,162.10000610351562,33.0,170.0,166.6999969482422,16.700000762939453,178.1999969482422,172.39999389648438,20.899999618530273,170.8000030517578,108.69999694824219,92.69999694824219,142.10000610351562,43.041358947753906,1.1983054876327515,0.8146085739135742,0.8480383157730103,0.8392355442047119,0.7175350785255432,20.457805633544922
135.89999389648438,133.10000610351562,173.5,160.10000610351562,35.400001525878906,167.10000610351562,164.89999389648438,18.899999618530273,180.0,170.1999969482422,21.700000762939453,173.5,111.5999984741211,88.5,144.0,42.47426986694336,1.1983240842819214,0.8115565180778503,0.860075056552887,0.8438978791236877,0.7276757955551147,18.99892234802246
138.3000030517578,134.1999969482422,172.6999969482422,158.39999389648438,39.20000076293945,165.3000030517578,160.5,23.700000762939453,178.1999969482422,165.6999969482422,24.799999237060547,172.6999969482422,110.5,85.19999694824219,147.60000610351562,41.65239715576172,1.2013589143753052,0.8139545917510986,0.8668835759162903,0.8688532710075378,0.7478684186935425,18.580583572387695
136.89999389648438,130.60000610351562,171.10000610351562,157.6999969482422,42.099998474121094,162.6999969482422,160.0,24.799999237060547,178.10000610351562,160.6999969482422,30.100000381469727,172.60000610351562,103.0999984741211,91.19999694824219,147.1999969482422,42.03721237182617,1.172436237335205,0.8038331270217896,0.8473510146141052,0.8428249359130859,0.7475209832191467,18.333667755126953
136.6999969482422,127.9000015258789,168.8000030517578,161.0,39.400001525878906,165.3000030517578,165.0,20.899999618530273,178.8000030517578,163.0,28.700000762939453,174.5,103.5,93.80000305175781,145.10000610351562,40.9050407409668,1.1704806089401245,0.8246737122535706,0.8478606939315796,0.7996354103088379,0.7055760622024536,17.59833335876465
138.6999969482422,126.0,167.0,159.5,41.0,165.39999389648438,161.8000030517578,23.700000762939453,177.60000610351562,161.3000030517578,31.0,173.8000030517578,93.19999694824219,102.9000015258789,147.3000030517578,40.593963623046875,1.153372883796692,0.809869647026062,0.8439462184906006,0.7994078397750854,0.6903278827667236,19.288589477539062
138.89999389648438,123.69999694824219,166.6999969482422,154.8000030517578,46.900001525878906,163.8000030517578,157.8000030517578,28.0,177.1999969482422,154.1999969482422,37.29999923706055,173.5,82.69999694824219,110.30000305175781,146.39999389648438,41.1750373840332,1.1595981121063232,0.8048439025878906,0.8271150588989258,0.7995932102203369,0.7013348937034607,19.917049407958984
139.60000610351562,123.30000305175781,168.39999389648438,145.8000030517578,55.5,162.5,154.1999969482422,31.399999618530273,174.60000610351562,149.5,41.099998474121094,172.60000610351562,76.5999984741211,117.5999984741211,145.6999969482422,45.15747833251953,1.163074016571045,0.7883360385894775,0.8147534728050232,0.778519868850708,0.688441812992096,19.151866912841797
138.89999389648438,121.30000305175781,170.5,143.5,58.5,161.60000610351562,147.1999969482422,39.79999923706055,173.6999969482422,142.8000030517578,48.70000076293945,171.5,87.9000015258789,104.4000015258789,145.3000030517578,44.24364471435547,1.1323819160461426,0.7792898416519165,0.7992504835128784,0.7871599197387695,0.7077028155326843,15.275989532470703
139.5,120.0,169.6999969482422,137.89999389648438,62.20000076293945,164.39999389648438,144.5,41.400001525878906,174.8000030517578,135.8000030517578,54.5,175.5,69.30000305175781,122.0999984741211,149.1999969482422,44.509559631347656,1.1424721479415894,0.7784304022789001,0.787394642829895,0.7529701590538025,0.6959124207496643,15.622551918029785
138.5,120.69999694824219,170.3000030517578,135.39999389648438,65.0,164.0,142.60000610351562,44.79999923706055,171.5,134.60000610351562,56.400001525878906,173.1999969482422,70.0,122.30000305175781,141.60000610351562,46.146995544433594,1.1423194408416748,0.7709449529647827,0.7820510864257812,0.7602452039718628,0.7034959197044373,16.43943214416504
140.89999389648438,117.30000305175781,164.5,124.69999694824219,80.30000305175781,158.39999389648438,133.60000610351562,55.20000076293945,167.5,116.5999984741211,75.9000015258789,166.6999969482422,71.9000015258789,121.19999694824219,130.6999969482422,47.43526840209961,1.156332015991211,0.7397852540016174,0.7522499561309814,0.7624000310897827,0.706019401550293,14.757530212402344
141.0,119.30000305175781,166.8000030517578,106.5,101.5999984741211,148.8000030517578,122.30000305175781,63.70000076293945,166.1999969482422,90.5999984741211,97.30000305175781,166.3000030517578,48.29999923706055,136.60000610351562,116.5,53.18877029418945,1.1860276460647583,0.7081919312477112,0.7240397930145264,0.7432044744491577,0.6684472560882568,19.610143661499023
139.8000030517578,123.0999984741211,163.6999969482422,128.0,79.0999984741211,153.1999969482422,137.60000610351562,48.599998474121094,167.6999969482422,119.5999984741211,70.5999984741211,164.39999389648438,67.0999984741211,118.5,127.69999694824219,46.54309844970703,1.2265310287475586,0.765155017375946,0.7837640643119812,0.7822268605232239,0.7022464275360107,18.019350051879883
141.10000610351562,120.5,165.39999389648438,149.39999389648438,52.29999923706055,163.0,149.89999389648438,35.29999923706055,172.0,143.0,47.70000076293945,166.6999969482422,73.5999984741211,113.69999694824219,138.6999969482422,42.303794860839844,1.165014386177063,0.787751317024231,0.8133256435394287,0.7966067790985107,0.6806762218475342,20.96672248840332
137.89999389648438,129.0,169.10000610351562,153.1999969482422,49.0,161.60000610351562,158.39999389648438,27.600000381469727,174.60000610351562,158.39999389648438,33.29999923706055,167.89999389648438,98.5999984741211,94.0999984741211,141.89999389648438,42.524513244628906,1.1987032890319824,0.8073352575302124,0.8464695811271667,0.8157183527946472,0.6814844608306885,19.096052169799805
135.10000610351562,135.60000610351562,168.10000610351562,153.8000030517578,46.900001525878906,161.6999969482422,161.8000030517578,22.700000762939453,175.10000610351562,160.3000030517578,31.5,164.5,108.9000015258789,84.69999694824219,136.39999389648438,45.635074615478516,1.2390356063842773,0.7742288708686829,0.8382267355918884,0.8163175582885742,0.6359264850616455,17.029260635375977
135.6999969482422,135.60000610351562,170.8000030517578,157.6999969482422,41.900001525878906,162.10000610351562,162.8000030517578,20.799999237060547,174.5,164.1999969482422,27.600000381469727,168.39999389648438,107.0999984741211,85.5,143.39999389648438,44.20111846923828,1.2491477727890015,0.7845642566680908,0.8352767825126648,0.8148645162582397,0.653069019317627,18.108055114746094
136.10000610351562,135.10000610351562,172.1999969482422,157.6999969482422,40.099998474121094,161.8000030517578,163.5,18.200000762939453,173.8000030517578,162.39999389648438,27.100000381469727,171.1999969482422,113.5,76.0999984741211,148.3000030517578,42.755958557128906,1.2546188831329346,0.7842879891395569,0.8341377973556519,0.7893621325492859,0.6398911476135254,14.593567848205566
134.6999969482422,138.60000610351562,173.0,158.1999969482422,41.29999923706055,161.60000610351562,162.0,21.700000762939453,174.0,161.1999969482422,29.5,169.89999389648438,106.0999984741211,84.80000305175781,146.10000610351562,44.06165313720703,1.2598594427108765,0.7842172980308533,0.8269031643867493,0.811542809009552,0.6399564146995544,18.31031036376953
135.39999389648438,141.60000610351562,175.10000610351562,160.89999389648438,37.20000076293945,162.1999969482422,164.60000610351562,17.600000381469727,174.3000030517578,164.39999389648438,25.5,171.5,116.80000305175781,72.0999984741211,151.0,45.47920608520508,1.2660547494888306,0.7964181303977966,0.8364681005477905,0.8032703995704651,0.6361719369888306,15.798190116882324
134.5,139.6999969482422,174.6999969482422,158.3000030517578,41.20000076293945,160.3000030517578,159.3000030517578,24.200000762939453,171.6999969482422,159.10000610351562,32.599998474121094,163.1999969482422,100.5999984741211,87.5999984741211,145.0,44.32234191894531,1.2541366815567017,0.7871139049530029,0.8323579430580139,0.8073403835296631,0.6385944485664368,20.524866104125977
131.10000610351562,138.5,177.5,165.8000030517578,31.100000381469727,163.3000030517578,163.5,20.0,174.10000610351562,160.5,31.899999618530273,163.60000610351562,102.69999694824219,87.9000015258789,145.5,40.72843551635742,1.2544128894805908,0.8011054992675781,0.8284881711006165,0.8115195631980896,0.6318036317825317,20.17526626586914
132.1999969482422,136.10000610351562,176.0,166.5,27.899999618530273,165.0,167.5,14.199999809265137,174.5,163.60000610351562,24.600000381469727,167.39999389648438,109.4000015258789,83.69999694824219,148.60000610351562,41.93328857421875,1.2277647256851196,0.8358349800109863,0.8562721610069275,0.8027662038803101,0.6452397704124451,17.003082275390625
132.89999389648438,134.3000030517578,173.8000030517578,168.39999389648438,24.899999618530273,169.10000610351562,165.5,16.0,176.0,165.0,24.100000381469727,166.3000030517578,90.30000305175781,100.69999694824219,153.8000030517578,39.53224563598633,1.2269624471664429,0.8367395401000977,0.8656433820724487,0.8335682153701782,0.6529403924942017,22.811290740966797
131.10000610351562,135.6999969482422,176.3000030517578,167.5,26.100000381469727,166.5,165.60000610351562,15.399999618530273,177.3000030517578,164.60000610351562,26.399999618530273,163.60000610351562,88.9000015258789,104.0999984741211,146.39999389648438,40.754302978515625,1.2265493869781494,0.82059645652771,0.8609485626220703,0.8436461687088013,0.6364136934280396,26.252161026000977
134.39999389648438,134.0,172.6999969482422,174.0,16.899999618530273,170.0,168.89999389648438,9.800000190734863,179.5,171.10000610351562,19.899999618530273,165.39999389648438,104.80000305175781,85.5999984741211,149.6999969482422,38.386268615722656,1.199465036392212,0.8225396275520325,0.8600059747695923,0.8127037286758423,0.6435207724571228,23.42433738708496
134.1999969482422,134.1999969482422,173.10000610351562,174.6999969482422,18.0,169.60000610351562,169.89999389648438,9.600000381469727,179.0,169.89999389648438,19.5,166.5,106.4000015258789,86.0999984741211,147.0,39.59583282470703,1.2064636945724487,0.8232145309448242,0.8499899506568909,0.7925419807434082,0.6242794394493103,21.965621948242188
133.8000030517578,133.5,175.60000610351562,171.89999389648438,20.600000381469727,168.5,168.89999389648438,10.899999618530273,179.3000030517578,167.89999389648438,21.200000762939453,167.89999389648438,99.9000015258789,91.0999984741211,150.3000030517578,38.82746505737305,1.208753228187561,0.8114437460899353,0.8442785143852234,0.8040995597839355,0.6208876371383667,24.146839141845703
133.39999389648438,134.5,173.6999969482422,173.89999389648438,18.700000762939453,169.10000610351562,168.10000610351562,12.300000190734863,179.5,166.1999969482422,24.200000762939453,166.6999969482422,102.19999694824219,88.69999694824219,150.0,38.311485290527344,1.197389006614685,0.800132155418396,0.8270183801651001,0.8060221672058105,0.6126500368118286,23.804569244384766
136.1999969482422,132.5,174.0,171.3000030517578,25.100000381469727,164.89999389648438,165.1999969482422,16.5,177.8000030517578,163.5,26.600000381469727,167.39999389648438,91.5,98.19999694824219,150.60000610351562,38.144474029541016,1.1975970268249512,0.8044834136962891,0.8266811966896057,0.8053175806999207,0.6310555338859558,24.60799217224121
136.0,130.6999969482422,175.1999969482422,165.0,31.299999237060547,163.39999389648438,161.3000030517578,20.600000381469727,178.0,159.1999969482422,30.799999237060547,165.8000030517578,88.0999984741211,101.5,149.1999969482422,40.18247985839844,1.199480652809143,0.7972285151481628,0.8322076201438904,0.8043245077133179,0.6343820691108704,24.108179092407227
137.6999969482422,130.10000610351562,174.1999969482422,164.8000030517578,32.900001525878906,160.89999389648438,162.5,19.700000762939453,177.1999969482422,157.0,31.399999618530273,168.89999389648438,81.19999694824219,107.30000305175781,150.0,39.71321487426758,1.2075318098068237,0.7828404307365417,0.8173866271972656,0.7751293182373047,0.6253767013549805,22.831058502197266
137.39999389648438,129.60000610351562,172.3000030517578,160.0,39.400001525878906,160.89999389648438,155.6999969482422,28.299999237060547,173.8000030517578,148.3000030517578,39.099998474121094,167.0,70.30000305175781,117.0999984741211,147.8000030517578,39.6421012878418,1.2221931219100952,0.7884365320205688,0.8124109506607056,0.7938103079795837,0.6410849094390869,21.68756866455078
140.39999389648438,125.0999984741211,168.89999389648438,139.39999389648438,64.30000305175781,154.10000610351562,136.3000030517578,48.599998474121094,165.1999969482422,120.4000015258789,67.30000305175781,161.8000030517578,57.5,124.5999984741211,137.1999969482422,43.41069412231445,1.2141945362091064,0.7454513907432556,0.755675196647644,0.7524697184562683,0.6268690824508667,22.649127960205078
142.39999389648438,123.9000015258789,167.1999969482422,133.60000610351562,70.5999984741211,151.0,135.5,49.20000076293945,162.89999389648438,113.9000015258789,73.0,162.3000030517578,58.900001525878906,122.4000015258789,132.89999389648438,45.10160827636719,1.2057551145553589,0.7239342331886292,0.7494107484817505,0.7497828006744385,0.638337254524231,20.691587448120117
141.3000030517578,123.69999694824219,168.0,133.39999389648438,68.80000305175781,152.6999969482422,135.8000030517578,49.20000076293945,162.60000610351562,111.69999694824219,74.19999694824219,164.3000030517578,53.5,128.10000610351562,132.0,46.489768981933594,1.1925523281097412,0.721082866191864,0.7384535670280457,0.7353665828704834,0.6312127709388733,21.680288314819336
141.39999389648438,124.80000305175781,167.10000610351562,132.6999969482422,71.19999694824219,151.1999969482422,133.0,51.29999923706055,163.8000030517578,111.5,73.9000015258789,163.10000610351562,52.79999923706055,125.4000015258789,134.3000030517578,45.75106430053711,1.1958234310150146,0.721170961856842,0.7433878779411316,0.741614580154419,0.6268765926361084,21.605501174926758
141.10000610351562,123.80000305175781,169.5,142.0,60.599998474121094,155.10000610351562,140.3000030517578,44.79999923706055,164.8000030517578,127.4000015258789,61.5,160.8000030517578,58.70000076293945,126.30000305175781,141.1999969482422,42.533180236816406,1.2116148471832275,0.7519875764846802,0.777381420135498,0.7581241130828857,0.6353578567504883,21.950103759765625
139.3000030517578,127.4000015258789,170.0,150.0,51.29999923706055,157.10000610351562,148.3000030517578,36.400001525878906,166.89999389648438,136.89999389648438,51.20000076293945,161.3000030517578,62.29999923706055,123.4000015258789,139.39999389648438,40.83932113647461,1.2268543243408203,0.7594144940376282,0.784952700138092,0.758094072341919,0.6303766369819641,22.85467529296875
137.6999969482422,130.10000610351562,171.5,164.60000610351562,33.20000076293945,162.89999389648438,160.10000610351562,23.100000381469727,174.10000610351562,156.10000610351562,32.099998474121094,168.10000610351562,77.19999694824219,111.9000015258789,147.8000030517578,38.114341735839844,1.2061140537261963,0.780465841293335,0.8072172403335571,0.7837055921554565,0.6307421326637268,23.808761596679688
134.5,132.0,173.3000030517578,165.39999389648438,32.29999923706055,163.3000030517578,160.39999389648438,22.600000381469727,175.6999969482422,157.1999969482422,33.5,164.89999389648438,82.5,105.4000015258789,149.39999389648438,39.03817367553711,1.2201844453811646,0.7784690856933594,0.8005253076553345,0.7940980195999146,0.6199690699577332,24.654273986816406
135.10000610351562,133.0,174.3000030517578,163.5,34.099998474121094,164.3000030517578,161.0,23.100000381469727,175.3000030517578,159.10000610351562,32.20000076293945,165.39999389648438,82.5,108.5,148.0,39.216243743896484,1.2137348651885986,0.7962040901184082,0.8247740268707275,0.7948940396308899,0.6285712122917175,24.189788818359375
135.1999969482422,131.5,174.60000610351562,163.0,35.5,162.39999389648438,161.10000610351562,21.600000381469727,175.6999969482422,158.60000610351562,32.599998474121094,164.89999389648438,81.69999694824219,108.69999694824219,146.6999969482422,40.29866027832031,1.1987121105194092,0.7750359177589417,0.805072546005249,0.7952032089233398,0.6042448282241821,27.297752380371094
135.39999389648438,133.0,173.6999969482422,167.0,30.299999237060547,165.0,161.60000610351562,21.399999618530273,176.39999389648438,157.6999969482422,34.29999923706055,160.6999969482422,86.30000305175781,104.30000305175781,144.5,39.95595932006836,1.1886295080184937,0.7745457291603088,0.8009964227676392,0.7927610278129578,0.603188693523407,26.226329803466797
134.0,134.5,173.60000610351562,168.3000030517578,28.899999618530273,165.10000610351562,162.0,20.5,176.1999969482422,160.6999969482422,30.0,164.89999389648438,88.9000015258789,100.9000015258789,146.60000610351562,39.00088882446289,1.2019120454788208,0.7930216193199158,0.8207494020462036,0.8038907647132874,0.6216641068458557,25.747283935546875
134.0,135.3000030517578,173.0,171.5,25.600000381469727,166.60000610351562,165.10000610351562,17.299999237060547,177.8000030517578,162.10000610351562,27.399999618530273,167.89999389648438,94.9000015258789,96.69999694824219,148.0,39.03380584716797,1.1924374103546143,0.7966635227203369,0.8206278681755066,0.7995006442070007,0.6243424415588379,23.40273094177246
136.0,132.8000030517578,173.39999389648438,172.1999969482422,20.299999237060547,168.8000030517578,167.1999969482422,13.199999809265137,178.89999389648438,166.8000030517578,22.299999237060547,168.0,109.30000305175781,83.0999984741211,148.6999969482422,39.77260208129883,1.201677680015564,0.8219112753868103,0.8456465005874634,0.7904755473136902,0.6490212678909302,19.016149520874023
137.39999389648438,136.0,170.1999969482422,174.3000030517578,21.100000381469727,166.10000610351562,167.3000030517578,12.699999809265137,178.3000030517578,169.8000030517578,20.0,170.5,122.9000015258789,68.5999984741211,153.60000610351562,36.931697845458984,1.2288296222686768,0.8396212458610535,0.8543544411659241,0.7997118830680847,0.6586824059486389,14.249040603637695
135.10000610351562,135.8000030517578,171.89999389648438,171.6999969482422,2.5,178.1999969482422,177.3000030517578,0.699999988079071,172.10000610351562,177.8000030517578,10.699999809265137,173.6999969482422,129.6999969482422,64.4000015258789,148.89999389648438,36.254310607910156,1.2250661849975586,0.8391515612602234,0.8388375639915466,0.7993291020393372,0.6494967341423035,16.638378143310547
133.5,136.89999389648438,173.0,169.10000610351562,7.199999809265137,178.10000610351562,179.60000610351562,3.4000000953674316,167.6999969482422,177.89999389648438,4.800000190734863,176.5,125.0999984741211,70.4000015258789,150.89999389648438,36.056312561035156,1.2337263822555542,0.863282322883606,0.852905809879303,0.840924084186554,0.6815682053565979,22.134384155273438
131.6999969482422,137.39999389648438,172.3000030517578,167.60000610351562,9.600000381469727,178.1999969482422,177.89999389648438,7.400000095367432,165.60000610351562,174.60000610351562,0.800000011920929,178.3000030517578,124.9000015258789,69.0,155.60000610351562,38.594512939453125,1.2342034578323364,0.8503903746604919,0.8500931262969971,0.8420658707618713,0.6765633225440979,23.611480712890625
131.0,137.8000030517578,174.5,165.8000030517578,10.199999809265137,178.10000610351562,176.5,8.100000381469727,167.8000030517578,176.89999389648438,3.700000047683716,178.60000610351562,128.8000030517578,64.80000305175781,157.10000610351562,37.28882598876953,1.2193617820739746,0.8675330877304077,0.8436691164970398,0.8255745768547058,0.6666867733001709,21.703895568847656
133.0,136.6999969482422,171.3000030517578,159.89999389648438,19.299999237060547,174.0,172.89999389648438,15.600000381469727,160.8000030517578,172.39999389648438,4.199999809265137,176.1999969482422,132.39999389648438,61.900001525878906,156.60000610351562,38.772010803222656,1.198256492614746,0.8523260354995728,0.8495586514472961,0.837379515171051,0.6769517064094543,21.805980682373047
132.39999389648438,136.39999389648438,173.10000610351562,162.39999389648438,17.299999237060547,177.0,176.3000030517578,12.5,167.10000610351562,176.8000030517578,1.0,179.8000030517578,128.89999389648438,64.5999984741211,152.0,39.45795822143555,1.2004764080047607,0.8155680894851685,0.8146068453788757,0.7882768511772156,0.6223800182342529,23.37458610534668
132.1999969482422,136.39999389648438,173.3000030517578,157.6999969482422,23.600000381469727,174.1999969482422,174.3000030517578,15.899999618530273,163.6999969482422,174.8000030517578,1.2999999523162842,179.8000030517578,127.0,64.80000305175781,154.6999969482422,41.73723220825195,1.1740798950195312,0.7995322346687317,0.7887604236602783,0.7704525589942932,0.6037701964378357,25.730098724365234
131.39999389648438,136.89999389648438,172.3000030517578,158.10000610351562,22.100000381469727,175.10000610351562,174.8000030517578,16.0,163.10000610351562,174.0,1.2000000476837158,179.6999969482422,130.60000610351562,61.900001525878906,154.10000610351562,40.067901611328125,1.1731562614440918,0.8081267476081848,0.7945407032966614,0.7680624127388,0.5986140370368958,24.34848403930664
133.39999389648438,134.6999969482422,170.0,155.1999969482422,30.899999618530273,166.89999389648438,173.39999389648438,18.399999618530273,160.60000610351562,170.60000610351562,4.699999809265137,178.0,135.89999389648438,56.5,157.0,38.6575813293457,1.1574604511260986,0.7982925176620483,0.7970322370529175,0.7712362408638,0.6170039772987366,23.566787719726562
131.8000030517578,135.39999389648438,173.0,155.1999969482422,28.0,170.6999969482422,173.3000030517578,18.100000381469727,161.60000610351562,172.5,3.799999952316284,177.1999969482422,138.89999389648438,54.5,155.8000030517578,39.123504638671875,1.1880829334259033,0.8265154957771301,0.8181842565536499,0.8037577867507935,0.6290913820266724,22.836257934570312
131.10000610351562,136.1999969482422,174.5,154.6999969482422,29.200000762939453,169.60000610351562,171.39999389648438,19.5,160.10000610351562,167.5,6.900000095367432,176.60000610351562,143.8000030517578,48.5,159.5,39.17945098876953,1.2010633945465088,0.8355358242988586,0.830625057220459,0.8079842925071716,0.65999835729599,20.116905212402344
130.39999389648438,136.0,174.8000030517578,154.6999969482422,28.899999618530273,171.39999389648438,172.3000030517578,19.200000762939453,160.1999969482422,169.3000030517578,6.599999904632568,176.89999389648438,138.6999969482422,52.599998474121094,159.39999389648438,38.830047607421875,1.2195748090744019,0.8353956937789917,0.8361485004425049,0.8157289028167725,0.6545228362083435,22.568849563598633
131.60000610351562,135.39999389648438,174.60000610351562,154.1999969482422,29.200000762939453,170.60000610351562,172.8000030517578,18.200000762939453,160.8000030517578,169.89999389648438,5.099999904632568,178.8000030517578,136.60000610351562,56.599998474121094,155.5,39.01449203491211,1.2022490501403809,0.8165985345840454,0.8181386590003967,0.803705632686615,0.6494155526161194,22.991443634033203
130.60000610351562,138.10000610351562,174.8000030517578,168.1999969482422,8.199999809265137,179.1999969482422,176.8000030517578,8.5,168.6999969482422,174.89999389648438,3.4000000953674316,176.0,132.10000610351562,62.79999923706055,156.1999969482422,35.66088104248047,1.224376916885376,0.8667020201683044,0.848235011100769,0.8118963837623596,0.6432482004165649,22.455612182617188
133.89999389648438,135.10000610351562,174.39999389648438,171.3000030517578,4.900000095367432,179.1999969482422,178.8000030517578,1.5,170.60000610351562,176.6999969482422,10.300000190734863,175.39999389648438,123.0,74.30000305175781,148.89999389648438,37.213218688964844,1.2051187753677368,0.8424453735351562,0.8342247605323792,0.7981629967689514,0.6372029781341553,22.1187801361084
134.1999969482422,135.3000030517578,173.0,171.10000610351562,4.599999904632568,178.6999969482422,176.8000030517578,0.10000000149011612,172.1999969482422,174.89999389648438,13.5,173.39999389648438,122.80000305175781,71.30000305175781,151.10000610351562,37.750118255615234,1.2048132419586182,0.8305477499961853,0.836455762386322,0.7870584726333618,0.6161758303642273,20.693204879760742
135.60000610351562,135.60000610351562,172.0,179.39999389648438,6.900000095367432,177.10000610351562,170.60000610351562,7.099999904632568,175.8000030517578,171.6999969482422,19.399999618530273,166.6999969482422,122.5999984741211,73.5999984741211,146.10000610351562,39.18446350097656,1.2027441263198853,0.8096247315406799,0.828021764755249,0.7898759841918945,0.6362228393554688,17.32818603515625
135.0,134.39999389648438,173.1999969482422,176.10000610351562,13.800000190734863,173.8000030517578,169.5,10.0,178.0,170.1999969482422,21.100000381469727,168.10000610351562,120.9000015258789,74.5,147.3000030517578,39.597042083740234,1.2177640199661255,0.8070299625396729,0.8302778005599976,0.7930578589439392,0.6325321793556213,16.90729522705078
136.39999389648438,135.39999389648438,170.60000610351562,175.39999389648438,16.299999237060547,169.5,169.39999389648438,8.899999618530273,176.3000030517578,172.0,17.899999618530273,170.5,125.19999694824219,65.5,152.39999389648438,38.658729553222656,1.2096487283706665,0.8051039576530457,0.8160351514816284,0.7688477039337158,0.6321608424186707,14.549324989318848
135.60000610351562,135.1999969482422,172.5,172.60000610351562,20.0,168.8000030517578,168.60000610351562,11.0,179.5,168.8000030517578,20.600000381469727,170.89999389648438,121.5,73.19999694824219,147.60000610351562,38.84541320800781,1.2198768854141235,0.8260124921798706,0.8398346304893494,0.7816047668457031,0.6508943438529968,14.62950325012207
135.3000030517578,135.0,172.60000610351562,174.10000610351562,17.5,170.10000610351562,169.1999969482422,10.0,178.10000610351562,169.5,18.899999618530273,172.10000610351562,119.19999694824219,73.80000305175781,147.89999389648438,38.64311218261719,1.226251482963562,0.8117029070854187,0.8287749290466309,0.7701347470283508,0.638677716255188,15.653465270996094
134.8000030517578,134.60000610351562,173.60000610351562,172.39999389648438,19.899999618530273,169.1999969482422,168.5,11.899999618530273,179.5,169.60000610351562,21.600000381469727,169.5,120.69999694824219,73.69999694824219,147.3000030517578,38.56651306152344,1.2206498384475708,0.822869598865509,0.8411277532577515,0.7815616726875305,0.6491570472717285,15.513740539550781
135.60000610351562,135.0,172.39999389648438,169.1999969482422,24.600000381469727,166.8000030517578,167.6999969482422,12.5,179.39999389648438,167.89999389648438,21.600000381469727,171.10000610351562,118.19999694824219,75.80000305175781,148.0,40.95564651489258,1.2193549871444702,0.8212302923202515,0.8409005999565125,0.7831019163131714,0.6523846983909607,15.09091854095459
136.8000030517578,134.1999969482422,171.8000030517578,167.6999969482422,24.5,170.0,168.3000030517578,8.399999618530273,174.0,174.0,13.699999809265137,176.6999969482422,124.0,67.80000305175781,157.5,42.03508758544922,1.2228189706802368,0.8379207253456116,0.8591082692146301,0.7642114162445068,0.6584945321083069,14.057334899902344
135.89999389648438,134.6999969482422,175.5,165.0,26.799999237060547,170.6999969482422,167.0,12.699999809265137,177.5,171.5,17.200000762939453,173.8000030517578,119.19999694824219,75.0,150.5,41.61893081665039,1.23018217086792,0.8389518857002258,0.8619363903999329,0.7855173349380493,0.6674414873123169,14.987548828125
135.39999389648438,134.3000030517578,174.39999389648438,166.89999389648438,24.200000762939453,167.89999389648438,170.3000030517578,8.300000190734863,177.5,174.1999969482422,13.600000381469727,174.89999389648438,117.4000015258789,76.0999984741211,150.1999969482422,41.54871368408203,1.2248903512954712,0.8157868981361389,0.8374081254005432,0.7494982481002808,0.6356257200241089,17.707622528076172
138.1999969482422,132.8000030517578,173.0,165.1999969482422,29.0,167.60000610351562,163.39999389648438,16.799999237060547,179.60000610351562,166.39999389648438,21.200000762939453,173.89999389648438,112.0,79.4000015258789,152.89999389648438,40.628292083740234,1.216273307800293,0.828258752822876,0.8485122323036194,0.7765923738479614,0.6613753437995911,15.457740783691406
136.1999969482422,132.1999969482422,174.89999389648438,166.3000030517578,27.0,168.5,165.5,14.899999618530273,178.60000610351562,168.60000610351562,19.799999237060547,171.6999969482422,110.0,82.9000015258789,150.1999969482422,41.022335052490234,1.2198870182037354,0.8307012319564819,0.8538429141044617,0.7891814112663269,0.6581152677536011,17.589860916137695
135.60000610351562,133.89999389648438,172.0,167.89999389648438,26.5,167.39999389648438,167.60000610351562,12.699999809265137,178.8000030517578,167.0,20.399999618530273,173.60000610351562,111.19999694824219,82.4000015258789,148.5,40.830692291259766,1.2141776084899902,0.8166843056678772,0.8330746293067932,0.7505901455879211,0.6425179839134216,16.362550735473633
136.8000030517578,132.1999969482422,172.89999389648438,166.5,28.600000381469727,165.8000030517578,167.0,13.199999809265137,179.0,168.10000610351562,19.0,172.60000610351562,107.19999694824219,84.5,150.10000610351562,40.701595306396484,1.2150717973709106,0.8130168914794922,0.8367570638656616,0.7688894271850586,0.6348713040351868,18.482202529907227
136.89999389648438,133.0,172.8000030517578,163.8000030517578,30.100000381469727,166.89999389648438,166.0,12.600000381469727,178.3000030517578,168.89999389648438,18.600000381469727,174.6999969482422,113.4000015258789,78.0999984741211,154.1999969482422,42.21950149536133,1.2186967134475708,0.8188680410385132,0.8337218165397644,0.7470842599868774,0.6426706314086914,15.788185119628906
136.60000610351562,131.6999969482422,172.8000030517578,167.0,27.200000762939453,167.60000610351562,167.0,13.899999618530273,178.89999389648438,168.1999969482422,20.100000381469727,170.6999969482422,113.9000015258789,80.4000015258789,149.6999969482422,41.94431686401367,1.2126405239105225,0.8192993998527527,0.8399521112442017,0.7871871590614319,0.6485798954963684,15.523675918579102
135.6999969482422,132.89999389648438,173.89999389648438,164.5,29.200000762939453,167.5,167.8000030517578,13.0,179.6999969482422,170.60000610351562,17.0,174.3000030517578,109.0999984741211,83.5999984741211,151.5,40.439308166503906,1.2281014919281006,0.8325226902961731,0.853775143623352,0.7691052556037903,0.6512378454208374,17.369155883789062
135.39999389648438,133.10000610351562,174.10000610351562,169.10000610351562,24.0,168.1999969482422,168.1999969482422,11.699999809265137,179.5,169.3000030517578,19.100000381469727,171.39999389648438,111.0,80.0999984741211,151.10000610351562,39.88140869140625,1.2238335609436035,0.810849666595459,0.8397597074508667,0.7675040364265442,0.6354050636291504,17.456218719482422
137.8000030517578,131.3000030517578,173.89999389648438,165.5,29.0,166.6999969482422,164.10000610351562,16.200000762939453,178.39999389648438,166.1999969482422,23.799999237060547,169.39999389648438,109.30000305175781,82.0999984741211,153.3000030517578,41.39215087890625,1.2153034210205078,0.807619571685791,0.8450209498405457,0.7868475914001465,0.6450872421264648,16.414165496826172
139.0,132.6999969482422,170.39999389648438,166.10000610351562,29.899999618530273,164.89999389648438,161.60000610351562,18.799999237060547,175.6999969482422,162.0,27.0,169.60000610351562,109.5,81.30000305175781,150.60000610351562,39.81154251098633,1.2203929424285889,0.8092753887176514,0.8374545574188232,0.7930609583854675,0.6581566333770752,15.496185302734375
135.8000030517578,133.3000030517578,173.60000610351562,168.3000030517578,25.299999237060547,167.3000030517578,167.8000030517578,13.300000190734863,179.89999389648438,167.0,20.700000762939453,172.1999969482422,111.5999984741211,81.80000305175781,147.6999969482422,39.560062408447266,1.2195559740066528,0.8166601061820984,0.8382226228713989,0.7746014595031738,0.6510733962059021,16.5885009765625
137.39999389648438,132.5,173.3000030517578,165.5,29.799999237060547,166.5,164.6999969482422,17.0,179.10000610351562,166.8000030517578,20.799999237060547,172.1999969482422,106.0999984741211,86.30000305175781,149.0,39.784080505371094,1.221400499343872,0.8243824243545532,0.8522167801856995,0.7954868078231812,0.6779507398605347,16.675050735473633
136.0,132.39999389648438,172.6999969482422,166.8000030517578,27.600000381469727,167.89999389648438,168.0,12.399999618530273,178.10000610351562,170.89999389648438,17.299999237060547,173.89999389648438,108.0,85.4000015258789,150.8000030517578,41.744354248046875,1.2084201574325562,0.8236257433891296,0.839544951915741,0.757938802242279,0.6506845355033875,18.283788681030273
135.8000030517578,132.6999969482422,172.0,170.0,24.700000762939453,166.8000030517578,167.8000030517578,13.899999618530273,177.1999969482422,166.3000030517578,23.899999618530273,168.60000610351562,106.80000305175781,87.9000015258789,145.6999969482422,39.479759216308594,1.209377646446228,0.8096248507499695,0.8284209966659546,0.7853270173072815,0.6412753462791443,18.95496368408203
135.60000610351562,134.3000030517578,175.3000030517578,166.60000610351562,27.299999237060547,168.39999389648438,168.3000030517578,10.600000381469727,175.89999389648438,170.8000030517578,16.100000381469727,178.10000610351562,120.0999984741211,75.0999984741211,152.3000030517578,41.95254898071289,1.22398841381073,0.8349202275276184,0.8552628755569458,0.7621175050735474,0.6571736335754395,14.58569049835205
136.0,134.5,171.39999389648438,169.8000030517578,25.5,169.1999969482422,166.39999389648438,15.899999618530273,179.60000610351562,166.60000610351562,22.799999237060547,171.10000610351562,108.69999694824219,88.0,146.1999969482422,41.7411994934082,1.20445716381073,0.8218684792518616,0.8429169058799744,0.7995322346687317,0.6641404628753662,17.20049476623535
137.89999389648438,130.8000030517578,172.5,164.89999389648438,30.799999237060547,165.1999969482422,164.1999969482422,17.100000381469727,178.0,165.89999389648438,24.200000762939453,170.10000610351562,111.30000305175781,80.0999984741211,152.60000610351562,41.02540969848633,1.2157963514328003,0.8118753433227539,0.8436118960380554,0.8001497983932495,0.6556696891784668,15.966712951660156
139.8000030517578,130.39999389648438,170.89999389648438,164.5,31.600000381469727,164.0,163.6999969482422,17.299999237060547,177.10000610351562,163.60000610351562,24.100000381469727,171.8000030517578,100.5999984741211,91.80000305175781,149.60000610351562,40.82429504394531,1.2130171060562134,0.8011153340339661,0.8249813914299011,0.7696330547332764,0.650894284248352,17.449848175048828
138.39999389648438,131.1999969482422,173.5,165.8000030517578,28.399999618530273,166.89999389648438,163.89999389648438,16.200000762939453,180.0,165.89999389648438,22.600000381469727,172.39999389648438,110.69999694824219,79.19999694824219,153.6999969482422,40.4703483581543,1.2189425230026245,0.8234667181968689,0.8496254682540894,0.7864989042282104,0.665117621421814,15.302294731140137
137.1999969482422,131.1999969482422,172.3000030517578,165.3000030517578,30.700000762939453,163.8000030517578,166.39999389648438,15.300000190734863,177.60000610351562,166.89999389648438,22.200000762939453,170.8000030517578,109.9000015258789,82.4000015258789,150.39999389648438,39.33777618408203,1.2251205444335938,0.8178049325942993,0.8394632339477539,0.7790491580963135,0.657896876335144,15.787986755371094
137.89999389648438,131.89999389648438,172.89999389648438,165.8000030517578,29.899999618530273,166.3000030517578,163.5,18.700000762939453,174.60000610351562,165.1999969482422,24.799999237060547,167.6999969482422,104.5999984741211,87.0999984741211,149.5,38.89533996582031,1.2159051895141602,0.8151317834854126,0.8391776084899902,0.7992258667945862,0.6613599061965942,18.102458953857422
137.8000030517578,131.8000030517578,173.1999969482422,166.0,29.200000762939453,164.60000610351562,163.8000030517578,15.699999809265137,179.39999389648438,164.5,23.700000762939453,172.0,116.0999984741211,73.30000305175781,155.3000030517578,38.96086883544922,1.2205594778060913,0.8238971829414368,0.8516356945037842,0.7963395118713379,0.6629056334495544,13.985591888427734
136.39999389648438,133.10000610351562,174.0,164.3000030517578,30.399999618530273,166.60000610351562,166.39999389648438,13.800000190734863,179.1999969482422,168.39999389648438,18.899999618530273,175.6999969482422,110.5999984741211,84.0,151.5,41.420074462890625,1.223468542098999,0.831818699836731,0.8567693829536438,0.7740296721458435,0.6605578660964966,16.252450942993164
136.6999969482422,132.5,174.10000610351562,164.10000610351562,30.600000381469727,166.0,164.5,16.5,179.0,166.1999969482422,22.200000762939453,171.5,108.5,84.30000305175781,151.60000610351562,40.81935119628906,1.2230606079101562,0.8198975324630737,0.8482234477996826,0.7816253900527954,0.6605292558670044,16.272220611572266
136.5,132.3000030517578,171.60000610351562,166.0,29.700000762939453,166.0,164.3000030517578,17.799999237060547,176.10000610351562,165.39999389648438,24.799999237060547,168.10000610351562,112.30000305175781,80.80000305175781,148.89999389648438,40.0049934387207,1.2178878784179688,0.8143372535705566,0.8450757265090942,0.7999294996261597,0.6615865230560303,15.284253120422363
137.39999389648438,131.10000610351562,175.10000610351562,165.6999969482422,27.899999618530273,168.0,163.5,16.299999237060547,179.8000030517578,166.1999969482422,22.100000381469727,172.1999969482422,102.5,89.19999694824219,153.8000030517578,39.654727935791016,1.2027957439422607,0.8263447880744934,0.8602432608604431,0.788910984992981,0.6746474504470825,17.58163833618164
140.6999969482422,132.60000610351562,169.8000030517578,162.1999969482422,36.0,161.39999389648438,159.39999389648438,21.899999618530273,175.3000030517578,162.3000030517578,25.799999237060547,172.0,106.0,83.69999694824219,151.89999389648438,41.11367416381836,1.2210750579833984,0.8115019798278809,0.834725022315979,0.7906599640846252,0.6690854430198669,15.163543701171875
137.6999969482422,132.3000030517578,174.3000030517578,165.0,30.899999618530273,165.1999969482422,163.3000030517578,18.0,176.0,165.5,23.299999237060547,170.89999389648438,100.69999694824219,92.19999694824219,149.6999969482422,39.05396270751953,1.2298780679702759,0.8303534388542175,0.857483446598053,0.7993595600128174,0.6684032082557678,18.655546188354492
139.3000030517578,131.10000610351562,173.89999389648438,163.8000030517578,30.700000762939453,166.6999969482422,163.60000610351562,16.600000381469727,179.39999389648438,167.1999969482422,21.899999618530273,173.3000030517578,116.80000305175781,73.80000305175781,156.89999389648438,40.50042724609375,1.2214854955673218,0.8272005915641785,0.8494260311126709,0.7829400300979614,0.6650031208992004,13.834776878356934
136.6999969482422,132.10000610351562,175.8000030517578,165.1999969482422,28.799999237060547,168.10000610351562,163.5,17.5,179.8000030517578,166.3000030517578,22.799999237060547,172.6999969482422,107.0999984741211,86.0,152.10000610351562,40.236289978027344,1.2164578437805176,0.8266115188598633,0.8439932465553284,0.7871542572975159,0.6743453145027161,16.493698120117188
137.0,131.10000610351562,173.8000030517578,167.39999389648438,26.5,168.89999389648438,165.39999389648438,15.899999618530273,179.39999389648438,169.1999969482422,20.700000762939453,171.10000610351562,106.4000015258789,87.9000015258789,150.3000030517578,39.40501022338867,1.215657353401184,0.8316320180892944,0.8591972589492798,0.794379711151123,0.6724170446395874,17.044591903686523
140.89999389648438,131.5,171.8000030517578,159.3000030517578,37.099998474121094,163.8000030517578,159.8000030517578,21.799999237060547,176.6999969482422,162.5,25.700000762939453,173.39999389648438,119.9000015258789,69.0,158.39999389648438,42.468994140625,1.210084319114685,0.8351220488548279,0.8695191144943237,0.8100812435150146,0.7176570296287537,10.64397144317627
138.8000030517578,131.3000030517578,173.10000610351562,160.6999969482422,33.900001525878906,164.6999969482422,160.0,20.700000762939453,176.5,165.1999969482422,24.399999618530273,169.10000610351562,108.30000305175781,82.19999694824219,152.89999389648438,40.22868347167969,1.223796010017395,0.813044548034668,0.8494899272918701,0.7936201691627502,0.6718155741691589,15.076486587524414
140.3000030517578,130.10000610351562,173.6999969482422,155.0,41.20000076293945,164.0,155.6999969482422,26.799999237060547,173.89999389648438,161.3000030517578,26.600000381469727,170.0,101.9000015258789,83.19999694824219,158.6999969482422,42.11149215698242,1.209663987159729,0.8211553692817688,0.8530056476593018,0.7950624227523804,0.7065356373786926,12.7572603225708
139.6999969482422,128.89999389648438,175.39999389648438,162.10000610351562,33.70000076293945,164.60000610351562,158.6999969482422,23.0,174.89999389648438,164.6999969482422,23.399999618530273,172.0,89.9000015258789,97.9000015258789,152.6999969482422,37.84630584716797,1.2278040647506714,0.8211472034454346,0.8499644994735718,0.7927138209342957,0.6781790852546692,18.469593048095703
141.10000610351562,128.1999969482422,170.1999969482422,160.0,36.0,163.3000030517578,156.1999969482422,26.0,173.89999389648438,158.8000030517578,29.700000762939453,171.39999389648438,93.0,94.69999694824219,151.10000610351562,39.05979537963867,1.2273058891296387,0.7978605031967163,0.8365738987922668,0.7891417145729065,0.6800398826599121,16.624929428100586
139.89999389648438,127.4000015258789,173.0,156.5,40.79999923706055,163.60000610351562,156.0,27.0,174.39999389648438,156.6999969482422,30.399999618530273,172.6999969482422,73.5,115.69999694824219,150.8000030517578,40.66786193847656,1.2163583040237427,0.793300211429596,0.8168982267379761,0.7772279381752014,0.6617973446846008,20.635082244873047
143.1999969482422,124.0,172.1999969482422,144.89999389648438,53.5,160.6999969482422,147.6999969482422,36.099998474121094,169.39999389648438,145.89999389648438,42.79999923706055,166.8000030517578,58.5,126.0,149.39999389648438,41.53809356689453,1.218923807144165,0.7711776494979858,0.809562087059021,0.7790865302085876,0.6822416186332703,23.803625106811523
141.3000030517578,123.5999984741211,170.0,148.60000610351562,51.099998474121094,160.5,147.8000030517578,35.400001525878906,169.10000610351562,143.39999389648438,45.400001525878906,164.5,64.9000015258789,119.0999984741211,143.89999389648438,40.34357452392578,1.2121726274490356,0.7809306979179382,0.8096892833709717,0.7740253210067749,0.6716098189353943,21.921049118041992
141.6999969482422,123.0999984741211,169.6999969482422,145.60000610351562,55.20000076293945,159.10000610351562,144.5,40.70000076293945,167.8000030517578,132.6999969482422,55.5,164.0,58.900001525878906,124.69999694824219,146.5,42.03755187988281,1.2174668312072754,0.7669865489006042,0.7833095788955688,0.7628209590911865,0.6588861346244812,22.662851333618164
141.5,123.0999984741211,170.10000610351562,144.1999969482422,55.599998474121094,158.3000030517578,145.10000610351562,38.900001525878906,167.8000030517578,137.6999969482422,49.099998474121094,166.8000030517578,60.29999923706055,123.80000305175781,142.3000030517578,41.97416687011719,1.2198065519332886,0.7688757181167603,0.7941762804985046,0.7675610780715942,0.6681104898452759,22.328632354736328
140.3000030517578,123.19999694824219,171.10000610351562,143.3000030517578,56.099998474121094,159.10000610351562,145.5,39.20000076293945,166.5,137.1999969482422,51.099998474121094,164.0,64.69999694824219,119.80000305175781,142.0,41.47055435180664,1.2246599197387695,0.7756798267364502,0.8004330992698669,0.7718778252601624,0.6692724227905273,21.848899841308594
139.89999389648438,128.60000610351562,173.39999389648438,153.89999389648438,43.70000076293945,164.1999969482422,154.8000030517578,28.299999237060547,173.6999969482422,156.6999969482422,31.799999237060547,169.60000610351562,87.4000015258789,103.19999694824219,148.5,40.93421936035156,1.23024582862854,0.8177607655525208,0.8445253372192383,0.8068376183509827,0.7032009363174438,17.350383758544922
139.10000610351562,130.60000610351562,173.5,156.0,38.900001525878906,165.10000610351562,158.1999969482422,23.200000762939453,176.10000610351562,166.60000610351562,23.200000762939453,172.1999969482422,104.0,87.69999694824219,152.89999389648438,41.13618850708008,1.2251856327056885,0.8155573010444641,0.8497257232666016,0.7984175086021423,0.6981698274612427,15.087736129760742
138.8000030517578,131.10000610351562,174.60000610351562,151.5,42.099998474121094,165.8000030517578,156.6999969482422,24.399999618530273,175.5,165.60000610351562,24.200000762939453,166.10000610351562,102.5999984741211,90.5999984741211,146.1999969482422,44.415626525878906,1.2226917743682861,0.8023560047149658,0.8318833708763123,0.7962271571159363,0.6982381343841553,15.000090599060059
139.39999389648438,131.5,174.60000610351562,154.3000030517578,40.79999923706055,163.6999969482422,158.8000030517578,22.0,175.60000610351562,164.1999969482422,25.5,168.6999969482422,110.5,78.4000015258789,155.1999969482422,43.9917106628418,1.2329915761947632,0.8082923293113708,0.845453143119812,0.8045434355735779,0.7191590666770935,12.573041915893555
138.5,131.1999969482422,176.0,151.6999969482422,42.70000076293945,165.0,157.1999969482422,24.100000381469727,176.3000030517578,167.0,23.100000381469727,169.10000610351562,106.5,86.0999984741211,151.1999969482422,44.20912170410156,1.224190354347229,0.8181032538414001,0.8494605422019958,0.8067734837532043,0.721451997756958,13.877020835876465
138.0,135.0,170.39999389648438,163.10000610351562,28.100000381469727,169.60000610351562,165.0,13.699999809265137,177.1999969482422,172.60000610351562,16.200000762939453,172.5,126.69999694824219,65.0,151.3000030517578,43.61626052856445,1.233527660369873,0.8204355239868164,0.8611096739768982,0.8114649057388306,0.7138232588768005,11.006077766418457
136.60000610351562,134.6999969482422,171.39999389648438,172.6999969482422,18.200000762939453,171.0,168.6999969482422,9.0,174.8000030517578,175.89999389648438,14.800000190734863,172.6999969482422,127.0999984741211,67.30000305175781,151.6999969482422,39.3446044921875,1.229256510734558,0.8208363056182861,0.8547616600990295,0.8172476887702942,0.6910394430160522,14.29367733001709
135.8000030517578,133.39999389648438,172.60000610351562,179.8000030517578,7.5,176.1999969482422,173.10000610351562,4.599999904632568,171.6999969482422,178.5,12.300000190734863,173.0,126.30000305175781,67.9000015258789,154.10000610351562,39.85873794555664,1.2163184881210327,0.8231945037841797,0.8463100790977478,0.8093858957290649,0.6831575036048889,16.098031997680664
136.60000610351562,134.10000610351562,173.3000030517578,177.60000610351562,4.699999809265137,174.6999969482422,175.5,1.399999976158142,172.10000610351562,178.60000610351562,7.5,174.39999389648438,127.69999694824219,66.19999694824219,153.8000030517578,39.871463775634766,1.2256778478622437,0.8312130570411682,0.8540013432502747,0.8300539255142212,0.6919558644294739,17.233360290527344
134.8000030517578,136.60000610351562,172.6999969482422,169.39999389648438,9.5,178.5,176.6999969482422,5.900000095367432,168.89999389648438,173.5,0.20000000298023224,179.0,135.6999969482422,63.0,151.60000610351562,40.778839111328125,1.2384871244430542,0.8419088125228882,0.853792667388916,0.8538485765457153,0.722627580165863,16.47050666809082
130.3000030517578,135.60000610351562,174.6999969482422,167.8000030517578,10.5,176.0,177.10000610351562,7.800000190734863,164.3000030517578,173.39999389648438,0.0,177.60000610351562,136.10000610351562,61.400001525878906,154.5,37.95622634887695,1.2350878715515137,0.8682112693786621,0.8566681146621704,0.8410471677780151,0.703872561454773,18.469167709350586
131.3000030517578,136.39999389648438,175.60000610351562,166.39999389648438,11.300000190734863,175.3000030517578,177.0,7.199999809265137,166.0,176.0,3.0,179.10000610351562,131.6999969482422,66.0,152.39999389648438,38.176483154296875,1.222209095954895,0.8471857309341431,0.8415800333023071,0.8336504101753235,0.6895422339439392,19.892213821411133
132.5,135.39999389648438,175.39999389648438,178.6999969482422,5.0,179.5,174.0,3.5999999046325684,171.1999969482422,172.89999389648438,16.399999618530273,174.10000610351562,121.19999694824219,76.4000015258789,147.8000030517578,38.00798797607422,1.2221734523773193,0.8334142565727234,0.8454899191856384,0.8164548873901367,0.65305095911026,20.378692626953125
134.0,136.0,173.0,177.0,14.600000381469727,172.6999969482422,169.5,9.600000381469727,175.89999389648438,171.0,20.399999618530273,168.1999969482422,118.5999984741211,78.0999984741211,146.39999389648438,39.50450897216797,1.2177847623825073,0.8203378319740295,0.8425629138946533,0.8223311305046082,0.66187983751297,18.76458740234375
134.39999389648438,134.89999389648438,173.39999389648438,175.39999389648438,12.699999809265137,175.89999389648438,170.5,8.600000381469727,174.60000610351562,174.10000610351562,16.899999618530273,170.8000030517578,120.4000015258789,77.0999984741211,146.10000610351562,39.69466781616211,1.2175318002700806,0.8192629814147949,0.8351179957389832,0.801686704158783,0.6628393530845642,17.7690372467041
136.5,132.5,172.5,171.89999389648438,19.5,171.60000610351562,165.6999969482422,13.5,178.10000610351562,169.0,21.100000381469727,169.89999389648438,113.9000015258789,80.19999694824219,149.60000610351562,38.000213623046875,1.2181785106658936,0.8159775733947754,0.8427225947380066,0.8024694323539734,0.6606977581977844,17.46833038330078
136.89999389648438,131.89999389648438,171.89999389648438,172.5,20.0,170.3000030517578,166.3000030517578,13.600000381469727,179.0,169.39999389648438,20.600000381469727,170.60000610351562,116.9000015258789,76.19999694824219,150.6999969482422,37.202110290527344,1.2240047454833984,0.817379355430603,0.8394875526428223,0.8080068826675415,0.6600204706192017,16.289581298828125
136.6999969482422,132.89999389648438,173.89999389648438,168.89999389648438,23.5,169.89999389648438,163.60000610351562,16.5,178.89999389648438,167.60000610351562,23.100000381469727,168.1999969482422,116.19999694824219,76.0,151.60000610351562,39.05553436279297,1.217216968536377,0.8136614561080933,0.8402782678604126,0.8124159574508667,0.6738166213035583,15.969274520874023
135.89999389648438,133.0,173.1999969482422,166.6999969482422,27.100000381469727,167.6999969482422,162.3000030517578,18.600000381469727,178.3000030517578,164.8000030517578,26.0,166.1999969482422,110.69999694824219,81.0999984741211,150.5,39.946659088134766,1.2221908569335938,0.813133716583252,0.8312960267066956,0.8100082874298096,0.6690119504928589,16.115610122680664
138.0,131.3000030517578,174.5,163.6999969482422,31.0,165.8000030517578,161.6999969482422,19.299999237060547,179.0,165.0,24.0,171.8000030517578,108.0,84.4000015258789,153.10000610351562,40.80583953857422,1.2115185260772705,0.8059472441673279,0.8412648439407349,0.8022831678390503,0.6774468421936035,16.551908493041992
138.3000030517578,131.6999969482422,173.1999969482422,162.89999389648438,32.599998474121094,166.1999969482422,160.10000610351562,21.100000381469727,178.10000610351562,164.60000610351562,26.200000762939453,169.5,115.9000015258789,78.5,152.89999389648438,40.02971267700195,1.2169820070266724,0.825883686542511,0.8452399373054504,0.8110030889511108,0.6825146079063416,13.721242904663086
139.0,131.3000030517578,173.6999969482422,162.89999389648438,31.899999618530273,165.10000610351562,159.89999389648438,21.100000381469727,178.89999389648438,163.89999389648438,25.100000381469727,171.1999969482422,110.19999694824219,79.5,154.3000030517578,39.527217864990234,1.2199493646621704,0.8136553168296814,0.8401939272880554,0.7988642454147339,0.6923524737358093,14.59177303314209
139.1999969482422,130.39999389648438,173.39999389648438,163.0,30.5,167.3000030517578,162.0,17.799999237060547,180.0,168.6999969482422,19.899999618530273,172.60000610351562,106.4000015258789,82.69999694824219,157.8000030517578,40.1270866394043,1.2117129564285278,0.8159610033035278,0.8489775061607361,0.7930651903152466,0.6872889995574951,16.769351959228516
137.89999389648438,130.10000610351562,173.3000030517578,164.0,31.0,166.5,164.3000030517578,17.299999237060547,178.3000030517578,168.0,22.5,170.8000030517578,112.5,83.19999694824219,150.6999969482422,39.59177780151367,1.2129263877868652,0.8231646418571472,0.8412368297576904,0.7831563949584961,0.6693086624145508,15.53365707397461
140.1999969482422,129.6999969482422,173.5,162.39999389648438,33.5,164.89999389648438,161.10000610351562,20.299999237060547,178.0,164.89999389648438,24.399999618530273,171.8000030517578,109.19999694824219,83.0,155.89999389648438,39.595787048339844,1.2033989429473877,0.8297227621078491,0.8563323616981506,0.7938070297241211,0.6968654990196228,15.080782890319824
138.8000030517578,130.89999389648438,172.1999969482422,158.89999389648438,37.5,163.60000610351562,161.1999969482422,21.5,175.6999969482422,165.39999389648438,26.299999237060547,168.1999969482422,109.30000305175781,85.5,149.1999969482422,41.951507568359375,1.2077497243881226,0.8198331594467163,0.8383246064186096,0.8004639744758606,0.6876783967018127,16.15289878845215
141.5,128.8000030517578,170.39999389648438,157.60000610351562,38.099998474121094,164.8000030517578,156.0,26.899999618530273,174.6999969482422,156.5,31.399999618530273,170.6999969482422,105.5999984741211,82.69999694824219,154.6999969482422,40.59605407714844,1.194965124130249,0.8177468776702881,0.8405443429946899,0.8092859983444214,0.7040492296218872,12.897653579711914
140.8000030517578,128.6999969482422,169.10000610351562,162.60000610351562,35.79999923706055,163.0,156.0,27.799999237060547,175.89999389648438,157.3000030517578,32.099998474121094,171.8000030517578,93.0,93.4000015258789,157.10000610351562,37.661861419677734,1.1996878385543823,0.8086145520210266,0.83175128698349,0.7963218688964844,0.6874166131019592,17.0600643157959
142.60000610351562,131.10000610351562,170.89999389648438,153.1999969482422,44.900001525878906,161.39999389648438,154.0,28.899999618530273,173.1999969482422,156.8000030517578,31.799999237060547,171.5,114.9000015258789,70.5999984741211,160.6999969482422,42.8974494934082,1.2138409614562988,0.8255032896995544,0.8456093072891235,0.8313882946968079,0.7200286984443665,10.56443977355957
140.8000030517578,129.1999969482422,169.39999389648438,159.8000030517578,36.70000076293945,163.6999969482422,158.6999969482422,22.899999618530273,178.10000610351562,163.1999969482422,24.899999618530273,173.39999389648438,99.4000015258789,89.19999694824219,156.8000030517578,39.864280700683594,1.196125864982605,0.8161394000053406,0.8392512798309326,0.7842747569084167,0.6835736632347107,15.997224807739258
139.5,129.0,170.6999969482422,159.0,37.099998474121094,164.3000030517578,156.5,26.299999237060547,176.6999969482422,156.10000610351562,32.099998474121094,171.39999389648438,91.9000015258789,97.0999984741211,150.6999969482422,39.51594924926758,1.2060375213623047,0.8051634430885315,0.82979816198349,0.7918265461921692,0.6862902045249939,17.46133804321289
139.89999389648438,128.60000610351562,172.89999389648438,159.5,36.099998474121094,164.60000610351562,160.8000030517578,20.700000762939453,179.39999389648438,163.89999389648438,25.200000762939453,173.5,105.4000015258789,85.0999984741211,154.0,40.37137222290039,1.2017977237701416,0.8322098851203918,0.8470236659049988,0.7772473096847534,0.6939761638641357,14.958372116088867
141.3000030517578,131.1999969482422,172.0,156.3000030517578,40.599998474121094,162.89999389648438,156.5,26.799999237060547,174.5,158.10000610351562,28.600000381469727,176.39999389648438,118.0999984741211,69.5,157.1999969482422,40.663726806640625,1.2168463468551636,0.8403375744819641,0.8645564317703247,0.8296799063682556,0.7360054850578308,9.339009284973145
138.10000610351562,131.3000030517578,172.89999389648438,158.5,38.900001525878906,166.8000030517578,157.3000030517578,26.399999618530273,176.3000030517578,160.0,30.600000381469727,168.5,99.4000015258789,93.4000015258789,152.3000030517578,40.64664840698242,1.1815121173858643,0.8179347515106201,0.8355055451393127,0.8280170559883118,0.704475998878479,17.997512817382812
137.5,131.89999389648438,170.3000030517578,160.5,38.0,161.89999389648438,159.5,23.200000762939453,174.1999969482422,162.39999389648438,27.299999237060547,168.6999969482422,103.5999984741211,87.5,149.10000610351562,41.1661262512207,1.2093472480773926,0.8009441494941711,0.8273884057998657,0.7978718876838684,0.6581264138221741,17.707820892333984
136.0,135.6999969482422,167.5,169.5,29.5,164.8000030517578,163.39999389648438,19.5,177.1999969482422,162.39999389648438,29.600000381469727,165.39999389648438,108.0,83.5999984741211,147.6999969482422,41.121944427490234,1.1873079538345337,0.7852306365966797,0.80245441198349,0.7931734323501587,0.6130477786064148,19.276208877563477
134.6999969482422,135.5,172.1999969482422,171.10000610351562,24.100000381469727,167.5,164.3000030517578,17.100000381469727,179.3000030517578,165.10000610351562,27.100000381469727,167.10000610351562,108.5,83.0,150.39999389648438,39.660316467285156,1.1816152334213257,0.791342556476593,0.8132873177528381,0.7798317074775696,0.6171650290489197,20.815135955810547
134.10000610351562,136.0,170.8000030517578,174.10000610351562,20.0,169.3000030517578,167.8000030517578,13.800000190734863,180.0,167.39999389648438,25.799999237060547,167.0,113.5999984741211,79.30000305175781,149.60000610351562,40.04181671142578,1.1783965826034546,0.8004298806190491,0.8248619437217712,0.797825813293457,0.6064153909683228,21.53586769104004
135.3000030517578,137.1999969482422,168.6999969482422,179.3000030517578,10.899999618530273,172.1999969482422,171.8000030517578,7.199999809265137,177.10000610351562,171.39999389648438,19.299999237060547,169.0,124.9000015258789,69.9000015258789,149.89999389648438,38.251407623291016,1.1964696645736694,0.816238522529602,0.8327309489250183,0.7952487468719482,0.6142148375511169,18.047592163085938
135.39999389648438,137.3000030517578,168.0,175.10000610351562,5.199999809265137,172.8000030517578,175.3000030517578,0.800000011920929,170.6999969482422,173.6999969482422,12.600000381469727,176.3000030517578,129.0,62.900001525878906,156.1999969482422,37.061737060546875,1.1684422492980957,0.8228943943977356,0.8271689414978027,0.7775103449821472,0.6066399812698364,17.152246475219727
134.60000610351562,139.5,171.1999969482422,173.3000030517578,1.0,174.89999389648438,175.10000610351562,2.5,174.1999969482422,172.5,13.5,176.3000030517578,125.0999984741211,69.5,152.3000030517578,37.5353889465332,1.1800353527069092,0.83536696434021,0.8286957144737244,0.7888877391815186,0.6231751441955566,20.362171173095703
132.5,133.6999969482422,172.10000610351562,169.10000610351562,3.200000047683716,179.60000610351562,179.10000610351562,2.9000000953674316,163.8000030517578,174.3000030517578,3.700000047683716,175.6999969482422,144.60000610351562,52.5,154.10000610351562,37.87593078613281,1.248464584350586,0.8580877780914307,0.8359280824661255,0.8460257649421692,0.6742035746574402,17.86769676208496
133.1999969482422,133.3000030517578,171.60000610351562,173.8000030517578,1.5,178.5,176.3000030517578,1.7999999523162842,168.60000610351562,176.60000610351562,7.300000190734863,175.0,141.39999389648438,54.29999923706055,155.8000030517578,38.08750534057617,1.2465150356292725,0.8513737916946411,0.8397238850593567,0.8584492802619934,0.6838992834091187,15.995232582092285
133.8000030517578,132.3000030517578,169.89999389648438,175.0,5.099999904632568,175.6999969482422,174.89999389648438,2.0,166.8000030517578,176.89999389648438,6.900000095367432,173.6999969482422,138.8000030517578,52.5,158.60000610351562,36.10695266723633,1.233519196510315,0.8665674924850464,0.8534756898880005,0.8802018165588379,0.7069178819656372,16.272985458374023
133.0,133.3000030517578,171.39999389648438,172.1999969482422,0.4000000059604645,178.5,179.0,1.0,166.6999969482422,176.8000030517578,5.599999904632568,176.89999389648438,136.10000610351562,61.0,154.5,34.96521759033203,1.2209324836730957,0.8860732316970825,0.8649845123291016,0.8889738917350769,0.7194783091545105,18.627424240112305
133.6999969482422,131.6999969482422,172.10000610351562,174.3000030517578,3.4000000953674316,177.10000610351562,175.10000610351562,2.4000000953674316,166.89999389648438,177.1999969482422,6.0,177.1999969482422,132.1999969482422,62.900001525878906,158.6999969482422,37.67863082885742,1.2215648889541626,0.8634089827537537,0.8485531210899353,0.8663773536682129,0.6963485479354858,20.286190032958984
133.1999969482422,132.6999969482422,173.60000610351562,171.8000030517578,0.5,179.39999389648438,178.3000030517578,0.5,165.8000030517578,177.0,5.0,176.1999969482422,132.3000030517578,64.5,153.3000030517578,36.96949768066406,1.2273699045181274,0.8726413249969482,0.8545640110969543,0.8772686719894409,0.7147895097732544,19.716327667236328
132.89999389648438,132.10000610351562,171.89999389648438,167.60000610351562,3.700000047683716,179.39999389648438,177.1999969482422,0.10000000149011612,165.60000610351562,178.6999969482422,5.699999809265137,179.0,136.3000030517578,60.400001525878906,155.5,36.406036376953125,1.231145977973938,0.8627938628196716,0.8272935748100281,0.8574159145355225,0.6855982542037964,18.33550453186035
132.6999969482422,132.5,172.0,174.89999389648438,5.800000190734863,176.0,175.60000610351562,1.7000000476837158,166.5,179.3000030517578,7.5,176.6999969482422,129.60000610351562,67.80000305175781,151.39999389648438,40.041717529296875,1.2292256355285645,0.8584668636322021,0.8323615193367004,0.8685442209243774,0.6923021674156189,19.09281349182129
132.6999969482422,132.1999969482422,172.1999969482422,165.6999969482422,6.199999809265137,180.0,178.89999389648438,4.0,163.60000610351562,176.60000610351562,3.799999952316284,178.8000030517578,141.39999389648438,55.29999923706055,155.1999969482422,37.361026763916016,1.2364933490753174,0.8647563457489014,0.8294193148612976,0.8578439950942993,0.6883240938186646,17.164657592773438
132.6999969482422,132.10000610351562,173.60000610351562,168.3000030517578,5.599999904632568,179.8000030517578,179.6999969482422,2.9000000953674316,163.60000610351562,176.89999389648438,4.800000190734863,178.60000610351562,143.8000030517578,53.0,155.39999389648438,39.024925231933594,1.2326147556304932,0.858698308467865,0.8384851813316345,0.8565951585769653,0.6937720775604248,16.783493041992188
132.3000030517578,134.10000610351562,172.8000030517578,167.89999389648438,5.300000190734863,177.8000030517578,179.89999389648438,3.9000000953674316,164.5,176.3000030517578,3.799999952316284,178.6999969482422,149.10000610351562,47.099998474121094,155.3000030517578,39.70334243774414,1.237826943397522,0.8425518870353699,0.8325198292732239,0.8566047549247742,0.6766990423202515,16.140869140625
133.6999969482422,135.0,171.5,162.0,12.800000190734863,177.5,177.6999969482422,7.099999904632568,164.3000030517578,173.10000610351562,0.5,179.10000610351562,154.5,41.0,157.0,36.36384582519531,1.2369189262390137,0.8697810173034668,0.8528769612312317,0.8724496960639954,0.7020087838172913,13.138022422790527
133.8000030517578,135.5,171.1999969482422,154.60000610351562,20.899999618530273,178.0,170.3000030517578,16.700000762939453,163.8000030517578,171.1999969482422,6.5,175.3000030517578,150.89999389648438,38.29999923706055,160.5,35.52547836303711,1.2647501230239868,0.8699697852134705,0.8348351716995239,0.8669657707214355,0.7157591581344604,12.2833251953125
132.1999969482422,136.39999389648438,171.3000030517578,150.89999389648438,26.700000762939453,177.0,169.39999389648438,19.200000762939453,159.1999969482422,167.60000610351562,11.199999809265137,171.6999969482422,162.39999389648438,25.799999237060547,163.1999969482422,36.53691864013672,1.2589977979660034,0.8755910992622375,0.8442946672439575,0.8668259978294373,0.7116640210151672,10.890143394470215
130.10000610351562,138.3000030517578,176.1999969482422,151.8000030517578,25.399999618530273,179.1999969482422,167.8000030517578,21.100000381469727,157.5,167.0,13.399999618530273,169.3000030517578,162.89999389648438,23.899999618530273,165.6999969482422,37.701263427734375,1.2626725435256958,0.8752059936523438,0.825387716293335,0.8554083108901978,0.6996166110038757,10.434966087341309
129.39999389648438,140.60000610351562,176.8000030517578,149.0,31.5,175.6999969482422,166.3000030517578,24.600000381469727,156.89999389648438,166.1999969482422,16.899999618530273,167.3000030517578,159.8000030517578,26.299999237060547,164.1999969482422,35.66011047363281,1.2879618406295776,0.881408154964447,0.8337081074714661,0.8690024614334106,0.711097240447998,11.716730117797852
129.3000030517578,138.3000030517578,177.6999969482422,148.60000610351562,31.5,178.5,163.0,29.0,155.8000030517578,160.10000610351562,23.600000381469727,165.0,163.0,21.100000381469727,168.10000610351562,38.73958206176758,1.2645412683486938,0.8610731959342957,0.8377782106399536,0.8780547976493835,0.7148292064666748,15.517902374267578
129.5,139.60000610351562,178.89999389648438,148.3000030517578,32.400001525878906,175.6999969482422,160.8000030517578,29.600000381469727,158.60000610351562,158.1999969482422,24.700000762939453,165.0,163.89999389648438,19.0,168.1999969482422,34.730838775634766,1.2730040550231934,0.8867737650871277,0.8371662497520447,0.8690311312675476,0.7347186207771301,11.938922882080078
129.5,138.39999389648438,179.89999389648438,144.1999969482422,37.900001525878906,174.39999389648438,161.6999969482422,30.5,158.10000610351562,158.3000030517578,24.299999237060547,164.89999389648438,161.0,23.299999237060547,165.8000030517578,36.36301040649414,1.2845216989517212,0.856006920337677,0.8450313210487366,0.8651662468910217,0.7340692281723022,13.800292015075684
130.89999389648438,137.0,177.10000610351562,145.10000610351562,37.29999923706055,175.60000610351562,163.0,30.200000762939453,158.39999389648438,159.8000030517578,23.899999618530273,166.39999389648438,165.1999969482422,16.600000381469727,170.3000030517578,37.871299743652344,1.2637927532196045,0.847453236579895,0.8223981261253357,0.8501483798027039,0.7173311114311218,12.653088569641113
129.60000610351562,140.5,176.60000610351562,146.60000610351562,33.20000076293945,175.89999389648438,164.89999389648438,26.5,157.0,163.89999389648438,19.299999237060547,165.5,163.60000610351562,22.0,166.60000610351562,34.6946907043457,1.2936720848083496,0.883396565914154,0.8426788449287415,0.8721444606781006,0.7232310771942139,12.135014533996582
130.3000030517578,137.10000610351562,176.0,149.8000030517578,27.700000762939453,179.60000610351562,166.8000030517578,23.700000762939453,159.60000610351562,162.39999389648438,20.0,168.60000610351562,167.60000610351562,16.700000762939453,167.8000030517578,37.55961227416992,1.2856342792510986,0.8782795071601868,0.8386048078536987,0.883476734161377,0.729580283164978,12.291074752807617
131.5,136.6999969482422,172.0,149.3000030517578,24.399999618530273,177.3000030517578,169.60000610351562,19.399999618530273,158.8000030517578,164.60000610351562,17.5,166.39999389648438,164.1999969482422,21.399999618530273,165.5,36.948974609375,1.2679226398468018,0.8761069178581238,0.8374009132385254,0.8842705488204956,0.7342208623886108,11.526253700256348
128.60000610351562,137.0,176.0,158.0,15.300000190734863,178.5,171.60000610351562,12.600000381469727,164.10000610351562,171.0,5.400000095367432,174.1999969482422,162.6999969482422,28.399999618530273,162.39999389648438,35.26095199584961,1.2801071405410767,0.9118549823760986,0.839999258518219,0.8706223368644714,0.7378040552139282,7.820919990539551
130.6999969482422,135.1999969482422,172.89999389648438,164.5,7.400000095367432,178.3000030517578,175.10000610351562,9.199999809265137,162.60000610351562,171.39999389648438,4.400000095367432,175.3000030517578,160.6999969482422,30.5,161.60000610351562,36.9367561340332,1.2469069957733154,0.8927304744720459,0.8403693437576294,0.8910371661186218,0.7173929214477539,11.767044067382812
133.0,131.6999969482422,173.3000030517578,175.0,6.0,174.8000030517578,175.3000030517578,2.4000000953674316,167.10000610351562,178.3000030517578,6.5,178.60000610351562,141.0,52.79999923706055,159.5,39.693817138671875,1.2229702472686768,0.8350058794021606,0.8187280297279358,0.8384583592414856,0.6990403532981873,15.098530769348145
134.5,129.39999389648438,173.3000030517578,172.3000030517578,22.5,168.60000610351562,168.39999389648438,11.800000190734863,175.8000030517578,172.89999389648438,17.100000381469727,173.89999389648438,129.5,65.19999694824219,153.10000610351562,40.5835075378418,1.232226014137268,0.8196126222610474,0.8005587458610535,0.8297540545463562,0.6787422895431519,13.600797653198242
136.5,131.3000030517578,170.39999389648438,158.8000030517578,42.20000076293945,159.8000030517578,159.5,22.799999237060547,179.1999969482422,162.0,27.700000762939453,174.0,122.5,74.69999694824219,149.0,42.93334197998047,1.2217806577682495,0.8031550049781799,0.7987134456634521,0.8210157155990601,0.6862435936927795,11.212836265563965
135.89999389648438,130.8000030517578,171.10000610351562,156.5,45.20000076293945,160.5,155.89999389648438,29.5,171.89999389648438,157.60000610351562,34.0,169.39999389648438,113.69999694824219,85.4000015258789,143.3000030517578,42.96817398071289,1.2106943130493164,0.8273370862007141,0.8107597231864929,0.8247689008712769,0.6865134239196777,12.907685279846191
137.39999389648438,128.6999969482422,167.0,158.60000610351562,43.900001525878906,160.60000610351562,154.89999389648438,31.799999237060547,171.1999969482422,155.8000030517578,36.20000076293945,167.6999969482422,116.19999694824219,80.0999984741211,145.5,41.2801399230957,1.1965957880020142,0.816973090171814,0.7839889526367188,0.7848271727561951,0.6651608943939209,11.252152442932129
136.60000610351562,131.39999389648438,170.6999969482422,159.5,42.900001525878906,163.0,153.5,32.099998474121094,172.0,156.5,36.900001525878906,166.8000030517578,116.30000305175781,81.30000305175781,145.5,40.07831954956055,1.205177664756775,0.8257607817649841,0.8044778108596802,0.7962698340415955,0.6616602540016174,11.968043327331543
137.60000610351562,127.4000015258789,169.0,153.1999969482422,49.70000076293945,162.1999969482422,150.3000030517578,37.099998474121094,168.89999389648438,150.5,41.79999923706055,164.0,110.30000305175781,84.5,143.8000030517578,42.47616195678711,1.2065844535827637,0.8234081268310547,0.7946925759315491,0.8002660870552063,0.6706535816192627,11.25205135345459
138.6999969482422,132.39999389648438,172.10000610351562,160.3000030517578,39.29999923706055,162.6999969482422,159.39999389648438,23.700000762939453,176.60000610351562,162.5,26.399999618530273,173.0,135.8000030517578,62.70000076293945,147.3000030517578,42.470088958740234,1.2172452211380005,0.8378739356994629,0.8095452189445496,0.8032322525978088,0.7220743298530579,5.495642185211182
136.1999969482422,130.3000030517578,169.39999389648438,175.0,20.200000762939453,170.6999969482422,167.89999389648438,13.300000190734863,172.8000030517578,175.6999969482422,15.699999809265137,172.60000610351562,131.3000030517578,63.79999923706055,153.89999389648438,39.35968017578125,1.1974637508392334,0.8421593904495239,0.8191499710083008,0.8420296907424927,0.7241191267967224,13.537176132202148
132.10000610351562,135.10000610351562,171.39999389648438,165.89999389648438,4.199999809265137,176.39999389648438,177.6999969482422,5.099999904632568,164.8000030517578,171.5,3.200000047683716,177.10000610351562,155.3000030517578,37.400001525878906,161.8000030517578,36.26393127441406,1.236202359199524,0.8825976848602295,0.8455718755722046,0.8763347864151001,0.7415193319320679,9.380424499511719
129.39999389648438,135.1999969482422,174.10000610351562,164.10000610351562,9.5,179.60000610351562,173.6999969482422,8.5,167.6999969482422,165.3000030517578,10.0,175.89999389648438,161.8000030517578,30.0,162.10000610351562,37.67679977416992,1.2677620649337769,0.8892948031425476,0.8482277393341064,0.8954341411590576,0.7749637961387634,7.218109130859375
129.3000030517578,125.5,174.3000030517578,178.10000610351562,7.699999809265137,172.3000030517578,178.3000030517578,7.900000095367432,162.8000030517578,100.0,82.0999984741211,165.5,104.69999694824219,85.19999694824219,167.39999389648438,41.41682052612305,1.1976373195648193,0.914576530456543,0.8067858815193176,0.8276057243347168,0.8019383549690247,5.179032802581787
126.0,119.19999694824219,174.1999969482422,22.100000381469727,169.6999969482422,172.89999389648438,7.900000095367432,179.8000030517578,163.1999969482422,60.599998474121094,123.0,162.0,63.20000076293945,122.5999984741211,162.10000610351562,56.699161529541016,1.1993260383605957,0.8529937267303467,0.7574492692947388,0.7909504771232605,0.7753117084503174,4.387990951538086
130.60000610351562,119.0,175.89999389648438,13.399999618530273,177.8000030517578,164.89999389648438,9.5,165.3000030517578,163.89999389648438,48.400001525878906,134.6999969482422,155.10000610351562,53.900001525878906,129.89999389648438,162.89999389648438,54.74993133544922,1.2533146142959595,0.8320239782333374,0.7628079056739807,0.8138991594314575,0.7962450981140137,4.570312023162842
132.10000610351562,136.3000030517578,171.8000030517578,162.1999969482422,13.699999809265137,178.89999389648438,178.10000610351562,10.300000190734863,161.89999389648438,177.39999389648438,3.200000047683716,179.10000610351562,137.60000610351562,52.29999923706055,158.60000610351562,37.200565338134766,1.1840119361877441,0.8260685801506042,0.8016636967658997,0.7959336042404175,0.599648654460907,21.847736358642578
128.60000610351562,139.6999969482422,177.10000610351562,164.10000610351562,10.600000381469727,178.5,177.39999389648438,11.5,163.89999389648438,177.0,2.5,176.8000030517578,115.19999694824219,76.80000305175781,155.6999969482422,41.48847579956055,1.2276440858840942,0.823665201663971,0.80997633934021,0.8162236213684082,0.5862786769866943,30.244667053222656
127.5,139.5,176.3000030517578,163.39999389648438,12.399999618530273,179.89999389648438,177.60000610351562,12.100000381469727,164.10000610351562,174.5,1.2999999523162842,177.1999969482422,124.5,67.0,159.5,39.543392181396484,1.2304388284683228,0.8514030575752258,0.8309571146965027,0.824656069278717,0.5828758478164673,27.982091903686523
131.3000030517578,136.60000610351562,174.8000030517578,167.60000610351562,8.199999809265137,178.1999969482422,178.8000030517578,6.699999809265137,167.3000030517578,179.0,6.699999809265137,177.1999969482422,109.30000305175781,83.0999984741211,158.89999389648438,37.015663146972656,1.2136054039001465,0.8261253237724304,0.8085971474647522,0.7912275791168213,0.5737753510475159,30.245330810546875
132.3000030517578,135.0,174.60000610351562,168.3000030517578,5.300000190734863,175.39999389648438,179.39999389648438,4.5,166.60000610351562,177.5,8.5,177.6999969482422,101.0,91.9000015258789,157.5,39.27288055419922,1.2010993957519531,0.8200258612632751,0.7981791496276855,0.79606693983078,0.5726370811462402,32.55247497558594
131.10000610351562,136.0,174.3000030517578,167.5,6.800000190734863,178.39999389648438,179.10000610351562,3.4000000953674316,167.39999389648438,179.3000030517578,8.399999618530273,176.0,106.80000305175781,84.5,160.39999389648438,39.41424560546875,1.2014862298965454,0.8178145885467529,0.81009840965271,0.8039554357528687,0.5755614042282104,31.424468994140625
132.3000030517578,135.8000030517578,173.0,166.0,9.399999618530273,179.6999969482422,178.89999389648438,4.900000095367432,164.89999389648438,177.3000030517578,5.199999809265137,175.1999969482422,110.0999984741211,81.0,160.0,39.211673736572266,1.2058079242706299,0.8161168098449707,0.7991542816162109,0.7990005016326904,0.5890404582023621,30.18490219116211
133.39999389648438,134.0,172.10000610351562,170.3000030517578,0.30000001192092896,175.39999389648438,177.3000030517578,1.2000000476837158,167.3000030517578,177.1999969482422,11.5,175.3000030517578,119.5999984741211,72.0999984741211,159.0,37.93395233154297,1.2140898704528809,0.8387575745582581,0.8250908255577087,0.8128311634063721,0.6091365814208984,23.992868423461914
134.10000610351562,133.8000030517578,173.60000610351562,169.6999969482422,2.5999999046325684,179.3000030517578,175.89999389648438,1.0,166.10000610351562,179.1999969482422,9.899999618530273,174.0,122.0999984741211,71.19999694824219,158.5,37.51063537597656,1.2145715951919556,0.8359817862510681,0.816347599029541,0.8176067471504211,0.6206570267677307,22.926876068115234
134.1999969482422,133.0,172.3000030517578,170.8000030517578,1.0,176.5,174.3000030517578,1.899999976158142,166.89999389648438,177.6999969482422,11.199999809265137,172.6999969482422,119.0,72.0,159.39999389648438,38.933502197265625,1.2160272598266602,0.8282691836357117,0.8092834949493408,0.8153168559074402,0.6215164065361023,22.969257354736328
