142.6999969482422,146.0,168.39999389648438,170.1999969482422,12.5,169.8000030517578,179.1999969482422,2.299999952316284,169.10000610351562,172.1999969482422,3.200000047683716,176.89999389648438,143.60000610351562,37.0,164.39999389648438,42.25537872314453,1.2614191770553589,0.8002679347991943,0.8185761570930481,0.5792585015296936,0.6324277520179749,15.722576141357422
142.5,145.89999389648438,168.89999389648438,170.5,12.800000190734863,169.60000610351562,179.6999969482422,3.5999999046325684,169.10000610351562,170.8000030517578,4.199999809265137,178.1999969482422,144.89999389648438,35.099998474121094,165.8000030517578,41.2384033203125,1.2640920877456665,0.7984996438026428,0.8343560099601746,0.592365562915802,0.6304391026496887,14.452558517456055
141.8000030517578,146.6999969482422,168.89999389648438,166.5,16.200000762939453,172.10000610351562,177.60000610351562,6.300000190734863,169.5,172.89999389648438,0.800000011920929,176.3000030517578,140.60000610351562,36.900001525878906,162.60000610351562,41.363922119140625,1.240368127822876,0.7749686241149902,0.8072624206542969,0.5901927947998047,0.6458467245101929,15.437602996826172
142.8000030517578,147.39999389648438,166.8000030517578,163.8000030517578,20.899999618530273,165.8000030517578,177.60000610351562,6.5,169.1999969482422,169.1999969482422,7.0,179.0,149.1999969482422,29.299999237060547,163.3000030517578,42.340736389160156,1.2447102069854736,0.7885963320732117,0.8079888820648193,0.5901107788085938,0.6548430323600769,15.395183563232422
142.60000610351562,147.1999969482422,165.6999969482422,166.3000030517578,18.5,167.3000030517578,179.8000030517578,5.099999904632568,170.39999389648438,172.5,4.800000190734863,177.5,149.5,30.0,163.3000030517578,43.1939811706543,1.2403212785720825,0.7839351296424866,0.7990803718566895,0.582430362701416,0.6415601968765259,13.715970993041992
142.60000610351562,144.3000030517578,167.39999389648438,166.6999969482422,17.600000381469727,168.89999389648438,178.10000610351562,6.199999809265137,168.5,169.3000030517578,4.0,176.89999389648438,141.6999969482422,36.099998474121094,163.1999969482422,42.4555549621582,1.2284283638000488,0.7713164687156677,0.8027722239494324,0.5798126459121704,0.6377643346786499,15.961044311523438
142.39999389648438,145.5,166.6999969482422,169.5,12.600000381469727,170.60000610351562,178.89999389648438,1.2999999523162842,172.0,173.89999389648438,1.7999999523162842,179.1999969482422,144.0,35.29999923706055,165.0,42.21440887451172,1.2481874227523804,0.7873461842536926,0.8175251483917236,0.5920370817184448,0.6434581875801086,14.186192512512207
142.3000030517578,145.89999389648438,166.3000030517578,175.0,2.0,178.1999969482422,173.3000030517578,6.0,174.8000030517578,175.3000030517578,8.899999618530273,178.3000030517578,134.5,43.900001525878906,160.89999389648438,43.661773681640625,1.2450553178787231,0.7680051922798157,0.8127127289772034,0.5747560262680054,0.6431466937065125,15.404831886291504
142.3000030517578,146.0,165.5,176.8000030517578,3.700000047683716,176.3000030517578,169.39999389648438,11.399999618530273,177.89999389648438,168.3000030517578,15.399999618530273,178.89999389648438,132.60000610351562,47.0,158.39999389648438,45.583045959472656,1.235695481300354,0.751163899898529,0.7845296263694763,0.5477155447006226,0.6357114315032959,16.7926025390625
143.39999389648438,145.8000030517578,165.3000030517578,178.5,10.600000381469727,173.6999969482422,168.39999389648438,13.600000381469727,177.10000610351562,163.60000610351562,20.100000381469727,178.5,132.0,47.5,158.89999389648438,44.67804718017578,1.2451155185699463,0.7603934407234192,0.8028380870819092,0.5565651655197144,0.6392693519592285,16.042251586914062
143.3000030517578,145.1999969482422,164.6999969482422,177.8000030517578,5.800000190734863,176.5,168.5,12.699999809265137,177.5,164.6999969482422,19.5,178.60000610351562,130.6999969482422,48.5,159.3000030517578,45.132713317871094,1.2350188493728638,0.751183271408081,0.7902989387512207,0.5456012487411499,0.6315478682518005,16.899301528930664
142.5,146.6999969482422,164.6999969482422,178.6999969482422,11.300000190734863,173.60000610351562,167.5,15.0,176.3000030517578,158.39999389648438,25.700000762939453,176.8000030517578,130.5,47.20000076293945,157.89999389648438,48.07672882080078,1.230474591255188,0.7420957088470459,0.7769414782524109,0.5369727611541748,0.6399773359298706,17.578227996826172
143.1999969482422,145.1999969482422,165.10000610351562,177.60000610351562,11.699999809265137,174.3000030517578,167.89999389648438,14.699999809265137,176.0,158.10000610351562,26.299999237060547,176.39999389648438,129.6999969482422,48.599998474121094,157.8000030517578,47.153446197509766,1.2381809949874878,0.7470663785934448,0.7850351929664612,0.5300676822662354,0.6389767527580261,19.15976905822754
141.6999969482422,146.1999969482422,164.10000610351562,173.8000030517578,1.600000023841858,178.5,176.89999389648438,1.7000000476837158,175.60000610351562,177.39999389648438,5.0,175.5,138.0,40.599998474121094,162.6999969482422,44.73300552368164,1.2592055797576904,0.7670648694038391,0.7964578866958618,0.568915605545044,0.6422908306121826,16.043241500854492
140.6999969482422,146.10000610351562,167.1999969482422,168.39999389648438,12.5,174.1999969482422,178.10000610351562,4.900000095367432,171.8000030517578,171.6999969482422,5.400000095367432,174.8000030517578,144.89999389648438,36.29999923706055,163.0,42.722782135009766,1.273599624633789,0.7895909547805786,0.8190977573394775,0.5873565673828125,0.6527999043464661,15.748350143432617
141.60000610351562,145.10000610351562,165.3000030517578,170.0,12.800000190734863,173.89999389648438,177.10000610351562,5.800000190734863,171.39999389648438,167.8000030517578,7.599999904632568,177.5,146.6999969482422,33.900001525878906,163.1999969482422,45.9954719543457,1.2680319547653198,0.7770170569419861,0.8099210858345032,0.5857702493667603,0.6614863276481628,16.21287727355957
141.39999389648438,145.3000030517578,165.3000030517578,164.60000610351562,15.699999809265137,174.89999389648438,175.39999389648438,8.199999809265137,170.3000030517578,165.8000030517578,10.300000190734863,176.5,150.5,29.600000381469727,163.0,44.38654327392578,1.2923829555511475,0.8049734830856323,0.8291015625,0.6130867600440979,0.6801180839538574,15.476842880249023
141.5,145.1999969482422,167.0,167.1999969482422,15.699999809265137,173.3000030517578,176.0,8.300000190734863,170.6999969482422,167.39999389648438,8.899999618530273,177.1999969482422,145.8000030517578,32.29999923706055,165.5,44.35499572753906,1.2672606706619263,0.7890318036079407,0.8175790905952454,0.6004427075386047,0.6640892624855042,16.45439910888672
142.10000610351562,144.3000030517578,166.1999969482422,167.3000030517578,13.800000190734863,173.3000030517578,175.5,7.300000190734863,169.89999389648438,165.6999969482422,9.0,178.60000610351562,151.10000610351562,31.100000381469727,163.5,44.46147155761719,1.2713372707366943,0.7954583168029785,0.8164201974868774,0.6040963530540466,0.6641678214073181,15.149014472961426
143.60000610351562,144.1999969482422,164.10000610351562,167.6999969482422,15.399999618530273,171.10000610351562,176.1999969482422,6.900000095367432,170.60000610351562,166.89999389648438,9.199999809265137,177.6999969482422,150.89999389648438,30.399999618530273,163.1999969482422,43.99898910522461,1.2678905725479126,0.8022933006286621,0.8200190663337708,0.6091718673706055,0.6699288487434387,15.236543655395508
141.8000030517578,144.5,168.0,167.8000030517578,14.899999618530273,170.3000030517578,176.3000030517578,4.699999809265137,170.60000610351562,168.1999969482422,6.599999904632568,176.89999389648438,150.1999969482422,31.899999618530273,165.0,40.41743469238281,1.2612967491149902,0.804913341999054,0.8207425475120544,0.59401535987854,0.6562564373016357,14.772701263427734
142.10000610351562,144.1999969482422,166.8000030517578,167.8000030517578,13.0,171.89999389648438,177.60000610351562,3.5,169.89999389648438,171.0,4.5,174.8000030517578,149.89999389648438,33.29999923706055,164.10000610351562,42.05339813232422,1.251022458076477,0.8013120889663696,0.8142884373664856,0.5854446291923523,0.6528807878494263,14.855386734008789
143.0,143.8000030517578,166.0,168.39999389648438,11.399999618530273,173.6999969482422,178.6999969482422,1.2000000476837158,173.89999389648438,172.1999969482422,3.5,176.89999389648438,146.39999389648438,34.400001525878906,164.1999969482422,43.39921569824219,1.2527228593826294,0.7912193536758423,0.8118695616722107,0.5825884342193604,0.6502857208251953,15.382112503051758
142.89999389648438,144.0,166.1999969482422,168.1999969482422,10.300000190734863,174.5,177.89999389648438,1.2999999523162842,173.60000610351562,172.3000030517578,3.0999999046325684,176.10000610351562,145.3000030517578,35.0,166.6999969482422,41.55241775512695,1.2538418769836426,0.7916094660758972,0.8183512687683105,0.577633261680603,0.6519777774810791,15.776702880859375
144.0,142.8000030517578,165.39999389648438,174.1999969482422,3.0999999046325684,177.6999969482422,174.0,5.900000095367432,177.89999389648438,177.6999969482422,6.300000190734863,178.8000030517578,138.89999389648438,40.20000076293945,165.0,40.22145080566406,1.236143708229065,0.7726330757141113,0.7972103953361511,0.5572885870933533,0.6421159505844116,16.743480682373047
143.0,144.89999389648438,165.1999969482422,177.6999969482422,8.100000381469727,171.6999969482422,170.10000610351562,10.899999618530273,179.10000610351562,166.60000610351562,15.899999618530273,179.60000610351562,132.1999969482422,46.099998474121094,160.1999969482422,44.97425079345703,1.2354735136032104,0.7489489316940308,0.7836638689041138,0.5474212765693665,0.6458361744880676,17.67741584777832
143.5,145.60000610351562,164.60000610351562,177.1999969482422,5.199999809265137,175.0,171.39999389648438,10.600000381469727,177.89999389648438,171.39999389648438,12.699999809265137,179.10000610351562,135.89999389648438,43.0,157.60000610351562,48.180694580078125,1.233439564704895,0.740519106388092,0.7771596908569336,0.536903440952301,0.6448156833648682,19.097131729125977
143.3000030517578,146.10000610351562,163.60000610351562,179.39999389648438,10.0,173.10000610351562,169.3000030517578,12.100000381469727,177.3000030517578,164.5,18.700000762939453,179.89999389648438,131.3000030517578,48.099998474121094,157.39999389648438,47.36587142944336,1.2364716529846191,0.7466816306114197,0.7830637097358704,0.5447240471839905,0.6449862718582153,18.444366455078125
143.1999969482422,144.5,165.1999969482422,177.60000610351562,5.900000095367432,174.3000030517578,170.8000030517578,10.199999809265137,178.10000610351562,168.1999969482422,15.100000381469727,179.60000610351562,132.3000030517578,46.79999923706055,158.1999969482422,44.203514099121094,1.2321587800979614,0.7433395981788635,0.7779878973960876,0.5376917123794556,0.6355294585227966,18.239473342895508
141.1999969482422,144.89999389648438,167.10000610351562,165.8000030517578,10.399999618530273,177.10000610351562,177.10000610351562,5.900000095367432,170.3000030517578,170.3000030517578,6.599999904632568,175.10000610351562,146.6999969482422,33.79999923706055,164.10000610351562,40.53797149658203,1.2610615491867065,0.8028275966644287,0.8220034241676331,0.595301628112793,0.6651961803436279,16.709327697753906
141.0,145.10000610351562,164.1999969482422,163.3000030517578,15.199999809265137,174.5,177.0,7.900000095367432,171.0,167.10000610351562,10.699999809265137,174.39999389648438,150.0,30.200000762939453,163.8000030517578,43.45293426513672,1.2708823680877686,0.7978817224502563,0.8056487441062927,0.5922502279281616,0.6604503989219666,16.059778213500977
142.3000030517578,144.39999389648438,164.1999969482422,162.0,22.0,167.39999389648438,173.5,11.199999809265137,169.1999969482422,165.6999969482422,9.600000381469727,178.3000030517578,153.0,30.600000381469727,159.39999389648438,43.503971099853516,1.2815552949905396,0.8177548050880432,0.8237577676773071,0.6240991950035095,0.6781235337257385,15.691864967346191
141.5,145.8000030517578,165.60000610351562,162.60000610351562,23.100000381469727,166.10000610351562,173.39999389648438,12.100000381469727,167.89999389648438,164.3000030517578,10.600000381469727,178.5,155.60000610351562,28.0,161.10000610351562,43.73219680786133,1.2790602445602417,0.8175191283226013,0.8315035104751587,0.624300479888916,0.6727688312530518,14.038968086242676
141.3000030517578,145.5,164.39999389648438,159.39999389648438,24.700000762939453,165.5,174.1999969482422,13.399999618530273,164.60000610351562,163.0,13.0,175.0,155.10000610351562,28.0,161.10000610351562,43.17450714111328,1.279459834098816,0.8114988803863525,0.8273038864135742,0.6257436275482178,0.6751211881637573,14.62066650390625
140.1999969482422,145.3000030517578,165.39999389648438,159.10000610351562,28.399999618530273,161.8000030517578,173.1999969482422,16.100000381469727,163.60000610351562,163.10000610351562,11.899999618530273,176.60000610351562,154.3000030517578,28.200000762939453,162.10000610351562,43.15483856201172,1.2741475105285645,0.7984206080436707,0.8112420439720154,0.6181108355522156,0.6754217147827148,15.430927276611328
141.0,146.3000030517578,164.89999389648438,161.89999389648438,23.0,165.3000030517578,173.60000610351562,12.600000381469727,165.3000030517578,163.8000030517578,11.699999809265137,176.10000610351562,153.39999389648438,30.299999237060547,160.39999389648438,43.43596649169922,1.2870066165924072,0.818733274936676,0.8272568583488464,0.6232325434684753,0.6862902641296387,15.329997062683105
141.6999969482422,144.89999389648438,163.60000610351562,164.10000610351562,19.200000762939453,170.3000030517578,175.60000610351562,11.0,166.5,165.89999389648438,10.0,175.8000030517578,149.5,32.5,162.6999969482422,43.547157287597656,1.2787749767303467,0.810968816280365,0.8296570181846619,0.612308144569397,0.6747027635574341,16.457653045654297
142.1999969482422,144.5,166.10000610351562,167.5,11.300000190734863,173.0,176.39999389648438,4.900000095367432,169.8000030517578,168.10000610351562,7.0,175.39999389648438,149.39999389648438,32.099998474121094,165.89999389648438,42.52017593383789,1.2644975185394287,0.8102246522903442,0.823243260383606,0.5931073427200317,0.6613767743110657,16.591039657592773
143.5,143.0,163.89999389648438,178.89999389648438,4.5,179.8000030517578,176.1999969482422,5.0,176.6999969482422,177.3000030517578,0.5,175.3000030517578,148.6999969482422,32.599998474121094,162.1999969482422,49.222312927246094,1.2785722017288208,0.7851138710975647,0.8154358863830566,0.595332682132721,0.6692065000534058,14.96932601928711
141.3000030517578,145.6999969482422,166.8000030517578,175.0,12.399999618530273,176.6999969482422,177.60000610351562,3.4000000953674316,177.60000610351562,173.0,5.400000095367432,169.1999969482422,137.8000030517578,41.0,165.8000030517578,50.70030212402344,1.3115116357803345,0.7764756679534912,0.809076189994812,0.6055021286010742,0.6760978698730469,16.68061065673828
142.10000610351562,144.10000610351562,164.89999389648438,167.1999969482422,22.799999237060547,171.8000030517578,174.10000610351562,6.099999904632568,178.89999389648438,168.5,13.5,170.1999969482422,126.5,49.5,162.8000030517578,50.27644729614258,1.3047322034835815,0.7579858899116516,0.8099705576896667,0.6007353663444519,0.6741482019424438,17.876060485839844
139.6999969482422,146.10000610351562,168.0,168.39999389648438,20.5,174.3000030517578,176.8000030517578,2.9000000953674316,177.1999969482422,158.10000610351562,18.899999618530273,169.39999389648438,129.3000030517578,48.400001525878906,166.8000030517578,51.58169937133789,1.3114211559295654,0.7591557502746582,0.799511194229126,0.6128880977630615,0.674709677696228,16.923654556274414
142.10000610351562,143.3000030517578,167.3000030517578,166.39999389648438,23.399999618530273,170.3000030517578,174.89999389648438,4.800000190734863,178.1999969482422,148.89999389648438,32.20000076293945,169.39999389648438,125.5999984741211,51.70000076293945,161.60000610351562,52.43819808959961,1.313102126121521,0.7473050355911255,0.8056786060333252,0.5993326902389526,0.6693650484085083,18.74307632446289
141.89999389648438,144.89999389648438,171.39999389648438,143.89999389648438,48.400001525878906,165.0,166.1999969482422,14.399999618530273,176.89999389648438,19.100000381469727,163.6999969482422,171.10000610351562,98.9000015258789,77.5,164.39999389648438,52.94921112060547,1.3219817876815796,0.7530505657196045,0.8249214291572571,0.6210499405860901,0.6716844439506531,18.883726119995117
138.89999389648438,146.10000610351562,172.10000610351562,126.30000305175781,66.4000015258789,161.6999969482422,159.1999969482422,22.799999237060547,171.89999389648438,16.0,165.1999969482422,170.39999389648438,81.4000015258789,97.30000305175781,161.39999389648438,55.107181549072266,1.331886887550354,0.7579421401023865,0.8168500661849976,0.6465671062469482,0.7016368508338928,16.4902400970459
138.3000030517578,142.8000030517578,163.39999389648438,71.5,129.5,150.39999389648438,91.9000015258789,90.0999984741211,168.5,19.299999237060547,163.8000030517578,175.0,33.5,145.8000030517578,161.39999389648438,70.74408721923828,1.2866215705871582,0.7471582293510437,0.7685364484786987,0.6528951525688171,0.7245554327964783,14.073765754699707
137.5,141.8000030517578,165.0,65.5999984741211,134.39999389648438,153.1999969482422,88.5999984741211,92.4000015258789,169.3000030517578,14.800000190734863,169.6999969482422,176.5,32.70000076293945,146.60000610351562,162.89999389648438,71.4258804321289,1.2911485433578491,0.7527510523796082,0.7758195400238037,0.6505770087242126,0.7190583348274231,15.961173057556152
136.60000610351562,142.60000610351562,166.89999389648438,67.0999984741211,129.6999969482422,155.8000030517578,82.30000305175781,99.0999984741211,170.6999969482422,16.299999237060547,167.89999389648438,177.3000030517578,30.5,148.5,159.0,72.15133666992188,1.2805867195129395,0.7435185313224792,0.7727563381195068,0.6515684723854065,0.7189071774482727,14.238295555114746
138.60000610351562,141.8000030517578,167.60000610351562,72.80000305175781,127.5999984741211,150.39999389648438,97.69999694824219,83.5,168.89999389648438,17.0,166.60000610351562,176.6999969482422,31.600000381469727,146.0,167.60000610351562,70.7886962890625,1.2955127954483032,0.7347676157951355,0.762194037437439,0.6302695870399475,0.7098582983016968,14.351685523986816
137.6999969482422,148.5,166.10000610351562,100.69999694824219,98.9000015258789,152.1999969482422,132.10000610351562,49.5,166.5,24.299999237060547,156.60000610351562,172.0,61.5,112.19999694824219,162.3000030517578,64.19044494628906,1.3134418725967407,0.7449924945831299,0.7849435806274414,0.6399943232536316,0.7363224625587463,17.125354766845703
140.0,148.5,171.5,152.8000030517578,37.900001525878906,167.0,161.1999969482422,22.799999237060547,169.89999389648438,106.4000015258789,76.0,179.60000610351562,110.0999984741211,66.9000015258789,152.8000030517578,53.62869644165039,1.306093692779541,0.7465874552726746,0.8075230121612549,0.5807252526283264,0.6858540773391724,18.095521926879883
142.10000610351562,146.3000030517578,169.0,156.3000030517578,36.70000076293945,165.6999969482422,159.1999969482422,23.200000762939453,172.89999389648438,112.19999694824219,70.19999694824219,176.6999969482422,106.19999694824219,70.0,158.8000030517578,50.72468566894531,1.3043338060379028,0.7394623756408691,0.7870498895645142,0.5629724264144897,0.6650814414024353,18.14894676208496
142.8000030517578,145.6999969482422,170.6999969482422,158.60000610351562,34.0,166.6999969482422,161.6999969482422,21.700000762939453,172.5,127.9000015258789,56.29999923706055,178.5,111.19999694824219,65.9000015258789,156.5,51.549800872802734,1.2983191013336182,0.7359346747398376,0.7866334915161133,0.5677448511123657,0.6651461720466614,18.576095581054688
142.60000610351562,147.1999969482422,166.8000030517578,163.39999389648438,32.099998474121094,163.89999389648438,160.8000030517578,22.0,169.60000610351562,132.5,50.900001525878906,178.0,114.0,60.5,157.8000030517578,47.708091735839844,1.3096997737884521,0.7533965706825256,0.7935411334037781,0.5754436254501343,0.6826840043067932,18.3458309173584
142.10000610351562,146.3000030517578,171.6999969482422,162.60000610351562,27.399999618530273,170.6999969482422,163.1999969482422,20.100000381469727,175.89999389648438,139.8000030517578,45.0,178.5,116.80000305175781,60.5,163.6999969482422,50.07089614868164,1.2807838916778564,0.7490878105163574,0.7828388214111328,0.5534825325012207,0.6314837336540222,17.991573333740234
142.3000030517578,147.8000030517578,168.3000030517578,167.89999389648438,25.899999618530273,165.8000030517578,165.39999389648438,17.700000762939453,173.0,141.3000030517578,41.099998474121094,178.89999389648438,118.0,57.0,158.89999389648438,49.44550704956055,1.2901360988616943,0.7337021231651306,0.7687628269195557,0.5479028224945068,0.6542116403579712,18.318925857543945
141.1999969482422,147.60000610351562,166.6999969482422,169.5,23.700000762939453,168.0,164.39999389648438,18.899999618530273,172.6999969482422,141.5,41.20000076293945,177.3000030517578,121.19999694824219,54.400001525878906,157.39999389648438,48.272369384765625,1.2712609767913818,0.7517825365066528,0.7801464796066284,0.5413296818733215,0.653329074382782,17.316774368286133
142.8000030517578,146.10000610351562,166.10000610351562,171.5,20.0,171.0,166.10000610351562,17.100000381469727,172.89999389648438,154.60000610351562,29.100000381469727,176.60000610351562,125.5999984741211,50.20000076293945,158.6999969482422,48.49208450317383,1.2483018636703491,0.7372698187828064,0.759227454662323,0.5193139910697937,0.6353928446769714,19.445362091064453
142.39999389648438,146.39999389648438,166.6999969482422,168.8000030517578,25.799999237060547,166.3000030517578,164.8000030517578,20.200000762939453,171.1999969482422,138.60000610351562,44.0,179.1999969482422,122.4000015258789,54.70000076293945,157.60000610351562,47.964141845703125,1.27236008644104,0.7516041398048401,0.778343915939331,0.5277164578437805,0.6440945267677307,18.679058074951172
141.89999389648438,148.39999389648438,167.5,169.3000030517578,25.899999618530273,166.39999389648438,163.6999969482422,20.799999237060547,171.10000610351562,134.60000610351562,47.900001525878906,176.89999389648438,122.30000305175781,53.0,158.89999389648438,47.876922607421875,1.2746108770370483,0.7579754590988159,0.7910664677619934,0.541792094707489,0.6633525490760803,18.22911834716797
142.0,147.3000030517578,166.10000610351562,160.60000610351562,40.400001525878906,160.60000610351562,156.0,31.700000762939453,164.3000030517578,103.4000015258789,79.19999694824219,171.6999969482422,110.5,64.5999984741211,149.8000030517578,49.15281677246094,1.2742713689804077,0.7497521638870239,0.7794221043586731,0.5187457799911499,0.6675500869750977,20.305269241333008
144.10000610351562,146.3000030517578,165.1999969482422,158.1999969482422,44.099998474121094,159.1999969482422,152.8000030517578,37.400001525878906,159.89999389648438,105.19999694824219,77.5,170.5,112.5999984741211,65.0999984741211,143.39999389648438,47.43419647216797,1.283121943473816,0.7678569555282593,0.7826268672943115,0.5300183296203613,0.6875836849212646,21.47214698791504
145.10000610351562,147.3000030517578,163.3000030517578,155.6999969482422,47.29999923706055,157.8000030517578,149.89999389648438,40.5,159.6999969482422,96.0999984741211,85.80000305175781,171.8000030517578,108.9000015258789,68.0999984741211,142.60000610351562,47.539127349853516,1.283679485321045,0.7632046341896057,0.7842790484428406,0.5268710255622864,0.6830132603645325,20.931171417236328
144.3000030517578,146.10000610351562,164.8000030517578,156.3000030517578,46.900001525878906,158.10000610351562,151.8000030517578,38.5,160.10000610351562,100.4000015258789,82.80000305175781,170.3000030517578,109.0999984741211,69.0999984741211,142.89999389648438,48.04619216918945,1.282146692276001,0.7648646235466003,0.7878851890563965,0.5289900898933411,0.6865797638893127,20.846559524536133
142.8000030517578,147.1999969482422,165.0,160.3000030517578,40.29999923706055,161.10000610351562,155.89999389648438,31.700000762939453,164.5,105.19999694824219,78.0999984741211,171.1999969482422,112.0999984741211,63.29999923706055,146.3000030517578,48.500118255615234,1.2921464443206787,0.7676636576652527,0.7927574515342712,0.5282168388366699,0.6806237101554871,21.46359634399414
142.1999969482422,147.8000030517578,165.8000030517578,161.89999389648438,37.599998474121094,163.10000610351562,156.10000610351562,30.700000762939453,166.8000030517578,102.69999694824219,79.30000305175781,172.3000030517578,112.9000015258789,61.5,147.6999969482422,48.140743255615234,1.2882412672042847,0.7649495601654053,0.7884650826454163,0.5298408269882202,0.6738805174827576,20.525400161743164
142.39999389648438,146.6999969482422,166.0,167.8000030517578,31.100000381469727,163.60000610351562,159.3000030517578,25.5,169.60000610351562,111.19999694824219,71.5,173.6999969482422,114.5999984741211,60.29999923706055,149.89999389648438,46.22357940673828,1.268333077430725,0.7541090846061707,0.7821497917175293,0.521638810634613,0.656525731086731,20.275142669677734
141.89999389648438,146.89999389648438,166.5,170.8000030517578,23.600000381469727,167.1999969482422,164.1999969482422,19.299999237060547,171.5,135.39999389648438,46.900001525878906,176.8000030517578,122.19999694824219,53.0,155.60000610351562,47.48469924926758,1.251702070236206,0.7459981441497803,0.7744032144546509,0.5176351070404053,0.6494817733764648,19.55422019958496
141.89999389648438,147.1999969482422,166.39999389648438,173.10000610351562,2.0,176.6999969482422,174.89999389648438,3.299999952316284,179.60000610351562,175.39999389648438,5.400000095367432,176.3000030517578,136.5,41.20000076293945,160.60000610351562,45.64635467529297,1.2509386539459229,0.739276111125946,0.761244535446167,0.5439085364341736,0.6648448705673218,19.09673309326172
143.1999969482422,145.0,167.3000030517578,167.89999389648438,6.599999904632568,178.0,178.8000030517578,3.4000000953674316,174.5,172.39999389648438,5.099999904632568,176.39999389648438,146.10000610351562,31.299999237060547,166.10000610351562,43.4433708190918,1.2608911991119385,0.7710322141647339,0.7905706167221069,0.5954810380935669,0.6664192080497742,16.954631805419922
141.6999969482422,145.3000030517578,164.60000610351562,164.89999389648438,14.800000190734863,174.89999389648438,173.6999969482422,8.300000190734863,170.5,165.0,11.100000381469727,175.8000030517578,151.0,29.700000762939453,162.6999969482422,45.1063232421875,1.2759262323379517,0.7970126271247864,0.800856351852417,0.5940933227539062,0.6740179657936096,16.710657119750977
140.5,146.39999389648438,164.0,161.89999389648438,19.799999237060547,171.3000030517578,172.6999969482422,11.5,169.39999389648438,156.6999969482422,19.0,177.60000610351562,153.89999389648438,24.299999237060547,164.89999389648438,46.013702392578125,1.3040188550949097,0.8193932771682739,0.8279657959938049,0.6400806307792664,0.7099531292915344,15.695247650146484
137.3000030517578,150.5,167.89999389648438,153.39999389648438,36.5,161.0,167.39999389648438,24.299999237060547,161.1999969482422,152.0,24.799999237060547,172.10000610351562,156.60000610351562,22.200000762939453,166.89999389648438,42.96584701538086,1.3373894691467285,0.8215162754058838,0.8297075033187866,0.6494214534759521,0.719420850276947,17.299301147460938
137.6999969482422,148.39999389648438,170.5,148.5,39.099998474121094,161.1999969482422,167.10000610351562,24.600000381469727,158.39999389648438,145.0,31.0,171.39999389648438,159.89999389648438,22.5,166.89999389648438,45.76111602783203,1.351542592048645,0.8226336240768433,0.837928295135498,0.6702619791030884,0.7266543507575989,17.613712310791016
139.8000030517578,146.1999969482422,167.39999389648438,144.39999389648438,46.79999923706055,158.6999969482422,165.8000030517578,27.700000762939453,158.8000030517578,144.39999389648438,33.400001525878906,171.5,158.89999389648438,20.5,169.6999969482422,45.27241516113281,1.3375517129898071,0.8055921196937561,0.8231756687164307,0.643602728843689,0.722843587398529,19.023269653320312
138.0,146.10000610351562,168.89999389648438,144.10000610351562,46.0,160.0,164.1999969482422,28.399999618530273,159.10000610351562,142.0,34.900001525878906,172.3000030517578,158.8000030517578,19.600000381469727,169.10000610351562,46.0131721496582,1.3544996976852417,0.8134229183197021,0.8257279992103577,0.6621092557907104,0.7321911454200745,19.87521743774414
137.3000030517578,148.1999969482422,170.60000610351562,146.8000030517578,42.29999923706055,161.39999389648438,165.6999969482422,26.600000381469727,158.3000030517578,143.1999969482422,33.0,173.39999389648438,159.8000030517578,20.299999237060547,168.1999969482422,45.87112808227539,1.3507184982299805,0.8172733783721924,0.8390428423881531,0.6584577560424805,0.7275156378746033,18.294279098510742
137.5,148.3000030517578,169.5,151.39999389648438,33.79999923706055,164.39999389648438,168.3000030517578,21.100000381469727,162.89999389648438,150.60000610351562,25.5,173.8000030517578,155.6999969482422,23.200000762939453,166.1999969482422,45.462894439697266,1.3493961095809937,0.8061474561691284,0.8306829929351807,0.6537904739379883,0.7250054478645325,18.32645034790039
142.8000030517578,145.6999969482422,166.8000030517578,166.1999969482422,9.800000190734863,179.10000610351562,178.3000030517578,4.599999904632568,172.0,168.3000030517578,9.0,175.3000030517578,149.39999389648438,28.5,165.89999389648438,41.25738525390625,1.2902445793151855,0.7928971648216248,0.8130718469619751,0.6104826927185059,0.6804229617118835,15.812043190002441
141.3000030517578,145.5,166.60000610351562,171.39999389648438,0.800000011920929,176.6999969482422,179.39999389648438,1.600000023841858,177.1999969482422,176.39999389648438,5.0,174.6999969482422,141.3000030517578,37.5,160.5,44.35891342163086,1.2773100137710571,0.7766309380531311,0.7846377491950989,0.5817990303039551,0.673923134803772,18.28314971923828
141.3000030517578,146.1999969482422,167.0,173.0,2.5999999046325684,175.10000610351562,177.3000030517578,4.199999809265137,178.1999969482422,175.60000610351562,6.5,175.60000610351562,140.39999389648438,38.20000076293945,157.39999389648438,43.83208084106445,1.260293960571289,0.7589278221130371,0.7744895815849304,0.5670827031135559,0.658661961555481,18.139741897583008
141.39999389648438,147.8000030517578,167.60000610351562,174.6999969482422,3.700000047683716,174.6999969482422,175.5,4.099999904632568,178.10000610351562,176.39999389648438,4.599999904632568,175.1999969482422,140.60000610351562,36.5,161.60000610351562,44.49819564819336,1.2812634706497192,0.7593913674354553,0.78752601146698,0.5781176686286926,0.6733325123786926,16.892807006835938
141.6999969482422,145.60000610351562,169.0,177.1999969482422,4.099999904632568,178.0,174.60000610351562,5.199999809265137,177.89999389648438,177.6999969482422,4.800000190734863,178.10000610351562,137.0,40.0,161.1999969482422,44.721378326416016,1.2728831768035889,0.7511113286018372,0.7837490439414978,0.5672171115875244,0.6619272828102112,17.089210510253906
140.6999969482422,146.8000030517578,168.3000030517578,176.0,2.799999952316284,179.0,173.89999389648438,5.800000190734863,178.60000610351562,178.89999389648438,3.9000000953674316,178.5,137.39999389648438,39.599998474121094,163.1999969482422,42.583831787109375,1.284861445426941,0.7606226205825806,0.7866841554641724,0.5675097703933716,0.658174455165863,16.789621353149414
142.39999389648438,146.6999969482422,166.3000030517578,177.60000610351562,12.699999809265137,172.0,169.8000030517578,11.699999809265137,176.6999969482422,161.60000610351562,20.0,178.39999389648438,131.3000030517578,44.20000076293945,158.3000030517578,46.51678466796875,1.2784640789031982,0.7531289458274841,0.7843979597091675,0.5489800572395325,0.670985221862793,19.581384658813477
142.6999969482422,147.0,167.5,176.3000030517578,11.600000381469727,173.6999969482422,170.39999389648438,11.300000190734863,177.60000610351562,164.8000030517578,18.0,179.3000030517578,128.1999969482422,48.400001525878906,159.3000030517578,46.824066162109375,1.2846949100494385,0.757522463798523,0.7898641228675842,0.5606271028518677,0.6671632528305054,18.711069107055664
142.5,146.10000610351562,167.0,177.5,10.899999618530273,174.39999389648438,170.6999969482422,9.199999809265137,178.60000610351562,167.6999969482422,14.800000190734863,179.10000610351562,131.5,44.900001525878906,158.10000610351562,46.34507751464844,1.2572948932647705,0.7352690696716309,0.7694738507270813,0.5423675179481506,0.6595449447631836,18.266334533691406
142.5,146.39999389648438,167.39999389648438,175.39999389648438,15.300000190734863,171.10000610351562,169.60000610351562,12.300000190734863,175.8000030517578,164.0,17.600000381469727,178.89999389648438,129.39999389648438,45.5,159.5,46.90119171142578,1.276796579360962,0.7414781451225281,0.775603175163269,0.5440676212310791,0.6633267998695374,19.319303512573242
143.39999389648438,146.10000610351562,166.6999969482422,175.39999389648438,14.300000190734863,173.39999389648438,168.89999389648438,11.0,178.60000610351562,169.5,13.199999809265137,177.60000610351562,130.5,45.599998474121094,160.89999389648438,46.50986862182617,1.2705450057983398,0.7411224842071533,0.7788395285606384,0.5481184124946594,0.6535707712173462,18.525232315063477
142.3000030517578,146.6999969482422,167.60000610351562,174.89999389648438,15.199999809265137,171.5,169.5,12.300000190734863,175.10000610351562,163.6999969482422,19.299999237060547,179.5,130.3000030517578,46.5,159.0,48.22434997558594,1.262611746788025,0.7407006621360779,0.7760535478591919,0.541000485420227,0.6524911522865295,19.36036491394043
142.39999389648438,148.60000610351562,165.60000610351562,175.39999389648438,17.399999618530273,168.1999969482422,169.39999389648438,13.5,174.8000030517578,157.0,23.799999237060547,177.39999389648438,129.0,47.400001525878906,156.3000030517578,47.74334716796875,1.2699459791183472,0.732451319694519,0.7656987905502319,0.545476496219635,0.6588103771209717,18.466461181640625
141.3000030517578,148.89999389648438,166.60000610351562,171.8000030517578,19.799999237060547,170.3000030517578,167.3000030517578,14.899999618530273,175.39999389648438,152.10000610351562,29.200000762939453,178.39999389648438,125.5999984741211,50.099998474121094,153.60000610351562,44.84975814819336,1.2698966264724731,0.7388150095939636,0.7804473042488098,0.5571134686470032,0.663567066192627,16.540279388427734
142.1999969482422,146.3000030517578,167.8000030517578,177.8000030517578,9.899999618530273,175.1999969482422,170.5,10.5,177.0,167.6999969482422,14.100000381469727,179.8000030517578,132.6999969482422,42.900001525878906,159.6999969482422,46.63652038574219,1.27880859375,0.7516359090805054,0.7840324640274048,0.5455231666564941,0.660953164100647,19.252389907836914
141.60000610351562,147.1999969482422,167.1999969482422,176.60000610351562,13.600000381469727,171.8000030517578,169.60000610351562,12.699999809265137,176.89999389648438,162.60000610351562,19.200000762939453,178.6999969482422,130.10000610351562,44.900001525878906,163.60000610351562,46.171897888183594,1.2734506130218506,0.7568734884262085,0.7861782312393188,0.5384680032730103,0.6616591811180115,18.337053298950195
141.0,148.3000030517578,167.10000610351562,175.10000610351562,16.700000762939453,170.60000610351562,169.3000030517578,11.600000381469727,176.8000030517578,160.39999389648438,21.5,179.10000610351562,130.39999389648438,45.20000076293945,156.89999389648438,46.926673889160156,1.2697473764419556,0.7348069548606873,0.7690258622169495,0.5463404059410095,0.6546500325202942,18.296533584594727
142.39999389648438,145.89999389648438,166.89999389648438,177.39999389648438,11.600000381469727,173.1999969482422,170.1999969482422,9.899999618530273,176.8000030517578,162.39999389648438,19.100000381469727,178.1999969482422,130.89999389648438,44.400001525878906,161.0,44.773921966552734,1.2712074518203735,0.7561799883842468,0.7817105650901794,0.5433052182197571,0.65716952085495,19.163022994995117
143.0,145.89999389648438,166.60000610351562,176.60000610351562,14.300000190734863,170.10000610351562,169.1999969482422,12.399999618530273,175.10000610351562,164.39999389648438,18.399999618530273,179.0,129.60000610351562,45.70000076293945,161.89999389648438,46.38637924194336,1.2645801305770874,0.7461345791816711,0.7677590847015381,0.5360739827156067,0.6492098569869995,19.572324752807617
142.39999389648438,146.0,166.0,177.3000030517578,4.800000190734863,174.0,169.8000030517578,11.800000190734863,175.3000030517578,164.89999389648438,18.100000381469727,177.60000610351562,134.39999389648438,44.29999923706055,158.39999389648438,44.98832702636719,1.2403684854507446,0.7572115659713745,0.7808330655097961,0.5498353242874146,0.6580566763877869,18.078208923339844
141.89999389648438,146.5,165.6999969482422,178.3000030517578,7.900000095367432,174.10000610351562,169.60000610351562,13.699999809265137,175.60000610351562,161.1999969482422,22.5,175.8000030517578,131.10000610351562,47.900001525878906,154.5,45.48866653442383,1.2156044244766235,0.7411813139915466,0.7689065337181091,0.5429399013519287,0.6453688740730286,18.333858489990234
142.0,145.3000030517578,165.0,179.39999389648438,10.0,172.8000030517578,167.60000610351562,14.699999809265137,174.3000030517578,155.5,27.200000762939453,176.1999969482422,129.0,48.5,153.6999969482422,45.69198989868164,1.2184135913848877,0.735033392906189,0.7573065161705017,0.5293272137641907,0.6450600624084473,19.522520065307617
142.1999969482422,145.1999969482422,165.10000610351562,179.39999389648438,11.0,172.1999969482422,168.0,16.0,173.1999969482422,152.8000030517578,30.799999237060547,174.6999969482422,129.10000610351562,51.70000076293945,151.1999969482422,45.16398620605469,1.2153842449188232,0.7462573647499084,0.772386372089386,0.5364968180656433,0.6498797535896301,18.56261444091797
142.3000030517578,146.39999389648438,164.1999969482422,178.5,13.100000381469727,171.60000610351562,167.6999969482422,16.899999618530273,173.0,152.39999389648438,31.299999237060547,174.6999969482422,130.39999389648438,51.099998474121094,149.8000030517578,46.72602844238281,1.2216185331344604,0.7461698651313782,0.7655722498893738,0.533366858959198,0.6443824768066406,18.321386337280273
141.89999389648438,145.3000030517578,167.1999969482422,179.10000610351562,10.199999809265137,174.10000610351562,168.0,16.5,173.60000610351562,155.6999969482422,28.0,174.3000030517578,129.3000030517578,50.5,152.0,44.635128021240234,1.2228550910949707,0.7442615032196045,0.7693651914596558,0.5394228100776672,0.6469591856002808,18.53383445739746
141.89999389648438,145.8000030517578,164.3000030517578,179.0,12.0,172.0,167.3000030517578,17.5,171.0,151.89999389648438,31.299999237060547,174.8000030517578,128.0,52.099998474121094,152.1999969482422,44.69040298461914,1.2220911979675293,0.7472512125968933,0.7637209296226501,0.5273932218551636,0.644428014755249,18.474380493164062
141.6999969482422,146.0,164.5,180.0,9.899999618530273,173.5,167.5,16.0,173.6999969482422,153.0,30.399999618530273,174.8000030517578,128.6999969482422,51.5,153.10000610351562,44.76721954345703,1.2245633602142334,0.747528076171875,0.767886757850647,0.5291123390197754,0.6438347101211548,18.758153915405273
142.1999969482422,144.8000030517578,166.10000610351562,178.1999969482422,13.300000190734863,171.10000610351562,166.8000030517578,17.600000381469727,171.39999389648438,150.89999389648438,32.599998474121094,174.6999969482422,126.0999984741211,52.79999923706055,153.6999969482422,44.60945510864258,1.222182273864746,0.7440590858459473,0.7707338929176331,0.5300065875053406,0.6434029340744019,18.871715545654297
142.1999969482422,145.5,164.39999389648438,179.89999389648438,9.600000381469727,173.89999389648438,167.6999969482422,16.5,173.10000610351562,154.1999969482422,29.299999237060547,174.10000610351562,128.6999969482422,52.70000076293945,150.1999969482422,44.201507568359375,1.2230384349822998,0.7554501295089722,0.7741644978523254,0.5386061072349548,0.6499558687210083,17.582538604736328
141.8000030517578,146.60000610351562,165.5,176.6999969482422,15.800000190734863,169.6999969482422,166.10000610351562,18.899999618530273,171.10000610351562,148.89999389648438,34.5,173.8000030517578,126.5,54.20000076293945,149.10000610351562,44.83941650390625,1.234235405921936,0.7555078268051147,0.7762617468833923,0.5380874872207642,0.6537274718284607,18.21216583251953
141.5,147.0,165.3000030517578,176.5,15.699999809265137,169.89999389648438,166.8000030517578,18.200000762939453,170.8000030517578,149.89999389648438,33.70000076293945,173.89999389648438,126.80000305175781,54.599998474121094,149.39999389648438,45.351768493652344,1.2231584787368774,0.7493709325790405,0.773343026638031,0.536746621131897,0.6522259712219238,18.434844970703125
142.60000610351562,144.39999389648438,164.6999969482422,178.0,14.5,170.1999969482422,166.1999969482422,17.600000381469727,172.6999969482422,147.60000610351562,35.900001525878906,174.39999389648438,126.0999984741211,53.79999923706055,152.5,45.24577331542969,1.219336748123169,0.7439134120941162,0.7639173269271851,0.5272144079208374,0.6398319602012634,18.7535457611084
142.1999969482422,145.89999389648438,165.10000610351562,171.60000610351562,25.399999618530273,166.8000030517578,162.0,25.299999237060547,167.3000030517578,134.8000030517578,49.20000076293945,170.3000030517578,120.0,60.0,147.8000030517578,43.7405891418457,1.2392672300338745,0.7605529427528381,0.7825427055358887,0.5326876044273376,0.6570689082145691,18.296541213989258
142.6999969482422,145.89999389648438,165.3000030517578,165.0,35.400001525878906,162.5,159.1999969482422,30.799999237060547,164.0,125.0,59.20000076293945,168.89999389648438,114.80000305175781,65.69999694824219,142.1999969482422,45.07438659667969,1.2451140880584717,0.7610448598861694,0.7864149212837219,0.5231748223304749,0.6576411128044128,18.30902862548828
145.1999969482422,145.39999389648438,162.39999389648438,161.8000030517578,41.29999923706055,158.89999389648438,153.10000610351562,38.29999923706055,159.5,109.4000015258789,74.0999984741211,168.3000030517578,109.30000305175781,68.0,139.39999389648438,44.329105377197266,1.2451539039611816,0.7581004500389099,0.7776470184326172,0.5136150121688843,0.6586785912513733,20.103166580200195
145.6999969482422,146.39999389648438,159.39999389648438,156.39999389648438,48.900001525878906,156.89999389648438,147.3000030517578,44.20000076293945,157.89999389648438,91.69999694824219,90.30000305175781,168.39999389648438,101.30000305175781,76.69999694824219,130.8000030517578,44.05488204956055,1.261002779006958,0.7708261609077454,0.8021535873413086,0.5306107997894287,0.6756877303123474,18.312604904174805
146.89999389648438,145.60000610351562,159.6999969482422,153.6999969482422,51.400001525878906,156.3000030517578,145.8000030517578,46.5,156.1999969482422,88.4000015258789,93.5,169.8000030517578,101.19999694824219,75.69999694824219,135.10000610351562,45.81490707397461,1.2524722814559937,0.7617426514625549,0.7821694016456604,0.5086217522621155,0.6660943031311035,19.696163177490234
144.3000030517578,147.6999969482422,160.60000610351562,157.3000030517578,46.29999923706055,157.8000030517578,150.8000030517578,39.79999923706055,159.39999389648438,96.4000015258789,85.30000305175781,170.8000030517578,108.5999984741211,68.9000015258789,136.89999389648438,45.37820053100586,1.2709497213363647,0.7770482897758484,0.797573983669281,0.522072434425354,0.6781997084617615,20.197948455810547
142.5,145.5,165.39999389648438,173.5,16.399999618530273,172.89999389648438,166.60000610351562,14.199999809265137,176.6999969482422,159.39999389648438,23.200000762939453,177.10000610351562,126.4000015258789,46.70000076293945,157.6999969482422,47.708980560302734,1.257462978363037,0.7382514476776123,0.7774554491043091,0.5203567147254944,0.6467286944389343,19.70258140563965
143.39999389648438,146.10000610351562,165.3000030517578,171.89999389648438,5.5,176.6999969482422,179.8000030517578,1.600000023841858,173.8000030517578,168.10000610351562,8.5,176.10000610351562,147.3000030517578,31.100000381469727,162.0,44.83150100708008,1.282353401184082,0.779975950717926,0.8044900894165039,0.5885611772537231,0.6747604608535767,16.57188606262207
144.3000030517578,144.6999969482422,164.5,172.89999389648438,4.0,178.5,179.3000030517578,2.200000047683716,175.8000030517578,171.6999969482422,5.599999904632568,176.60000610351562,149.6999969482422,30.899999618530273,160.3000030517578,45.29229736328125,1.2863162755966187,0.7863536477088928,0.8218697905540466,0.6067304015159607,0.6764804720878601,15.226579666137695
143.5,144.60000610351562,164.6999969482422,171.6999969482422,5.099999904632568,178.8000030517578,177.0,3.9000000953674316,173.5,166.39999389648438,10.100000381469727,176.0,153.8000030517578,27.600000381469727,159.39999389648438,45.790184020996094,1.2978686094284058,0.8030053973197937,0.8348603248596191,0.6178555488586426,0.6865707039833069,14.399109840393066
141.0,146.3000030517578,162.6999969482422,168.10000610351562,10.199999809265137,176.5,174.60000610351562,7.400000095367432,173.10000610351562,159.0,17.100000381469727,176.39999389648438,157.1999969482422,24.5,159.39999389648438,47.07990646362305,1.3323235511779785,0.826819121837616,0.855765700340271,0.6665012836456299,0.7303768992424011,15.025689125061035
138.5,146.89999389648438,166.0,165.60000610351562,15.0,173.6999969482422,172.0,12.199999809265137,170.60000610351562,149.3000030517578,27.399999618530273,174.5,154.8000030517578,22.0,165.60000610351562,47.5265998840332,1.344382405281067,0.8089343905448914,0.8312970399856567,0.6505166292190552,0.7230761051177979,16.395980834960938
140.39999389648438,145.0,162.39999389648438,161.3000030517578,17.5,176.60000610351562,172.5,15.300000190734863,165.89999389648438,142.8000030517578,35.900001525878906,172.0,158.1999969482422,19.600000381469727,166.6999969482422,50.42275619506836,1.3426648378372192,0.7997875213623047,0.8363262414932251,0.6679574251174927,0.7278007864952087,15.14892292022705
133.8000030517578,149.3000030517578,173.5,134.8000030517578,53.5,164.8000030517578,158.60000610351562,35.400001525878906,153.89999389648438,118.0999984741211,59.900001525878906,166.39999389648438,162.8000030517578,12.300000190734863,178.1999969482422,46.41956329345703,1.3967068195343018,0.8427039980888367,0.8679854869842529,0.6971639394760132,0.7581703662872314,19.939104080200195
134.60000610351562,148.89999389648438,172.6999969482422,133.39999389648438,49.29999923706055,170.3000030517578,159.5,33.20000076293945,154.10000610351562,117.0,61.400001525878906,166.1999969482422,168.5,6.5,176.3000030517578,49.40408706665039,1.376882553100586,0.8347901701927185,0.8738718032836914,0.7151700258255005,0.7717264294624329,19.737329483032227
134.1999969482422,148.5,173.3000030517578,131.3000030517578,55.900001525878906,165.1999969482422,159.6999969482422,34.400001525878906,153.60000610351562,120.80000305175781,56.599998474121094,165.8000030517578,164.10000610351562,11.800000190734863,176.3000030517578,48.02500534057617,1.3928042650222778,0.8237651586532593,0.8657128810882568,0.6986069679260254,0.7543336153030396,20.401704788208008
133.89999389648438,150.5,172.1999969482422,145.89999389648438,36.099998474121094,171.3000030517578,164.0,28.200000762939453,156.3000030517578,119.0999984741211,58.099998474121094,166.6999969482422,165.5,11.5,176.5,47.75660705566406,1.377336859703064,0.8268381357192993,0.8662773370742798,0.707968533039093,0.7575582265853882,18.335954666137695
134.5,149.3000030517578,173.39999389648438,142.89999389648438,41.20000076293945,168.6999969482422,163.3000030517578,28.200000762939453,156.1999969482422,119.80000305175781,57.29999923706055,166.8000030517578,161.10000610351562,16.100000381469727,178.10000610351562,49.470458984375,1.3879872560501099,0.8257887363433838,0.8608444929122925,0.699936032295227,0.7549547553062439,19.857887268066406
138.6999969482422,148.60000610351562,166.60000610351562,172.60000610351562,6.5,176.60000610351562,176.1999969482422,6.400000095367432,172.10000610351562,159.60000610351562,17.600000381469727,174.60000610351562,147.3000030517578,33.099998474121094,161.8000030517578,46.37418746948242,1.3352843523025513,0.8236522674560547,0.8426995873451233,0.6499242186546326,0.7167973518371582,16.75306510925293
142.3000030517578,146.89999389648438,166.60000610351562,176.8000030517578,9.199999809265137,175.5,175.60000610351562,3.299999952316284,178.10000610351562,179.0,1.0,174.3000030517578,134.8000030517578,40.400001525878906,159.1999969482422,46.037696838378906,1.2991533279418945,0.7527519464492798,0.7978166341781616,0.5903838276863098,0.6707240343093872,18.25295639038086
143.10000610351562,146.6999969482422,166.3000030517578,166.8000030517578,23.200000762939453,170.6999969482422,168.1999969482422,11.399999618530273,178.5,159.89999389648438,23.0,177.60000610351562,117.19999694824219,56.599998474121094,164.1999969482422,47.77770233154297,1.2993109226226807,0.7367763519287109,0.7812893390655518,0.5662498474121094,0.6628942489624023,18.558706283569336
143.8000030517578,146.0,165.8000030517578,162.3000030517578,29.600000381469727,166.8000030517578,163.1999969482422,17.5,174.10000610351562,134.10000610351562,48.20000076293945,177.0,112.0999984741211,63.20000076293945,161.39999389648438,48.51346206665039,1.2898993492126465,0.7451533079147339,0.7954691052436829,0.5596333742141724,0.6601293683052063,18.191091537475586
143.10000610351562,146.3000030517578,166.39999389648438,158.8000030517578,33.29999923706055,167.60000610351562,159.6999969482422,21.399999618530273,172.89999389648438,119.9000015258789,63.29999923706055,178.8000030517578,109.5999984741211,66.0999984741211,161.0,50.62923049926758,1.2906014919281006,0.7366672158241272,0.7878516316413879,0.5592688322067261,0.6628773212432861,18.70384407043457
140.89999389648438,147.0,171.3000030517578,136.0,59.0,163.8000030517578,148.60000610351562,36.099998474121094,169.3000030517578,48.5,135.5,178.0,85.0,95.4000015258789,156.10000610351562,56.443763732910156,1.2834042310714722,0.7455122470855713,0.7989810109138489,0.5903311967849731,0.6689364910125732,16.053110122680664
140.8000030517578,144.10000610351562,172.89999389648438,122.5,72.9000015258789,162.89999389648438,144.39999389648438,41.099998474121094,167.8000030517578,30.899999618530273,153.6999969482422,176.60000610351562,61.70000076293945,117.5,156.6999969482422,58.19108200073242,1.2740947008132935,0.7438326478004456,0.8114354610443115,0.5992487072944641,0.6806418895721436,14.255836486816406
142.1999969482422,142.39999389648438,167.0,96.9000015258789,100.19999694824219,158.8000030517578,119.19999694824219,67.19999694824219,164.8000030517578,28.100000381469727,155.89999389648438,179.0,47.70000076293945,133.10000610351562,146.39999389648438,64.93161010742188,1.2737900018692017,0.7593494653701782,0.7994914650917053,0.6011657118797302,0.6946742534637451,14.724563598632812
139.1999969482422,143.89999389648438,163.89999389648438,90.0999984741211,110.5,154.39999389648438,115.5,69.5,165.6999969482422,22.799999237060547,159.5,174.5,32.400001525878906,144.5,157.6999969482422,66.32125091552734,1.2753753662109375,0.750906765460968,0.7825700044631958,0.5949457287788391,0.6885491013526917,11.79560661315918
141.10000610351562,141.10000610351562,167.89999389648438,97.0,99.4000015258789,158.1999969482422,123.9000015258789,61.70000076293945,164.6999969482422,31.100000381469727,151.39999389648438,178.5,49.599998474121094,131.8000030517578,143.10000610351562,66.53020477294922,1.2706853151321411,0.7458354830741882,0.7881304025650024,0.6014226675033569,0.6981656551361084,13.085415840148926
141.60000610351562,146.60000610351562,168.1999969482422,148.8000030517578,48.70000076293945,161.6999969482422,154.60000610351562,31.200000762939453,166.1999969482422,72.0,109.0999984741211,179.0,102.30000305175781,72.9000015258789,150.1999969482422,50.656715393066406,1.3011400699615479,0.7732105255126953,0.8213875889778137,0.5722278356552124,0.7008745670318604,18.296459197998047
141.5,147.6999969482422,164.6999969482422,164.3000030517578,32.099998474121094,165.8000030517578,161.89999389648438,22.100000381469727,169.89999389648438,117.30000305175781,63.900001525878906,178.6999969482422,118.19999694824219,55.099998474121094,159.10000610351562,47.97492599487305,1.2787495851516724,0.7579712867736816,0.7929772138595581,0.5465409755706787,0.6689558625221252,17.142162322998047
142.6999969482422,145.6999969482422,165.0,174.3000030517578,17.5,170.89999389648438,165.6999969482422,15.300000190734863,173.5,152.6999969482422,29.5,177.10000610351562,128.1999969482422,46.20000076293945,159.39999389648438,46.030792236328125,1.2600589990615845,0.7432287931442261,0.7799364328384399,0.538696825504303,0.6548897624015808,18.256513595581055
141.3000030517578,148.0,164.1999969482422,171.89999389648438,20.600000381469727,170.5,166.1999969482422,16.799999237060547,171.60000610351562,149.39999389648438,33.400001525878906,176.3000030517578,128.3000030517578,47.20000076293945,156.39999389648438,46.642791748046875,1.261512279510498,0.7540175914764404,0.7832624316215515,0.5376994609832764,0.6536374688148499,18.502456665039062
143.10000610351562,146.10000610351562,164.3000030517578,175.8000030517578,14.899999618530273,172.39999389648438,167.0,15.0,173.0,158.60000610351562,23.700000762939453,176.89999389648438,128.0,47.29999923706055,155.60000610351562,46.09747314453125,1.2474642992019653,0.738922119140625,0.7645598649978638,0.5354775786399841,0.6485834121704102,19.029434204101562
142.89999389648438,148.0,166.89999389648438,168.0,11.800000190734863,174.1999969482422,180.0,5.199999809265137,169.6999969482422,170.3000030517578,6.099999904632568,176.60000610351562,148.1999969482422,29.700000762939453,163.3000030517578,42.374507904052734,1.2565008401870728,0.7712641954421997,0.803172767162323,0.5910151600837708,0.6556355953216553,15.754426956176758
143.10000610351562,147.0,167.5,168.8000030517578,11.600000381469727,173.39999389648438,179.3000030517578,3.4000000953674316,171.39999389648438,173.5,2.4000000953674316,177.6999969482422,144.60000610351562,34.29999923706055,161.8000030517578,39.43961715698242,1.2474021911621094,0.7648881077766418,0.8053340911865234,0.5856780409812927,0.6583147644996643,16.579137802124023
142.39999389648438,148.5,167.89999389648438,165.10000610351562,19.100000381469727,168.8000030517578,177.89999389648438,6.800000190734863,168.6999969482422,169.60000610351562,5.0,179.0,149.6999969482422,30.200000762939453,163.6999969482422,41.886436462402344,1.2426857948303223,0.7713422775268555,0.8061426281929016,0.5998212695121765,0.663080096244812,15.05750846862793
142.39999389648438,147.1999969482422,168.3000030517578,169.3000030517578,11.100000381469727,174.39999389648438,179.39999389648438,3.9000000953674316,171.6999969482422,172.89999389648438,3.0,178.6999969482422,147.5,29.700000762939453,165.0,41.12604522705078,1.2443734407424927,0.7687285542488098,0.7998954653739929,0.5901273488998413,0.6562528014183044,15.06820011138916
142.60000610351562,148.1999969482422,167.6999969482422,169.1999969482422,14.100000381469727,170.60000610351562,178.60000610351562,4.300000190734863,170.10000610351562,172.0,3.700000047683716,179.39999389648438,148.6999969482422,28.399999618530273,163.6999969482422,40.27207565307617,1.252996802330017,0.7740806937217712,0.8091017603874207,0.5913732647895813,0.6603832244873047,15.58926010131836
142.8000030517578,148.10000610351562,167.10000610351562,171.10000610351562,10.899999618530273,173.1999969482422,178.5,2.4000000953674316,172.60000610351562,175.10000610351562,0.30000001192092896,179.5,145.39999389648438,31.5,164.0,41.340782165527344,1.258998990058899,0.7740899920463562,0.8137592077255249,0.5903904438018799,0.6661535501480103,16.118141174316406
142.3000030517578,148.1999969482422,168.5,169.89999389648438,9.800000190734863,174.39999389648438,178.60000610351562,2.0999999046325684,172.1999969482422,175.5,0.10000000149011612,179.3000030517578,146.5,31.600000381469727,164.39999389648438,40.52645492553711,1.2562317848205566,0.7732811570167542,0.805585503578186,0.5954238772392273,0.6552097797393799,14.401951789855957
142.5,148.10000610351562,168.0,169.3000030517578,9.399999618530273,176.39999389648438,178.39999389648438,2.0999999046325684,171.89999389648438,174.6999969482422,0.6000000238418579,179.10000610351562,145.60000610351562,32.20000076293945,163.1999969482422,42.313907623291016,1.2463512420654297,0.7606420516967773,0.7972658276557922,0.5873681306838989,0.6552927494049072,14.88255500793457
142.6999969482422,148.10000610351562,168.3000030517578,173.3000030517578,4.0,178.6999969482422,176.1999969482422,0.800000011920929,174.89999389648438,176.60000610351562,0.800000011920929,179.3000030517578,141.8000030517578,33.400001525878906,163.3000030517578,41.491539001464844,1.240808129310608,0.752981424331665,0.8015162944793701,0.5830965042114258,0.6551779508590698,15.653148651123047
142.1999969482422,148.0,167.89999389648438,173.0,5.900000095367432,177.60000610351562,176.3000030517578,0.30000001192092896,174.0,178.10000610351562,1.2999999523162842,177.89999389648438,142.1999969482422,33.400001525878906,161.39999389648438,41.8525505065918,1.2468534708023071,0.753466784954071,0.7940454483032227,0.5796056985855103,0.6569077968597412,16.711671829223633
142.1999969482422,146.60000610351562,170.10000610351562,171.3000030517578,8.100000381469727,176.10000610351562,178.3000030517578,0.8999999761581421,174.8000030517578,177.10000610351562,1.2999999523162842,179.8000030517578,141.0,35.400001525878906,162.10000610351562,40.17416763305664,1.2437608242034912,0.7644874453544617,0.7985588908195496,0.5831918120384216,0.6543747186660767,16.39798355102539
142.5,147.8000030517578,168.5,170.89999389648438,9.5,175.1999969482422,177.3000030517578,1.7999999523162842,172.1999969482422,174.3000030517578,2.0,178.8000030517578,144.60000610351562,30.5,165.10000610351562,41.40631103515625,1.2431927919387817,0.7597174644470215,0.7981643080711365,0.584517240524292,0.6503638029098511,14.976113319396973
142.8000030517578,147.1999969482422,168.6999969482422,172.1999969482422,6.0,177.6999969482422,177.89999389648438,1.2000000476837158,174.3000030517578,176.60000610351562,0.4000000059604645,179.10000610351562,142.39999389648438,32.900001525878906,161.3000030517578,41.514381408691406,1.2395044565200806,0.7555776238441467,0.7956740260124207,0.586178719997406,0.6572756171226501,15.710893630981445
142.1999969482422,148.1999969482422,169.60000610351562,171.0,9.699999809265137,175.0,177.8000030517578,2.299999952316284,172.3000030517578,174.8000030517578,0.8999999761581421,179.10000610351562,144.1999969482422,31.700000762939453,162.8000030517578,41.25703811645508,1.2412577867507935,0.7571665644645691,0.7974346876144409,0.5900740027427673,0.6549243330955505,15.174213409423828
142.6999969482422,147.3000030517578,167.8000030517578,171.0,8.699999809265137,175.3000030517578,177.89999389648438,2.299999952316284,171.89999389648438,171.0,5.199999809265137,177.5,145.1999969482422,30.5,163.6999969482422,41.66588592529297,1.244316816329956,0.7591158747673035,0.8049042224884033,0.5854941010475159,0.6536356806755066,15.13680362701416
142.6999969482422,147.60000610351562,167.10000610351562,170.60000610351562,8.800000190734863,175.89999389648438,177.8000030517578,2.200000047683716,173.0,176.0,0.10000000149011612,179.5,145.39999389648438,31.399999618530273,162.0,42.30828857421875,1.2513742446899414,0.7707079648971558,0.7951312065124512,0.5907101631164551,0.6565079689025879,15.936102867126465
141.89999389648438,150.60000610351562,166.5,171.6999969482422,7.900000095367432,177.0,178.5,1.0,175.1999969482422,178.8000030517578,3.9000000953674316,179.10000610351562,144.3000030517578,34.900001525878906,157.10000610351562,40.93550109863281,1.2402513027191162,0.7677005529403687,0.7998413443565369,0.595757782459259,0.6679636240005493,16.082324981689453
141.60000610351562,148.10000610351562,167.6999969482422,170.5,6.599999904632568,176.5,176.5,0.5,171.8000030517578,177.0,1.2999999523162842,179.0,143.8000030517578,32.599998474121094,162.89999389648438,41.89574432373047,1.2551413774490356,0.7699607014656067,0.8011525273323059,0.5904703140258789,0.6520735025405884,15.461301803588867
142.8000030517578,148.0,167.8000030517578,170.8000030517578,8.199999809265137,175.89999389648438,177.8000030517578,1.2999999523162842,172.89999389648438,174.5,1.2000000476837158,178.3000030517578,145.89999389648438,31.100000381469727,163.39999389648438,41.35944747924805,1.2372301816940308,0.7576282620429993,0.7945708632469177,0.5885257124900818,0.6564478278160095,15.112911224365234
142.6999969482422,146.39999389648438,167.60000610351562,172.0,7.400000095367432,176.0,176.39999389648438,0.10000000149011612,173.10000610351562,175.8000030517578,0.6000000238418579,177.5,142.6999969482422,34.599998474121094,163.3000030517578,42.28840255737305,1.2461470365524292,0.7594140768051147,0.793992280960083,0.5761740207672119,0.6466825604438782,15.63907527923584
141.3000030517578,148.0,168.3000030517578,171.3000030517578,8.199999809265137,175.0,177.1999969482422,1.7000000476837158,171.10000610351562,174.1999969482422,2.4000000953674316,177.6999969482422,141.39999389648438,34.099998474121094,162.8000030517578,42.4100227355957,1.259077787399292,0.7624250650405884,0.7910625338554382,0.5750508904457092,0.653447151184082,17.466215133666992
142.5,147.39999389648438,167.89999389648438,174.0,6.699999809265137,174.89999389648438,177.60000610351562,0.20000000298023224,175.6999969482422,175.89999389648438,1.2000000476837158,178.5,142.5,34.599998474121094,159.5,42.368553161621094,1.2410129308700562,0.7518258094787598,0.8008214235305786,0.581178605556488,0.6542303562164307,15.79721450805664
141.10000610351562,147.89999389648438,169.89999389648438,172.5,7.400000095367432,175.39999389648438,175.6999969482422,0.10000000149011612,173.3000030517578,176.1999969482422,0.20000000298023224,178.0,142.10000610351562,33.70000076293945,164.6999969482422,40.48527145385742,1.2419185638427734,0.7554239630699158,0.788536548614502,0.5743162035942078,0.647713840007782,15.853983879089355
142.3000030517578,148.39999389648438,168.10000610351562,176.10000610351562,1.7000000476837158,178.5,176.1999969482422,2.5999999046325684,178.5,178.8000030517578,6.800000190734863,177.3000030517578,140.39999389648438,37.20000076293945,159.3000030517578,40.73771667480469,1.2459427118301392,0.7576574087142944,0.8046461939811707,0.5781665444374084,0.6508914232254028,15.328997611999512
142.0,147.39999389648438,169.5,173.1999969482422,4.599999904632568,178.89999389648438,176.10000610351562,1.0,174.10000610351562,177.60000610351562,1.600000023841858,178.10000610351562,139.10000610351562,37.900001525878906,162.89999389648438,41.79290008544922,1.259068250656128,0.754365861415863,0.8006929755210876,0.5757151246070862,0.6544713973999023,16.139148712158203
142.1999969482422,147.6999969482422,167.1999969482422,173.0,5.400000095367432,178.39999389648438,175.1999969482422,1.0,175.10000610351562,178.10000610351562,0.8999999761581421,178.10000610351562,139.1999969482422,35.79999923706055,162.10000610351562,40.558345794677734,1.248404860496521,0.7547606229782104,0.7909069657325745,0.5704821348190308,0.6571052670478821,17.17256736755371
142.10000610351562,147.5,168.3000030517578,173.39999389648438,3.0,179.6999969482422,175.6999969482422,1.600000023841858,174.6999969482422,177.60000610351562,1.7999999523162842,178.6999969482422,140.0,37.599998474121094,160.3000030517578,42.77252960205078,1.2569903135299683,0.7547133564949036,0.7904136776924133,0.5782395601272583,0.6483373045921326,16.486175537109375
141.6999969482422,148.10000610351562,168.3000030517578,173.6999969482422,3.5,178.89999389648438,175.3000030517578,1.600000023841858,173.89999389648438,178.1999969482422,1.5,177.60000610351562,140.0,36.5,159.3000030517578,42.31922149658203,1.2477341890335083,0.7502184510231018,0.7895089983940125,0.5714200139045715,0.6524730920791626,16.880191802978516
142.60000610351562,147.5,167.8000030517578,177.0,0.20000000298023224,179.39999389648438,174.6999969482422,2.5,175.39999389648438,178.39999389648438,3.200000047683716,178.8000030517578,139.60000610351562,36.400001525878906,160.10000610351562,42.92215347290039,1.258872389793396,0.7504832148551941,0.8006945848464966,0.5772041082382202,0.6573346853256226,16.731290817260742
142.89999389648438,147.0,167.3000030517578,173.3000030517578,4.400000095367432,179.5,175.5,0.800000011920929,174.3000030517578,177.1999969482422,1.100000023841858,178.10000610351562,139.89999389648438,36.599998474121094,163.5,41.23221206665039,1.2478563785552979,0.7568392753601074,0.791688084602356,0.5740489363670349,0.6500310301780701,16.790874481201172
142.39999389648438,145.1999969482422,168.8000030517578,165.89999389648438,13.899999618530273,172.39999389648438,178.1999969482422,6.300000190734863,169.5,166.89999389648438,8.600000381469727,176.10000610351562,151.5,27.399999618530273,165.1999969482422,39.472286224365234,1.2609800100326538,0.7840604782104492,0.7992570400238037,0.5958374738693237,0.6607935428619385,15.465413093566895
139.39999389648438,148.5,165.1999969482422,166.1999969482422,16.0,171.5,176.89999389648438,8.300000190734863,168.8000030517578,165.8000030517578,10.0,174.60000610351562,155.39999389648438,26.899999618530273,162.10000610351562,44.09839630126953,1.2924933433532715,0.8068668246269226,0.8304658532142639,0.6215682625770569,0.6882833242416382,15.41791820526123
142.3000030517578,146.8000030517578,162.89999389648438,168.5,13.800000190734863,173.6999969482422,175.3000030517578,7.900000095367432,169.8000030517578,163.89999389648438,11.300000190734863,178.6999969482422,153.60000610351562,26.700000762939453,161.6999969482422,46.57988739013672,1.3000340461730957,0.7953473925590515,0.831855058670044,0.623613178730011,0.6929140090942383,14.821195602416992
139.89999389648438,147.6999969482422,165.39999389648438,165.0,16.200000762939453,174.10000610351562,172.8000030517578,12.0,169.6999969482422,159.6999969482422,16.5,175.60000610351562,151.39999389648438,26.100000381469727,164.6999969482422,45.511940002441406,1.327680230140686,0.8042335510253906,0.8276263475418091,0.6422232389450073,0.7048757076263428,16.813508987426758
138.5,148.3000030517578,168.89999389648438,162.39999389648438,17.600000381469727,172.8000030517578,171.6999969482422,13.399999618530273,168.5,153.3000030517578,22.799999237060547,174.5,155.60000610351562,23.399999618530273,164.8000030517578,44.943538665771484,1.3414251804351807,0.8089773058891296,0.8314512968063354,0.661880612373352,0.7264598608016968,18.344192504882812
137.89999389648438,148.60000610351562,167.6999969482422,161.0,23.200000762939453,168.8000030517578,168.39999389648438,19.299999237060547,166.0,146.1999969482422,30.100000381469727,174.0,154.60000610351562,22.5,169.39999389648438,45.25382995605469,1.351617455482483,0.8079190254211426,0.8337129354476929,0.6576422452926636,0.7191999554634094,17.688312530517578
138.89999389648438,148.10000610351562,167.6999969482422,164.60000610351562,16.100000381469727,173.0,172.3000030517578,13.5,168.8000030517578,149.0,27.200000762939453,173.6999969482422,153.89999389648438,24.200000762939453,167.60000610351562,46.37890625,1.3495906591415405,0.8079816699028015,0.847001314163208,0.6630580425262451,0.7266345024108887,17.808837890625
138.60000610351562,147.60000610351562,166.60000610351562,168.5,13.5,174.0,173.60000610351562,11.300000190734863,169.3000030517578,156.5,19.100000381469727,176.1999969482422,151.1999969482422,25.799999237060547,167.1999969482422,44.54001235961914,1.347732424736023,0.8110103011131287,0.8568840622901917,0.6561896204948425,0.712668240070343,17.79117774963379
142.5,148.1999969482422,166.1999969482422,179.3000030517578,5.599999904632568,176.89999389648438,175.6999969482422,2.5999999046325684,177.60000610351562,170.8000030517578,7.599999904632568,172.5,143.0,33.0,163.5,45.1733512878418,1.295206904411316,0.7512950897216797,0.7866504192352295,0.5926647782325745,0.6715806126594543,16.637603759765625
141.60000610351562,147.89999389648438,165.3000030517578,164.10000610351562,29.200000762939453,168.60000610351562,165.89999389648438,15.399999618530273,174.0,136.6999969482422,45.29999923706055,179.8000030517578,121.30000305175781,50.400001525878906,155.1999969482422,47.0553092956543,1.3025033473968506,0.7637801766395569,0.801717221736908,0.5851287245750427,0.6954569816589355,17.60555648803711
141.5,147.60000610351562,166.6999969482422,158.10000610351562,40.0,162.0,159.5,25.899999618530273,168.10000610351562,103.30000305175781,79.0999984741211,179.3000030517578,110.0999984741211,65.0,151.60000610351562,48.69338607788086,1.2910540103912354,0.7634733319282532,0.8058770895004272,0.5687993168830872,0.6909230947494507,17.405921936035156
142.6999969482422,145.39999389648438,166.0,155.6999969482422,42.79999923706055,161.1999969482422,157.3000030517578,27.200000762939453,167.6999969482422,88.19999694824219,94.0,179.6999969482422,110.0999984741211,64.9000015258789,150.10000610351562,48.317405700683594,1.2923238277435303,0.781973123550415,0.8215278387069702,0.5703775882720947,0.7016519904136658,18.77130699157715
142.8000030517578,145.6999969482422,164.0,155.89999389648438,41.5,163.8000030517578,158.10000610351562,26.200000762939453,169.10000610351562,75.80000305175781,106.9000015258789,178.8000030517578,105.4000015258789,68.0999984741211,148.8000030517578,48.86968994140625,1.277019739151001,0.7760767340660095,0.8091214299201965,0.5534782409667969,0.6854528784751892,19.385595321655273
143.3000030517578,145.3000030517578,163.8000030517578,148.6999969482422,48.20000076293945,164.10000610351562,154.89999389648438,31.100000381469727,166.5,86.0,97.0999984741211,178.10000610351562,109.69999694824219,65.5999984741211,151.0,53.68364334106445,1.2602217197418213,0.7614725232124329,0.8061767816543579,0.5499326586723328,0.6846410632133484,20.42660140991211
142.6999969482422,145.89999389648438,164.10000610351562,145.0,53.70000076293945,161.60000610351562,151.39999389648438,34.79999923706055,167.3000030517578,75.5,107.5999984741211,178.89999389648438,105.19999694824219,71.69999694824219,149.3000030517578,53.99274444580078,1.2656110525131226,0.7762821912765503,0.8156537413597107,0.5593280792236328,0.6884950995445251,20.3272705078125
142.0,146.39999389648438,163.3000030517578,152.5,48.0,159.6999969482422,155.89999389648438,30.899999618530273,166.5,96.19999694824219,85.30000305175781,179.5,111.9000015258789,63.79999923706055,143.60000610351562,52.09138870239258,1.2779817581176758,0.7605150938034058,0.8029987812042236,0.5596821308135986,0.7039501667022705,18.18855857849121
142.10000610351562,146.10000610351562,164.39999389648438,154.60000610351562,40.70000076293945,165.5,157.8000030517578,26.5,169.6999969482422,89.5,92.5,178.39999389648438,109.30000305175781,64.4000015258789,150.89999389648438,52.078372955322266,1.2609795331954956,0.7615049481391907,0.810187041759491,0.5513077974319458,0.6908833980560303,18.582103729248047
143.3000030517578,144.8000030517578,162.39999389648438,137.6999969482422,60.70000076293945,162.8000030517578,148.8000030517578,38.70000076293945,167.1999969482422,58.5,124.30000305175781,178.60000610351562,92.9000015258789,83.5999984741211,141.89999389648438,57.58702087402344,1.2536718845367432,0.7681229114532471,0.8214271068572998,0.555612325668335,0.6879567503929138,16.254945755004883
141.6999969482422,146.1999969482422,164.1999969482422,150.60000610351562,48.099998474121094,162.39999389648438,153.3000030517578,32.5,166.3000030517578,77.0999984741211,104.0,179.89999389648438,107.30000305175781,66.4000015258789,148.39999389648438,51.5471076965332,1.2866164445877075,0.7749515175819397,0.8240179419517517,0.5633149743080139,0.7061581015586853,17.90273094177246
143.39999389648438,144.6999969482422,162.1999969482422,148.5,50.20000076293945,162.89999389648438,152.39999389648438,34.29999923706055,166.0,73.69999694824219,107.4000015258789,178.3000030517578,105.69999694824219,69.4000015258789,145.10000610351562,52.01942443847656,1.2773323059082031,0.7761995196342468,0.82091224193573,0.5767924785614014,0.7200022339820862,17.813371658325195
141.8000030517578,146.1999969482422,164.0,148.5,51.79999923706055,159.89999389648438,152.89999389648438,33.099998474121094,166.8000030517578,82.5,98.80000305175781,178.8000030517578,106.69999694824219,67.5999984741211,146.8000030517578,52.602317810058594,1.2766778469085693,0.7680555582046509,0.8102872371673584,0.5550753474235535,0.701802134513855,17.64266014099121
141.89999389648438,146.39999389648438,161.8000030517578,156.39999389648438,41.0,164.1999969482422,157.3000030517578,28.200000762939453,168.1999969482422,95.4000015258789,86.4000015258789,178.89999389648438,114.0,61.79999923706055,149.0,52.408042907714844,1.269636631011963,0.7620961666107178,0.8089094758033752,0.541832447052002,0.6817359924316406,18.49285888671875
142.39999389648438,144.6999969482422,164.39999389648438,143.0,55.20000076293945,163.89999389648438,151.60000610351562,35.0,168.1999969482422,64.0999984741211,119.9000015258789,176.89999389648438,95.19999694824219,81.0999984741211,144.60000610351562,54.38585662841797,1.2594261169433594,0.7775915265083313,0.8151621222496033,0.5579949617385864,0.6876888275146484,16.731918334960938
142.60000610351562,144.89999389648438,164.8000030517578,144.60000610351562,53.5,162.5,151.60000610351562,34.900001525878906,166.8000030517578,73.19999694824219,110.0999984741211,177.3000030517578,102.4000015258789,73.80000305175781,148.39999389648438,54.545223236083984,1.2641425132751465,0.7636312246322632,0.8180481791496277,0.5569002032279968,0.6911013126373291,17.949365615844727
141.89999389648438,146.0,163.60000610351562,153.39999389648438,44.400001525878906,163.60000610351562,156.6999969482422,28.799999237060547,167.39999389648438,87.80000305175781,94.5,177.5,111.4000015258789,63.79999923706055,148.60000610351562,50.765235900878906,1.2781227827072144,0.779543936252594,0.8336845636367798,0.5633521676063538,0.6946896314620972,18.790555953979492
143.0,145.39999389648438,164.1999969482422,136.5,62.79999923706055,160.5,149.1999969482422,38.599998474121094,167.10000610351562,64.5999984741211,119.5,176.5,96.9000015258789,79.5,145.0,57.46186447143555,1.2576055526733398,0.7789909243583679,0.8354721069335938,0.5717015266418457,0.6981451511383057,17.92694091796875
143.1999969482422,146.1999969482422,164.89999389648438,143.5,53.5,164.0,148.39999389648438,36.099998474121094,168.60000610351562,52.400001525878906,128.6999969482422,179.8000030517578,86.19999694824219,86.0999984741211,148.60000610351562,55.579959869384766,1.254050374031067,0.7574098706245422,0.8033866882324219,0.5602748990058899,0.6837941408157349,16.289777755737305
141.89999389648438,146.0,164.89999389648438,142.60000610351562,57.0,159.8000030517578,149.5,36.29999923706055,166.5,74.5,107.19999694824219,178.89999389648438,102.4000015258789,72.80000305175781,147.89999389648438,54.885032653808594,1.2743314504623413,0.7621821761131287,0.8024025559425354,0.5570870637893677,0.6943791508674622,17.765670776367188
143.0,145.0,163.1999969482422,132.60000610351562,66.19999694824219,161.10000610351562,145.60000610351562,42.70000076293945,166.5,52.20000076293945,131.1999969482422,177.89999389648438,80.9000015258789,96.0,139.8000030517578,58.85898971557617,1.249552607536316,0.7745229005813599,0.8358764052391052,0.5734058022499084,0.6905654668807983,15.299247741699219
141.5,147.3000030517578,164.10000610351562,144.8000030517578,54.5,161.10000610351562,149.10000610351562,36.70000076293945,167.6999969482422,64.4000015258789,117.19999694824219,180.0,92.5,82.5999984741211,147.10000610351562,54.10323715209961,1.26664400100708,0.7652404308319092,0.8092541694641113,0.5655348300933838,0.6951746940612793,15.165295600891113
141.6999969482422,146.1999969482422,165.8000030517578,148.10000610351562,50.900001525878906,160.8000030517578,153.0,33.900001525878906,165.0,80.0,101.9000015258789,178.60000610351562,102.69999694824219,72.9000015258789,147.89999389648438,53.28705978393555,1.2692019939422607,0.7601446509361267,0.8116182684898376,0.5575493574142456,0.6828210353851318,16.93733787536621
141.5,146.6999969482422,164.0,147.1999969482422,51.20000076293945,162.6999969482422,151.3000030517578,32.70000076293945,169.39999389648438,60.20000076293945,121.80000305175781,179.6999969482422,93.4000015258789,78.19999694824219,148.89999389648438,52.95331954956055,1.277329683303833,0.7667216658592224,0.8112771511077881,0.5602315664291382,0.6955399513244629,17.227088928222656
142.8000030517578,144.39999389648438,164.39999389648438,139.6999969482422,58.0,162.60000610351562,149.1999969482422,37.099998474121094,167.60000610351562,62.5,120.9000015258789,178.5,94.0999984741211,82.9000015258789,144.10000610351562,55.517024993896484,1.2595959901809692,0.7735258340835571,0.818902313709259,0.5666986703872681,0.6877633929252625,16.688199996948242
142.5,145.5,163.10000610351562,147.60000610351562,51.0,161.60000610351562,152.6999969482422,33.099998474121094,166.8000030517578,69.9000015258789,111.9000015258789,179.10000610351562,98.4000015258789,76.69999694824219,142.0,52.3761100769043,1.2610357999801636,0.7744230628013611,0.835969090461731,0.5734735727310181,0.7012606263160706,16.831192016601562
142.60000610351562,145.8000030517578,162.3000030517578,148.8000030517578,51.0,160.60000610351562,150.5,35.900001525878906,165.0,78.0999984741211,103.9000015258789,179.0,105.80000305175781,70.0,149.8000030517578,51.253204345703125,1.271823525428772,0.7774872779846191,0.8118462562561035,0.5616621971130371,0.6999091506004333,17.07337188720703
142.1999969482422,146.6999969482422,163.8000030517578,145.0,52.5,162.89999389648438,151.60000610351562,33.099998474121094,168.0,71.0,112.0,179.10000610351562,100.5999984741211,74.80000305175781,149.8000030517578,53.48444366455078,1.2758468389511108,0.7669910192489624,0.8118618726730347,0.5640002489089966,0.6835613250732422,17.240779876708984
140.8000030517578,148.60000610351562,163.6999969482422,155.0,41.400001525878906,162.0,157.89999389648438,26.799999237060547,169.39999389648438,80.5,101.9000015258789,178.39999389648438,105.30000305175781,68.5999984741211,152.0,49.54959487915039,1.2701542377471924,0.7675275206565857,0.8102489113807678,0.5635653138160706,0.6820275783538818,17.798370361328125
145.39999389648438,150.60000610351562,162.89999389648438,112.4000015258789,77.5999984741211,163.39999389648438,124.0,59.599998474121094,170.8000030517578,23.299999237060547,164.10000610351562,177.5,43.599998474121094,138.3000030517578,160.89999389648438,62.247310638427734,1.2690560817718506,0.7809615731239319,0.8780461549758911,0.5925056338310242,0.6329363584518433,17.55702781677246
147.10000610351562,149.3000030517578,164.60000610351562,114.30000305175781,77.5999984741211,161.39999389648438,128.10000610351562,58.0,166.39999389648438,24.799999237060547,163.0,179.39999389648438,43.29999923706055,136.10000610351562,160.8000030517578,61.013145446777344,1.2639477252960205,0.7645277380943298,0.8581382632255554,0.587735116481781,0.6214784979820251,17.163957595825195
145.10000610351562,150.1999969482422,163.1999969482422,123.69999694824219,68.4000015258789,162.89999389648438,136.1999969482422,49.599998474121094,167.3000030517578,29.200000762939453,156.10000610351562,177.5,46.099998474121094,133.5,162.1999969482422,58.118709564208984,1.2659262418746948,0.7759556174278259,0.8485016226768494,0.5898686051368713,0.6309557557106018,13.504056930541992
145.1999969482422,147.8000030517578,162.0,121.5999984741211,67.0,164.5,137.1999969482422,48.0,167.1999969482422,29.100000381469727,157.8000030517578,179.1999969482422,47.099998474121094,135.3000030517578,156.89999389648438,58.62249755859375,1.2625418901443481,0.7707408666610718,0.8538824319839478,0.5865225791931152,0.6168333888053894,15.357865333557129
144.5,149.1999969482422,163.5,134.1999969482422,53.29999923706055,166.1999969482422,143.10000610351562,39.099998474121094,172.5,28.299999237060547,157.3000030517578,179.10000610351562,46.79999923706055,135.89999389648438,159.1999969482422,56.20907974243164,1.272047519683838,0.7809906005859375,0.8472665548324585,0.5742985010147095,0.6276190876960754,13.054837226867676
146.60000610351562,150.8000030517578,161.5,131.60000610351562,57.79999923706055,165.1999969482422,140.8000030517578,43.70000076293945,168.1999969482422,31.299999237060547,154.8000030517578,178.89999389648438,57.900001525878906,125.80000305175781,153.39999389648438,56.311126708984375,1.2609241008758545,0.7856177091598511,0.8717257380485535,0.5961029529571533,0.6533476114273071,15.24476146697998
146.3000030517578,148.10000610351562,160.60000610351562,124.30000305175781,65.5999984741211,164.10000610351562,135.0,49.5,170.60000610351562,23.299999237060547,164.6999969482422,179.60000610351562,43.70000076293945,139.39999389648438,162.0,58.969974517822266,1.2517454624176025,0.7716840505599976,0.8205217719078064,0.5745943784713745,0.6290371417999268,14.096094131469727
145.0,148.6999969482422,164.0,121.30000305175781,70.5,163.6999969482422,134.89999389648438,49.900001525878906,171.3000030517578,24.600000381469727,161.89999389648438,179.39999389648438,45.900001525878906,135.0,160.6999969482422,60.54015350341797,1.260684609413147,0.7864843606948853,0.844475507736206,0.588391125202179,0.6500747799873352,14.755279541015625
145.5,147.5,164.0,125.5,63.599998474121094,167.1999969482422,134.6999969482422,49.79999923706055,170.8000030517578,31.600000381469727,154.89999389648438,176.8000030517578,47.70000076293945,135.6999969482422,156.3000030517578,59.22893524169922,1.252132534980774,0.7749522924423218,0.836880087852478,0.5769408941268921,0.6232300996780396,13.834269523620605
145.39999389648438,146.10000610351562,162.89999389648438,131.3000030517578,57.79999923706055,166.89999389648438,140.10000610351562,44.79999923706055,171.5,31.399999618530273,155.1999969482422,177.5,52.5,130.0,156.0,57.54542541503906,1.250694751739502,0.778307318687439,0.8283868432044983,0.566789448261261,0.6309031844139099,14.336015701293945
145.10000610351562,148.1999969482422,161.6999969482422,132.3000030517578,57.400001525878906,166.39999389648438,141.3000030517578,43.099998474121094,170.39999389648438,38.0,147.89999389648438,175.60000610351562,64.5,119.0,151.5,57.08052444458008,1.2621266841888428,0.7888807654380798,0.8566965460777283,0.580446183681488,0.6535936594009399,16.506385803222656
145.3000030517578,147.39999389648438,163.0,130.6999969482422,58.0,167.3000030517578,140.3000030517578,44.20000076293945,171.1999969482422,35.099998474121094,151.89999389648438,175.6999969482422,54.900001525878906,129.0,155.10000610351562,58.064605712890625,1.2544668912887573,0.7684231400489807,0.8447568416595459,0.5792416930198669,0.6318177580833435,15.002524375915527
147.39999389648438,145.5,165.89999389648438,131.10000610351562,58.599998474121094,165.60000610351562,140.89999389648438,42.900001525878906,169.8000030517578,32.099998474121094,153.8000030517578,179.1999969482422,54.0,129.5,156.8000030517578,54.55807113647461,1.268975019454956,0.7714757919311523,0.8396131992340088,0.5754935145378113,0.6207607984542847,14.476126670837402
144.8000030517578,147.6999969482422,165.39999389648438,143.10000610351562,45.70000076293945,166.5,157.60000610351562,25.600000381469727,172.89999389648438,37.0,146.10000610351562,175.5,66.0999984741211,116.69999694824219,153.8000030517578,51.465858459472656,1.2984973192214966,0.8002201318740845,0.8598466515541077,0.5959580540657043,0.6358481049537659,12.928997039794922
142.5,146.5,169.3000030517578,146.6999969482422,42.5,167.3000030517578,161.89999389648438,18.299999237060547,177.1999969482422,32.900001525878906,151.5,175.8000030517578,60.400001525878906,120.69999694824219,158.1999969482422,51.05748748779297,1.3118857145309448,0.8045181632041931,0.8542710542678833,0.5980322957038879,0.6103891730308533,11.989436149597168
143.8000030517578,146.5,168.8000030517578,132.1999969482422,55.400001525878906,168.89999389648438,150.0,31.600000381469727,175.1999969482422,24.600000381469727,161.60000610351562,179.8000030517578,58.79999923706055,122.5,156.5,54.66743850708008,1.2914628982543945,0.7770289182662964,0.8421695232391357,0.5902449488639832,0.644111692905426,16.286819458007812
146.3000030517578,146.0,164.1999969482422,102.69999694824219,95.80000305175781,156.3000030517578,111.5999984741211,77.5,165.5,31.899999618530273,152.89999389648438,178.60000610351562,32.900001525878906,149.10000610351562,153.89999389648438,67.21092987060547,1.228352427482605,0.7623671889305115,0.8124512434005737,0.5593190789222717,0.6189836859703064,10.740788459777832
144.89999389648438,149.1999969482422,163.60000610351562,95.30000305175781,108.9000015258789,149.3000030517578,109.0,81.19999694824219,165.6999969482422,37.29999923706055,147.10000610351562,179.60000610351562,39.20000076293945,142.39999389648438,151.10000610351562,71.04607391357422,1.231628656387329,0.7569282054901123,0.8006905317306519,0.5509125590324402,0.6122533679008484,10.913331031799316
147.1999969482422,145.39999389648438,158.5,97.19999694824219,109.30000305175781,146.6999969482422,109.30000305175781,82.69999694824219,165.60000610351562,42.79999923706055,140.6999969482422,180.0,43.400001525878906,137.0,149.60000610351562,69.63825988769531,1.1944142580032349,0.748802900314331,0.7976077795028687,0.5535851120948792,0.6165642142295837,10.589795112609863
146.5,146.39999389648438,161.89999389648438,96.9000015258789,108.0999984741211,150.60000610351562,111.19999694824219,79.69999694824219,168.5,40.599998474121094,144.6999969482422,180.0,37.79999923706055,148.39999389648438,145.1999969482422,70.82447814941406,1.2085477113723755,0.7725463509559631,0.8170387148857117,0.5866060256958008,0.6213513016700745,8.905470848083496
146.1999969482422,148.39999389648438,160.60000610351562,97.69999694824219,108.80000305175781,147.8000030517578,115.80000305175781,74.5,167.10000610351562,41.29999923706055,142.3000030517578,177.89999389648438,40.5,141.39999389648438,139.5,69.96903228759766,1.2413142919540405,0.7557710409164429,0.8232949376106262,0.5681975483894348,0.6108595132827759,10.536795616149902
144.8000030517578,147.6999969482422,164.1999969482422,96.5,106.19999694824219,151.6999969482422,112.5999984741211,77.0,166.3000030517578,38.79999923706055,145.5,178.89999389648438,37.400001525878906,144.1999969482422,151.5,69.76325225830078,1.2442383766174316,0.7645128965377808,0.8125521540641785,0.5602083802223206,0.5974420309066772,9.329798698425293
144.10000610351562,149.3000030517578,159.1999969482422,101.69999694824219,100.4000015258789,152.8000030517578,118.5999984741211,71.5,167.1999969482422,38.5,146.60000610351562,179.5,40.70000076293945,141.6999969482422,151.6999969482422,66.75973510742188,1.2379064559936523,0.7606245279312134,0.8111435770988464,0.567245364189148,0.6097451448440552,10.920839309692383
144.6999969482422,147.8000030517578,166.39999389648438,118.80000305175781,71.5999984741211,164.1999969482422,141.5,42.70000076293945,167.3000030517578,23.0,165.1999969482422,178.5,38.29999923706055,142.8000030517578,163.3000030517578,59.31071853637695,1.2853107452392578,0.7601441740989685,0.8579121828079224,0.5849758982658386,0.6183749437332153,13.578817367553711
141.3000030517578,148.10000610351562,168.60000610351562,148.10000610351562,38.400001525878906,171.39999389648438,170.1999969482422,10.300000190734863,177.5,29.100000381469727,154.39999389648438,174.0,79.0,102.69999694824219,158.6999969482422,53.57732391357422,1.3223706483840942,0.774823784828186,0.8896953463554382,0.6019688248634338,0.6431636214256287,12.962664604187012
141.5,148.89999389648438,168.60000610351562,151.5,35.599998474121094,170.5,174.3000030517578,4.900000095367432,179.6999969482422,30.100000381469727,153.60000610351562,175.6999969482422,105.0,78.5999984741211,153.1999969482422,55.005409240722656,1.3350434303283691,0.7408708333969116,0.8371953964233398,0.6085389256477356,0.6597384810447693,14.843977928161621
141.3000030517578,148.5,167.89999389648438,147.0,37.599998474121094,171.89999389648438,177.6999969482422,1.100000023841858,176.8000030517578,22.600000381469727,161.89999389648438,175.5,104.0,80.0999984741211,150.60000610351562,55.70248794555664,1.33469557762146,0.7540658712387085,0.8471077680587769,0.6207038760185242,0.6743095517158508,16.919836044311523
140.89999389648438,148.89999389648438,167.8000030517578,152.0,34.29999923706055,171.5,174.6999969482422,3.5999999046325684,177.6999969482422,28.799999237060547,155.6999969482422,176.3000030517578,103.4000015258789,80.19999694824219,154.0,54.41078567504883,1.3479831218719482,0.7548279762268066,0.8464474081993103,0.6306224465370178,0.674178421497345,16.596691131591797
140.6999969482422,148.5,168.39999389648438,155.5,30.799999237060547,171.5,177.89999389648438,0.699999988079071,176.5,17.700000762939453,165.3000030517578,171.89999389648438,101.0,81.80000305175781,152.3000030517578,52.868473052978516,1.3515700101852417,0.7553285360336304,0.851191520690918,0.6303695440292358,0.6757292747497559,16.498258590698242
140.60000610351562,143.89999389648438,173.3000030517578,118.5999984741211,67.80000305175781,170.6999969482422,171.39999389648438,7.0,175.5,3.4000000953674316,171.39999389648438,176.39999389648438,78.5,102.69999694824219,159.10000610351562,58.474334716796875,1.3307687044143677,0.733252763748169,0.812782347202301,0.6431451439857483,0.6835821866989136,16.619375228881836
127.5999984741211,148.6999969482422,172.10000610351562,67.0999984741211,106.80000305175781,179.0,158.10000610351562,31.399999618530273,161.60000610351562,82.30000305175781,97.5,170.0,79.19999694824219,99.9000015258789,163.1999969482422,57.44114303588867,1.3461964130401611,0.7380433082580566,0.804214596748352,0.6986384987831116,0.6863234043121338,16.866579055786133
128.3000030517578,150.6999969482422,173.3000030517578,114.5,68.9000015258789,169.0,160.8000030517578,33.20000076293945,159.60000610351562,106.9000015258789,69.9000015258789,174.5,124.0999984741211,53.79999923706055,168.39999389648438,50.73574447631836,1.3765902519226074,0.7681659460067749,0.8273906707763672,0.6789682507514954,0.7092695832252502,17.612213134765625
127.9000015258789,149.5,173.89999389648438,96.80000305175781,83.30000305175781,174.6999969482422,156.1999969482422,35.70000076293945,158.89999389648438,99.69999694824219,77.5999984741211,174.3000030517578,122.9000015258789,54.70000076293945,170.5,53.72526168823242,1.3571982383728027,0.7593271136283875,0.8000451922416687,0.7142712473869324,0.7220087051391602,19.677268981933594
130.10000610351562,150.0,173.5,123.9000015258789,55.400001525878906,178.60000610351562,163.60000610351562,29.299999237060547,161.8000030517578,124.69999694824219,52.20000076293945,178.10000610351562,118.0999984741211,58.099998474121094,166.39999389648438,49.093482971191406,1.3651643991470337,0.7688228487968445,0.8319570422172546,0.7374866008758545,0.7030235528945923,17.934459686279297
129.89999389648438,149.6999969482422,173.89999389648438,122.9000015258789,59.0,173.1999969482422,162.5,30.5,160.0,109.5,67.19999694824219,176.10000610351562,130.39999389648438,45.400001525878906,168.10000610351562,50.05228805541992,1.3679416179656982,0.7835384607315063,0.828854501247406,0.69633549451828,0.7179192900657654,18.541179656982422
130.1999969482422,150.6999969482422,172.5,116.80000305175781,62.099998474121094,178.1999969482422,162.1999969482422,28.600000381469727,162.0,105.5,73.5999984741211,173.1999969482422,129.1999969482422,49.70000076293945,163.60000610351562,53.334312438964844,1.376068115234375,0.7867937684059143,0.8370079398155212,0.692009449005127,0.7438708543777466,19.958032608032227
126.4000015258789,146.5,175.3000030517578,6.400000095367432,177.0,172.39999389648438,152.39999389648438,34.5,168.5,28.799999237060547,150.1999969482422,168.5,12.399999618530273,165.6999969482422,170.8000030517578,65.825439453125,1.3194245100021362,0.7306572198867798,0.7642242908477783,0.674925684928894,0.7285305261611938,16.34402084350586
131.39999389648438,136.1999969482422,177.10000610351562,12.100000381469727,178.89999389648438,166.8000030517578,12.5,161.5,173.0,16.0,161.5,167.5,8.199999809265137,168.60000610351562,179.1999969482422,68.16534423828125,1.3245737552642822,0.7878314256668091,0.8156520128250122,0.672603189945221,0.6928441524505615,12.53609848022461
132.89999389648438,140.10000610351562,179.60000610351562,15.600000381469727,176.8000030517578,162.6999969482422,33.599998474121094,140.8000030517578,175.3000030517578,10.100000381469727,168.8000030517578,164.89999389648438,3.299999952316284,170.6999969482422,171.60000610351562,64.84200286865234,1.3172085285186768,0.766038715839386,0.7864754796028137,0.6794060468673706,0.6937940716743469,9.745542526245117
131.89999389648438,139.1999969482422,174.3000030517578,20.5,168.39999389648438,172.3000030517578,16.700000762939453,158.39999389648438,173.89999389648438,10.100000381469727,164.39999389648438,171.60000610351562,1.399999976158142,175.5,178.6999969482422,71.61144256591797,1.3151174783706665,0.7602283954620361,0.8135807514190674,0.6740708351135254,0.7240297794342041,14.601243019104004
133.5,145.3000030517578,168.10000610351562,28.5,160.8000030517578,164.0,21.5,155.60000610351562,179.8000030517578,11.399999618530273,166.39999389648438,171.10000610351562,7.0,175.89999389648438,166.1999969482422,65.96387481689453,1.3455047607421875,0.7420884370803833,0.8131623864173889,0.7036740183830261,0.7022087574005127,13.942401885986328
140.5,144.89999389648438,164.89999389648438,66.0,125.5,158.5,131.60000610351562,50.29999923706055,177.60000610351562,0.10000000149011612,174.10000610351562,176.1999969482422,28.799999237060547,155.10000610351562,153.6999969482422,65.35475158691406,1.2846953868865967,0.7496169805526733,0.8343294858932495,0.6916285157203674,0.7156099677085876,14.917691230773926
142.60000610351562,146.89999389648438,169.10000610351562,98.80000305175781,92.19999694824219,161.5,147.1999969482422,36.0,174.5,16.600000381469727,171.5,178.6999969482422,53.29999923706055,133.39999389648438,151.60000610351562,63.09281921386719,1.3060789108276367,0.7443619966506958,0.8519098162651062,0.6585865616798401,0.7014464139938354,15.341878890991211
141.6999969482422,149.5,169.1999969482422,108.5999984741211,83.0,162.0,149.0,34.20000076293945,173.0,19.700000762939453,167.39999389648438,177.6999969482422,53.29999923706055,129.0,160.8000030517578,62.12022399902344,1.3087341785430908,0.7261748313903809,0.8404163718223572,0.6132020950317383,0.66364985704422,15.054499626159668
144.1999969482422,147.8000030517578,168.1999969482422,131.0,59.0,166.10000610351562,156.3000030517578,26.200000762939453,173.3000030517578,24.5,162.8000030517578,179.6999969482422,58.0,123.0999984741211,161.39999389648438,58.181884765625,1.2951724529266357,0.7447922229766846,0.8517512083053589,0.5967272520065308,0.6451628804206848,14.702110290527344
146.10000610351562,148.6999969482422,165.60000610351562,137.89999389648438,52.70000076293945,164.39999389648438,148.39999389648438,32.5,171.60000610351562,37.0,149.10000610351562,177.60000610351562,70.30000305175781,112.19999694824219,158.8000030517578,53.85470199584961,1.3104304075241089,0.7400221228599548,0.8412913680076599,0.5844203233718872,0.629587709903717,17.12917709350586
145.39999389648438,148.60000610351562,162.6999969482422,139.10000610351562,51.0,166.10000610351562,151.3000030517578,30.5,172.60000610351562,41.900001525878906,143.3000030517578,179.60000610351562,74.5,108.5,154.0,55.13530731201172,1.3009804487228394,0.7452841401100159,0.8421955704689026,0.5852601528167725,0.6356051564216614,16.90846824645996
146.10000610351562,148.60000610351562,165.6999969482422,137.0,53.79999923706055,164.10000610351562,151.10000610351562,30.799999237060547,172.8000030517578,39.599998474121094,145.8000030517578,177.8000030517578,72.69999694824219,108.80000305175781,159.6999969482422,54.85295104980469,1.3017137050628662,0.7517954707145691,0.848777711391449,0.5840290188789368,0.6440993547439575,17.230653762817383
144.89999389648438,149.8000030517578,162.1999969482422,139.10000610351562,51.20000076293945,166.3000030517578,150.39999389648438,31.700000762939453,171.0,35.599998474121094,149.6999969482422,179.6999969482422,73.80000305175781,109.4000015258789,155.10000610351562,54.30042266845703,1.3011364936828613,0.7553747892379761,0.8505114316940308,0.5852373242378235,0.6459871530532837,17.543394088745117
147.39999389648438,150.10000610351562,162.5,137.60000610351562,53.29999923706055,164.0,147.39999389648438,34.5,169.89999389648438,42.0,144.3000030517578,179.6999969482422,75.0999984741211,107.4000015258789,154.5,54.82356643676758,1.2934870719909668,0.7506178021430969,0.8535406589508057,0.5878397822380066,0.640526294708252,17.05019187927246
146.0,150.3000030517578,162.39999389648438,132.39999389648438,60.5,162.6999969482422,143.8000030517578,39.099998474121094,170.10000610351562,40.099998474121094,146.8000030517578,177.6999969482422,69.9000015258789,113.9000015258789,156.39999389648438,57.05910873413086,1.2877936363220215,0.7500269412994385,0.8539185523986816,0.5909050107002258,0.6479678750038147,16.815643310546875
145.0,150.0,164.10000610351562,132.0,59.099998474121094,164.5,145.39999389648438,36.400001525878906,170.5,37.29999923706055,149.1999969482422,177.6999969482422,69.5,113.0999984741211,155.6999969482422,56.82951354980469,1.2963786125183105,0.7500730752944946,0.8546140789985657,0.5956496596336365,0.6469489932060242,17.243244171142578
146.0,149.10000610351562,162.89999389648438,126.19999694824219,65.69999694824219,163.3000030517578,139.60000610351562,43.20000076293945,168.39999389648438,36.70000076293945,149.1999969482422,178.8000030517578,66.4000015258789,115.80000305175781,155.1999969482422,58.4129524230957,1.2887645959854126,0.743523895740509,0.8368383646011353,0.5792198777198792,0.6469213962554932,17.686521530151367
145.1999969482422,150.60000610351562,163.10000610351562,128.8000030517578,62.29999923706055,164.8000030517578,144.10000610351562,37.79999923706055,169.8000030517578,31.0,155.6999969482422,178.0,66.80000305175781,114.0999984741211,158.0,58.67054748535156,1.2903611660003662,0.738107442855835,0.8427074551582336,0.5838140249252319,0.64652419090271,17.433746337890625
145.10000610351562,150.5,164.10000610351562,135.0,56.70000076293945,164.0,143.89999389648438,38.0,170.3000030517578,36.400001525878906,148.3000030517578,179.1999969482422,62.599998474121094,119.69999694824219,162.0,55.74711608886719,1.301150918006897,0.7549358010292053,0.8419703841209412,0.5753124356269836,0.6248077750205994,15.104501724243164
145.1999969482422,149.10000610351562,164.8000030517578,132.6999969482422,58.5,163.39999389648438,145.6999969482422,36.0,171.0,39.20000076293945,146.89999389648438,179.10000610351562,67.30000305175781,114.19999694824219,157.5,56.206417083740234,1.3014639616012573,0.7407798171043396,0.8408580422401428,0.5810748934745789,0.6309557557106018,17.208576202392578
145.39999389648438,149.3000030517578,164.89999389648438,130.0,61.70000076293945,164.10000610351562,142.5,40.70000076293945,169.1999969482422,36.70000076293945,150.5,176.8000030517578,65.0999984741211,116.4000015258789,159.8000030517578,58.30344772338867,1.2838661670684814,0.7379070520401001,0.8382354378700256,0.5773290991783142,0.6357944011688232,17.298053741455078
145.3000030517578,149.5,162.89999389648438,135.5,55.900001525878906,164.60000610351562,146.1999969482422,35.79999923706055,170.8000030517578,37.29999923706055,148.6999969482422,179.39999389648438,68.0,115.80000305175781,157.1999969482422,55.7929573059082,1.2930576801300049,0.7508588433265686,0.8475527763366699,0.5815267562866211,0.6374401450157166,16.922191619873047
145.10000610351562,150.10000610351562,163.6999969482422,131.5,59.29999923706055,166.6999969482422,145.3000030517578,36.900001525878906,169.60000610351562,36.599998474121094,150.89999389648438,175.60000610351562,69.80000305175781,112.4000015258789,154.1999969482422,56.59417724609375,1.290757656097412,0.750149667263031,0.8477465510368347,0.5999667048454285,0.6520436406135559,17.704456329345703
145.5,151.60000610351562,164.3000030517578,130.1999969482422,63.0,161.89999389648438,141.1999969482422,41.599998474121094,166.8000030517578,42.900001525878906,143.60000610351562,175.5,70.5,111.9000015258789,158.3000030517578,58.221370697021484,1.2881529331207275,0.73911052942276,0.840578019618988,0.5848148465156555,0.6414337158203125,17.08180809020996
146.10000610351562,148.89999389648438,161.89999389648438,131.10000610351562,61.29999923706055,164.8000030517578,140.8000030517578,42.79999923706055,167.6999969482422,39.099998474121094,148.1999969482422,177.0,65.0,116.80000305175781,156.0,56.34381866455078,1.2801246643066406,0.7448840141296387,0.835447371006012,0.577933132648468,0.6325498819351196,16.37771987915039
146.8000030517578,147.3000030517578,162.1999969482422,134.10000610351562,58.20000076293945,164.89999389648438,145.39999389648438,37.599998474121094,170.10000610351562,36.70000076293945,150.60000610351562,178.0,66.30000305175781,116.19999694824219,154.8000030517578,55.81073760986328,1.2825385332107544,0.7453134655952454,0.8435653448104858,0.5801777839660645,0.6310361623764038,17.145036697387695
144.60000610351562,149.89999389648438,164.3000030517578,131.39999389648438,60.79999923706055,164.3000030517578,141.10000610351562,41.099998474121094,169.60000610351562,36.900001525878906,149.0,179.10000610351562,67.80000305175781,113.80000305175781,158.3000030517578,57.41096878051758,1.2961413860321045,0.7509838938713074,0.8355522155761719,0.5760064125061035,0.6467432975769043,16.655223846435547
143.3000030517578,152.60000610351562,165.1999969482422,132.5,59.79999923706055,163.8000030517578,142.10000610351562,40.70000076293945,168.39999389648438,44.400001525878906,141.5,177.1999969482422,68.80000305175781,113.5999984741211,155.5,58.115264892578125,1.2958847284317017,0.7442488670349121,0.8367050886154175,0.5874140858650208,0.6443583369255066,15.368742942810059
145.0,148.1999969482422,164.89999389648438,135.0,56.5,166.10000610351562,145.5,38.400001525878906,170.39999389648438,42.70000076293945,144.8000030517578,176.10000610351562,69.0,113.80000305175781,158.0,57.1693115234375,1.284957766532898,0.740078866481781,0.8352043628692627,0.5699256658554077,0.6389219760894775,16.419921875
145.89999389648438,150.5,163.89999389648438,138.8000030517578,53.400001525878906,164.60000610351562,143.8000030517578,40.79999923706055,167.1999969482422,49.79999923706055,137.39999389648438,176.1999969482422,77.5999984741211,104.30000305175781,156.60000610351562,55.02006530761719,1.2766424417495728,0.7588651180267334,0.8414721488952637,0.5835967063903809,0.652154266834259,16.322887420654297
143.8000030517578,150.5,164.0,132.3000030517578,60.70000076293945,164.6999969482422,142.60000610351562,41.0,170.5,44.70000076293945,142.3000030517578,176.39999389648438,68.4000015258789,114.0999984741211,156.6999969482422,58.945167541503906,1.288070559501648,0.7402738332748413,0.8266459703445435,0.5758769512176514,0.6362512111663818,15.778066635131836
144.5,149.89999389648438,164.0,140.89999389648438,51.099998474121094,165.5,146.3000030517578,37.20000076293945,169.1999969482422,50.5,136.10000610351562,175.89999389648438,79.5,102.30000305175781,153.39999389648438,55.967071533203125,1.289026141166687,0.7485778331756592,0.8379340767860413,0.5728744268417358,0.656339704990387,17.58820343017578
143.60000610351562,149.0,165.1999969482422,138.0,54.0,166.5,145.3000030517578,37.5,170.39999389648438,46.900001525878906,140.10000610351562,173.8000030517578,75.0,107.5,154.6999969482422,56.379085540771484,1.2936899662017822,0.7658125162124634,0.8444728851318359,0.5827904939651489,0.6595754027366638,16.784326553344727
144.0,150.10000610351562,164.3000030517578,148.60000610351562,41.900001525878906,166.39999389648438,154.0,27.700000762939453,173.0,56.70000076293945,128.5,176.89999389648438,78.69999694824219,102.5999984741211,155.0,54.425270080566406,1.2971851825714111,0.7487322688102722,0.8404858708381653,0.5789058804512024,0.6345750093460083,16.5316104888916
144.60000610351562,149.3000030517578,163.10000610351562,164.1999969482422,24.700000762939453,169.8000030517578,162.5,22.0,174.89999389648438,110.0999984741211,76.5,175.39999389648438,101.80000305175781,80.5999984741211,155.60000610351562,51.46249008178711,1.2765419483184814,0.7396748065948486,0.8304785490036011,0.5425493717193604,0.634766697883606,16.33911895751953
143.8000030517578,148.0,166.39999389648438,169.8000030517578,17.399999618530273,173.5,166.10000610351562,17.100000381469727,178.10000610351562,131.5,55.20000076293945,176.0,111.4000015258789,70.69999694824219,161.0,48.97186279296875,1.2748140096664429,0.7475788593292236,0.8109117150306702,0.5408117771148682,0.6305640935897827,15.312037467956543
143.5,148.0,165.0,165.89999389648438,23.0,172.0,163.0,21.299999237060547,178.10000610351562,118.30000305175781,68.0999984741211,175.1999969482422,104.69999694824219,78.5,158.60000610351562,51.341800689697266,1.2630168199539185,0.7516355514526367,0.8204101920127869,0.534186840057373,0.6175856590270996,13.733559608459473
143.39999389648438,148.0,165.10000610351562,169.60000610351562,19.299999237060547,173.1999969482422,162.89999389648438,21.700000762939453,177.3000030517578,115.69999694824219,70.30000305175781,176.1999969482422,107.69999694824219,74.19999694824219,159.1999969482422,48.82441329956055,1.271088719367981,0.756946325302124,0.8214949369430542,0.5272509455680847,0.6260236501693726,14.273366928100586
142.6999969482422,148.60000610351562,165.0,175.5,14.300000190734863,173.10000610351562,166.8000030517578,17.399999618530273,177.3000030517578,139.0,48.20000076293945,176.39999389648438,119.69999694824219,63.0,161.10000610351562,46.67467498779297,1.2767267227172852,0.7687832713127136,0.8337159752845764,0.5438914895057678,0.632877767086029,14.984366416931152
142.60000610351562,148.60000610351562,165.10000610351562,175.89999389648438,11.399999618530273,176.8000030517578,165.0,18.5,179.60000610351562,137.10000610351562,48.70000076293945,177.0,121.5,62.29999923706055,160.89999389648438,47.48443603515625,1.260172724723816,0.761810839176178,0.813298225402832,0.523848831653595,0.6034438014030457,11.759588241577148
143.1999969482422,148.5,166.10000610351562,178.60000610351562,7.900000095367432,178.6999969482422,166.8000030517578,17.799999237060547,177.1999969482422,145.3000030517578,41.29999923706055,175.5,120.19999694824219,61.900001525878906,162.1999969482422,42.73573684692383,1.265044927597046,0.7634286284446716,0.8132418394088745,0.5361769199371338,0.6132267117500305,12.856178283691406
143.10000610351562,148.0,164.0,178.0,7.699999809265137,178.1999969482422,167.10000610351562,16.100000381469727,179.5,144.6999969482422,40.79999923706055,176.89999389648438,124.5999984741211,57.599998474121094,161.1999969482422,45.712318420410156,1.2566782236099243,0.7542932629585266,0.798582136631012,0.5218291878700256,0.6094954013824463,12.9509859085083
144.0,151.0,162.8000030517578,166.60000610351562,19.700000762939453,173.8000030517578,164.39999389648438,18.600000381469727,178.1999969482422,127.5999984741211,57.79999923706055,178.3000030517578,114.0,69.5999984741211,152.3000030517578,48.07489776611328,1.2987807989120483,0.7773953080177307,0.842822790145874,0.5837263464927673,0.6602491736412048,15.086030960083008
144.3000030517578,148.3000030517578,164.0,153.10000610351562,37.900001525878906,165.3000030517578,161.39999389648438,20.799999237060547,176.8000030517578,45.599998474121094,138.1999969482422,175.5,78.30000305175781,104.30000305175781,156.10000610351562,52.60318374633789,1.28794264793396,0.7607794404029846,0.8460564613342285,0.5776817202568054,0.6160218119621277,12.930343627929688
142.1999969482422,146.1999969482422,165.60000610351562,154.8000030517578,31.0,172.60000610351562,174.89999389648438,5.400000095367432,177.6999969482422,40.70000076293945,144.10000610351562,176.10000610351562,109.5,73.5999984741211,160.6999969482422,56.402374267578125,1.309529423713684,0.769984781742096,0.8665949702262878,0.610155463218689,0.6547915935516357,13.02532958984375
144.6999969482422,146.0,164.3000030517578,150.3000030517578,39.0,166.6999969482422,166.8000030517578,15.199999809265137,178.60000610351562,51.20000076293945,133.0,173.60000610351562,93.0,90.80000305175781,156.10000610351562,54.24952697753906,1.3024946451187134,0.7715557217597961,0.8662877082824707,0.6020122170448303,0.6545947790145874,15.18016242980957
144.60000610351562,145.8000030517578,165.39999389648438,148.39999389648438,41.29999923706055,167.3000030517578,166.8000030517578,15.899999618530273,177.60000610351562,43.0,142.0,175.0,86.69999694824219,97.0,158.10000610351562,54.31779861450195,1.2996950149536133,0.7679219245910645,0.868769109249115,0.5996195077896118,0.6429110765457153,15.326927185058594
146.39999389648438,145.5,161.8000030517578,141.89999389648438,49.29999923706055,164.1999969482422,159.60000610351562,23.100000381469727,175.1999969482422,43.900001525878906,139.8000030517578,175.6999969482422,82.0,100.5,155.39999389648438,55.49418640136719,1.283779501914978,0.741071879863739,0.853538990020752,0.581791341304779,0.6414347290992737,16.191438674926758
143.39999389648438,146.8000030517578,166.10000610351562,142.1999969482422,49.20000076293945,163.89999389648438,160.39999389648438,22.5,176.0,37.29999923706055,146.0,170.89999389648438,79.9000015258789,100.5,160.6999969482422,53.748043060302734,1.2981667518615723,0.7623119354248047,0.8453987836837769,0.5832424163818359,0.6390230655670166,16.642162322998047
143.89999389648438,147.60000610351562,167.5,126.9000015258789,66.5999984741211,161.1999969482422,151.10000610351562,31.899999618530273,171.60000610351562,32.0,151.5,172.6999969482422,72.9000015258789,108.5999984741211,154.0,58.19628143310547,1.293111801147461,0.7351107001304626,0.8214132785797119,0.5845687985420227,0.6475316286087036,16.88361358642578
142.8000030517578,145.8000030517578,169.89999389648438,126.0999984741211,64.5999984741211,165.60000610351562,152.8000030517578,31.200000762939453,170.8000030517578,29.899999618530273,155.5,178.5,62.5,119.80000305175781,159.1999969482422,56.198062896728516,1.3129359483718872,0.7577552199363708,0.8534383177757263,0.5999599099159241,0.6475311517715454,15.474234580993652
142.6999969482422,146.8000030517578,171.0,108.5999984741211,82.30000305175781,164.8000030517578,137.5,44.79999923706055,168.8000030517578,23.700000762939453,163.0,178.8000030517578,49.29999923706055,133.60000610351562,152.39999389648438,59.79157257080078,1.284741759300232,0.7347535490989685,0.8403452038764954,0.5975505113601685,0.6464329361915588,16.58302116394043
142.6999969482422,148.10000610351562,167.10000610351562,102.69999694824219,89.0999984741211,162.5,125.80000305175781,59.599998474121094,166.5,31.299999237060547,156.5,178.1999969482422,55.70000076293945,128.6999969482422,151.6999969482422,64.63572692871094,1.2721664905548096,0.7441187500953674,0.830627977848053,0.6042007803916931,0.669710636138916,17.915307998657227
144.39999389648438,145.6999969482422,165.8000030517578,94.5,99.69999694824219,158.89999389648438,119.19999694824219,66.5,167.6999969482422,22.5,166.0,178.3000030517578,41.20000076293945,142.6999969482422,145.5,67.0676040649414,1.2440669536590576,0.7398058772087097,0.8324671983718872,0.6126343607902527,0.6809150576591492,16.510833740234375
