176.5,168.60000610351562,132.39999389648438,156.10000610351562,119.5,123.19999694824219,143.60000610351562,102.4000015258789,147.0,139.0,103.5,153.89999389648438,132.5,130.39999389648438,142.5,36.26224136352539,1.258443832397461,1.0869420766830444,1.1352471113204956,1.065259575843811,1.0618826150894165,12.280702590942383
176.5,169.10000610351562,129.39999389648438,158.1999969482422,119.19999694824219,122.9000015258789,144.6999969482422,101.5999984741211,148.3000030517578,139.6999969482422,102.0,155.10000610351562,133.89999389648438,127.4000015258789,141.5,37.778499603271484,1.2663625478744507,1.093945860862732,1.1326783895492554,1.0539692640304565,1.042516827583313,11.599498748779297
176.8000030517578,167.39999389648438,123.30000305175781,155.0,123.5999984741211,117.69999694824219,142.39999389648438,104.80000305175781,145.8000030517578,137.8000030517578,103.0,151.1999969482422,130.5,129.0,140.8000030517578,36.045143127441406,1.2276270389556885,1.0689102411270142,1.1235291957855225,1.030759572982788,1.0172953605651855,11.054661750793457
178.89999389648438,169.1999969482422,129.5,155.0,118.80000305175781,121.30000305175781,140.1999969482422,102.19999694824219,149.10000610351562,132.8000030517578,107.69999694824219,151.5,124.5999984741211,134.89999389648438,141.6999969482422,36.52604675292969,1.2382389307022095,1.0709861516952515,1.1194007396697998,1.0353152751922607,1.0304498672485352,10.702327728271484
178.39999389648438,168.10000610351562,127.69999694824219,153.6999969482422,119.69999694824219,121.5999984741211,140.5,103.0999984741211,149.39999389648438,131.8000030517578,111.19999694824219,150.1999969482422,125.69999694824219,135.0,142.0,36.79783630371094,1.2148884534835815,1.0708171129226685,1.1303894519805908,1.0489197969436646,1.0398399829864502,11.145608901977539
179.39999389648438,168.8000030517578,125.5,152.3000030517578,120.80000305175781,121.0,137.89999389648438,102.80000305175781,147.10000610351562,129.6999969482422,110.80000305175781,148.5,124.0999984741211,135.1999969482422,141.5,36.623924255371094,1.2198262214660645,1.066935420036316,1.102861762046814,1.0251457691192627,1.0275014638900757,11.764015197753906
179.39999389648438,170.3000030517578,133.10000610351562,151.3000030517578,120.80000305175781,123.5999984741211,137.39999389648438,105.5999984741211,144.39999389648438,128.3000030517578,111.30000305175781,149.8000030517578,122.80000305175781,135.5,142.0,37.83772659301758,1.2607698440551758,1.0728579759597778,1.1085379123687744,1.023092269897461,1.0187422037124634,10.958528518676758
178.6999969482422,169.8000030517578,134.0,149.8000030517578,119.5999984741211,123.9000015258789,136.1999969482422,103.80000305175781,147.60000610351562,125.5,113.9000015258789,150.6999969482422,119.0999984741211,139.8000030517578,141.39999389648438,38.69782638549805,1.2668956518173218,1.062665581703186,1.0891693830490112,1.0075738430023193,0.9981426000595093,9.88569164276123
178.3000030517578,170.5,136.8000030517578,148.10000610351562,121.9000015258789,123.5,133.60000610351562,105.69999694824219,147.60000610351562,122.69999694824219,118.30000305175781,148.10000610351562,119.69999694824219,139.6999969482422,139.39999389648438,40.30180740356445,1.2924011945724487,1.066906213760376,1.0907573699951172,1.0156203508377075,1.004188060760498,8.919936180114746
178.60000610351562,169.60000610351562,138.5,149.5,120.19999694824219,121.9000015258789,135.6999969482422,103.0999984741211,145.60000610351562,124.4000015258789,114.9000015258789,149.1999969482422,120.4000015258789,138.8000030517578,139.60000610351562,41.44303512573242,1.3141778707504272,1.0580848455429077,1.0739333629608154,0.9995139241218567,0.9898217916488647,9.406336784362793
177.8000030517578,169.10000610351562,139.8000030517578,150.0,120.80000305175781,123.0999984741211,135.0,104.69999694824219,145.10000610351562,124.19999694824219,116.0,148.60000610351562,119.0,139.5,140.10000610351562,40.912841796875,1.3151416778564453,1.0752010345458984,1.0811163187026978,1.0067497491836548,0.990283191204071,9.557634353637695
178.39999389648438,170.89999389648438,137.60000610351562,147.39999389648438,121.19999694824219,125.0999984741211,132.3000030517578,106.0999984741211,147.6999969482422,121.5,117.69999694824219,149.0,117.0999984741211,140.8000030517578,139.8000030517578,39.68678665161133,1.2948896884918213,1.0663502216339111,1.080791711807251,1.0029581785202026,0.9905104637145996,8.91596794128418
176.0,169.39999389648438,140.39999389648438,146.60000610351562,125.4000015258789,121.5999984741211,131.60000610351562,105.4000015258789,149.89999389648438,119.19999694824219,121.0,148.10000610351562,116.30000305175781,141.6999969482422,139.10000610351562,41.46809768676758,1.3275469541549683,1.0739481449127197,1.079201579093933,0.9974990487098694,0.9826216697692871,9.32931900024414
172.39999389648438,170.6999969482422,143.1999969482422,137.3000030517578,127.0,128.39999389648438,124.30000305175781,109.69999694824219,150.39999389648438,112.0,125.80000305175781,150.0,115.30000305175781,144.8000030517578,137.6999969482422,44.70779800415039,1.4369174242019653,1.0649453401565552,1.0528737306594849,0.9806274771690369,0.9730315208435059,7.807640075683594
165.10000610351562,179.1999969482422,125.5999984741211,119.69999694824219,132.0,134.89999389648438,114.30000305175781,114.9000015258789,147.10000610351562,106.4000015258789,130.0,151.5,117.0,138.1999969482422,136.89999389648438,42.45358657836914,1.526570200920105,1.0372257232666016,1.0079649686813354,0.9473310708999634,0.9242888689041138,10.457623481750488
165.1999969482422,178.89999389648438,148.60000610351562,114.0,136.3000030517578,134.60000610351562,111.80000305175781,120.0,139.1999969482422,107.5999984741211,127.9000015258789,153.0,118.30000305175781,141.6999969482422,140.89999389648438,47.008209228515625,1.5866841077804565,1.050158977508545,1.005481243133545,0.9445610642433167,0.9494844675064087,10.191228866577148
165.10000610351562,179.8000030517578,144.3000030517578,114.30000305175781,135.1999969482422,135.10000610351562,113.5999984741211,118.0999984741211,139.3000030517578,109.69999694824219,125.5,153.3000030517578,121.69999694824219,140.39999389648438,138.89999389648438,48.46718978881836,1.5688493251800537,1.0484507083892822,1.0067232847213745,0.9418302774429321,0.9476431012153625,10.75595474243164
164.6999969482422,179.39999389648438,151.0,113.5999984741211,136.10000610351562,133.8000030517578,114.0999984741211,117.80000305175781,138.39999389648438,110.5,124.4000015258789,153.0,122.0999984741211,139.60000610351562,137.8000030517578,48.86795425415039,1.5884240865707397,1.054132342338562,1.0144890546798706,0.9466883540153503,0.9498525261878967,10.427536010742188
165.0,177.89999389648438,145.5,114.69999694824219,134.6999969482422,134.0,114.80000305175781,115.5999984741211,141.3000030517578,109.9000015258789,124.19999694824219,153.6999969482422,119.9000015258789,144.39999389648438,137.0,48.26081466674805,1.5692951679229736,1.047398328781128,1.0144968032836914,0.9517806768417358,0.9585744738578796,8.500605583190918
165.3000030517578,179.10000610351562,138.0,117.0999984741211,135.60000610351562,133.39999389648438,113.69999694824219,117.4000015258789,145.3000030517578,109.0,128.3000030517578,151.39999389648438,120.0999984741211,141.6999969482422,136.1999969482422,46.149757385253906,1.5480667352676392,1.035843014717102,1.017879605293274,0.9585897922515869,0.9568929076194763,10.473878860473633
167.10000610351562,177.6999969482422,128.60000610351562,117.4000015258789,134.6999969482422,135.10000610351562,114.30000305175781,114.9000015258789,148.8000030517578,107.4000015258789,131.3000030517578,151.8000030517578,120.19999694824219,139.5,137.0,46.64615249633789,1.5726101398468018,1.0395652055740356,1.0216306447982788,0.9685873985290527,0.943816602230072,12.060319900512695
171.1999969482422,179.5,133.8000030517578,123.30000305175781,133.10000610351562,137.0,116.5,117.30000305175781,148.60000610351562,108.19999694824219,133.0,149.8000030517578,114.4000015258789,144.39999389648438,142.1999969482422,46.77253341674805,1.5118569135665894,1.0483499765396118,1.0424739122390747,0.9912688732147217,0.9685479998588562,6.005002975463867
176.89999389648438,170.1999969482422,140.39999389648438,148.39999389648438,122.5,123.4000015258789,131.60000610351562,105.80000305175781,151.8000030517578,122.19999694824219,120.4000015258789,146.3000030517578,122.4000015258789,140.6999969482422,137.6999969482422,43.06230163574219,1.3774340152740479,1.0621417760849,1.0700658559799194,1.0165766477584839,1.0125598907470703,6.9672932624816895
179.8000030517578,168.60000610351562,141.6999969482422,155.0,120.5999984741211,123.0,136.3000030517578,104.4000015258789,151.89999389648438,129.3000030517578,116.9000015258789,145.10000610351562,126.80000305175781,139.6999969482422,139.3000030517578,42.8996467590332,1.3260051012039185,1.075329065322876,1.093878984451294,1.0438878536224365,1.0561797618865967,9.298293113708496
179.10000610351562,169.60000610351562,146.10000610351562,156.60000610351562,117.69999694824219,122.5,137.1999969482422,102.5999984741211,152.0,131.10000610351562,113.0999984741211,146.8000030517578,132.1999969482422,136.10000610351562,139.5,43.34342575073242,1.3108322620391846,1.0487070083618164,1.0648841857910156,1.0157314538955688,1.0507135391235352,11.964517593383789
179.39999389648438,167.1999969482422,149.6999969482422,155.10000610351562,118.0,123.19999694824219,136.3000030517578,104.19999694824219,150.1999969482422,133.1999969482422,111.0,146.60000610351562,134.10000610351562,134.39999389648438,137.1999969482422,44.55096435546875,1.3214150667190552,1.0428203344345093,1.0659040212631226,1.0250974893569946,1.0501341819763184,10.834369659423828
179.1999969482422,166.5,131.10000610351562,157.39999389648438,116.5999984741211,121.69999694824219,138.89999389648438,101.5999984741211,150.5,133.60000610351562,110.30000305175781,147.10000610351562,133.6999969482422,134.10000610351562,137.10000610351562,43.57175827026367,1.2761414051055908,1.0526717901229858,1.0734490156173706,1.0276373624801636,1.0510255098342896,11.602606773376465
177.0,168.10000610351562,115.9000015258789,155.0,117.5,121.80000305175781,139.60000610351562,102.69999694824219,145.3000030517578,137.10000610351562,104.30000305175781,145.10000610351562,135.1999969482422,130.89999389648438,132.6999969482422,39.9655647277832,1.1966198682785034,1.0318636894226074,1.060378909111023,0.998121976852417,1.01985502243042,10.852856636047363
176.60000610351562,168.1999969482422,117.0,158.10000610351562,119.80000305175781,114.5999984741211,145.10000610351562,100.80000305175781,141.8000030517578,141.3000030517578,100.0999984741211,147.89999389648438,137.8000030517578,128.39999389648438,132.60000610351562,37.732696533203125,1.2182109355926514,1.056080937385559,1.0927892923355103,1.0268539190292358,1.0303587913513184,9.846549987792969
175.10000610351562,167.1999969482422,115.5999984741211,159.10000610351562,122.69999694824219,110.80000305175781,146.0,99.0,142.5,141.60000610351562,99.5999984741211,148.5,140.6999969482422,127.4000015258789,130.10000610351562,41.19074630737305,1.2279160022735596,1.0416157245635986,1.0775833129882812,1.0076000690460205,1.0180633068084717,12.69018268585205
174.10000610351562,168.10000610351562,121.4000015258789,160.3000030517578,121.69999694824219,111.80000305175781,146.89999389648438,96.9000015258789,142.10000610351562,144.60000610351562,96.5,148.10000610351562,141.10000610351562,127.0,128.39999389648438,40.66795349121094,1.2520757913589478,1.0489298105239868,1.0654064416885376,1.005648136138916,1.008730411529541,12.05087947845459
174.60000610351562,166.10000610351562,119.19999694824219,160.5,120.80000305175781,108.69999694824219,147.3000030517578,95.5,140.6999969482422,145.1999969482422,95.0999984741211,146.1999969482422,142.3000030517578,125.0999984741211,127.80000305175781,40.413700103759766,1.2364580631256104,1.0278784036636353,1.0496907234191895,0.9797957539558411,0.9940958023071289,12.247533798217773
176.3000030517578,166.8000030517578,109.0999984741211,160.6999969482422,116.5,114.0999984741211,148.0,93.9000015258789,143.60000610351562,142.1999969482422,97.5999984741211,148.6999969482422,138.60000610351562,127.5999984741211,128.3000030517578,40.53342056274414,1.2150768041610718,1.0538564920425415,1.074552059173584,1.0043363571166992,1.0058239698410034,11.748946189880371
177.6999969482422,168.3000030517578,117.69999694824219,158.8000030517578,116.0,117.80000305175781,144.0,95.69999694824219,145.0,137.3000030517578,102.5,149.60000610351562,133.39999389648438,128.89999389648438,137.0,37.82099151611328,1.2152516841888428,1.063430905342102,1.0844300985336304,1.0185470581054688,1.0359055995941162,12.858908653259277
179.10000610351562,169.0,126.69999694824219,150.60000610351562,119.19999694824219,122.9000015258789,137.0,103.30000305175781,148.89999389648438,127.5,113.19999694824219,152.10000610351562,124.5,136.8000030517578,142.10000610351562,41.57719421386719,1.232813835144043,1.0477159023284912,1.0824569463729858,1.0177998542785645,1.0267431735992432,11.43039321899414
178.5,169.89999389648438,136.6999969482422,149.89999389648438,120.80000305175781,123.30000305175781,133.39999389648438,104.5999984741211,150.3000030517578,121.4000015258789,119.4000015258789,150.60000610351562,120.0999984741211,139.6999969482422,139.60000610351562,43.69170379638672,1.3105074167251587,1.0613865852355957,1.0711301565170288,1.0073610544204712,0.9917721152305603,9.846293449401855
179.10000610351562,168.8000030517578,124.0,153.3000030517578,118.0,121.9000015258789,138.39999389648438,101.69999694824219,149.6999969482422,129.10000610351562,111.9000015258789,152.39999389648438,125.0,136.1999969482422,142.8000030517578,40.74496841430664,1.2299658060073853,1.0587314367294312,1.0910452604293823,1.0281305313110352,1.0306565761566162,10.826117515563965
178.60000610351562,168.8000030517578,117.80000305175781,154.6999969482422,117.4000015258789,121.80000305175781,139.6999969482422,100.80000305175781,146.6999969482422,133.8000030517578,106.0999984741211,150.60000610351562,128.0,134.10000610351562,138.39999389648438,38.99039077758789,1.222288966178894,1.067710518836975,1.087503433227539,1.0233491659164429,1.0329478979110718,11.020683288574219
177.0,169.60000610351562,122.5999984741211,156.6999969482422,118.5999984741211,119.80000305175781,141.3000030517578,100.19999694824219,146.5,135.6999969482422,105.30000305175781,150.1999969482422,130.10000610351562,132.60000610351562,137.60000610351562,39.82994842529297,1.2561558485031128,1.0761748552322388,1.0913307666778564,1.0259954929351807,1.0329639911651611,11.232009887695312
176.3000030517578,167.8000030517578,126.4000015258789,157.5,117.9000015258789,116.30000305175781,144.6999969482422,96.30000305175781,143.1999969482422,140.8000030517578,97.9000015258789,151.10000610351562,138.39999389648438,126.69999694824219,133.8000030517578,41.52273178100586,1.27076256275177,1.0502458810806274,1.0700880289077759,1.0099339485168457,1.0280115604400635,12.142794609069824
175.60000610351562,165.6999969482422,120.19999694824219,160.1999969482422,123.0,109.4000015258789,146.5,95.80000305175781,141.39999389648438,142.3000030517578,97.5,147.3000030517578,141.1999969482422,125.69999694824219,130.10000610351562,41.25275802612305,1.2505786418914795,1.0486116409301758,1.0668795108795166,0.9989086389541626,1.0195410251617432,13.736862182617188
176.10000610351562,166.8000030517578,114.30000305175781,155.0,124.5,116.80000305175781,144.0,101.30000305175781,147.5,140.5,100.4000015258789,152.8000030517578,137.89999389648438,131.10000610351562,134.10000610351562,37.30073165893555,1.2015430927276611,1.0684539079666138,1.1066747903823853,1.031600832939148,1.0491173267364502,11.88261890411377
176.1999969482422,168.89999389648438,126.4000015258789,153.89999389648438,125.9000015258789,123.5999984741211,142.1999969482422,106.80000305175781,148.0,140.10000610351562,103.0999984741211,152.5,134.3000030517578,132.5,139.39999389648438,34.74188995361328,1.2281615734100342,1.1045844554901123,1.1442511081695557,1.0652307271957397,1.0641525983810425,11.263932228088379
179.89999389648438,169.39999389648438,136.60000610351562,150.39999389648438,122.5,130.5,136.5,108.4000015258789,150.39999389648438,124.5999984741211,119.4000015258789,154.39999389648438,121.0999984741211,145.60000610351562,143.60000610351562,37.565914154052734,1.289325475692749,1.1068977117538452,1.128028392791748,1.0638717412948608,1.0719603300094604,10.028116226196289
178.0,171.10000610351562,141.10000610351562,147.6999969482422,123.4000015258789,128.5,133.0,108.0999984741211,152.5,121.5,122.69999694824219,152.8000030517578,120.69999694824219,144.3000030517578,145.6999969482422,41.69515609741211,1.3248753547668457,1.0923511981964111,1.110586166381836,1.0526502132415771,1.0596585273742676,9.488962173461914
177.8000030517578,172.3000030517578,136.10000610351562,146.3000030517578,124.0999984741211,130.1999969482422,131.0,110.5,149.1999969482422,120.0999984741211,124.80000305175781,149.89999389648438,119.0,144.89999389648438,140.3000030517578,40.41531753540039,1.32753324508667,1.10115647315979,1.105757713317871,1.050775408744812,1.030513048171997,8.324506759643555
178.1999969482422,171.89999389648438,144.10000610351562,147.89999389648438,125.5,126.80000305175781,131.89999389648438,109.80000305175781,148.10000610351562,120.80000305175781,124.19999694824219,147.5,119.9000015258789,144.8000030517578,137.5,41.21088409423828,1.367490530014038,1.112261176109314,1.1062639951705933,1.0421161651611328,1.021647572517395,7.50481653213501
179.89999389648438,172.0,141.39999389648438,150.89999389648438,123.9000015258789,123.0,133.89999389648438,106.30000305175781,149.39999389648438,122.0999984741211,120.9000015258789,148.60000610351562,120.30000305175781,142.8000030517578,139.1999969482422,41.91556167602539,1.3317598104476929,1.0945876836776733,1.0983706712722778,1.0352710485458374,1.0306223630905151,8.52694320678711
179.1999969482422,170.5,133.10000610351562,152.5,122.5999984741211,123.9000015258789,134.0,106.69999694824219,149.89999389648438,123.30000305175781,121.19999694824219,147.39999389648438,121.80000305175781,140.39999389648438,141.1999969482422,40.47429656982422,1.2967467308044434,1.0976653099060059,1.1087868213653564,1.0480031967163086,1.0448737144470215,8.770956039428711
177.3000030517578,170.10000610351562,135.8000030517578,147.5,122.5999984741211,130.3000030517578,131.89999389648438,106.9000015258789,152.3000030517578,121.69999694824219,123.9000015258789,148.8000030517578,120.69999694824219,145.39999389648438,141.1999969482422,40.50739669799805,1.3246911764144897,1.092894434928894,1.0973386764526367,1.0529509782791138,1.0523964166641235,8.758318901062012
178.89999389648438,171.1999969482422,140.89999389648438,146.6999969482422,128.89999389648438,138.0,130.89999389648438,114.9000015258789,156.6999969482422,123.80000305175781,125.4000015258789,151.89999389648438,120.4000015258789,147.5,143.3000030517578,37.07014465332031,1.3442453145980835,1.1498593091964722,1.1654067039489746,1.105301856994629,1.0840073823928833,9.986668586730957
176.8000030517578,172.6999969482422,143.39999389648438,148.6999969482422,130.1999969482422,139.0,132.6999969482422,117.0999984741211,154.60000610351562,126.0,125.0,151.1999969482422,122.69999694824219,145.10000610351562,143.0,36.95180892944336,1.364123821258545,1.1676183938980103,1.1829569339752197,1.1197956800460815,1.08659029006958,9.752252578735352
177.6999969482422,172.0,142.6999969482422,147.39999389648438,131.6999969482422,140.89999389648438,131.60000610351562,119.0,156.6999969482422,125.19999694824219,127.80000305175781,151.6999969482422,122.5,145.6999969482422,144.1999969482422,36.17461013793945,1.3795249462127686,1.1825135946273804,1.205978512763977,1.142428994178772,1.0986018180847168,9.69331169128418
177.5,170.39999389648438,146.60000610351562,149.0,134.3000030517578,134.5,133.39999389648438,116.69999694824219,158.60000610351562,127.80000305175781,123.5999984741211,152.10000610351562,123.69999694824219,144.3000030517578,145.0,36.75855255126953,1.361426591873169,1.1727360486984253,1.1973600387573242,1.1214433908462524,1.085710883140564,11.203800201416016
174.1999969482422,170.3000030517578,145.60000610351562,155.89999389648438,132.10000610351562,130.1999969482422,140.8000030517578,114.80000305175781,154.3000030517578,137.60000610351562,113.0999984741211,156.89999389648438,130.6999969482422,144.8000030517578,143.3000030517578,34.58552551269531,1.2916309833526611,1.1622719764709473,1.1903901100158691,1.1318199634552002,1.125123143196106,9.150378227233887
169.1999969482422,168.8000030517578,139.10000610351562,160.10000610351562,136.0,124.4000015258789,148.10000610351562,114.4000015258789,144.10000610351562,145.1999969482422,108.80000305175781,147.5,139.3000030517578,137.5,137.5,31.99605369567871,1.2564916610717773,1.1669716835021973,1.1899102926254272,1.1141761541366577,1.1038384437561035,9.070521354675293
173.5,169.6999969482422,147.6999969482422,154.89999389648438,133.1999969482422,133.3000030517578,139.8000030517578,118.69999694824219,153.39999389648438,137.39999389648438,113.5999984741211,157.3000030517578,128.89999389648438,146.0,145.1999969482422,33.893760681152344,1.3114749193191528,1.1737712621688843,1.2042605876922607,1.1284457445144653,1.1173151731491089,9.52966594696045
177.8000030517578,172.6999969482422,148.0,147.39999389648438,131.6999969482422,143.89999389648438,130.60000610351562,120.30000305175781,158.3000030517578,124.4000015258789,128.39999389648438,154.60000610351562,121.19999694824219,147.0,146.6999969482422,41.2076301574707,1.4281959533691406,1.1871981620788574,1.1958503723144531,1.1322318315505981,1.0800825357437134,9.018399238586426
179.89999389648438,175.3000030517578,150.0,137.10000610351562,138.1999969482422,144.39999389648438,124.9000015258789,122.69999694824219,161.3000030517578,117.19999694824219,134.0,156.60000610351562,115.69999694824219,156.5,149.39999389648438,39.11991882324219,1.4388450384140015,1.1985244750976562,1.2091636657714844,1.1435327529907227,1.1154968738555908,3.699084758758545
178.5,176.60000610351562,147.89999389648438,131.5,140.60000610351562,146.60000610351562,120.0999984741211,124.5,164.39999389648438,112.0999984741211,138.8000030517578,156.6999969482422,112.5,159.89999389648438,149.60000610351562,38.612491607666016,1.4786428213119507,1.18809974193573,1.1960145235061646,1.1303480863571167,1.1133602857589722,2.9833576679229736
175.10000610351562,179.5,150.3000030517578,126.4000015258789,143.1999969482422,147.0,117.0,127.69999694824219,162.0,112.69999694824219,140.10000610351562,154.89999389648438,114.80000305175781,158.8000030517578,151.1999969482422,38.45003128051758,1.4852490425109863,1.1967180967330933,1.2029974460601807,1.1423968076705933,1.1291494369506836,3.3537466526031494
176.1999969482422,178.89999389648438,152.89999389648438,124.9000015258789,145.1999969482422,144.39999389648438,118.19999694824219,124.9000015258789,165.0,111.5999984741211,141.0,155.0,115.0999984741211,160.1999969482422,149.39999389648438,38.80754852294922,1.502668857574463,1.1891800165176392,1.2071326971054077,1.1444538831710815,1.136427879333496,4.427721977233887
174.10000610351562,179.5,149.60000610351562,120.5999984741211,147.60000610351562,145.1999969482422,116.30000305175781,126.19999694824219,162.8000030517578,110.69999694824219,143.8000030517578,153.1999969482422,116.0,162.10000610351562,146.5,37.97274398803711,1.4757204055786133,1.1823315620422363,1.1899442672729492,1.1354387998580933,1.1277161836624146,5.861988067626953
173.8000030517578,177.1999969482422,152.60000610351562,116.9000015258789,148.5,145.1999969482422,114.5,126.0999984741211,163.10000610351562,109.19999694824219,145.3000030517578,152.5,117.0,162.39999389648438,144.0,39.31105422973633,1.4706535339355469,1.1792057752609253,1.180971622467041,1.131616473197937,1.127855658531189,6.965934753417969
169.1999969482422,178.39999389648438,158.6999969482422,115.5999984741211,144.3000030517578,148.5,113.30000305175781,127.80000305175781,156.5,109.5999984741211,143.0,154.6999969482422,117.0,160.5,147.89999389648438,40.97761535644531,1.4940587282180786,1.1735292673110962,1.1534597873687744,1.112664818763733,1.110044240951538,5.421152114868164
171.0,177.39999389648438,157.6999969482422,117.0999984741211,143.39999389648438,147.5,112.5999984741211,128.1999969482422,156.89999389648438,109.69999694824219,142.5,153.8000030517578,116.80000305175781,160.0,147.10000610351562,41.709693908691406,1.5179426670074463,1.161696434020996,1.1490339040756226,1.1128294467926025,1.113411545753479,5.957735061645508
176.89999389648438,178.8000030517578,141.10000610351562,120.5999984741211,149.6999969482422,138.10000610351562,116.5,128.39999389648438,159.39999389648438,113.0999984741211,142.8000030517578,148.8000030517578,116.69999694824219,164.0,142.3000030517578,31.133100509643555,1.4050906896591187,1.1558657884597778,1.2012734413146973,1.168326735496521,1.190615177154541,2.849569082260132
178.0,173.3000030517578,148.6999969482422,129.8000030517578,149.10000610351562,135.8000030517578,122.5999984741211,131.39999389648438,154.5,120.9000015258789,140.89999389648438,146.6999969482422,122.0999984741211,159.39999389648438,151.0,26.932310104370117,1.382484793663025,1.1826623678207397,1.250503420829773,1.234658122062683,1.279137372970581,1.7990175485610962
169.39999389648438,172.5,151.60000610351562,138.1999969482422,153.0,129.39999389648438,128.5,131.39999389648438,153.60000610351562,124.5999984741211,138.1999969482422,147.1999969482422,124.0,157.5,149.5,31.11576271057129,1.3353525400161743,1.186164379119873,1.2664315700531006,1.238857626914978,1.2737292051315308,6.255049705505371
167.89999389648438,170.8000030517578,151.5,138.89999389648438,152.8000030517578,132.6999969482422,129.10000610351562,133.10000610351562,153.5,123.9000015258789,137.8000030517578,150.6999969482422,124.0999984741211,155.60000610351562,152.5,30.061084747314453,1.3010872602462769,1.1811847686767578,1.2674394845962524,1.2376489639282227,1.2640329599380493,6.656009197235107
168.89999389648438,170.3000030517578,154.1999969482422,139.10000610351562,153.8000030517578,131.6999969482422,127.5,135.10000610351562,153.60000610351562,124.30000305175781,138.39999389648438,150.1999969482422,122.80000305175781,157.89999389648438,152.10000610351562,29.27903938293457,1.3358838558197021,1.1887807846069336,1.2755175828933716,1.2442880868911743,1.2723848819732666,6.861619472503662
171.10000610351562,170.89999389648438,152.8000030517578,132.89999389648438,155.8000030517578,132.0,124.0,136.1999969482422,153.3000030517578,123.0,139.3000030517578,151.5,123.0999984741211,156.39999389648438,155.1999969482422,27.870115280151367,1.3526545763015747,1.1980018615722656,1.2842559814453125,1.268282175064087,1.2914233207702637,3.867358922958374
170.60000610351562,171.8000030517578,150.89999389648438,136.6999969482422,149.8000030517578,132.3000030517578,126.0,132.8000030517578,151.60000610351562,123.0999984741211,137.8000030517578,148.0,121.5,157.6999969482422,151.1999969482422,30.26521873474121,1.341438889503479,1.1738919019699097,1.256787657737732,1.231732964515686,1.259233832359314,5.298280715942383
167.89999389648438,172.6999969482422,150.0,136.6999969482422,150.10000610351562,130.39999389648438,127.0,130.60000610351562,152.8000030517578,123.69999694824219,134.8000030517578,148.3000030517578,122.0999984741211,155.8000030517578,147.39999389648438,31.564697265625,1.3231126070022583,1.161463737487793,1.2433390617370605,1.2028605937957764,1.2149451971054077,5.418697357177734
171.0,171.5,149.6999969482422,143.1999969482422,145.6999969482422,127.4000015258789,131.39999389648438,125.4000015258789,153.3000030517578,125.5999984741211,133.39999389648438,145.6999969482422,124.0999984741211,155.60000610351562,146.1999969482422,30.966794967651367,1.303563117980957,1.1620315313339233,1.2344928979873657,1.1927613019943237,1.2173535823822021,5.906548023223877
171.0,170.1999969482422,148.5,142.89999389648438,144.3000030517578,126.0,131.0,125.4000015258789,152.1999969482422,125.69999694824219,131.60000610351562,146.0,124.19999694824219,154.3000030517578,144.6999969482422,31.492605209350586,1.3071825504302979,1.157357096672058,1.2290608882904053,1.1809430122375488,1.195610523223877,6.884182453155518
172.3000030517578,169.6999969482422,151.1999969482422,143.10000610351562,143.3000030517578,129.0,130.5,123.80000305175781,156.10000610351562,124.0,133.0,148.1999969482422,122.9000015258789,153.60000610351562,144.5,33.16005325317383,1.3320494890213013,1.1658536195755005,1.22887122631073,1.1828011274337769,1.1796454191207886,8.5425386428833
170.89999389648438,171.10000610351562,152.10000610351562,144.0,143.0,131.1999969482422,131.10000610351562,122.9000015258789,157.3000030517578,124.5,132.1999969482422,149.8000030517578,122.69999694824219,152.60000610351562,144.60000610351562,34.58278274536133,1.3275411128997803,1.1701139211654663,1.2228642702102661,1.183641791343689,1.1689375638961792,8.868085861206055
171.39999389648438,171.3000030517578,150.1999969482422,143.1999969482422,143.0,131.5,130.8000030517578,122.0999984741211,157.8000030517578,123.4000015258789,132.39999389648438,150.89999389648438,121.5,153.5,145.3000030517578,37.330509185791016,1.3329861164093018,1.159117579460144,1.2084077596664429,1.1715943813323975,1.156254529953003,8.511361122131348
171.8000030517578,170.8000030517578,151.1999969482422,146.10000610351562,139.8000030517578,130.10000610351562,132.6999969482422,120.30000305175781,157.5,125.5,130.10000610351562,151.60000610351562,122.30000305175781,152.3000030517578,146.0,37.048583984375,1.3250956535339355,1.1520905494689941,1.2119135856628418,1.1761043071746826,1.1649917364120483,9.907371520996094
170.0,167.39999389648438,140.0,163.10000610351562,138.5,117.80000305175781,151.3000030517578,110.0,143.39999389648438,148.1999969482422,105.0999984741211,146.39999389648438,144.39999389648438,133.39999389648438,136.3000030517578,31.901565551757812,1.2446516752243042,1.1747899055480957,1.1923301219940186,1.1120392084121704,1.1101607084274292,11.472799301147461
168.89999389648438,168.1999969482422,137.1999969482422,163.10000610351562,137.8000030517578,119.30000305175781,152.10000610351562,110.5,145.3000030517578,148.89999389648438,105.69999694824219,149.0,145.10000610351562,131.5,137.60000610351562,33.77082443237305,1.2624856233596802,1.1784013509750366,1.208979606628418,1.1345864534378052,1.10606849193573,10.35985279083252
169.6999969482422,170.10000610351562,137.60000610351562,163.89999389648438,136.1999969482422,118.30000305175781,153.5,108.4000015258789,145.5,150.1999969482422,103.19999694824219,150.1999969482422,146.1999969482422,130.10000610351562,137.39999389648438,33.88262939453125,1.2612754106521606,1.1836984157562256,1.2122838497161865,1.138118028640747,1.1118892431259155,9.703882217407227
170.60000610351562,168.60000610351562,136.10000610351562,164.3000030517578,136.1999969482422,117.69999694824219,152.5,106.4000015258789,146.1999969482422,149.3000030517578,104.0999984741211,148.6999969482422,147.8000030517578,128.1999969482422,135.5,34.506568908691406,1.2737313508987427,1.1767292022705078,1.189872145652771,1.1245944499969482,1.0973215103149414,10.9654541015625
172.6999969482422,167.60000610351562,135.8000030517578,163.1999969482422,134.6999969482422,118.69999694824219,149.39999389648438,106.5,149.3000030517578,146.1999969482422,105.0999984741211,152.1999969482422,145.8000030517578,127.80000305175781,139.5,35.65446090698242,1.2673254013061523,1.1691877841949463,1.1852996349334717,1.1217800378799438,1.1075862646102905,11.959650039672852
173.6999969482422,169.8000030517578,136.60000610351562,156.39999389648438,135.10000610351562,123.0999984741211,143.39999389648438,111.0,150.10000610351562,140.1999969482422,107.4000015258789,153.39999389648438,135.10000610351562,134.8000030517578,141.5,34.35397720336914,1.2837814092636108,1.1548291444778442,1.1677504777908325,1.0889074802398682,1.0695250034332275,8.315752029418945
177.39999389648438,166.39999389648438,137.8000030517578,155.39999389648438,135.89999389648438,123.69999694824219,141.6999969482422,111.0,152.39999389648438,136.10000610351562,110.0999984741211,156.8000030517578,130.3000030517578,133.6999969482422,146.39999389648438,32.40076446533203,1.264259934425354,1.1744638681411743,1.1853926181793213,1.101834774017334,1.0742075443267822,10.429990768432617
178.10000610351562,167.5,136.89999389648438,156.3000030517578,134.1999969482422,125.69999694824219,140.1999969482422,111.9000015258789,156.10000610351562,132.5,112.80000305175781,157.6999969482422,128.10000610351562,132.0,147.60000610351562,35.078125,1.2766615152359009,1.1774836778640747,1.1951345205307007,1.0948784351348877,1.0526325702667236,9.605730056762695
178.6999969482422,170.89999389648438,137.6999969482422,146.6999969482422,130.10000610351562,138.0,130.60000610351562,117.0999984741211,154.6999969482422,121.30000305175781,126.0,156.1999969482422,119.30000305175781,143.10000610351562,149.39999389648438,37.330909729003906,1.3485442399978638,1.1575192213058472,1.157825231552124,1.090423345565796,1.0575677156448364,8.395403861999512
179.5,173.6999969482422,148.0,140.1999969482422,133.39999389648438,140.1999969482422,125.19999694824219,118.5,159.60000610351562,113.30000305175781,133.5,155.5,114.5999984741211,147.3000030517578,148.89999389648438,42.20197677612305,1.439995527267456,1.1459815502166748,1.1329123973846436,1.0622296333312988,1.0216106176376343,7.776821613311768
175.1999969482422,172.3000030517578,147.10000610351562,132.6999969482422,137.10000610351562,142.1999969482422,120.5,121.0999984741211,159.39999389648438,111.5999984741211,135.6999969482422,154.1999969482422,113.80000305175781,150.10000610351562,150.0,36.02793884277344,1.4728707075119019,1.1606806516647339,1.1440129280090332,1.076891541481018,1.0519506931304932,5.715980529785156
175.89999389648438,175.10000610351562,145.10000610351562,129.60000610351562,135.5,145.89999389648438,117.19999694824219,121.19999694824219,161.6999969482422,109.19999694824219,135.5,153.3000030517578,110.5999984741211,154.10000610351562,149.1999969482422,40.80742645263672,1.5036016702651978,1.1328312158584595,1.1232017278671265,1.047682762145996,1.0422576665878296,2.60813307762146
176.10000610351562,177.5,144.3000030517578,124.4000015258789,137.6999969482422,145.60000610351562,115.19999694824219,121.69999694824219,156.39999389648438,107.0999984741211,137.5,151.3000030517578,114.0,148.5,146.8000030517578,40.2194709777832,1.534613847732544,1.1277046203613281,1.1023091077804565,1.0435224771499634,1.021206259727478,6.943614482879639
171.5,179.10000610351562,145.60000610351562,115.5,141.6999969482422,145.39999389648438,111.69999694824219,124.5,153.6999969482422,106.30000305175781,137.89999389648438,154.1999969482422,117.4000015258789,147.60000610351562,143.6999969482422,41.082122802734375,1.5548977851867676,1.123401403427124,1.089697241783142,1.034309983253479,1.0008457899093628,9.751744270324707
168.1999969482422,177.5,145.1999969482422,113.5,145.3000030517578,144.1999969482422,110.69999694824219,126.5,152.8000030517578,105.4000015258789,139.89999389648438,155.0,118.0,147.8000030517578,143.3000030517578,39.15915298461914,1.5411759614944458,1.141659140586853,1.104028344154358,1.0465264320373535,1.0105159282684326,10.84189510345459
167.0,179.8000030517578,155.6999969482422,111.80000305175781,144.39999389648438,145.0,109.9000015258789,126.9000015258789,153.10000610351562,105.80000305175781,138.89999389648438,156.10000610351562,117.5,150.0,145.1999969482422,41.47089385986328,1.5431067943572998,1.1314321756362915,1.0971370935440063,1.0419213771820068,1.0205185413360596,9.834931373596191
165.60000610351562,179.3000030517578,159.60000610351562,108.69999694824219,147.1999969482422,144.6999969482422,109.30000305175781,129.0,148.6999969482422,105.4000015258789,138.8000030517578,157.3000030517578,119.30000305175781,146.89999389648438,147.0,42.49903106689453,1.4780234098434448,1.1334055662155151,1.0825115442276,1.0301593542099,1.0084480047225952,12.83716106414795
166.3000030517578,178.3000030517578,166.0,107.5999984741211,148.5,144.6999969482422,108.80000305175781,128.60000610351562,150.3000030517578,104.69999694824219,138.6999969482422,158.3000030517578,118.19999694824219,147.89999389648438,146.0,45.29825973510742,1.4842113256454468,1.1326326131820679,1.0808542966842651,1.025884747505188,0.9953038096427917,12.660472869873047
164.0,178.5,169.60000610351562,107.5999984741211,147.8000030517578,146.60000610351562,110.0,126.80000305175781,153.10000610351562,104.30000305175781,138.5,159.3000030517578,118.5999984741211,150.39999389648438,143.39999389648438,44.64718246459961,1.4452694654464722,1.1428762674331665,1.09321129322052,1.0236060619354248,1.0021129846572876,13.19563102722168
164.8000030517578,179.3000030517578,167.10000610351562,107.4000015258789,149.0,146.1999969482422,108.80000305175781,128.5,151.89999389648438,103.69999694824219,139.89999389648438,157.5,117.80000305175781,148.1999969482422,145.6999969482422,43.77267074584961,1.460676908493042,1.1420421600341797,1.0889559984207153,1.0219744443893433,0.9928799867630005,13.577704429626465
165.0,178.8000030517578,167.3000030517578,109.4000015258789,147.10000610351562,144.89999389648438,110.4000015258789,127.30000305175781,152.5,106.19999694824219,138.39999389648438,156.60000610351562,118.9000015258789,149.1999969482422,142.6999969482422,44.86629867553711,1.500853419303894,1.1431232690811157,1.1010451316833496,1.0360004901885986,0.9973689317703247,11.38095760345459
164.3000030517578,177.89999389648438,173.1999969482422,107.19999694824219,148.8000030517578,143.39999389648438,110.0,125.9000015258789,153.6999969482422,104.4000015258789,138.3000030517578,156.0,121.0,148.1999969482422,144.0,47.04458236694336,1.4691083431243896,1.1308324337005615,1.0916014909744263,1.014649510383606,1.0087310075759888,14.943304061889648
165.39999389648438,179.1999969482422,165.10000610351562,107.5999984741211,149.3000030517578,144.5,109.80000305175781,127.80000305175781,151.0,105.69999694824219,139.1999969482422,157.10000610351562,120.80000305175781,147.3000030517578,144.5,45.37791061401367,1.5170159339904785,1.137582540512085,1.0897011756896973,1.0340124368667603,1.0084340572357178,14.06827163696289
163.8000030517578,178.39999389648438,170.10000610351562,107.5,149.3000030517578,144.89999389648438,109.69999694824219,127.19999694824219,153.8000030517578,105.0999984741211,138.8000030517578,157.5,118.9000015258789,150.6999969482422,142.39999389648438,43.934906005859375,1.4499776363372803,1.144338607788086,1.0951640605926514,1.0269137620925903,1.0050493478775024,13.1603364944458
165.6999969482422,179.3000030517578,171.0,106.30000305175781,149.3000030517578,144.89999389648438,109.19999694824219,126.9000015258789,151.10000610351562,104.69999694824219,138.10000610351562,157.0,120.4000015258789,147.5,144.6999969482422,46.583492279052734,1.4831492900848389,1.1366703510284424,1.076523780822754,1.0105482339859009,1.0034502744674683,14.950247764587402
161.39999389648438,176.5,166.39999389648438,107.0999984741211,149.3000030517578,143.8000030517578,111.0,126.0999984741211,150.89999389648438,106.19999694824219,139.10000610351562,156.8000030517578,120.80000305175781,149.3000030517578,144.10000610351562,41.652713775634766,1.4191480875015259,1.1415919065475464,1.093288779258728,1.044198751449585,1.0248240232467651,12.631778717041016
160.89999389648438,176.89999389648438,162.89999389648438,108.0999984741211,150.10000610351562,143.0,112.80000305175781,124.5999984741211,150.10000610351562,108.19999694824219,137.1999969482422,156.3000030517578,122.80000305175781,148.5,143.0,39.779197692871094,1.4267927408218384,1.162951946258545,1.1046466827392578,1.0444236993789673,1.0330731868743896,11.988015174865723
160.10000610351562,177.6999969482422,159.8000030517578,106.30000305175781,153.60000610351562,140.60000610351562,112.69999694824219,123.9000015258789,151.5,107.69999694824219,137.89999389648438,154.5,122.69999694824219,148.6999969482422,141.3000030517578,39.39599609375,1.3738545179367065,1.1442662477493286,1.09188973903656,1.0342912673950195,1.035336971282959,12.834860801696777
161.10000610351562,177.1999969482422,161.3000030517578,106.9000015258789,155.5,140.0,113.19999694824219,124.9000015258789,153.1999969482422,108.0999984741211,139.3000030517578,154.10000610351562,122.30000305175781,149.89999389648438,142.1999969482422,40.53334426879883,1.4126789569854736,1.1570976972579956,1.1111119985580444,1.0492274761199951,1.046924114227295,11.752216339111328
161.39999389648438,177.8000030517578,160.5,105.5999984741211,155.1999969482422,141.10000610351562,112.80000305175781,125.30000305175781,150.6999969482422,108.69999694824219,138.60000610351562,154.0,123.30000305175781,149.5,142.3000030517578,41.05650329589844,1.4277968406677246,1.1586012840270996,1.1076792478561401,1.05418860912323,1.0484927892684937,11.41578197479248
160.6999969482422,175.6999969482422,159.60000610351562,104.80000305175781,156.5,140.8000030517578,113.9000015258789,124.0999984741211,150.89999389648438,109.69999694824219,138.60000610351562,153.8000030517578,124.0999984741211,150.8000030517578,140.39999389648438,39.586524963378906,1.3703590631484985,1.1521166563034058,1.1036381721496582,1.0584454536437988,1.0562137365341187,11.162814140319824
159.89999389648438,176.6999969482422,160.60000610351562,105.9000015258789,154.5,140.6999969482422,113.80000305175781,123.30000305175781,151.89999389648438,108.80000305175781,137.89999389648438,153.60000610351562,122.5,150.39999389648438,139.8000030517578,39.2626838684082,1.384167194366455,1.1536508798599243,1.0983332395553589,1.0404249429702759,1.0386475324630737,11.252574920654297
161.39999389648438,178.89999389648438,161.60000610351562,105.69999694824219,154.5,139.6999969482422,111.69999694824219,124.0999984741211,152.3000030517578,107.5,138.5,153.8000030517578,121.5999984741211,148.5,141.39999389648438,42.78560256958008,1.4406750202178955,1.1439310312271118,1.0915619134902954,1.035489559173584,1.028145432472229,12.27746295928955
162.89999389648438,179.89999389648438,165.6999969482422,107.5,151.89999389648438,142.5,113.0,126.0,150.0,107.9000015258789,137.6999969482422,156.10000610351562,122.9000015258789,148.1999969482422,142.1999969482422,42.316619873046875,1.4463237524032593,1.1666489839553833,1.1120541095733643,1.0469883680343628,1.0376265048980713,12.6644868850708
162.0,178.8000030517578,162.8000030517578,109.0,149.10000610351562,143.1999969482422,111.80000305175781,126.0999984741211,151.5,107.30000305175781,138.5,155.5,122.0,147.8000030517578,142.89999389648438,41.66304397583008,1.4691537618637085,1.1618696451187134,1.1094189882278442,1.0387104749679565,1.0220483541488647,12.38420581817627
163.5,177.6999969482422,160.5,111.19999694824219,144.8000030517578,145.1999969482422,110.30000305175781,127.0,151.0,105.80000305175781,138.5,155.39999389648438,118.0999984741211,150.89999389648438,143.5,41.57865905761719,1.5272362232208252,1.144492506980896,1.096342921257019,1.0289140939712524,1.0075795650482178,10.319756507873535
167.8000030517578,179.8000030517578,145.10000610351562,113.69999694824219,143.8000030517578,142.10000610351562,110.69999694824219,126.30000305175781,149.0,104.80000305175781,139.39999389648438,152.6999969482422,118.9000015258789,146.5,143.39999389648438,41.74163055419922,1.5477206707000732,1.1177661418914795,1.073824405670166,1.0172770023345947,1.0009064674377441,12.48270034790039
173.3000030517578,178.60000610351562,146.0,117.0,140.10000610351562,143.5,113.19999694824219,122.4000015258789,152.3000030517578,106.5,135.89999389648438,152.5,118.5,145.39999389648438,141.39999389648438,43.17009353637695,1.5754879713058472,1.112451195716858,1.0846476554870605,1.0193618535995483,0.9912863373756409,10.65684700012207
176.0,179.6999969482422,146.5,122.0999984741211,137.39999389648438,143.39999389648438,114.80000305175781,120.0999984741211,156.3000030517578,106.69999694824219,136.89999389648438,152.89999389648438,114.30000305175781,147.60000610351562,148.6999969482422,43.843265533447266,1.5644903182983398,1.1003539562225342,1.0804895162582397,1.0259360074996948,1.0065630674362183,7.3983001708984375
173.8000030517578,175.0,149.8000030517578,128.6999969482422,136.1999969482422,141.60000610351562,116.5999984741211,121.4000015258789,157.8000030517578,108.19999694824219,136.60000610351562,150.60000610351562,113.69999694824219,148.89999389648438,150.0,40.29560470581055,1.5236941576004028,1.120641827583313,1.1115189790725708,1.0402110815048218,1.030717372894287,5.847763538360596
173.3000030517578,172.3000030517578,144.5,131.3000030517578,135.60000610351562,139.8000030517578,118.69999694824219,120.80000305175781,155.60000610351562,111.30000305175781,134.8000030517578,149.39999389648438,114.0999984741211,147.89999389648438,148.6999969482422,37.77936935424805,1.485870122909546,1.1239464282989502,1.1197892427444458,1.0618727207183838,1.042122483253479,3.9915013313293457
175.1999969482422,174.39999389648438,145.10000610351562,133.6999969482422,135.10000610351562,139.0,120.4000015258789,120.9000015258789,155.6999969482422,112.0999984741211,134.0,150.1999969482422,116.19999694824219,146.1999969482422,148.6999969482422,38.10350799560547,1.4841731786727905,1.1308109760284424,1.1275259256362915,1.0554783344268799,1.0335806608200073,5.261822700500488
176.0,173.10000610351562,148.60000610351562,138.6999969482422,130.8000030517578,139.10000610351562,122.19999694824219,118.30000305175781,156.89999389648438,115.0999984741211,132.0,150.1999969482422,118.4000015258789,143.1999969482422,151.10000610351562,38.72098922729492,1.4578068256378174,1.126780390739441,1.1205403804779053,1.0676904916763306,1.0517079830169678,5.366467475891113
178.3000030517578,171.5,153.8000030517578,144.0,128.1999969482422,136.10000610351562,127.0,114.4000015258789,155.60000610351562,119.80000305175781,126.5999984741211,150.5,121.5999984741211,138.89999389648438,147.0,40.32384490966797,1.4270470142364502,1.1289442777633667,1.1086134910583496,1.049302101135254,1.0284346342086792,8.370983123779297
179.60000610351562,170.60000610351562,147.0,148.3000030517578,126.0,134.8000030517578,131.89999389648438,110.69999694824219,154.8000030517578,123.5,123.30000305175781,150.5,124.69999694824219,139.8000030517578,141.39999389648438,38.053955078125,1.3783156871795654,1.1439025402069092,1.1319180727005005,1.063035488128662,1.0497459173202515,10.463095664978027
179.89999389648438,169.60000610351562,150.10000610351562,151.3000030517578,123.9000015258789,136.10000610351562,133.3000030517578,110.69999694824219,154.3000030517578,126.30000305175781,120.9000015258789,151.60000610351562,126.30000305175781,138.3000030517578,143.10000610351562,40.1646728515625,1.377793312072754,1.1360182762145996,1.125837802886963,1.0641043186187744,1.0462552309036255,11.672287940979004
179.39999389648438,167.3000030517578,145.1999969482422,151.10000610351562,128.5,129.6999969482422,135.60000610351562,112.30000305175781,152.5,132.5,111.5,154.5,126.80000305175781,138.10000610351562,142.39999389648438,36.23933792114258,1.3312814235687256,1.1442753076553345,1.1601489782333374,1.0754870176315308,1.058475375175476,9.006306648254395
178.60000610351562,166.89999389648438,142.10000610351562,153.60000610351562,128.10000610351562,126.4000015258789,136.39999389648438,110.69999694824219,153.3000030517578,133.6999969482422,110.0,152.6999969482422,128.89999389648438,135.60000610351562,142.6999969482422,36.082420349121094,1.3026150465011597,1.1288750171661377,1.1457226276397705,1.058358907699585,1.0495604276657104,9.890152931213379
178.5,166.5,145.6999969482422,153.8000030517578,128.6999969482422,125.69999694824219,137.60000610351562,108.80000305175781,154.1999969482422,134.5,109.19999694824219,153.39999389648438,130.39999389648438,133.8000030517578,141.8000030517578,38.10921096801758,1.3245528936386108,1.1293751001358032,1.143875241279602,1.0570133924484253,1.0450960397720337,10.411378860473633
178.0,167.0,146.6999969482422,152.6999969482422,128.89999389648438,126.69999694824219,138.3000030517578,110.5,153.5,134.5,109.19999694824219,153.8000030517578,129.10000610351562,136.6999969482422,140.89999389648438,37.65495681762695,1.3209196329116821,1.1245423555374146,1.1486809253692627,1.0489906072616577,1.0419158935546875,10.457202911376953
178.3000030517578,167.39999389648438,144.39999389648438,152.89999389648438,129.0,126.0,138.5,110.19999694824219,153.0,134.60000610351562,108.69999694824219,155.0,129.60000610351562,135.39999389648438,141.3000030517578,36.300315856933594,1.3116505146026611,1.1235945224761963,1.148043155670166,1.0508344173431396,1.039500117301941,9.946955680847168
178.0,167.8000030517578,144.3000030517578,152.0,128.0,127.4000015258789,138.10000610351562,109.30000305175781,153.60000610351562,133.8000030517578,108.69999694824219,155.0,128.1999969482422,137.5,141.0,36.61140441894531,1.3135086297988892,1.1181596517562866,1.1385489702224731,1.0429661273956299,1.0398550033569336,9.80419635772705
177.10000610351562,168.1999969482422,143.10000610351562,153.5,128.89999389648438,125.4000015258789,139.3000030517578,109.0999984741211,152.10000610351562,134.3000030517578,108.19999694824219,153.39999389648438,130.1999969482422,134.10000610351562,139.3000030517578,36.3431510925293,1.3199855089187622,1.12836492061615,1.1449768543243408,1.0423659086227417,1.0308122634887695,10.412619590759277
176.39999389648438,167.6999969482422,142.6999969482422,155.5,128.6999969482422,125.5,141.1999969482422,109.0999984741211,149.1999969482422,137.89999389648438,106.19999694824219,150.89999389648438,132.6999969482422,132.10000610351562,138.10000610351562,36.35869216918945,1.3217705488204956,1.134476900100708,1.1475732326507568,1.0433297157287598,1.0273685455322266,9.91192626953125
176.89999389648438,166.6999969482422,139.1999969482422,157.6999969482422,128.10000610351562,124.0,142.39999389648438,108.0,149.39999389648438,140.10000610351562,104.0,150.89999389648438,134.60000610351562,129.6999969482422,138.60000610351562,36.17759704589844,1.308079719543457,1.1370984315872192,1.145592451095581,1.0430970191955566,1.0239536762237549,9.75865364074707
175.0,168.5,134.3000030517578,156.60000610351562,128.89999389648438,124.0,143.60000610351562,107.9000015258789,148.1999969482422,140.0,102.30000305175781,152.89999389648438,135.89999389648438,132.1999969482422,137.89999389648438,34.741844177246094,1.2947094440460205,1.1407015323638916,1.151830792427063,1.0519871711730957,1.0500422716140747,7.8236613273620605
170.6999969482422,168.39999389648438,136.60000610351562,159.60000610351562,134.3000030517578,122.19999694824219,147.0,110.19999694824219,144.10000610351562,144.5,105.0,146.1999969482422,142.0,129.89999389648438,134.39999389648438,32.597957611083984,1.2667746543884277,1.1628401279449463,1.1645902395248413,1.0872199535369873,1.073466181755066,9.809645652770996
171.5,165.60000610351562,138.5,161.1999969482422,144.10000610351562,115.19999694824219,149.3000030517578,116.69999694824219,144.6999969482422,147.5,107.0,147.0,143.60000610351562,131.3000030517578,136.1999969482422,33.312923431396484,1.2432365417480469,1.1558030843734741,1.184772253036499,1.0901460647583008,1.06746244430542,10.445356369018555
170.8000030517578,165.39999389648438,135.3000030517578,162.0,145.39999389648438,111.5,150.89999389648438,117.5,141.5,150.1999969482422,104.4000015258789,146.3000030517578,149.60000610351562,126.80000305175781,132.8000030517578,34.38133239746094,1.2295054197311401,1.1392560005187988,1.17424476146698,1.0808930397033691,1.056452989578247,11.748590469360352
169.60000610351562,166.5,136.89999389648438,162.8000030517578,142.6999969482422,115.9000015258789,151.1999969482422,117.30000305175781,141.60000610351562,151.0,101.5,150.8000030517578,149.10000610351562,128.6999969482422,134.1999969482422,34.022335052490234,1.2426615953445435,1.1518763303756714,1.173856258392334,1.0806986093521118,1.063379168510437,10.807125091552734
169.8000030517578,165.6999969482422,136.3000030517578,162.3000030517578,144.1999969482422,114.30000305175781,150.89999389648438,117.5999984741211,141.39999389648438,150.3000030517578,102.80000305175781,148.6999969482422,148.89999389648438,127.9000015258789,133.3000030517578,34.85166549682617,1.2327123880386353,1.144004464149475,1.1703544855117798,1.0727012157440186,1.0539820194244385,11.245404243469238
170.3000030517578,168.5,136.6999969482422,160.6999969482422,145.6999969482422,114.69999694824219,147.89999389648438,118.9000015258789,144.5,145.1999969482422,110.0,147.10000610351562,145.1999969482422,129.89999389648438,133.8000030517578,34.8939094543457,1.2468712329864502,1.1481436491012573,1.181645393371582,1.0956510305404663,1.067529320716858,12.854446411132812
171.8000030517578,167.8000030517578,146.10000610351562,156.1999969482422,140.3000030517578,126.30000305175781,139.1999969482422,120.30000305175781,153.8000030517578,134.89999389648438,119.0,149.89999389648438,137.60000610351562,135.89999389648438,141.1999969482422,36.090003967285156,1.25393545627594,1.1369094848632812,1.1735624074935913,1.0853899717330933,1.0856666564941406,16.213613510131836
173.39999389648438,168.1999969482422,149.0,147.5,142.0,124.80000305175781,132.3000030517578,119.9000015258789,157.0,128.5,121.5999984741211,150.10000610351562,129.60000610351562,141.3000030517578,142.6999969482422,36.631778717041016,1.3251086473464966,1.1324366331100464,1.1737070083618164,1.0880658626556396,1.1015374660491943,10.074061393737793
178.5,167.39999389648438,152.60000610351562,152.5,129.3000030517578,130.1999969482422,135.3000030517578,114.0999984741211,153.3000030517578,132.6999969482422,114.5999984741211,153.3000030517578,129.8000030517578,137.8000030517578,143.3000030517578,37.03141403198242,1.3515057563781738,1.1513351202011108,1.1675678491592407,1.0949221849441528,1.0832405090332031,11.393010139465332
175.8000030517578,168.1999969482422,139.0,155.8000030517578,128.6999969482422,122.80000305175781,142.89999389648438,103.5,150.5,138.6999969482422,102.80000305175781,154.60000610351562,133.89999389648438,126.80000305175781,142.10000610351562,35.985374450683594,1.3051047325134277,1.140245795249939,1.1496778726577759,1.055755853652954,1.0368456840515137,9.056979179382324
179.1999969482422,169.1999969482422,138.5,157.39999389648438,122.4000015258789,127.30000305175781,143.3000030517578,97.19999694824219,158.60000610351562,133.1999969482422,108.5999984741211,157.8000030517578,131.39999389648438,128.1999969482422,145.39999389648438,39.917320251464844,1.2932549715042114,1.1493390798568726,1.1543989181518555,1.0836541652679443,1.0625591278076172,11.527844429016113
178.5,170.6999969482422,136.8000030517578,154.1999969482422,123.19999694824219,128.8000030517578,141.10000610351562,96.0,161.10000610351562,132.1999969482422,107.9000015258789,156.5,128.89999389648438,130.0,143.5,39.92897415161133,1.259489893913269,1.1452670097351074,1.143937587738037,1.069075584411621,1.0470744371414185,11.004146575927734
177.60000610351562,171.6999969482422,136.60000610351562,154.0,124.4000015258789,127.5999984741211,142.89999389648438,94.5999984741211,162.5,133.5,107.0999984741211,157.10000610351562,130.0,129.6999969482422,144.10000610351562,38.40214538574219,1.2310372591018677,1.1460894346237183,1.152241587638855,1.0756722688674927,1.0628323554992676,9.30507755279541
175.89999389648438,171.8000030517578,142.6999969482422,156.0,123.5999984741211,128.10000610351562,144.1999969482422,94.9000015258789,163.1999969482422,135.3000030517578,105.5,158.3000030517578,133.0,126.5999984741211,142.1999969482422,37.66594314575195,1.2318593263626099,1.1572736501693726,1.172261357307434,1.08645498752594,1.063678503036499,9.8142671585083
176.89999389648438,171.6999969482422,142.39999389648438,157.60000610351562,123.30000305175781,125.5,144.10000610351562,94.30000305175781,160.10000610351562,135.3000030517578,104.80000305175781,156.60000610351562,131.0,128.5,142.6999969482422,38.748268127441406,1.2508386373519897,1.1599705219268799,1.1495263576507568,1.0676028728485107,1.0549439191818237,9.461917877197266
176.89999389648438,172.5,144.8000030517578,154.0,122.0999984741211,130.0,143.0,94.5,160.89999389648438,134.60000610351562,106.19999694824219,156.8000030517578,132.3000030517578,128.1999969482422,143.0,40.26478576660156,1.2722476720809937,1.1431334018707275,1.1492011547088623,1.075377106666565,1.0670684576034546,10.472113609313965
179.10000610351562,172.1999969482422,139.89999389648438,155.39999389648438,121.0,129.10000610351562,140.89999389648438,94.80000305175781,162.0,130.3000030517578,108.9000015258789,158.1999969482422,127.30000305175781,131.0,145.1999969482422,40.253047943115234,1.251343011856079,1.1474794149398804,1.1319031715393066,1.0600374937057495,1.0512574911117554,9.801648139953613
179.39999389648438,170.1999969482422,138.6999969482422,154.60000610351562,122.0999984741211,126.0,140.10000610351562,95.5,159.5,129.6999969482422,106.80000305175781,156.89999389648438,128.10000610351562,126.5999984741211,142.0,39.99257278442383,1.2517999410629272,1.141520380973816,1.1233121156692505,1.0323147773742676,1.015428900718689,10.027764320373535
178.5,172.89999389648438,149.5,154.60000610351562,119.5999984741211,130.60000610351562,139.6999969482422,95.30000305175781,164.3000030517578,129.89999389648438,107.80000305175781,158.60000610351562,128.60000610351562,127.9000015258789,142.6999969482422,42.46712875366211,1.2732142210006714,1.137481927871704,1.1347302198410034,1.0516959428787231,1.0313620567321777,10.740352630615234
179.0,172.5,149.8000030517578,153.10000610351562,122.80000305175781,131.10000610351562,136.1999969482422,98.4000015258789,163.3000030517578,123.9000015258789,113.69999694824219,158.5,122.19999694824219,132.39999389648438,145.3000030517578,42.47196960449219,1.2767109870910645,1.1524183750152588,1.1205415725708008,1.04264235496521,1.0090965032577515,8.428840637207031
178.89999389648438,173.8000030517578,161.10000610351562,153.89999389648438,118.4000015258789,134.8000030517578,136.5,97.5,162.8000030517578,124.0,113.0,159.3000030517578,123.5999984741211,131.89999389648438,142.60000610351562,43.97819137573242,1.3017892837524414,1.1491998434066772,1.1132136583328247,1.0328173637390137,1.0033279657363892,10.183674812316895
175.3000030517578,173.39999389648438,146.6999969482422,148.0,120.19999694824219,136.89999389648438,133.6999969482422,99.0999984741211,161.39999389648438,119.0,114.30000305175781,161.0,115.0999984741211,140.60000610351562,142.3000030517578,38.87715530395508,1.21213960647583,1.1408430337905884,1.090089201927185,1.0037142038345337,0.9922249913215637,8.773933410644531
175.3000030517578,174.6999969482422,152.60000610351562,147.5,119.19999694824219,134.60000610351562,134.89999389648438,96.9000015258789,161.39999389648438,120.0,117.19999694824219,159.8000030517578,118.0,139.6999969482422,140.8000030517578,38.71385955810547,1.2086811065673828,1.1235159635543823,1.099009394645691,1.0279732942581177,1.0031827688217163,10.45888614654541
173.0,172.60000610351562,137.3000030517578,148.60000610351562,121.19999694824219,135.60000610351562,133.6999969482422,99.0999984741211,162.10000610351562,118.4000015258789,118.4000015258789,158.60000610351562,116.5999984741211,138.89999389648438,143.3000030517578,44.39189529418945,1.2135577201843262,1.1325440406799316,1.0921522378921509,1.003880500793457,0.9824070930480957,10.742731094360352
175.89999389648438,175.89999389648438,153.5,145.3000030517578,122.30000305175781,137.60000610351562,131.1999969482422,102.5999984741211,160.10000610351562,117.69999694824219,118.9000015258789,160.10000610351562,114.19999694824219,141.60000610351562,142.6999969482422,38.599464416503906,1.2414931058883667,1.1390293836593628,1.0954866409301758,1.0199661254882812,0.9868667125701904,10.142535209655762
175.0,173.89999389648438,142.3000030517578,148.1999969482422,122.5,134.60000610351562,132.8000030517578,101.9000015258789,161.8000030517578,119.19999694824219,118.5999984741211,159.39999389648438,115.4000015258789,139.39999389648438,143.3000030517578,39.237213134765625,1.2102830410003662,1.1407992839813232,1.103879451751709,1.0219309329986572,0.9765000343322754,10.503936767578125
172.5,174.5,148.6999969482422,140.8000030517578,127.5,138.6999969482422,127.9000015258789,106.30000305175781,161.39999389648438,113.69999694824219,123.30000305175781,160.60000610351562,111.5,143.10000610351562,145.10000610351562,44.70313262939453,1.3403946161270142,1.129713535308838,1.0800786018371582,0.9972696900367737,0.9483890533447266,10.952947616577148
171.60000610351562,178.10000610351562,158.8000030517578,126.5,134.5,144.1999969482422,120.5,114.0,159.8000030517578,106.80000305175781,130.89999389648438,160.60000610351562,110.5,145.89999389648438,146.39999389648438,44.76984786987305,1.505317211151123,1.1262277364730835,1.0835665464401245,0.994513988494873,0.9503864049911499,8.6116361618042
172.10000610351562,179.1999969482422,153.1999969482422,122.30000305175781,136.6999969482422,145.1999969482422,117.0,119.19999694824219,156.1999969482422,105.0999984741211,136.3000030517578,158.5,111.9000015258789,144.8000030517578,151.10000610351562,45.542545318603516,1.5153707265853882,1.1194602251052856,1.0793715715408325,1.0080022811889648,0.9585257172584534,9.943032264709473
171.6999969482422,178.60000610351562,149.1999969482422,123.5999984741211,135.1999969482422,143.8000030517578,118.30000305175781,115.9000015258789,155.89999389648438,108.0999984741211,132.10000610351562,156.39999389648438,116.69999694824219,143.1999969482422,145.5,45.950836181640625,1.5132842063903809,1.123442530632019,1.0747944116592407,0.9968515634536743,0.9641625285148621,10.753880500793457
174.89999389648438,173.10000610351562,153.39999389648438,136.10000610351562,129.3000030517578,128.3000030517578,124.0,109.30000305175781,150.10000610351562,112.80000305175781,127.0999984741211,146.1999969482422,121.0,139.39999389648438,135.0,46.49129867553711,1.511557698249817,1.091932773590088,1.0539990663528442,0.9620738625526428,0.9410951137542725,10.787274360656738
173.39999389648438,173.3000030517578,155.89999389648438,133.89999389648438,133.10000610351562,127.30000305175781,123.69999694824219,111.9000015258789,149.10000610351562,112.5999984741211,128.1999969482422,146.6999969482422,120.80000305175781,142.10000610351562,133.39999389648438,43.625953674316406,1.5485574007034302,1.1104698181152344,1.0830273628234863,0.986620306968689,0.9602568745613098,10.208372116088867
171.60000610351562,170.89999389648438,147.10000610351562,135.5,131.0,127.0999984741211,124.0999984741211,110.80000305175781,145.8000030517578,111.80000305175781,128.6999969482422,145.6999969482422,118.80000305175781,141.89999389648438,135.8000030517578,43.937278747558594,1.520882487297058,1.1024987697601318,1.0627549886703491,0.9723267555236816,0.9460323452949524,10.373644828796387
172.10000610351562,172.3000030517578,154.10000610351562,132.6999969482422,132.89999389648438,129.0,122.0,113.0,147.1999969482422,111.5,129.5,146.0,118.0,144.1999969482422,134.60000610351562,43.83189010620117,1.5584125518798828,1.1118581295013428,1.072675108909607,0.9845366477966309,0.9614213109016418,8.856268882751465
172.6999969482422,173.1999969482422,150.89999389648438,131.6999969482422,132.8000030517578,130.39999389648438,121.5999984741211,114.19999694824219,147.60000610351562,112.0999984741211,128.6999969482422,146.6999969482422,118.9000015258789,143.39999389648438,135.0,43.62239456176758,1.5208768844604492,1.102980136871338,1.0720784664154053,0.9866361618041992,0.9621794819831848,8.455499649047852
171.8000030517578,173.3000030517578,148.10000610351562,131.39999389648438,133.89999389648438,130.60000610351562,121.9000015258789,114.80000305175781,146.89999389648438,112.19999694824219,130.10000610351562,146.1999969482422,118.4000015258789,144.3000030517578,134.5,41.651268005371094,1.5199257135391235,1.119667649269104,1.0934500694274902,1.0072846412658691,0.9769155383110046,8.05167293548584
173.0,174.39999389648438,148.39999389648438,130.0,133.1999969482422,134.3000030517578,120.4000015258789,113.80000305175781,152.8000030517578,111.4000015258789,129.8000030517578,149.10000610351562,117.69999694824219,143.0,141.60000610351562,41.66704177856445,1.5032613277435303,1.10215425491333,1.0806794166564941,1.0014041662216187,0.9806283116340637,7.395742416381836
171.39999389648438,175.8000030517578,147.39999389648438,127.19999694824219,135.10000610351562,138.10000610351562,118.0999984741211,118.5,151.89999389648438,110.5999984741211,133.8000030517578,148.3000030517578,117.69999694824219,144.89999389648438,139.8000030517578,41.67403793334961,1.5421116352081299,1.122335433959961,1.095556378364563,1.0220178365707397,0.9869658946990967,8.064632415771484
172.89999389648438,178.3000030517578,145.6999969482422,123.9000015258789,135.6999969482422,139.6999969482422,117.0,118.0,149.89999389648438,108.69999694824219,132.5,150.8000030517578,117.69999694824219,143.8000030517578,141.89999389648438,42.654048919677734,1.5526418685913086,1.1157747507095337,1.0744627714157104,1.0034010410308838,0.9773080945014954,8.943912506103516
173.10000610351562,179.60000610351562,143.3000030517578,122.0,136.39999389648438,140.60000610351562,115.9000015258789,119.5,149.3000030517578,108.69999694824219,133.1999969482422,150.39999389648438,117.9000015258789,144.5,141.10000610351562,43.10199737548828,1.5535991191864014,1.1190632581710815,1.077174186706543,1.005475401878357,0.9756094217300415,8.890036582946777
173.10000610351562,179.3000030517578,143.10000610351562,121.80000305175781,137.1999969482422,140.89999389648438,115.9000015258789,119.5999984741211,149.60000610351562,107.5999984741211,134.39999389648438,149.6999969482422,116.69999694824219,145.10000610351562,141.0,42.874855041503906,1.5497627258300781,1.1199729442596436,1.0810705423355103,1.0073245763778687,0.977559506893158,8.6666259765625
179.0,171.6999969482422,138.5,154.39999389648438,122.30000305175781,127.0,141.3000030517578,99.4000015258789,152.60000610351562,130.89999389648438,110.5,156.39999389648438,126.5,137.8000030517578,148.3000030517578,34.33411407470703,1.2814404964447021,1.1354472637176514,1.138906717300415,1.073353886604309,1.0843068361282349,9.501153945922852
177.89999389648438,172.0,141.8000030517578,153.10000610351562,124.69999694824219,127.4000015258789,141.0,100.0999984741211,153.89999389648438,129.89999389648438,113.80000305175781,155.3000030517578,124.80000305175781,140.3000030517578,149.10000610351562,36.53321075439453,1.3128821849822998,1.1339622735977173,1.1375974416732788,1.0720980167388916,1.0786715745925903,9.84575080871582
178.8000030517578,171.39999389648438,140.3000030517578,152.1999969482422,124.30000305175781,126.5999984741211,140.1999969482422,98.0,157.10000610351562,129.0,113.5,156.6999969482422,123.80000305175781,139.8000030517578,150.0,36.95682907104492,1.2884042263031006,1.1145118474960327,1.1224950551986694,1.0612956285476685,1.0657479763031006,8.833161354064941
179.0,171.10000610351562,138.0,153.0,121.69999694824219,128.89999389648438,140.5,97.5999984741211,156.1999969482422,131.8000030517578,110.0999984741211,157.5,126.5,137.39999389648438,148.1999969482422,37.10468673706055,1.2787342071533203,1.125820517539978,1.1300530433654785,1.0756596326828003,1.0829046964645386,9.07523250579834
177.8000030517578,170.1999969482422,140.10000610351562,155.3000030517578,121.0999984741211,125.9000015258789,142.39999389648438,94.5,156.5,133.89999389648438,106.9000015258789,154.8000030517578,128.3000030517578,133.0,148.1999969482422,38.525413513183594,1.279611587524414,1.1157854795455933,1.1247386932373047,1.0609138011932373,1.0696179866790771,9.10727310180664
179.60000610351562,170.1999969482422,137.60000610351562,150.10000610351562,123.19999694824219,128.60000610351562,138.3000030517578,97.30000305175781,159.10000610351562,127.4000015258789,114.4000015258789,157.10000610351562,126.19999694824219,135.60000610351562,148.6999969482422,41.83253479003906,1.29082190990448,1.100719690322876,1.1098304986953735,1.0574216842651367,1.0562210083007812,10.901846885681152
177.6999969482422,170.1999969482422,140.8000030517578,145.6999969482422,123.9000015258789,129.1999969482422,132.3000030517578,102.69999694824219,154.10000610351562,120.5999984741211,118.30000305175781,157.3000030517578,119.5999984741211,137.6999969482422,152.1999969482422,42.17654037475586,1.308630108833313,1.0837815999984741,1.0721166133880615,1.0172088146209717,1.016410231590271,11.858968734741211
174.60000610351562,170.1999969482422,145.39999389648438,141.6999969482422,126.30000305175781,131.10000610351562,128.6999969482422,106.69999694824219,154.5,116.19999694824219,123.19999694824219,154.8000030517578,115.0999984741211,143.0,149.1999969482422,43.49354934692383,1.3656173944473267,1.0805108547210693,1.0597333908081055,0.9868919253349304,0.978308379650116,11.006322860717773
173.6999969482422,172.0,144.1999969482422,138.1999969482422,129.6999969482422,132.5,127.5999984741211,105.5999984741211,156.8000030517578,112.5999984741211,125.4000015258789,153.60000610351562,112.5999984741211,146.3000030517578,144.39999389648438,43.780853271484375,1.3950046300888062,1.100974202156067,1.0653653144836426,0.9732589721679688,0.9611780047416687,9.26476001739502
169.6999969482422,175.1999969482422,151.39999389648438,129.10000610351562,132.39999389648438,140.8000030517578,119.5,113.30000305175781,153.8000030517578,108.30000305175781,131.0,154.39999389648438,112.4000015258789,143.0,147.8000030517578,46.04600524902344,1.5448014736175537,1.1215530633926392,1.0532437562942505,0.969836950302124,0.92682284116745,9.638785362243652
166.8000030517578,179.10000610351562,143.89999389648438,119.0999984741211,138.6999969482422,145.5,113.80000305175781,118.9000015258789,153.5,104.19999694824219,135.8000030517578,158.10000610351562,110.9000015258789,146.0,148.39999389648438,42.909854888916016,1.510918140411377,1.1397788524627686,1.0554074048995972,0.9831222891807556,0.9297327995300293,9.759549140930176
168.3000030517578,178.8000030517578,154.3000030517578,116.4000015258789,137.10000610351562,144.0,112.80000305175781,119.0,150.6999969482422,105.0,133.60000610351562,157.89999389648438,113.19999694824219,138.60000610351562,147.8000030517578,44.54188537597656,1.501259207725525,1.0969645977020264,1.0272724628448486,0.9598405957221985,0.9062632918357849,11.6362943649292
166.5,177.89999389648438,162.0,113.30000305175781,138.5,144.10000610351562,110.5999984741211,121.0999984741211,149.39999389648438,105.0,133.1999969482422,157.8000030517578,113.5,139.1999969482422,147.8000030517578,44.95616912841797,1.5414268970489502,1.0959217548370361,1.0280433893203735,0.9585924744606018,0.9097090363502502,11.14782428741455
162.3000030517578,176.8000030517578,163.89999389648438,111.80000305175781,140.5,140.60000610351562,109.9000015258789,121.4000015258789,146.39999389648438,104.19999694824219,133.39999389648438,156.10000610351562,114.9000015258789,141.0,145.3000030517578,43.83656311035156,1.5165221691131592,1.0923608541488647,1.023056983947754,0.9481385946273804,0.9221104979515076,11.376261711120605
159.1999969482422,174.0,173.0,109.30000305175781,147.3000030517578,138.1999969482422,110.19999694824219,125.5999984741211,143.8000030517578,105.80000305175781,134.39999389648438,154.6999969482422,117.9000015258789,141.3000030517578,149.3000030517578,43.58772659301758,1.4879869222640991,1.112815022468567,1.0462507009506226,0.9624673128128052,0.9583669304847717,14.022466659545898
157.60000610351562,174.3000030517578,175.5,107.0999984741211,153.39999389648438,139.39999389648438,112.19999694824219,124.0,147.8000030517578,107.0999984741211,135.39999389648438,154.3000030517578,121.69999694824219,143.10000610351562,143.89999389648438,39.63663864135742,1.3295533657073975,1.137284517288208,1.061834692955017,0.9809163808822632,0.9785642623901367,13.701215744018555
158.3000030517578,175.39999389648438,176.6999969482422,107.30000305175781,152.0,144.1999969482422,112.0,126.30000305175781,150.1999969482422,104.9000015258789,139.10000610351562,155.1999969482422,121.0999984741211,145.1999969482422,143.5,37.55426025390625,1.284940481185913,1.1576985120773315,1.0887216329574585,1.0015150308609009,0.9863264560699463,14.76652717590332
155.89999389648438,175.10000610351562,176.8000030517578,107.0999984741211,151.89999389648438,146.10000610351562,111.5,125.0,156.1999969482422,102.4000015258789,139.5,159.8000030517578,120.30000305175781,147.89999389648438,144.39999389648438,36.9715690612793,1.2208178043365479,1.1491330862045288,1.0844650268554688,0.9973378777503967,1.0121047496795654,16.125364303588867
155.6999969482422,173.1999969482422,179.6999969482422,107.4000015258789,156.0,141.89999389648438,113.80000305175781,124.9000015258789,157.10000610351562,106.19999694824219,138.0,160.10000610351562,122.30000305175781,149.89999389648438,143.8000030517578,35.9456672668457,1.1951364278793335,1.160654902458191,1.1089622974395752,1.0206315517425537,1.0329116582870483,14.474797248840332
159.8000030517578,173.39999389648438,170.3000030517578,111.0999984741211,142.60000610351562,141.39999389648438,111.4000015258789,123.30000305175781,151.39999389648438,105.5,133.8000030517578,157.6999969482422,120.5,148.8000030517578,146.3000030517578,44.33180618286133,1.4248952865600586,1.1105653047561646,1.062700867652893,0.9809381365776062,1.0045665502548218,14.003933906555176
164.6999969482422,178.5,148.0,112.69999694824219,142.5,141.3000030517578,111.4000015258789,124.30000305175781,149.89999389648438,106.4000015258789,137.8000030517578,153.0,118.30000305175781,149.0,143.60000610351562,43.724876403808594,1.5444271564483643,1.1225817203521729,1.0764083862304688,1.0174951553344727,1.0010625123977661,10.968411445617676
170.89999389648438,176.60000610351562,148.1999969482422,123.5,136.10000610351562,142.8000030517578,117.69999694824219,118.0999984741211,153.5,108.19999694824219,133.60000610351562,156.10000610351562,116.0999984741211,145.10000610351562,146.6999969482422,39.37993621826172,1.488218069076538,1.1318570375442505,1.0914578437805176,1.0176970958709717,0.9847837090492249,9.329272270202637
173.3000030517578,175.89999389648438,153.60000610351562,130.8000030517578,134.1999969482422,137.0,121.9000015258789,114.69999694824219,153.89999389648438,110.30000305175781,131.10000610351562,153.89999389648438,119.0,141.60000610351562,145.60000610351562,41.544158935546875,1.5274673700332642,1.1382174491882324,1.0974853038787842,1.0133165121078491,0.9833755493164062,10.554072380065918
176.0,173.60000610351562,146.6999969482422,143.10000610351562,128.8000030517578,133.8000030517578,127.4000015258789,112.9000015258789,152.6999969482422,115.5,128.60000610351562,151.60000610351562,116.9000015258789,144.8000030517578,149.39999389648438,40.76353454589844,1.4242674112319946,1.1332899332046509,1.1038966178894043,1.0342812538146973,1.0234240293502808,7.946778774261475
179.10000610351562,170.10000610351562,146.8000030517578,151.8000030517578,123.0999984741211,132.60000610351562,137.0,107.4000015258789,151.5,130.3000030517578,114.0,154.10000610351562,126.5,135.10000610351562,147.1999969482422,38.135215759277344,1.3405295610427856,1.1430141925811768,1.1453793048858643,1.0773468017578125,1.0567561388015747,8.838793754577637
177.0,170.3000030517578,144.89999389648438,153.3000030517578,124.80000305175781,130.0,139.10000610351562,106.69999694824219,152.6999969482422,133.6999969482422,109.19999694824219,155.5,129.39999389648438,131.8000030517578,147.10000610351562,34.79718780517578,1.319677710533142,1.153597354888916,1.1683024168014526,1.0831952095031738,1.0638428926467896,9.433029174804688
177.3000030517578,169.8000030517578,136.5,154.1999969482422,125.5,127.80000305175781,139.10000610351562,105.5,154.10000610351562,132.5,110.69999694824219,153.8000030517578,128.0,132.6999969482422,146.60000610351562,34.950401306152344,1.2883825302124023,1.1430728435516357,1.157646894454956,1.0687482357025146,1.0525261163711548,10.057782173156738
177.6999969482422,170.39999389648438,138.8000030517578,155.60000610351562,126.0,129.1999969482422,138.60000610351562,107.80000305175781,153.3000030517578,132.60000610351562,112.19999694824219,153.60000610351562,127.80000305175781,132.0,148.6999969482422,32.44698715209961,1.2950725555419922,1.166333794593811,1.174539566040039,1.0895601511001587,1.0712016820907593,8.885531425476074
178.8000030517578,168.60000610351562,140.89999389648438,150.89999389648438,125.5,130.6999969482422,135.3000030517578,109.0,150.6999969482422,128.39999389648438,114.30000305175781,153.89999389648438,125.19999694824219,134.3000030517578,146.5,35.5340576171875,1.325354814529419,1.1370468139648438,1.1352351903915405,1.0553767681121826,1.038185477256775,9.496984481811523
176.10000610351562,168.1999969482422,144.6999969482422,142.10000610351562,129.39999389648438,134.0,128.6999969482422,112.9000015258789,152.8000030517578,118.0,125.5999984741211,153.8000030517578,117.30000305175781,143.0,146.6999969482422,39.29461669921875,1.3861685991287231,1.1268423795700073,1.1131852865219116,1.0394927263259888,1.015749216079712,9.530790328979492
175.1999969482422,174.6999969482422,141.89999389648438,131.8000030517578,134.8000030517578,138.3000030517578,121.0999984741211,116.80000305175781,156.5,109.5,132.39999389648438,152.60000610351562,116.5999984741211,144.60000610351562,143.60000610351562,39.68511962890625,1.5084744691848755,1.134047269821167,1.109591007232666,1.020900845527649,0.9946146011352539,9.070706367492676
173.3000030517578,176.3000030517578,144.10000610351562,128.8000030517578,133.6999969482422,143.10000610351562,120.0999984741211,117.0999984741211,154.0,109.30000305175781,133.10000610351562,153.8000030517578,118.69999694824219,143.60000610351562,143.60000610351562,38.6550178527832,1.5246344804763794,1.1468663215637207,1.107855200767517,1.0306217670440674,1.0051604509353638,10.26909065246582
173.39999389648438,179.10000610351562,150.0,123.0,135.89999389648438,146.0,117.30000305175781,119.30000305175781,154.1999969482422,108.9000015258789,133.6999969482422,154.89999389648438,118.69999694824219,143.60000610351562,143.60000610351562,40.957244873046875,1.5637128353118896,1.1481893062591553,1.1066670417785645,1.034186840057373,0.999950110912323,9.46411418914795
170.0,178.1999969482422,148.6999969482422,122.5,137.6999969482422,145.0,116.4000015258789,120.69999694824219,152.60000610351562,108.4000015258789,135.10000610351562,152.89999389648438,117.5999984741211,145.5,141.39999389648438,39.8756103515625,1.54081392288208,1.1526117324829102,1.1053462028503418,1.0289347171783447,0.9905088543891907,9.02648639678955
171.8000030517578,179.39999389648438,146.0,118.0999984741211,140.60000610351562,143.3000030517578,115.0,120.5,152.39999389648438,106.4000015258789,135.89999389648438,152.10000610351562,117.69999694824219,145.89999389648438,139.10000610351562,40.36853790283203,1.5362917184829712,1.1385769844055176,1.0905957221984863,1.003808617591858,0.9740033149719238,10.246696472167969
169.5,176.6999969482422,147.6999969482422,119.9000015258789,139.10000610351562,142.60000610351562,114.80000305175781,121.9000015258789,150.8000030517578,107.19999694824219,135.1999969482422,151.89999389648438,117.19999694824219,143.8000030517578,142.60000610351562,40.369266510009766,1.5257346630096436,1.1324729919433594,1.0854655504226685,1.0051627159118652,0.9759059548377991,9.79479694366455
170.10000610351562,177.6999969482422,150.6999969482422,118.5999984741211,138.60000610351562,142.89999389648438,115.0,119.9000015258789,150.6999969482422,107.5999984741211,134.60000610351562,151.60000610351562,118.4000015258789,145.10000610351562,138.5,41.16082000732422,1.5319852828979492,1.1266905069351196,1.0776981115341187,1.0034425258636475,0.9811059832572937,10.58946704864502
167.6999969482422,177.6999969482422,142.8000030517578,116.4000015258789,140.10000610351562,144.0,113.80000305175781,121.5,154.3000030517578,105.30000305175781,139.0,154.1999969482422,115.5999984741211,150.0,141.39999389648438,37.00249099731445,1.4793860912322998,1.1239877939224243,1.087565302848816,1.0230473279953003,0.9974420070648193,9.688006401062012
165.60000610351562,176.8000030517578,144.89999389648438,113.4000015258789,142.39999389648438,142.3000030517578,113.30000305175781,124.30000305175781,150.0,105.69999694824219,136.89999389648438,155.5,117.80000305175781,147.5,141.3000030517578,38.2965087890625,1.4887851476669312,1.1315404176712036,1.0891022682189941,1.0152167081832886,0.9970468282699585,11.535001754760742
165.5,174.8000030517578,153.6999969482422,112.4000015258789,142.89999389648438,141.1999969482422,113.0,124.0,148.39999389648438,107.19999694824219,135.3000030517578,153.8000030517578,119.5,146.6999969482422,140.6999969482422,38.373897552490234,1.4355231523513794,1.1304479837417603,1.0868076086044312,1.0082166194915771,0.9911418557167053,12.124112129211426
163.8000030517578,175.1999969482422,159.3000030517578,111.30000305175781,145.1999969482422,141.10000610351562,112.30000305175781,124.5999984741211,148.8000030517578,106.80000305175781,137.39999389648438,152.60000610351562,120.0,147.1999969482422,140.39999389648438,39.821075439453125,1.4561705589294434,1.1334490776062012,1.0865654945373535,1.0124523639678955,0.9920178055763245,12.570691108703613
164.0,174.89999389648438,166.1999969482422,111.5,143.1999969482422,142.89999389648438,111.9000015258789,124.5999984741211,146.60000610351562,106.69999694824219,135.5,154.39999389648438,119.9000015258789,145.39999389648438,143.1999969482422,41.13483428955078,1.4672067165374756,1.1305146217346191,1.0707498788833618,0.9977294206619263,0.9849129319190979,12.817933082580566
163.0,176.8000030517578,171.8000030517578,109.5,144.8000030517578,142.0,111.9000015258789,124.30000305175781,148.3000030517578,107.80000305175781,134.0,154.8000030517578,120.69999694824219,146.10000610351562,142.0,43.775020599365234,1.4562824964523315,1.1276965141296387,1.0767388343811035,0.9961093068122864,0.9860455393791199,11.786290168762207
162.39999389648438,176.0,169.60000610351562,109.9000015258789,143.5,141.8000030517578,112.5999984741211,122.69999694824219,148.89999389648438,107.69999694824219,132.5,155.5,122.0999984741211,144.3000030517578,142.60000610351562,43.855098724365234,1.4647066593170166,1.1208980083465576,1.0713269710540771,0.9847425222396851,0.9907050728797913,13.377814292907715
162.0,175.0,169.89999389648438,110.4000015258789,144.60000610351562,141.3000030517578,112.4000015258789,124.4000015258789,146.8000030517578,106.9000015258789,135.0,155.0,121.5,143.0,146.10000610351562,41.82066345214844,1.439774751663208,1.1280359029769897,1.0765811204910278,0.9957489967346191,0.9971038699150085,13.548144340515137
161.89999389648438,175.10000610351562,171.6999969482422,109.0,144.5,142.3000030517578,112.5999984741211,123.80000305175781,146.39999389648438,108.30000305175781,131.5,156.1999969482422,123.19999694824219,141.1999969482422,144.89999389648438,44.12202072143555,1.43461275100708,1.1252623796463013,1.0695122480392456,0.9855785369873047,0.9884189367294312,14.192707061767578
161.3000030517578,174.6999969482422,175.89999389648438,109.0999984741211,148.1999969482422,140.5,112.19999694824219,125.4000015258789,146.89999389648438,107.4000015258789,134.0,154.8000030517578,122.0999984741211,141.60000610351562,144.89999389648438,42.38436508178711,1.4467686414718628,1.1374967098236084,1.0786155462265015,0.98807692527771,0.9859609007835388,13.838987350463867
160.60000610351562,174.3000030517578,175.10000610351562,109.0999984741211,146.39999389648438,141.8000030517578,112.30000305175781,124.80000305175781,148.5,106.9000015258789,134.1999969482422,155.89999389648438,122.5,141.1999969482422,145.8000030517578,43.301971435546875,1.4097411632537842,1.124991774559021,1.0749781131744385,0.9862682223320007,0.9903376698493958,15.01802921295166
161.0,174.8000030517578,173.10000610351562,110.19999694824219,145.6999969482422,142.1999969482422,112.5,125.9000015258789,145.0,107.9000015258789,134.89999389648438,155.39999389648438,122.0999984741211,143.8000030517578,141.8000030517578,42.062015533447266,1.4116286039352417,1.1375401020050049,1.0762791633605957,0.9993883967399597,0.986602246761322,13.879533767700195
162.10000610351562,173.5,170.6999969482422,109.9000015258789,142.89999389648438,142.10000610351562,112.0,124.19999694824219,147.39999389648438,106.0,134.1999969482422,156.5,120.80000305175781,145.10000610351562,142.5,44.24580001831055,1.4697495698928833,1.1178581714630127,1.0700346231460571,0.9863488078117371,0.9818371534347534,14.066370010375977
162.1999969482422,174.8000030517578,171.1999969482422,111.30000305175781,143.39999389648438,142.0,112.5999984741211,124.0999984741211,146.60000610351562,107.19999694824219,133.60000610351562,155.5,121.0,143.8000030517578,141.5,42.58130645751953,1.4615870714187622,1.1348532438278198,1.0711055994033813,0.9854822158813477,0.9699398279190063,13.153358459472656
162.10000610351562,175.1999969482422,169.10000610351562,110.5999984741211,143.3000030517578,141.10000610351562,112.0999984741211,124.5,146.39999389648438,106.4000015258789,134.10000610351562,156.3000030517578,121.0,144.39999389648438,141.0,43.54496383666992,1.466351866722107,1.1221487522125244,1.0691008567810059,0.9868804812431335,0.9712507128715515,14.040655136108398
162.6999969482422,176.60000610351562,172.5,110.9000015258789,143.39999389648438,141.3000030517578,112.0,124.5999984741211,147.3000030517578,107.5,134.1999969482422,155.3000030517578,121.30000305175781,143.89999389648438,142.1999969482422,43.43962478637695,1.4626721143722534,1.1235381364822388,1.0704034566879272,0.9921660423278809,0.9784832000732422,13.752218246459961
164.0,177.89999389648438,170.89999389648438,110.0999984741211,143.6999969482422,141.89999389648438,111.69999694824219,124.30000305175781,147.60000610351562,106.5999984741211,133.1999969482422,156.3000030517578,121.0,143.1999969482422,141.8000030517578,45.214351654052734,1.4866760969161987,1.1234335899353027,1.066239356994629,0.9825088977813721,0.9688961505889893,14.09260082244873
178.6999969482422,170.60000610351562,140.39999389648438,154.60000610351562,122.5999984741211,126.5,138.8000030517578,101.4000015258789,150.5,132.6999969482422,111.19999694824219,150.6999969482422,128.60000610351562,134.60000610351562,144.8000030517578,33.86208724975586,1.3117741346359253,1.1460611820220947,1.13210129737854,1.07677161693573,1.0741201639175415,10.742241859436035
179.60000610351562,171.39999389648438,142.0,146.89999389648438,124.5,128.39999389648438,134.6999969482422,102.0999984741211,157.1999969482422,127.0,114.69999694824219,154.5,124.4000015258789,138.5,145.60000610351562,37.84438705444336,1.3378561735153198,1.114774227142334,1.1196614503860474,1.0593712329864502,1.0527527332305908,11.437576293945312
176.8000030517578,171.1999969482422,150.1999969482422,143.5,128.5,131.89999389648438,128.39999389648438,110.0999984741211,155.89999389648438,116.19999694824219,127.9000015258789,152.89999389648438,118.9000015258789,142.10000610351562,149.3000030517578,42.86412048339844,1.4098806381225586,1.1173560619354248,1.0984340906143188,1.033013939857483,1.0191899538040161,10.622859001159668
172.10000610351562,174.1999969482422,150.1999969482422,128.6999969482422,135.5,142.10000610351562,119.30000305175781,119.0,154.89999389648438,108.5999984741211,133.39999389648438,155.89999389648438,114.5,146.0,148.0,41.27245330810547,1.5299279689788818,1.1440365314483643,1.1058261394500732,1.0216597318649292,0.9932063817977905,8.910090446472168
168.6999969482422,176.6999969482422,145.60000610351562,120.0,138.1999969482422,144.8000030517578,115.4000015258789,120.30000305175781,151.0,109.0999984741211,135.39999389648438,152.39999389648438,117.5,146.3000030517578,144.10000610351562,39.0848503112793,1.4788885116577148,1.1384235620498657,1.087396264076233,1.02649986743927,1.0011911392211914,9.12838363647461
164.10000610351562,177.39999389648438,152.5,114.19999694824219,138.0,144.39999389648438,112.80000305175781,122.4000015258789,147.3000030517578,107.30000305175781,133.8000030517578,155.89999389648438,120.0999984741211,145.60000610351562,141.0,38.585166931152344,1.468814730644226,1.1187320947647095,1.0705375671386719,1.0063468217849731,0.9949727654457092,12.09911060333252
165.0,177.89999389648438,150.89999389648438,113.4000015258789,141.1999969482422,142.5,112.9000015258789,123.80000305175781,145.39999389648438,108.9000015258789,136.10000610351562,153.1999969482422,122.5999984741211,145.1999969482422,144.60000610351562,40.09870529174805,1.480952501296997,1.1249502897262573,1.071351408958435,1.0248029232025146,1.0219517946243286,12.888218879699707
163.1999969482422,175.89999389648438,151.0,111.5999984741211,141.8000030517578,143.39999389648438,113.4000015258789,123.0,145.89999389648438,108.5,135.3000030517578,156.60000610351562,123.9000015258789,146.39999389648438,145.39999389648438,40.409358978271484,1.459749460220337,1.1219083070755005,1.0671138763427734,1.0222645998001099,1.0296456813812256,14.500619888305664
162.0,174.6999969482422,151.60000610351562,111.4000015258789,145.3000030517578,142.1999969482422,115.19999694824219,121.9000015258789,149.89999389648438,108.9000015258789,137.8000030517578,155.5,125.5,149.10000610351562,141.6999969482422,36.624046325683594,1.404496431350708,1.1379774808883667,1.0859205722808838,1.040507435798645,1.0460281372070312,14.85334587097168
161.89999389648438,174.60000610351562,159.10000610351562,111.30000305175781,142.5,142.60000610351562,113.4000015258789,122.19999694824219,147.10000610351562,109.19999694824219,134.89999389648438,156.3000030517578,124.0999984741211,148.5,143.89999389648438,38.762908935546875,1.4392969608306885,1.1375313997268677,1.074582815170288,1.0268326997756958,1.0347386598587036,13.729000091552734
162.6999969482422,177.0,151.6999969482422,109.4000015258789,146.10000610351562,141.89999389648438,114.4000015258789,120.9000015258789,149.39999389648438,109.4000015258789,135.8000030517578,153.6999969482422,126.69999694824219,147.39999389648438,139.6999969482422,41.47203826904297,1.429814338684082,1.127577543258667,1.0708415508270264,1.0214309692382812,1.0351473093032837,15.177173614501953
162.39999389648438,175.0,152.8000030517578,110.9000015258789,144.39999389648438,140.1999969482422,113.69999694824219,122.5,145.89999389648438,110.0,134.8000030517578,153.10000610351562,125.19999694824219,145.1999969482422,144.10000610351562,42.257667541503906,1.4573829174041748,1.1292474269866943,1.0782997608184814,1.0274009704589844,1.0331674814224243,13.134330749511719
162.1999969482422,174.3000030517578,142.6999969482422,115.0999984741211,140.89999389648438,139.10000610351562,114.30000305175781,123.80000305175781,145.10000610351562,110.5,135.8000030517578,152.1999969482422,123.9000015258789,146.6999969482422,143.10000610351562,40.9444580078125,1.4971235990524292,1.1208274364471436,1.0869156122207642,1.0434844493865967,1.0377068519592285,10.964390754699707
163.1999969482422,173.8000030517578,148.5,115.5,137.6999969482422,141.89999389648438,113.0,122.0,146.0,108.5,135.39999389648438,152.0,121.0999984741211,150.0,143.5,42.225093841552734,1.531769037246704,1.1067678928375244,1.0701183080673218,1.0266821384429932,1.035021424293518,9.772956848144531
165.1999969482422,175.60000610351562,153.6999969482422,115.69999694824219,138.6999969482422,142.0,113.0,123.4000015258789,146.0,110.0,134.39999389648438,153.0,122.0,147.8000030517578,145.1999969482422,41.88559341430664,1.5474733114242554,1.113450288772583,1.0780751705169678,1.035959243774414,1.0400491952896118,9.099262237548828
165.1999969482422,175.6999969482422,155.0,114.30000305175781,139.8000030517578,141.6999969482422,111.80000305175781,124.30000305175781,147.8000030517578,108.4000015258789,134.60000610351562,153.60000610351562,120.0999984741211,148.60000610351562,143.5,43.93098831176758,1.572508454322815,1.108541488647461,1.0787476301193237,1.0274370908737183,1.0228992700576782,8.948792457580566
166.6999969482422,177.1999969482422,151.6999969482422,115.4000015258789,138.6999969482422,142.3000030517578,111.5999984741211,125.5,145.1999969482422,108.69999694824219,134.8000030517578,153.39999389648438,122.0,146.0,145.1999969482422,41.65878677368164,1.5576424598693848,1.1041549444198608,1.0726498365402222,1.0373291969299316,1.0393736362457275,10.799894332885742
170.89999389648438,178.60000610351562,142.3000030517578,120.4000015258789,135.10000610351562,140.0,113.80000305175781,118.69999694824219,152.6999969482422,109.19999694824219,135.39999389648438,149.39999389648438,121.9000015258789,143.60000610351562,142.10000610351562,43.08698272705078,1.5769379138946533,1.0841411352157593,1.0572859048843384,1.0104565620422363,1.0093151330947876,11.34807300567627
174.89999389648438,177.8000030517578,140.1999969482422,125.5999984741211,135.3000030517578,141.3000030517578,116.5,119.0999984741211,154.5,109.0,135.60000610351562,150.3000030517578,118.19999694824219,144.60000610351562,147.8000030517578,41.848445892333984,1.5255576372146606,1.1094777584075928,1.0919197797775269,1.036417841911316,1.0222350358963013,9.0076904296875
174.5,174.60000610351562,145.0,129.89999389648438,136.0,139.89999389648438,119.0999984741211,119.69999694824219,156.3000030517578,113.19999694824219,132.1999969482422,150.3000030517578,115.5999984741211,148.5,149.6999969482422,38.779754638671875,1.5039702653884888,1.1284470558166504,1.1271530389785767,1.0610545873641968,1.049570918083191,3.1833465099334717
174.60000610351562,170.1999969482422,149.8000030517578,141.1999969482422,127.0999984741211,134.89999389648438,124.80000305175781,113.69999694824219,153.8000030517578,116.4000015258789,128.1999969482422,151.10000610351562,119.80000305175781,141.10000610351562,150.39999389648438,40.43584060668945,1.4517734050750732,1.1102148294448853,1.0929925441741943,1.0402555465698242,1.031890630722046,7.880823135375977
174.39999389648438,170.1999969482422,145.89999389648438,143.5,125.80000305175781,133.3000030517578,127.30000305175781,111.5999984741211,151.8000030517578,117.0,127.5999984741211,150.60000610351562,120.0999984741211,142.8000030517578,146.0,40.645721435546875,1.415976881980896,1.1155470609664917,1.0984841585159302,1.044793725013733,1.0403276681900024,10.009832382202148
177.6999969482422,167.0,137.8000030517578,153.39999389648438,123.9000015258789,125.9000015258789,135.89999389648438,106.30000305175781,148.89999389648438,127.19999694824219,119.5,147.3000030517578,127.9000015258789,135.10000610351562,145.0,36.59588623046875,1.3202134370803833,1.130419373512268,1.1282224655151367,1.0688896179199219,1.066757321357727,11.77810001373291
179.89999389648438,167.5,143.6999969482422,153.60000610351562,126.0999984741211,123.5999984741211,138.3000030517578,105.19999694824219,149.6999969482422,133.3000030517578,111.0999984741211,151.60000610351562,128.60000610351562,135.39999389648438,145.39999389648438,36.15610122680664,1.3171454668045044,1.12662935256958,1.1304293870925903,1.0627645254135132,1.0684144496917725,10.878837585449219
179.60000610351562,168.60000610351562,140.10000610351562,154.89999389648438,123.5,126.4000015258789,138.8000030517578,103.5999984741211,150.5,134.3000030517578,110.80000305175781,151.39999389648438,131.5,131.1999969482422,144.1999969482422,34.71683883666992,1.316165804862976,1.1430732011795044,1.1393263339996338,1.0765776634216309,1.0613716840744019,12.25275993347168
178.8000030517578,170.3000030517578,144.8000030517578,151.89999389648438,118.19999694824219,130.5,138.10000610351562,99.4000015258789,155.10000610351562,132.5,107.80000305175781,156.60000610351562,128.5,130.60000610351562,146.8000030517578,36.35768127441406,1.301532506942749,1.1001214981079102,1.1132985353469849,1.0548464059829712,1.0531421899795532,11.441112518310547
179.8000030517578,171.5,148.89999389648438,143.1999969482422,123.69999694824219,132.39999389648438,131.39999389648438,106.9000015258789,151.1999969482422,122.0999984741211,119.4000015258789,153.39999389648438,124.69999694824219,134.0,147.6999969482422,40.348976135253906,1.3548929691314697,1.0937162637710571,1.0920121669769287,1.0380125045776367,1.026969313621521,12.791646957397461
171.60000610351562,167.6999969482422,145.3000030517578,138.6999969482422,129.1999969482422,132.39999389648438,125.19999694824219,112.5,153.10000610351562,113.19999694824219,132.0,151.60000610351562,119.0,141.5,147.8000030517578,41.78963088989258,1.4262514114379883,1.1080968379974365,1.075957179069519,1.0196846723556519,1.0058174133300781,12.942462921142578
172.39999389648438,175.39999389648438,143.5,129.89999389648438,135.10000610351562,134.6999969482422,120.5,115.80000305175781,154.0,110.5,131.3000030517578,153.1999969482422,119.19999694824219,140.60000610351562,145.5,40.027164459228516,1.522971510887146,1.1246668100357056,1.090335488319397,1.01134192943573,0.9839758276939392,10.588811874389648
171.89999389648438,175.8000030517578,141.6999969482422,128.10000610351562,135.89999389648438,137.60000610351562,119.4000015258789,117.5999984741211,151.8000030517578,111.0999984741211,132.8000030517578,151.39999389648438,119.80000305175781,142.0,142.6999969482422,37.44438552856445,1.4934139251708984,1.1454018354415894,1.1000646352767944,1.0293772220611572,0.9966453909873962,10.027175903320312
170.0,179.0,136.60000610351562,122.30000305175781,138.5,141.1999969482422,116.0,119.4000015258789,152.5,108.69999694824219,134.5,152.39999389648438,120.0,140.8000030517578,141.89999389648438,40.56878662109375,1.5036554336547852,1.1362266540527344,1.0807770490646362,1.0071779489517212,0.9735113978385925,11.649225234985352
170.3000030517578,179.8000030517578,148.5,118.5,138.8000030517578,141.0,116.0999984741211,117.30000305175781,152.60000610351562,108.19999694824219,132.60000610351562,155.10000610351562,121.19999694824219,140.89999389648438,137.10000610351562,41.55661392211914,1.507086157798767,1.1277210712432861,1.0710484981536865,0.9910959005355835,0.9592652320861816,13.088860511779785
170.8000030517578,178.8000030517578,149.0,121.5,136.89999389648438,143.6999969482422,116.0999984741211,118.0999984741211,151.3000030517578,108.4000015258789,132.89999389648438,154.0,118.9000015258789,141.89999389648438,143.0,42.760475158691406,1.541905164718628,1.1374624967575073,1.0731672048568726,0.998944103717804,0.9755896329879761,11.453843116760254
170.3000030517578,179.5,148.3000030517578,122.0999984741211,137.8000030517578,143.5,116.5999984741211,119.0,151.89999389648438,108.0,135.0,153.0,117.80000305175781,143.8000030517578,142.39999389648438,41.37171173095703,1.5079342126846313,1.1474123001098633,1.0843616724014282,1.0034847259521484,0.9761108160018921,10.51308536529541
167.89999389648438,178.6999969482422,146.6999969482422,119.69999694824219,138.3000030517578,141.5,116.19999694824219,117.5,151.3000030517578,108.80000305175781,133.60000610351562,152.89999389648438,118.80000305175781,142.89999389648438,139.5,40.49070739746094,1.4781708717346191,1.132962703704834,1.070021629333496,0.997724711894989,0.967990517616272,11.267894744873047
162.60000610351562,175.89999389648438,140.8000030517578,117.5,141.1999969482422,138.6999969482422,115.0999984741211,118.5,152.0,105.80000305175781,137.0,153.6999969482422,119.5999984741211,143.3000030517578,139.6999969482422,38.17662811279297,1.4930663108825684,1.1326771974563599,1.067443609237671,0.9911395907402039,0.9730998277664185,14.356952667236328
163.60000610351562,176.60000610351562,148.1999969482422,114.5,138.60000610351562,140.3000030517578,113.30000305175781,120.5999984741211,148.10000610351562,107.0,134.0,153.10000610351562,120.69999694824219,144.60000610351562,139.0,39.9677619934082,1.5083978176116943,1.1184308528900146,1.06569504737854,0.9890416264533997,0.9846693873405457,13.379495620727539
169.39999389648438,178.6999969482422,144.10000610351562,118.5999984741211,137.3000030517578,138.5,115.69999694824219,118.0,151.3000030517578,109.0999984741211,132.5,151.0,122.69999694824219,141.39999389648438,136.6999969482422,42.829917907714844,1.5152552127838135,1.1010043621063232,1.0700868368148804,0.9925962090492249,0.9761008024215698,13.339131355285645
172.6999969482422,178.8000030517578,137.89999389648438,126.19999694824219,137.0,137.39999389648438,117.0,114.5,158.89999389648438,112.80000305175781,130.5,147.10000610351562,117.19999694824219,147.6999969482422,141.89999389648438,40.959964752197266,1.5737582445144653,1.1177312135696411,1.0817761421203613,1.0207794904708862,1.0128716230392456,6.078127384185791
177.10000610351562,174.10000610351562,147.39999389648438,149.39999389648438,128.5,129.10000610351562,130.8000030517578,108.0999984741211,157.3000030517578,125.69999694824219,123.80000305175781,144.39999389648438,131.60000610351562,134.39999389648438,140.89999389648438,39.30885314941406,1.3991276025772095,1.1412980556488037,1.105879545211792,1.0564991235733032,1.052088975906372,12.571417808532715
179.39999389648438,165.10000610351562,144.89999389648438,154.10000610351562,125.9000015258789,122.69999694824219,137.0,108.0,149.8000030517578,134.8000030517578,109.30000305175781,148.5,133.8000030517578,134.5,137.0,38.21188735961914,1.3134543895721436,1.114810585975647,1.1208019256591797,1.048789143562317,1.0591402053833008,11.738408088684082
178.60000610351562,166.89999389648438,141.39999389648438,153.39999389648438,127.0999984741211,124.30000305175781,136.0,110.19999694824219,147.8000030517578,132.8000030517578,111.30000305175781,146.5,133.39999389648438,133.8000030517578,134.89999389648438,37.301570892333984,1.2989779710769653,1.1142176389694214,1.1124420166015625,1.0296846628189087,1.0393611192703247,11.812557220458984
179.6999969482422,167.3000030517578,141.0,155.5,126.0999984741211,122.69999694824219,136.60000610351562,110.0999984741211,148.3000030517578,134.39999389648438,109.5999984741211,147.60000610351562,134.10000610351562,132.8000030517578,137.60000610351562,37.55377197265625,1.3214784860610962,1.1146831512451172,1.1206845045089722,1.0373632907867432,1.0499216318130493,10.791619300842285
178.89999389648438,167.0,142.60000610351562,152.60000610351562,124.19999694824219,126.80000305175781,137.89999389648438,106.19999694824219,152.1999969482422,131.0,113.0,151.39999389648438,129.1999969482422,134.39999389648438,140.10000610351562,37.558616638183594,1.3133606910705566,1.1203112602233887,1.1420402526855469,1.0635786056518555,1.0512765645980835,10.274130821228027
177.89999389648438,171.0,144.0,146.10000610351562,124.9000015258789,131.39999389648438,131.60000610351562,108.69999694824219,151.39999389648438,123.0999984741211,123.0,149.3000030517578,125.4000015258789,140.6999969482422,138.60000610351562,36.99616241455078,1.3849167823791504,1.1300156116485596,1.1224699020385742,1.0672369003295898,1.0583397150039673,11.353175163269043
177.5,171.8000030517578,148.3000030517578,144.3000030517578,127.30000305175781,132.3000030517578,127.80000305175781,111.80000305175781,154.0,122.0,124.5,147.60000610351562,127.69999694824219,137.5,138.6999969482422,37.87116241455078,1.4317172765731812,1.138197660446167,1.118877649307251,1.0635632276535034,1.0520060062408447,10.755616188049316
174.39999389648438,171.6999969482422,147.8000030517578,133.39999389648438,135.10000610351562,135.10000610351562,120.4000015258789,119.69999694824219,155.1999969482422,115.4000015258789,133.0,148.8000030517578,121.5999984741211,145.10000610351562,144.39999389648438,36.568748474121094,1.4618126153945923,1.1190741062164307,1.1228034496307373,1.0835555791854858,1.0791330337524414,7.627874851226807
170.6999969482422,178.89999389648438,147.5,118.69999694824219,138.5,136.5,113.9000015258789,119.80000305175781,152.60000610351562,110.30000305175781,132.89999389648438,146.39999389648438,122.0999984741211,148.8000030517578,136.60000610351562,44.16874313354492,1.5743623971939087,1.0747449398040771,1.0721569061279297,1.0130234956741333,1.046364188194275,9.956385612487793
169.3000030517578,178.60000610351562,148.10000610351562,115.0,135.1999969482422,137.1999969482422,111.69999694824219,117.69999694824219,147.6999969482422,108.80000305175781,129.60000610351562,148.3000030517578,123.9000015258789,146.3000030517578,135.1999969482422,48.02391052246094,1.6222906112670898,1.0327208042144775,1.0135421752929688,0.9657400846481323,1.0060946941375732,12.88725471496582
166.1999969482422,178.6999969482422,142.10000610351562,117.0999984741211,133.10000610351562,136.10000610351562,112.0999984741211,117.30000305175781,145.89999389648438,109.4000015258789,128.0,149.1999969482422,126.9000015258789,142.8000030517578,136.10000610351562,47.61078643798828,1.6186493635177612,1.0353962182998657,1.0094012022018433,0.9629113674163818,1.0021367073059082,14.941008567810059
168.6999969482422,179.10000610351562,137.8000030517578,120.0999984741211,135.89999389648438,134.1999969482422,112.30000305175781,118.69999694824219,150.5,108.0,134.39999389648438,144.39999389648438,121.5999984741211,144.3000030517578,138.89999389648438,42.70176315307617,1.5731686353683472,1.0507981777191162,1.0494139194488525,0.9949640035629272,1.0073118209838867,11.750372886657715
175.60000610351562,176.39999389648438,147.0,127.0,137.39999389648438,140.5,115.69999694824219,123.19999694824219,158.8000030517578,109.5,139.39999389648438,147.6999969482422,116.0,151.89999389648438,145.6999969482422,38.19074249267578,1.5041640996932983,1.1101291179656982,1.1354032754898071,1.0847630500793457,1.0900753736495972,6.000829219818115
176.0,169.60000610351562,147.5,150.5,141.3000030517578,123.19999694824219,133.8000030517578,116.4000015258789,159.5,130.0,119.9000015258789,148.5,128.6999969482422,134.5,146.89999389648438,35.28572082519531,1.3634581565856934,1.1592378616333008,1.1909215450286865,1.0910580158233643,1.0713812112808228,11.057881355285645
174.1999969482422,170.5,153.10000610351562,151.8000030517578,137.8000030517578,129.89999389648438,133.10000610351562,118.9000015258789,157.6999969482422,129.1999969482422,120.80000305175781,151.8000030517578,128.1999969482422,140.0,143.60000610351562,36.90804672241211,1.3898550271987915,1.1722075939178467,1.188530445098877,1.0930442810058594,1.0826314687728882,9.713065147399902
175.5,169.3000030517578,152.3000030517578,150.60000610351562,138.0,130.60000610351562,132.8000030517578,118.80000305175781,158.39999389648438,128.8000030517578,121.80000305175781,152.0,127.5,140.39999389648438,144.6999969482422,37.004783630371094,1.3828167915344238,1.165030837059021,1.190563440322876,1.099663496017456,1.0860826969146729,10.49332046508789
174.6999969482422,169.0,148.8000030517578,152.10000610351562,138.8000030517578,127.5999984741211,135.3000030517578,118.19999694824219,158.3000030517578,131.39999389648438,119.30000305175781,152.60000610351562,130.10000610351562,139.60000610351562,142.8000030517578,35.73139190673828,1.3381155729293823,1.1547870635986328,1.1887341737747192,1.0934674739837646,1.0800024271011353,10.478108406066895
176.39999389648438,168.1999969482422,148.5,153.10000610351562,136.89999389648438,128.60000610351562,135.6999969482422,118.0,156.60000610351562,132.39999389648438,117.80000305175781,151.5,132.10000610351562,137.1999969482422,140.8000030517578,35.809852600097656,1.3231009244918823,1.1617308855056763,1.1884989738464355,1.089093804359436,1.0732743740081787,10.8671293258667
176.0,168.60000610351562,144.8000030517578,152.6999969482422,137.60000610351562,126.19999694824219,136.10000610351562,120.5999984741211,154.5,134.0,114.9000015258789,153.39999389648438,131.8000030517578,139.10000610351562,139.8000030517578,35.94691848754883,1.3051013946533203,1.1572657823562622,1.1949149370193481,1.0951290130615234,1.0816030502319336,8.47486686706543
177.10000610351562,167.89999389648438,145.10000610351562,153.1999969482422,134.6999969482422,127.5,136.3000030517578,118.5999984741211,153.3000030517578,134.0,113.80000305175781,152.39999389648438,132.1999969482422,137.89999389648438,138.89999389648438,33.959991455078125,1.2899750471115112,1.1505179405212402,1.1780608892440796,1.0739408731460571,1.070396900177002,9.244603157043457
176.60000610351562,166.0,145.6999969482422,153.89999389648438,134.60000610351562,126.0,137.3000030517578,117.30000305175781,153.6999969482422,137.5,110.9000015258789,151.6999969482422,135.60000610351562,134.8000030517578,139.3000030517578,35.13008117675781,1.2696164846420288,1.1511884927749634,1.1758992671966553,1.0779236555099487,1.0741829872131348,10.042412757873535
176.60000610351562,167.3000030517578,145.3000030517578,154.0,135.10000610351562,127.4000015258789,136.89999389648438,117.5999984741211,155.10000610351562,135.1999969482422,112.80000305175781,153.1999969482422,133.1999969482422,137.6999969482422,138.60000610351562,35.67116165161133,1.2837435007095337,1.1454051733016968,1.170114517211914,1.069541573524475,1.0619932413101196,9.362327575683594
176.5,168.60000610351562,145.5,153.39999389648438,133.60000610351562,128.10000610351562,137.6999969482422,115.5999984741211,156.39999389648438,134.10000610351562,113.4000015258789,155.39999389648438,131.39999389648438,139.8000030517578,138.60000610351562,36.5655517578125,1.3020799160003662,1.1450138092041016,1.1736997365951538,1.0836976766586304,1.069370985031128,10.153244018554688
178.39999389648438,167.5,144.10000610351562,151.1999969482422,130.39999389648438,129.6999969482422,135.60000610351562,115.0,153.5,131.39999389648438,113.80000305175781,154.39999389648438,128.8000030517578,139.6999969482422,139.0,37.40141296386719,1.3072978258132935,1.1291770935058594,1.1443737745285034,1.0502936840057373,1.0400334596633911,9.34887409210205
179.0,167.5,145.60000610351562,149.5,133.1999969482422,131.0,133.6999969482422,115.5999984741211,156.60000610351562,129.8000030517578,116.9000015258789,155.0,128.39999389648438,140.10000610351562,141.3000030517578,38.465187072753906,1.3402987718582153,1.1508519649505615,1.16180419921875,1.079511046409607,1.057927131652832,12.173601150512695
179.89999389648438,169.60000610351562,142.5,150.0,130.0,135.0,133.6999969482422,113.9000015258789,154.6999969482422,125.0999984741211,123.80000305175781,151.5,125.5,139.60000610351562,143.3000030517578,37.67015838623047,1.35495924949646,1.1668553352355957,1.1644662618637085,1.0895733833312988,1.0598630905151367,11.118197441101074
179.5,170.5,143.60000610351562,148.0,130.5,135.89999389648438,132.0,114.30000305175781,154.60000610351562,122.5,125.30000305175781,151.60000610351562,122.80000305175781,140.6999969482422,143.89999389648438,39.20939254760742,1.389735221862793,1.1649726629257202,1.1552678346633911,1.0796452760696411,1.0508445501327515,10.827460289001465
178.5,170.60000610351562,143.60000610351562,146.89999389648438,130.5,136.60000610351562,129.60000610351562,115.4000015258789,153.89999389648438,119.80000305175781,128.60000610351562,150.6999969482422,121.80000305175781,140.60000610351562,145.10000610351562,38.579280853271484,1.409279227256775,1.1615337133407593,1.1392685174942017,1.0700587034225464,1.0379493236541748,11.125812530517578
179.3000030517578,170.5,149.1999969482422,145.6999969482422,129.5,135.39999389648438,129.60000610351562,114.0,153.6999969482422,119.9000015258789,127.0,151.3000030517578,120.0999984741211,142.1999969482422,146.39999389648438,38.581512451171875,1.4065957069396973,1.14194655418396,1.127748966217041,1.0605031251907349,1.041780948638916,10.125738143920898
176.8000030517578,169.89999389648438,142.39999389648438,140.89999389648438,131.8000030517578,135.60000610351562,126.0999984741211,116.0999984741211,152.39999389648438,114.80000305175781,130.8000030517578,150.3000030517578,118.69999694824219,142.39999389648438,145.0,37.07322692871094,1.4153693914413452,1.1449449062347412,1.1191397905349731,1.047553300857544,1.0270986557006836,10.470321655273438
