160.5,148.39999389648438,132.10000610351562,149.1999969482422,170.89999389648438,173.8000030517578,177.39999389648438,178.39999389648438,173.1999969482422,179.5,9.800000190734863,179.0,163.89999389648438,49.0,141.60000610351562,44.59926986694336,1.2490103244781494,1.7767102718353271,1.898316740989685,1.0657072067260742,0.9069170951843262,1.7091808319091797
160.89999389648438,148.10000610351562,133.0,148.8000030517578,169.39999389648438,174.6999969482422,177.39999389648438,177.39999389648438,172.8000030517578,179.1999969482422,8.0,178.0,162.6999969482422,49.099998474121094,141.39999389648438,44.74518966674805,1.243659257888794,1.7651963233947754,1.8853943347930908,1.042935848236084,0.8986735343933105,3.050915002822876
160.60000610351562,146.89999389648438,133.60000610351562,149.0,170.5,174.89999389648438,177.3000030517578,179.5,172.10000610351562,179.0,11.5,178.8000030517578,162.5,50.20000076293945,140.3000030517578,44.7512092590332,1.2484749555587769,1.7649896144866943,1.8905324935913086,1.0617858171463013,0.903363049030304,3.0813066959381104
161.39999389648438,148.39999389648438,135.8000030517578,152.3000030517578,167.89999389648438,172.1999969482422,179.10000610351562,179.8000030517578,177.0,178.89999389648438,14.0,177.1999969482422,159.39999389648438,48.900001525878906,147.3000030517578,42.47025680541992,1.244086742401123,1.781990647315979,1.9186474084854126,1.0155391693115234,0.8710278868675232,5.599559307098389
161.0,150.0,134.60000610351562,150.89999389648438,167.3000030517578,171.3000030517578,176.89999389648438,178.39999389648438,174.5,179.0,11.0,177.8000030517578,162.89999389648438,47.0,145.8000030517578,41.89839172363281,1.2336156368255615,1.7520215511322021,1.8874223232269287,0.9866229891777039,0.8459721803665161,2.910459518432617
160.0,149.10000610351562,137.8000030517578,151.10000610351562,167.39999389648438,173.6999969482422,178.6999969482422,177.10000610351562,176.1999969482422,174.1999969482422,10.399999618530273,179.6999969482422,160.5,44.099998474121094,154.89999389648438,41.258399963378906,1.2551970481872559,1.7627482414245605,1.8924810886383057,1.0556546449661255,0.8664212822914124,8.039403915405273
162.5,147.39999389648438,138.8000030517578,151.89999389648438,167.6999969482422,170.8000030517578,177.8000030517578,178.0,173.3000030517578,174.6999969482422,12.800000190734863,174.39999389648438,161.1999969482422,42.20000076293945,151.8000030517578,42.35366439819336,1.247249722480774,1.761375904083252,1.9074888229370117,0.9891507625579834,0.8393540382385254,6.511547088623047
163.39999389648438,148.39999389648438,137.1999969482422,152.39999389648438,166.89999389648438,172.6999969482422,177.10000610351562,178.6999969482422,173.1999969482422,175.6999969482422,13.899999618530273,176.8000030517578,162.60000610351562,41.70000076293945,153.3000030517578,42.208404541015625,1.2492963075637817,1.7736904621124268,1.9197187423706055,0.9863348603248596,0.8316271901130676,5.517820358276367
162.6999969482422,147.89999389648438,138.8000030517578,152.10000610351562,166.1999969482422,170.8000030517578,176.8000030517578,177.60000610351562,170.6999969482422,176.10000610351562,13.0,177.8000030517578,160.6999969482422,42.79999923706055,154.89999389648438,41.71133804321289,1.250410795211792,1.757675051689148,1.8912584781646729,0.9638434648513794,0.8191971778869629,5.724797248840332
162.89999389648438,147.5,142.5,151.5,165.3000030517578,169.39999389648438,176.89999389648438,177.3000030517578,173.0,176.10000610351562,13.100000381469727,178.1999969482422,161.8000030517578,42.599998474121094,155.6999969482422,42.546043395996094,1.2634302377700806,1.7563021183013916,1.8970834016799927,0.9827476143836975,0.8342115879058838,5.024486064910889
161.3000030517578,148.0,146.39999389648438,152.10000610351562,166.3000030517578,172.10000610351562,177.6999969482422,178.1999969482422,175.3000030517578,173.6999969482422,11.300000190734863,175.89999389648438,160.89999389648438,39.20000076293945,159.39999389648438,41.21222686767578,1.26862370967865,1.7598822116851807,1.8988207578659058,0.9969844222068787,0.820801317691803,8.12231731414795
162.60000610351562,146.89999389648438,143.1999969482422,153.1999969482422,164.89999389648438,170.8000030517578,178.8000030517578,178.60000610351562,177.10000610351562,176.10000610351562,11.5,178.10000610351562,164.3000030517578,38.5,154.5,40.42701721191406,1.2682381868362427,1.7684285640716553,1.9109375476837158,0.9709393978118896,0.8093369603157043,3.5009572505950928
161.6999969482422,145.5,147.0,152.10000610351562,164.39999389648438,168.10000610351562,179.10000610351562,174.6999969482422,175.3000030517578,172.89999389648438,9.800000190734863,178.89999389648438,162.5,37.099998474121094,160.5,41.24124526977539,1.2810351848602295,1.7655348777770996,1.9031931161880493,0.9938933849334717,0.815263032913208,6.673745155334473
161.10000610351562,146.10000610351562,147.1999969482422,152.89999389648438,163.8000030517578,168.8000030517578,178.39999389648438,175.1999969482422,176.39999389648438,172.3000030517578,7.699999809265137,179.8000030517578,165.5,36.20000076293945,157.5,39.87894058227539,1.2659687995910645,1.7469627857208252,1.8956378698349,0.9524155259132385,0.7929272651672363,5.20144510269165
160.39999389648438,146.6999969482422,142.89999389648438,153.1999969482422,163.5,169.3000030517578,178.60000610351562,174.6999969482422,178.5,173.39999389648438,11.699999809265137,178.3000030517578,161.1999969482422,41.099998474121094,158.1999969482422,39.32872009277344,1.2462965250015259,1.7521034479141235,1.8951303958892822,0.968597948551178,0.7916771173477173,7.544944763183594
162.0,146.5,142.6999969482422,153.8000030517578,164.3000030517578,168.89999389648438,179.89999389648438,174.8000030517578,179.5,172.8000030517578,9.399999618530273,178.8000030517578,163.39999389648438,38.400001525878906,159.0,40.68045425415039,1.2608940601348877,1.7742125988006592,1.9258991479873657,0.9727662801742554,0.8059388399124146,6.327802658081055
161.8000030517578,145.89999389648438,139.89999389648438,152.39999389648438,164.1999969482422,169.1999969482422,177.8000030517578,175.39999389648438,177.60000610351562,172.8000030517578,7.099999904632568,178.10000610351562,166.3000030517578,34.0,157.6999969482422,40.28077697753906,1.2431702613830566,1.7461391687393188,1.886542797088623,0.9492999911308289,0.8002203106880188,4.08543062210083
159.3000030517578,147.1999969482422,142.60000610351562,152.1999969482422,163.6999969482422,170.5,175.8000030517578,171.60000610351562,173.6999969482422,173.89999389648438,11.800000190734863,178.1999969482422,162.8000030517578,42.400001525878906,154.5,38.74263381958008,1.2638622522354126,1.7401094436645508,1.8627192974090576,0.9962339401245117,0.8139728903770447,6.597442626953125
159.39999389648438,149.0,139.1999969482422,153.1999969482422,165.39999389648438,171.8000030517578,175.8000030517578,172.3000030517578,175.3000030517578,176.60000610351562,15.5,175.5,159.8000030517578,47.0,150.3000030517578,38.83232116699219,1.262902021408081,1.758588433265686,1.8765243291854858,1.0275182723999023,0.8264915943145752,8.36475944519043
158.5,150.0,138.1999969482422,152.89999389648438,165.39999389648438,172.1999969482422,175.39999389648438,174.6999969482422,176.39999389648438,177.60000610351562,14.199999809265137,177.89999389648438,159.0,46.099998474121094,150.1999969482422,39.08513259887695,1.2676116228103638,1.77122962474823,1.8756815195083618,1.0185319185256958,0.8204690217971802,6.758931636810303
159.89999389648438,149.0,141.6999969482422,154.1999969482422,165.89999389648438,171.8000030517578,179.10000610351562,176.3000030517578,177.5,178.60000610351562,16.100000381469727,175.60000610351562,157.60000610351562,43.900001525878906,155.0,39.20225143432617,1.2730764150619507,1.7827885150909424,1.8842016458511353,0.9608031511306763,0.816217303276062,5.930800437927246
160.0,148.10000610351562,143.3000030517578,154.1999969482422,165.1999969482422,171.1999969482422,179.3000030517578,174.1999969482422,177.60000610351562,176.1999969482422,11.600000381469727,178.1999969482422,159.1999969482422,40.099998474121094,157.39999389648438,39.792213439941406,1.2553281784057617,1.7866582870483398,1.8934869766235352,0.9286550879478455,0.7825441360473633,6.6572675704956055
161.6999969482422,145.89999389648438,142.10000610351562,153.5,165.60000610351562,169.10000610351562,179.60000610351562,174.5,176.10000610351562,177.0,15.0,174.5,157.60000610351562,43.400001525878906,155.60000610351562,41.00434112548828,1.248680591583252,1.788459062576294,1.9145376682281494,0.9429954290390015,0.7930648922920227,7.42921257019043
160.39999389648438,145.39999389648438,141.3000030517578,152.10000610351562,166.3000030517578,167.89999389648438,178.60000610351562,173.39999389648438,174.10000610351562,176.1999969482422,11.699999809265137,178.39999389648438,161.5,42.900001525878906,152.10000610351562,40.364501953125,1.2339719533920288,1.7601548433303833,1.8854073286056519,0.9237086176872253,0.7882201671600342,6.619661331176758
159.6999969482422,145.60000610351562,144.10000610351562,151.39999389648438,166.8000030517578,167.10000610351562,179.89999389648438,172.0,176.60000610351562,174.39999389648438,8.199999809265137,177.3000030517578,159.5,38.79999923706055,157.60000610351562,40.69226837158203,1.2454941272735596,1.7667245864868164,1.9214578866958618,0.8939110040664673,0.754444420337677,7.772403240203857
158.5,145.0,144.89999389648438,153.10000610351562,166.39999389648438,168.5,179.8000030517578,173.6999969482422,174.60000610351562,176.5,11.0,177.60000610351562,158.39999389648438,43.5,152.60000610351562,39.342079162597656,1.2315402030944824,1.7742270231246948,1.905953049659729,0.9033231139183044,0.7648836374282837,7.644060134887695
158.5,142.5,145.39999389648438,152.0,166.0,168.10000610351562,179.89999389648438,173.8000030517578,174.8000030517578,175.6999969482422,10.199999809265137,175.8000030517578,157.6999969482422,43.099998474121094,153.3000030517578,39.48320770263672,1.2000741958618164,1.757667064666748,1.907970905303955,0.8760793805122375,0.7429800033569336,8.405720710754395
159.6999969482422,140.10000610351562,142.6999969482422,151.8000030517578,166.39999389648438,169.1999969482422,179.89999389648438,174.89999389648438,173.10000610351562,177.60000610351562,13.199999809265137,175.0,156.5,43.79999923706055,152.10000610351562,41.040164947509766,1.207010269165039,1.7757006883621216,1.9206267595291138,0.915836751461029,0.766729474067688,8.074280738830566
156.3000030517578,137.3000030517578,145.8000030517578,150.39999389648438,166.8000030517578,168.0,179.6999969482422,173.89999389648438,175.3000030517578,174.8000030517578,10.600000381469727,174.5,153.6999969482422,46.70000076293945,152.89999389648438,41.00531005859375,1.185445785522461,1.7750364542007446,1.937151312828064,0.9174633622169495,0.7537783980369568,11.409976959228516
154.6999969482422,138.10000610351562,144.3000030517578,152.6999969482422,166.8000030517578,167.89999389648438,178.8000030517578,173.6999969482422,172.3000030517578,179.1999969482422,12.0,179.39999389648438,151.39999389648438,49.900001525878906,147.89999389648438,35.557003021240234,1.1495368480682373,1.7754985094070435,1.9305475950241089,0.8666390776634216,0.7383371591567993,10.9634428024292
154.1999969482422,137.8000030517578,144.5,151.10000610351562,166.39999389648438,167.8000030517578,179.8000030517578,175.3000030517578,175.0,177.10000610351562,12.899999618530273,176.5,153.10000610351562,51.099998474121094,146.60000610351562,37.05044174194336,1.1542776823043823,1.776969313621521,1.9416176080703735,0.891897439956665,0.7467618584632874,11.050604820251465
152.89999389648438,140.3000030517578,147.60000610351562,151.39999389648438,167.1999969482422,166.6999969482422,179.6999969482422,172.60000610351562,174.60000610351562,175.10000610351562,9.699999809265137,177.6999969482422,154.10000610351562,48.20000076293945,147.39999389648438,36.257171630859375,1.166345238685608,1.776637077331543,1.9218060970306396,0.8572647571563721,0.7267195582389832,11.501018524169922
150.8000030517578,142.39999389648438,150.6999969482422,150.60000610351562,169.6999969482422,166.5,179.39999389648438,172.3000030517578,177.5,174.6999969482422,9.0,176.5,151.0,49.79999923706055,146.8000030517578,35.14580154418945,1.157183289527893,1.7567747831344604,1.8871721029281616,0.8010517358779907,0.6876817345619202,13.763297080993652
150.0,143.60000610351562,150.6999969482422,151.5,168.8000030517578,167.1999969482422,178.0,173.39999389648438,179.1999969482422,177.39999389648438,12.199999809265137,176.8000030517578,148.60000610351562,53.599998474121094,144.10000610351562,32.857643127441406,1.1283243894577026,1.7230198383331299,1.8549511432647705,0.7732396125793457,0.6780590415000916,14.563061714172363
149.3000030517578,144.6999969482422,150.6999969482422,152.60000610351562,169.10000610351562,168.60000610351562,178.3000030517578,172.8000030517578,179.0,175.89999389648438,10.800000190734863,176.39999389648438,148.1999969482422,51.0,147.6999969482422,32.792320251464844,1.1518809795379639,1.7501150369644165,1.8561033010482788,0.7862405180931091,0.6810968518257141,15.322867393493652
148.39999389648438,144.39999389648438,152.10000610351562,151.6999969482422,170.10000610351562,168.6999969482422,178.0,171.3000030517578,179.3000030517578,175.8000030517578,10.600000381469727,174.1999969482422,151.10000610351562,48.29999923706055,147.60000610351562,33.309051513671875,1.1464462280273438,1.755441427230835,1.861257791519165,0.7667715549468994,0.6664575338363647,12.922842025756836
148.60000610351562,143.39999389648438,152.3000030517578,151.3000030517578,170.1999969482422,168.8000030517578,177.89999389648438,171.3000030517578,178.6999969482422,176.89999389648438,12.100000381469727,173.60000610351562,148.6999969482422,50.5,145.1999969482422,34.26842498779297,1.1663401126861572,1.7628487348556519,1.8762867450714111,0.7781912088394165,0.6762902140617371,14.362455368041992
149.10000610351562,144.10000610351562,152.60000610351562,152.3000030517578,169.3000030517578,169.10000610351562,177.8000030517578,172.1999969482422,179.8000030517578,173.10000610351562,8.0,173.6999969482422,151.39999389648438,46.29999923706055,148.3000030517578,33.041053771972656,1.163382887840271,1.7519080638885498,1.856682538986206,0.7592856287956238,0.6611335277557373,13.746292114257812
150.60000610351562,142.60000610351562,148.1999969482422,151.1999969482422,169.6999969482422,167.10000610351562,178.10000610351562,174.5,177.8000030517578,173.6999969482422,8.899999618530273,176.39999389648438,150.39999389648438,50.599998474121094,148.3000030517578,33.113792419433594,1.1026122570037842,1.7048168182373047,1.8203177452087402,0.7298585176467896,0.6490645408630371,15.002960205078125
150.0,144.39999389648438,148.8000030517578,152.5,168.39999389648438,168.1999969482422,176.5,174.3000030517578,179.8000030517578,174.5,9.5,176.39999389648438,149.60000610351562,47.0,153.6999969482422,32.50631332397461,1.1159217357635498,1.7016057968139648,1.8121533393859863,0.7300878763198853,0.6308079957962036,15.215263366699219
149.89999389648438,142.5,149.5,152.1999969482422,168.89999389648438,168.8000030517578,176.89999389648438,174.6999969482422,178.1999969482422,176.0,11.300000190734863,175.39999389648438,148.89999389648438,48.599998474121094,147.10000610351562,32.9066276550293,1.1054235696792603,1.6924350261688232,1.7959628105163574,0.7157504558563232,0.63442063331604,15.341632843017578
149.8000030517578,143.8000030517578,151.60000610351562,152.1999969482422,168.6999969482422,169.1999969482422,176.1999969482422,174.60000610351562,179.5,176.0,11.600000381469727,176.89999389648438,148.10000610351562,49.900001525878906,151.60000610351562,33.1794319152832,1.1194266080856323,1.694938063621521,1.7989438772201538,0.7398146390914917,0.6484902501106262,15.222816467285156
148.39999389648438,144.89999389648438,150.0,153.10000610351562,168.1999969482422,169.89999389648438,176.60000610351562,175.10000610351562,179.0,175.1999969482422,11.899999618530273,174.1999969482422,149.6999969482422,48.099998474121094,149.1999969482422,31.431344985961914,1.119254231452942,1.7057770490646362,1.7969485521316528,0.7259230017662048,0.6446616053581238,15.502713203430176
149.3000030517578,144.1999969482422,151.3000030517578,151.10000610351562,167.3000030517578,167.89999389648438,177.5,170.39999389648438,178.8000030517578,167.10000610351562,3.0,178.6999969482422,156.6999969482422,38.400001525878906,153.89999389648438,32.875423431396484,1.1121186017990112,1.6869250535964966,1.8008372783660889,0.7249795198440552,0.6363512277603149,14.59561824798584
146.10000610351562,145.10000610351562,152.10000610351562,152.39999389648438,168.39999389648438,167.89999389648438,176.39999389648438,172.6999969482422,179.3000030517578,172.3000030517578,8.600000381469727,177.3000030517578,155.0,43.70000076293945,150.3000030517578,31.833707809448242,1.1473013162612915,1.7097309827804565,1.8126473426818848,0.7819977402687073,0.6758213043212891,12.967607498168945
147.5,145.8000030517578,151.60000610351562,151.3000030517578,170.10000610351562,166.6999969482422,176.89999389648438,172.5,179.8000030517578,171.39999389648438,7.099999904632568,178.39999389648438,154.0,45.5,153.39999389648438,33.01244354248047,1.1191387176513672,1.6837639808654785,1.7841767072677612,0.780501127243042,0.6747504472732544,14.288609504699707
147.0,145.60000610351562,153.5,153.0,168.3000030517578,167.8000030517578,176.89999389648438,174.8000030517578,178.89999389648438,172.5,7.400000095367432,178.8000030517578,154.89999389648438,42.70000076293945,155.3000030517578,32.22898483276367,1.1443414688110352,1.7110850811004639,1.8131918907165527,0.7532596588134766,0.6644705533981323,12.570472717285156
147.0,143.0,152.5,151.60000610351562,169.1999969482422,168.8000030517578,177.5,174.6999969482422,176.10000610351562,172.8000030517578,6.699999809265137,178.39999389648438,154.8000030517578,41.5,152.10000610351562,32.72101593017578,1.118448257446289,1.7046780586242676,1.807748794555664,0.7526922821998596,0.6551843285560608,12.888472557067871
148.1999969482422,141.1999969482422,150.39999389648438,149.8000030517578,169.1999969482422,169.60000610351562,179.1999969482422,175.6999969482422,178.6999969482422,167.3000030517578,0.800000011920929,178.60000610351562,158.10000610351562,36.70000076293945,153.0,32.44601058959961,1.0973286628723145,1.6948270797729492,1.7782962322235107,0.7359397411346436,0.6551244854927063,13.653141021728516
145.8000030517578,144.8000030517578,152.0,151.6999969482422,169.0,168.60000610351562,177.5,174.10000610351562,177.0,169.1999969482422,4.900000095367432,177.0,155.1999969482422,39.099998474121094,155.60000610351562,31.019153594970703,1.12648344039917,1.7103885412216187,1.7998852729797363,0.7248281836509705,0.6342306137084961,13.874186515808105
144.60000610351562,146.1999969482422,153.0,154.5,170.1999969482422,167.3000030517578,176.10000610351562,174.8000030517578,178.1999969482422,169.60000610351562,8.100000381469727,177.10000610351562,152.8000030517578,44.79999923706055,156.3000030517578,29.878358840942383,1.130458950996399,1.7054377794265747,1.800467610359192,0.7524198293685913,0.6536151170730591,15.390176773071289
146.1999969482422,147.3000030517578,150.10000610351562,152.0,172.1999969482422,166.8000030517578,176.0,177.0,176.1999969482422,172.3000030517578,7.900000095367432,177.10000610351562,150.1999969482422,48.20000076293945,153.5,30.210180282592773,1.1267354488372803,1.6854019165039062,1.7972066402435303,0.7340174913406372,0.6390506625175476,15.467013359069824
147.5,147.6999969482422,149.10000610351562,151.89999389648438,170.1999969482422,170.39999389648438,176.1999969482422,176.1999969482422,176.1999969482422,177.0,10.800000190734863,179.39999389648438,150.1999969482422,51.70000076293945,148.60000610351562,30.359188079833984,1.1341701745986938,1.6787915229797363,1.801245927810669,0.7587471008300781,0.6461837291717529,12.851896286010742
149.39999389648438,145.0,150.5,152.10000610351562,168.0,171.10000610351562,177.60000610351562,179.10000610351562,176.60000610351562,179.60000610351562,16.899999618530273,173.0,144.39999389648438,59.400001525878906,149.8000030517578,31.10580062866211,1.1396082639694214,1.6701093912124634,1.831125259399414,0.7994745373725891,0.6614454984664917,14.751665115356445
149.60000610351562,145.5,149.89999389648438,151.89999389648438,169.5,172.8000030517578,175.89999389648438,179.3000030517578,177.3000030517578,173.0,28.299999237060547,171.3000030517578,138.3000030517578,67.19999694824219,145.8000030517578,33.69898223876953,1.1349456310272217,1.6784430742263794,1.835121750831604,0.7966788411140442,0.6598188281059265,14.754250526428223
152.39999389648438,144.89999389648438,149.0,154.6999969482422,172.60000610351562,172.10000610351562,176.10000610351562,179.6999969482422,176.60000610351562,169.8000030517578,31.0,170.89999389648438,138.5,68.19999694824219,145.0,34.588199615478516,1.1462699174880981,1.724292516708374,1.8506206274032593,0.812389075756073,0.6810817718505859,12.65513801574707
150.60000610351562,146.1999969482422,150.60000610351562,154.39999389648438,169.5,172.6999969482422,175.39999389648438,179.60000610351562,173.0,169.6999969482422,32.599998474121094,166.60000610351562,135.39999389648438,69.0,145.10000610351562,32.549625396728516,1.1451973915100098,1.7015866041183472,1.8668296337127686,0.7828428745269775,0.6581742763519287,14.551055908203125
151.60000610351562,144.60000610351562,150.3000030517578,154.0,169.8000030517578,173.39999389648438,175.89999389648438,179.3000030517578,174.39999389648438,169.1999969482422,35.5,166.5,138.60000610351562,71.30000305175781,144.39999389648438,32.13913345336914,1.1445701122283936,1.7017223834991455,1.8645665645599365,0.8071903586387634,0.691444456577301,13.06108283996582
154.0,144.10000610351562,149.5,157.89999389648438,171.0,174.6999969482422,174.89999389648438,178.6999969482422,174.5,163.6999969482422,41.79999923706055,163.39999389648438,134.8000030517578,72.80000305175781,144.89999389648438,31.52212142944336,1.1459321975708008,1.7180496454238892,1.8581759929656982,0.7931256890296936,0.6789600849151611,13.381160736083984
153.6999969482422,145.0,149.8000030517578,158.10000610351562,171.8000030517578,172.39999389648438,173.60000610351562,179.60000610351562,174.5,164.0,40.0,164.60000610351562,132.89999389648438,72.0,148.60000610351562,32.1482048034668,1.1486868858337402,1.7274158000946045,1.8672610521316528,0.7827338576316833,0.6832367777824402,14.644407272338867
154.0,144.1999969482422,150.5,158.0,169.5,174.0,173.8000030517578,179.10000610351562,174.10000610351562,164.60000610351562,40.0,163.0,133.6999969482422,72.19999694824219,143.89999389648438,32.10880661010742,1.1352907419204712,1.7158753871917725,1.8764923810958862,0.780551016330719,0.6717809438705444,13.857192993164062
154.39999389648438,145.0,150.1999969482422,157.5,169.89999389648438,173.0,173.8000030517578,179.5,174.6999969482422,165.39999389648438,40.5,163.8000030517578,135.39999389648438,72.0999984741211,147.39999389648438,33.31209945678711,1.155588984489441,1.7273894548416138,1.8925590515136719,0.7980501055717468,0.6849850416183472,13.084455490112305
154.1999969482422,144.39999389648438,151.60000610351562,158.0,168.6999969482422,174.5,173.60000610351562,179.6999969482422,174.3000030517578,165.5,39.79999923706055,161.60000610351562,135.10000610351562,71.80000305175781,143.89999389648438,31.503246307373047,1.1414715051651,1.7074854373931885,1.8683222532272339,0.7735959887504578,0.6677960753440857,13.824114799499512
152.89999389648438,146.6999969482422,149.89999389648438,156.3000030517578,172.1999969482422,169.89999389648438,174.10000610351562,180.0,175.6999969482422,166.0,38.70000076293945,165.10000610351562,133.8000030517578,71.9000015258789,147.6999969482422,32.683467864990234,1.1720819473266602,1.733080506324768,1.8876951932907104,0.7939436435699463,0.6693267226219177,14.368176460266113
149.89999389648438,146.39999389648438,151.1999969482422,154.0,168.10000610351562,174.39999389648438,176.3000030517578,178.6999969482422,173.5,168.10000610351562,28.5,172.8000030517578,135.6999969482422,65.80000305175781,148.0,31.44020652770996,1.1476552486419678,1.7091068029403687,1.8602043390274048,0.7463104128837585,0.6493667960166931,13.432568550109863
151.39999389648438,144.3000030517578,151.8000030517578,152.89999389648438,168.6999969482422,174.3000030517578,176.6999969482422,177.0,171.89999389648438,174.3000030517578,21.899999618530273,176.0,144.10000610351562,60.29999923706055,151.3000030517578,34.08266067504883,1.1508591175079346,1.7072664499282837,1.845389485359192,0.7654418349266052,0.6929059624671936,13.141085624694824
150.60000610351562,145.6999969482422,148.1999969482422,152.3000030517578,167.3000030517578,173.8000030517578,176.8000030517578,175.1999969482422,173.1999969482422,177.0,17.100000381469727,176.6999969482422,145.60000610351562,59.0,146.60000610351562,31.975481033325195,1.110203504562378,1.6668773889541626,1.792850136756897,0.7483883500099182,0.6759245991706848,13.8877534866333
153.3000030517578,140.89999389648438,143.3000030517578,150.8000030517578,165.3000030517578,170.3000030517578,177.6999969482422,175.8000030517578,177.39999389648438,178.8000030517578,11.699999809265137,178.6999969482422,143.39999389648438,53.20000076293945,143.8000030517578,31.65450668334961,1.0445226430892944,1.6409775018692017,1.7390996217727661,0.6532098650932312,0.6424948573112488,19.007854461669922
146.89999389648438,143.8000030517578,150.89999389648438,151.3000030517578,167.0,168.3000030517578,179.89999389648438,173.8000030517578,176.39999389648438,172.6999969482422,1.2999999523162842,178.5,155.60000610351562,42.0,142.5,29.802553176879883,1.1295527219772339,1.7118738889694214,1.7877521514892578,0.7237616181373596,0.7141028046607971,17.196863174438477
144.60000610351562,145.1999969482422,154.8000030517578,151.8000030517578,167.10000610351562,168.3000030517578,178.5,171.0,175.89999389648438,171.1999969482422,0.8999999761581421,178.3000030517578,160.89999389648438,41.099998474121094,142.10000610351562,30.100614547729492,1.139751672744751,1.7166366577148438,1.8062323331832886,0.7640025615692139,0.7484368681907654,15.268816947937012
143.8000030517578,145.89999389648438,156.0,152.5,167.10000610351562,165.6999969482422,178.5,171.8000030517578,176.60000610351562,169.39999389648438,5.300000190734863,175.10000610351562,163.60000610351562,38.400001525878906,142.1999969482422,29.453054428100586,1.1683886051177979,1.7257097959518433,1.8234869241714478,0.7623682618141174,0.7587738633155823,13.252662658691406
143.10000610351562,148.10000610351562,154.8000030517578,154.10000610351562,166.6999969482422,164.89999389648438,178.3000030517578,168.5,177.39999389648438,162.1999969482422,15.5,168.60000610351562,170.8000030517578,27.5,152.39999389648438,27.53432273864746,1.1864581108093262,1.738822102546692,1.8171464204788208,0.7570071816444397,0.7629386186599731,10.825616836547852
145.60000610351562,145.89999389648438,156.5,152.6999969482422,167.60000610351562,163.10000610351562,179.60000610351562,173.3000030517578,179.89999389648438,156.3000030517578,24.899999618530273,161.89999389648438,179.1999969482422,11.399999618530273,165.0,27.483854293823242,1.1955958604812622,1.754254698753357,1.8544847965240479,0.7780572772026062,0.7828285694122314,8.293377876281738
142.3000030517578,148.10000610351562,155.1999969482422,151.39999389648438,169.8000030517578,161.60000610351562,179.60000610351562,167.3000030517578,177.39999389648438,153.89999389648438,30.5,155.60000610351562,177.10000610351562,2.299999952316284,174.0,23.048320770263672,1.2044081687927246,1.7437752485275269,1.844487190246582,0.8186585307121277,0.7829722166061401,4.86603307723999
143.0,151.1999969482422,156.1999969482422,151.5,169.10000610351562,162.10000610351562,176.8000030517578,172.0,178.6999969482422,147.1999969482422,38.599998474121094,155.39999389648438,171.5,10.100000381469727,176.5,24.135913848876953,1.2186095714569092,1.7353519201278687,1.8319365978240967,0.7604048252105713,0.7804368734359741,6.037069320678711
141.0,145.5,156.60000610351562,151.8000030517578,166.60000610351562,163.89999389648438,179.3000030517578,170.60000610351562,175.0,152.0,25.799999237060547,162.6999969482422,178.10000610351562,5.0,177.3000030517578,22.484872817993164,1.2248481512069702,1.7712974548339844,1.8737387657165527,0.8099268674850464,0.8278990387916565,6.121186256408691
140.39999389648438,149.6999969482422,159.6999969482422,152.39999389648438,165.1999969482422,166.39999389648438,178.89999389648438,169.0,175.1999969482422,160.8000030517578,24.200000762939453,156.5,171.89999389648438,20.200000762939453,160.3000030517578,25.6132869720459,1.2501486539840698,1.7709828615188599,1.8674863576889038,0.8259657621383667,0.8584735989570618,8.604033470153809
142.1999969482422,147.1999969482422,161.1999969482422,151.3000030517578,166.5,164.0,178.3000030517578,170.3000030517578,178.6999969482422,156.39999389648438,26.200000762939453,162.89999389648438,176.10000610351562,16.899999618530273,157.0,26.203176498413086,1.2208269834518433,1.728732943534851,1.844366192817688,0.7858217358589172,0.7932912111282349,8.122770309448242
141.6999969482422,150.0,157.39999389648438,151.6999969482422,166.10000610351562,164.1999969482422,178.1999969482422,170.5,175.8000030517578,159.10000610351562,26.600000381469727,158.0,178.3000030517578,26.700000762939453,149.8000030517578,25.828779220581055,1.2351018190383911,1.7447725534439087,1.8526142835617065,0.8455850481987,0.8462918400764465,7.317550182342529
144.10000610351562,146.89999389648438,158.89999389648438,151.3000030517578,166.1999969482422,164.10000610351562,178.89999389648438,168.89999389648438,174.0,155.8000030517578,27.100000381469727,159.5,177.6999969482422,6.5,169.5,26.525922775268555,1.2223726511001587,1.7332075834274292,1.8517818450927734,0.844059944152832,0.8448072671890259,5.653751373291016
141.39999389648438,148.5,161.5,152.10000610351562,165.39999389648438,164.89999389648438,178.60000610351562,172.5,177.10000610351562,163.8000030517578,23.100000381469727,156.60000610351562,176.1999969482422,26.200000762939453,153.60000610351562,24.224597930908203,1.2436379194259644,1.7563986778259277,1.859040379524231,0.8848968744277954,0.8870635032653809,3.6296303272247314
144.6999969482422,146.1999969482422,161.89999389648438,151.3000030517578,164.1999969482422,161.60000610351562,176.3000030517578,170.10000610351562,176.10000610351562,155.6999969482422,29.100000381469727,157.3000030517578,178.0,2.299999952316284,174.39999389648438,27.40233612060547,1.2439016103744507,1.7356570959091187,1.836113452911377,0.8717300295829773,0.8791781663894653,6.071652889251709
144.8000030517578,147.3000030517578,160.60000610351562,151.8000030517578,165.0,163.39999389648438,176.0,168.5,174.5,152.10000610351562,32.400001525878906,159.3000030517578,176.5,0.20000000298023224,176.89999389648438,26.492141723632812,1.2085164785385132,1.7211004495620728,1.812185287475586,0.8339713215827942,0.8255645632743835,7.117446422576904
144.0,147.60000610351562,159.0,154.1999969482422,162.8000030517578,162.39999389648438,177.60000610351562,166.6999969482422,174.3000030517578,153.3000030517578,29.799999237060547,159.89999389648438,179.6999969482422,2.299999952316284,175.89999389648438,26.689987182617188,1.2224557399749756,1.7261971235275269,1.8084059953689575,0.8378384113311768,0.8441392183303833,7.393409729003906
144.89999389648438,145.6999969482422,161.0,151.89999389648438,164.89999389648438,161.39999389648438,176.89999389648438,169.5,178.5,152.60000610351562,29.0,163.39999389648438,178.8000030517578,2.0,174.5,26.18683624267578,1.1949645280838013,1.7063593864440918,1.8183077573776245,0.818835973739624,0.8040958046913147,7.6620306968688965
146.0,143.5,157.39999389648438,151.8000030517578,165.89999389648438,161.60000610351562,179.60000610351562,171.89999389648438,178.39999389648438,160.0,19.200000762939453,163.60000610351562,172.3000030517578,26.899999618530273,156.8000030517578,26.525880813598633,1.195838451385498,1.7216174602508545,1.8561729192733765,0.7996824979782104,0.8210418820381165,7.911701679229736
144.10000610351562,145.6999969482422,159.0,152.5,164.10000610351562,163.8000030517578,178.8000030517578,169.89999389648438,177.5,158.8000030517578,27.5,159.39999389648438,177.89999389648438,21.299999237060547,154.0,25.244979858398438,1.1968882083892822,1.7102993726730347,1.8287169933319092,0.8198142647743225,0.835314929485321,6.603133201599121
146.39999389648438,143.5,152.1999969482422,150.8000030517578,163.60000610351562,166.5,179.8000030517578,169.3000030517578,177.39999389648438,159.5,20.700000762939453,166.5,171.39999389648438,30.5,153.8000030517578,28.761398315429688,1.1633044481277466,1.72367262840271,1.8390028476715088,0.7711058259010315,0.8221380710601807,9.160053253173828
148.39999389648438,142.39999389648438,153.60000610351562,155.10000610351562,164.60000610351562,166.1999969482422,179.6999969482422,172.10000610351562,178.39999389648438,160.3000030517578,17.0,167.89999389648438,168.60000610351562,25.799999237060547,162.6999969482422,29.378128051757812,1.1559398174285889,1.7202930450439453,1.8059953451156616,0.8173876404762268,0.771831750869751,10.054342269897461
147.5,141.5,156.39999389648438,152.3000030517578,166.1999969482422,167.6999969482422,179.60000610351562,169.39999389648438,172.8000030517578,162.3000030517578,15.300000190734863,167.8000030517578,175.60000610351562,15.800000190734863,163.60000610351562,31.967247009277344,1.179241418838501,1.7321968078613281,1.857602834701538,0.8334129452705383,0.7741534113883972,6.828495025634766
145.5,146.1999969482422,155.1999969482422,150.39999389648438,171.60000610351562,167.3000030517578,177.8000030517578,169.89999389648438,176.8000030517578,170.60000610351562,8.399999618530273,168.8000030517578,163.10000610351562,33.79999923706055,149.8000030517578,34.536956787109375,1.18643319606781,1.7385079860687256,1.826500654220581,0.8473489284515381,0.7761609554290771,8.032069206237793
152.5,144.6999969482422,147.3000030517578,150.3000030517578,170.60000610351562,170.3000030517578,177.89999389648438,172.3000030517578,176.6999969482422,175.89999389648438,0.6000000238418579,178.8000030517578,160.3000030517578,35.70000076293945,152.60000610351562,36.6746826171875,1.1623358726501465,1.7200970649719238,1.8270624876022339,0.8018443584442139,0.7449353933334351,6.8518500328063965
155.6999969482422,146.5,146.0,151.39999389648438,171.39999389648438,169.10000610351562,179.0,176.5,176.3000030517578,179.60000610351562,6.800000190734863,179.8000030517578,164.1999969482422,41.599998474121094,139.5,37.12168502807617,1.1806260347366333,1.7166821956634521,1.8452608585357666,0.8466179370880127,0.7973564267158508,3.0198826789855957
159.89999389648438,145.0,143.60000610351562,151.5,165.39999389648438,170.0,177.39999389648438,173.0,177.6999969482422,177.5,8.399999618530273,179.8000030517578,159.39999389648438,47.70000076293945,147.10000610351562,40.14978790283203,1.2471532821655273,1.7681529521942139,1.9354509115219116,0.9913358688354492,0.83883136510849,6.19602632522583
157.0,145.10000610351562,140.89999389648438,153.60000610351562,168.39999389648438,170.1999969482422,178.60000610351562,179.1999969482422,177.0,179.60000610351562,16.399999618530273,171.3000030517578,160.1999969482422,46.70000076293945,143.6999969482422,37.116180419921875,1.1790440082550049,1.746022343635559,1.8893988132476807,0.9154571890830994,0.8023708462715149,6.1728835105896
158.10000610351562,149.60000610351562,134.5,154.3000030517578,168.39999389648438,166.89999389648438,178.3000030517578,176.10000610351562,174.89999389648438,178.60000610351562,13.300000190734863,179.6999969482422,157.0,51.099998474121094,141.8000030517578,37.633827209472656,1.1599504947662354,1.7359092235565186,1.8587487936019897,0.8732380270957947,0.7854955792427063,8.279419898986816
159.0,149.0,134.60000610351562,155.5,168.0,168.5,178.1999969482422,176.8000030517578,177.0,179.39999389648438,16.700000762939453,173.3000030517578,156.5,49.79999923706055,144.89999389648438,37.06696319580078,1.1491045951843262,1.7453397512435913,1.8496315479278564,0.856464147567749,0.7822137475013733,8.131998062133789
158.5,147.8000030517578,136.89999389648438,154.89999389648438,167.39999389648438,172.6999969482422,180.0,179.6999969482422,174.60000610351562,176.5,19.899999618530273,170.8000030517578,156.10000610351562,51.5,142.39999389648438,38.471343994140625,1.1888675689697266,1.7712750434875488,1.8685368299484253,0.8710923790931702,0.8147299289703369,9.067302703857422
161.10000610351562,147.89999389648438,135.60000610351562,154.60000610351562,167.3000030517578,173.1999969482422,179.5,179.1999969482422,171.89999389648438,178.1999969482422,19.0,172.39999389648438,157.10000610351562,47.400001525878906,148.89999389648438,39.57441711425781,1.2184791564941406,1.761806607246399,1.8762811422348022,0.9455832839012146,0.8576293587684631,7.773763179779053
161.60000610351562,148.1999969482422,135.39999389648438,153.5,168.1999969482422,170.8000030517578,179.60000610351562,179.89999389648438,173.10000610351562,176.0,19.799999237060547,173.39999389648438,154.10000610351562,48.5,149.89999389648438,41.352027893066406,1.2315165996551514,1.766525387763977,1.88093900680542,0.9427748918533325,0.8459728956222534,7.4830827713012695
161.8000030517578,148.89999389648438,137.39999389648438,153.6999969482422,169.3000030517578,171.39999389648438,178.6999969482422,177.3000030517578,172.8000030517578,177.60000610351562,18.0,172.60000610351562,156.3000030517578,49.70000076293945,148.39999389648438,42.151309967041016,1.2539947032928467,1.7826545238494873,1.8940492868423462,0.9867206811904907,0.8900279402732849,6.412909030914307
162.39999389648438,149.10000610351562,134.8000030517578,152.8000030517578,167.89999389648438,172.6999969482422,178.6999969482422,178.3000030517578,172.3000030517578,178.0,19.299999237060547,171.89999389648438,157.39999389648438,46.900001525878906,150.1999969482422,42.50185012817383,1.2304176092147827,1.7612775564193726,1.8729448318481445,0.960990846157074,0.8692691922187805,8.024511337280273
165.0,147.3000030517578,134.5,151.6999969482422,168.3000030517578,170.1999969482422,178.5,179.5,173.0,179.6999969482422,15.5,174.39999389648438,158.60000610351562,45.900001525878906,150.5,46.016700744628906,1.2288763523101807,1.758303165435791,1.8826003074645996,0.9770660400390625,0.8638928532600403,6.672941207885742
165.39999389648438,147.0,135.6999969482422,150.89999389648438,168.0,169.6999969482422,177.89999389648438,178.1999969482422,169.1999969482422,178.89999389648438,13.899999618530273,176.8000030517578,159.3000030517578,45.400001525878906,151.60000610351562,46.23037338256836,1.2421621084213257,1.7617464065551758,1.8759546279907227,0.9895816445350647,0.8622758984565735,5.704878807067871
166.3000030517578,147.39999389648438,134.3000030517578,151.5,166.8000030517578,169.1999969482422,177.10000610351562,177.89999389648438,171.10000610351562,178.60000610351562,12.399999618530273,177.6999969482422,159.39999389648438,43.400001525878906,154.1999969482422,46.38331985473633,1.2327542304992676,1.7505930662155151,1.8700922727584839,0.9878730773925781,0.8683952689170837,5.873687744140625
166.6999969482422,145.89999389648438,139.10000610351562,149.89999389648438,169.10000610351562,170.39999389648438,177.0,175.8000030517578,168.0,177.60000610351562,11.399999618530273,176.5,160.10000610351562,40.0,155.89999389648438,48.43104934692383,1.2478786706924438,1.754431962966919,1.8617424964904785,0.9970592260360718,0.8697862029075623,6.704111576080322
166.60000610351562,144.6999969482422,133.3000030517578,150.5,169.0,168.39999389648438,178.8000030517578,175.60000610351562,169.1999969482422,179.6999969482422,12.600000381469727,177.6999969482422,159.5,40.70000076293945,154.0,47.21803283691406,1.2334198951721191,1.7640231847763062,1.8783460855484009,0.9870526790618896,0.8621541261672974,6.04718017578125
166.10000610351562,148.3000030517578,134.89999389648438,151.1999969482422,170.10000610351562,170.89999389648438,177.6999969482422,175.3000030517578,166.6999969482422,178.5,16.200000762939453,174.6999969482422,158.0,43.400001525878906,154.5,46.59176254272461,1.24461030960083,1.7535278797149658,1.852323055267334,0.9651672840118408,0.8620238304138184,6.620555400848389
163.39999389648438,148.39999389648438,136.89999389648438,153.39999389648438,168.3000030517578,171.1999969482422,175.8000030517578,173.10000610351562,167.8000030517578,179.10000610351562,19.100000381469727,171.5,153.3000030517578,54.5,146.60000610351562,42.65034103393555,1.2392666339874268,1.7603967189788818,1.842612385749817,1.005188226699829,0.850007176399231,8.951019287109375
163.60000610351562,147.39999389648438,134.5,155.60000610351562,167.6999969482422,172.89999389648438,174.6999969482422,168.5,166.39999389648438,178.39999389648438,19.700000762939453,170.5,153.5,56.5,145.8000030517578,41.253238677978516,1.2257404327392578,1.7411829233169556,1.8178917169570923,0.9864056706428528,0.8595340847969055,8.034514427185059
162.39999389648438,146.39999389648438,137.89999389648438,156.3000030517578,169.6999969482422,176.3000030517578,174.1999969482422,167.39999389648438,164.6999969482422,174.6999969482422,21.700000762939453,171.3000030517578,155.0,58.20000076293945,139.3000030517578,40.79738998413086,1.239905834197998,1.7550365924835205,1.808138370513916,0.9732332229614258,0.868069589138031,5.348617076873779
152.0,142.39999389648438,144.89999389648438,150.10000610351562,169.1999969482422,171.89999389648438,179.6999969482422,179.3000030517578,173.5,179.8000030517578,12.800000190734863,177.1999969482422,158.0,63.900001525878906,133.89999389648438,35.28267288208008,1.1436076164245605,1.6995694637298584,1.8254331350326538,0.9447882771492004,0.8183443546295166,6.875522613525391
152.10000610351562,146.1999969482422,145.8000030517578,151.60000610351562,170.1999969482422,170.10000610351562,178.8000030517578,178.1999969482422,174.8000030517578,179.5,5.699999809265137,176.89999389648438,161.3000030517578,59.400001525878906,131.0,32.76227569580078,1.1549562215805054,1.694992184638977,1.8252168893814087,0.9233503341674805,0.8152061104774475,3.7387635707855225
151.8000030517578,144.60000610351562,147.89999389648438,152.39999389648438,169.10000610351562,171.5,177.1999969482422,175.60000610351562,173.8000030517578,179.1999969482422,7.199999809265137,177.10000610351562,159.6999969482422,50.70000076293945,140.3000030517578,33.75246810913086,1.168105959892273,1.7074280977249146,1.8306796550750732,0.9003445506095886,0.7976665496826172,3.9969749450683594
152.6999969482422,142.10000610351562,149.0,152.0,168.89999389648438,172.8000030517578,178.89999389648438,177.89999389648438,174.10000610351562,179.1999969482422,6.599999904632568,177.5,162.39999389648438,59.0,131.6999969482422,35.33743667602539,1.2063699960708618,1.7318941354751587,1.8795121908187866,0.9898552298545837,0.8515790104866028,4.280562877655029
152.3000030517578,141.0,146.6999969482422,151.1999969482422,168.6999969482422,171.6999969482422,178.3000030517578,177.5,174.39999389648438,179.1999969482422,9.600000381469727,179.6999969482422,160.5,63.20000076293945,127.69999694824219,35.03663635253906,1.1525951623916626,1.7051138877868652,1.8506531715393066,0.9512940645217896,0.8265962600708008,3.6511716842651367
152.6999969482422,141.89999389648438,146.39999389648438,150.1999969482422,169.1999969482422,172.39999389648438,179.1999969482422,177.89999389648438,174.5,179.0,9.899999618530273,179.60000610351562,158.5,68.5,126.69999694824219,35.109100341796875,1.134495735168457,1.6848572492599487,1.8378628492355347,0.9188112616539001,0.8116349577903748,4.83631706237793
153.1999969482422,142.6999969482422,144.1999969482422,151.0,170.39999389648438,170.89999389648438,178.8000030517578,179.8000030517578,175.3000030517578,176.89999389648438,15.100000381469727,177.6999969482422,156.8000030517578,72.69999694824219,125.69999694824219,36.06976318359375,1.1418343782424927,1.7049616575241089,1.8402520418167114,0.9375647306442261,0.8379300832748413,4.623578071594238
154.1999969482422,143.3000030517578,144.10000610351562,150.3000030517578,169.60000610351562,171.8000030517578,179.0,178.39999389648438,176.0,178.8000030517578,10.699999809265137,178.89999389648438,158.8000030517578,68.5999984741211,127.9000015258789,37.35999298095703,1.1693012714385986,1.7170501947402954,1.852392554283142,0.9676582217216492,0.8541598916053772,4.358656406402588
153.5,142.60000610351562,143.60000610351562,151.6999969482422,172.0,173.1999969482422,178.3000030517578,179.1999969482422,173.8000030517578,178.5,16.600000381469727,175.1999969482422,155.5,66.4000015258789,133.39999389648438,37.11198043823242,1.1598896980285645,1.728822946548462,1.8624544143676758,0.9657279253005981,0.8305151462554932,7.20562744140625
153.39999389648438,144.5,142.0,150.8000030517578,170.6999969482422,175.6999969482422,177.10000610351562,179.1999969482422,173.1999969482422,177.89999389648438,17.600000381469727,175.89999389648438,155.1999969482422,69.5,131.6999969482422,37.1379280090332,1.1477622985839844,1.7195320129394531,1.8438613414764404,0.9595506191253662,0.8378501534461975,6.51365327835083
153.8000030517578,144.60000610351562,142.8000030517578,151.5,170.89999389648438,173.10000610351562,176.5,179.89999389648438,176.60000610351562,176.8000030517578,20.700000762939453,174.39999389648438,155.60000610351562,67.69999694824219,131.1999969482422,38.27083206176758,1.1959598064422607,1.7639998197555542,1.913000464439392,1.041170358657837,0.8765077590942383,5.064165115356445
154.60000610351562,143.6999969482422,142.89999389648438,149.1999969482422,170.0,172.1999969482422,177.5,177.39999389648438,175.3000030517578,178.1999969482422,17.200000762939453,174.8000030517578,153.8000030517578,63.70000076293945,135.8000030517578,39.38100814819336,1.162964105606079,1.7228063344955444,1.8951590061187744,0.972806453704834,0.8212554454803467,8.685744285583496
153.1999969482422,142.1999969482422,146.8000030517578,150.5,172.39999389648438,173.3000030517578,176.60000610351562,175.3000030517578,170.89999389648438,175.6999969482422,16.200000762939453,176.0,151.89999389648438,58.29999923706055,143.10000610351562,38.82828140258789,1.161440372467041,1.743518352508545,1.8653136491775513,0.9539385437965393,0.8172763586044312,6.913849353790283
154.6999969482422,140.6999969482422,144.60000610351562,147.89999389648438,170.39999389648438,174.39999389648438,177.1999969482422,177.60000610351562,173.1999969482422,179.0,12.399999618530273,179.8000030517578,155.1999969482422,59.79999923706055,140.60000610351562,39.70195770263672,1.152884602546692,1.7144063711166382,1.8617080450057983,0.961006224155426,0.8165433406829834,7.766665935516357
154.0,139.10000610351562,144.6999969482422,150.89999389648438,170.89999389648438,174.0,178.5,179.89999389648438,171.8000030517578,177.6999969482422,18.700000762939453,178.10000610351562,155.39999389648438,66.19999694824219,134.60000610351562,37.63725280761719,1.1349339485168457,1.7302607297897339,1.8502800464630127,0.9962947368621826,0.8454209566116333,6.582177639007568
150.89999389648438,143.6999969482422,143.89999389648438,149.39999389648438,170.89999389648438,171.0,177.8000030517578,178.10000610351562,175.0,177.89999389648438,16.600000381469727,174.60000610351562,155.89999389648438,64.5,133.3000030517578,36.09898376464844,1.176802158355713,1.7250049114227295,1.8705579042434692,0.988091230392456,0.8482741713523865,6.060606479644775
151.60000610351562,145.6999969482422,146.1999969482422,151.0,170.6999969482422,169.3000030517578,177.1999969482422,173.39999389648438,173.39999389648438,179.39999389648438,6.300000190734863,178.10000610351562,160.1999969482422,55.29999923706055,133.1999969482422,34.69157791137695,1.1403356790542603,1.6947429180145264,1.8178341388702393,0.9071014523506165,0.8030018210411072,3.77832293510437
150.6999969482422,146.10000610351562,148.10000610351562,150.6999969482422,168.5,171.1999969482422,178.39999389648438,174.60000610351562,173.1999969482422,177.60000610351562,0.8999999761581421,173.8000030517578,164.1999969482422,51.099998474121094,136.89999389648438,33.64590072631836,1.1776888370513916,1.6974419355392456,1.8478561639785767,0.926414430141449,0.8234061002731323,2.76524019241333
151.60000610351562,143.0,145.10000610351562,148.89999389648438,169.89999389648438,170.39999389648438,178.0,174.60000610351562,172.6999969482422,177.6999969482422,6.699999809265137,177.89999389648438,160.8000030517578,57.79999923706055,132.0,35.86115264892578,1.1242648363113403,1.6887284517288208,1.836026668548584,0.9242312908172607,0.7996839284896851,5.509646892547607
150.1999969482422,144.5,144.1999969482422,149.8000030517578,167.3000030517578,171.10000610351562,178.6999969482422,175.10000610351562,173.3000030517578,177.1999969482422,3.0,175.8000030517578,162.0,57.099998474121094,129.1999969482422,32.693702697753906,1.1083389520645142,1.6613645553588867,1.8081194162368774,0.9083402752876282,0.7920185923576355,4.894813537597656
147.8000030517578,145.8000030517578,146.89999389648438,150.10000610351562,168.10000610351562,170.0,177.8000030517578,174.8000030517578,172.6999969482422,177.10000610351562,0.699999988079071,173.1999969482422,163.6999969482422,48.400001525878906,134.0,31.8645076751709,1.1187000274658203,1.6652621030807495,1.8048691749572754,0.900526762008667,0.8028753995895386,3.3079373836517334
145.89999389648438,145.8000030517578,147.3000030517578,149.6999969482422,168.89999389648438,169.10000610351562,177.1999969482422,173.0,173.39999389648438,175.1999969482422,1.7000000476837158,170.6999969482422,165.89999389648438,53.900001525878906,128.6999969482422,31.471853256225586,1.137032151222229,1.6952441930770874,1.8158379793167114,0.9373298287391663,0.8409005999565125,3.387700080871582
145.89999389648438,147.5,149.39999389648438,149.89999389648438,170.60000610351562,169.3000030517578,177.10000610351562,172.89999389648438,174.39999389648438,174.89999389648438,4.099999904632568,172.10000610351562,167.89999389648438,45.0,134.39999389648438,30.94078254699707,1.1434614658355713,1.6981123685836792,1.8214441537857056,0.9115812182426453,0.8278874158859253,1.6798311471939087
146.6999969482422,146.1999969482422,148.39999389648438,148.60000610351562,172.89999389648438,166.3000030517578,179.0,174.39999389648438,172.39999389648438,174.5,3.5999999046325684,169.39999389648438,168.10000610351562,55.400001525878906,123.69999694824219,33.13260269165039,1.1471320390701294,1.6904414892196655,1.8169199228286743,0.9114832878112793,0.8515738248825073,4.707243919372559
146.1999969482422,144.5,150.39999389648438,150.39999389648438,169.8000030517578,166.60000610351562,177.1999969482422,173.6999969482422,175.1999969482422,176.0,0.10000000149011612,170.10000610351562,162.39999389648438,49.0,138.6999969482422,31.295433044433594,1.1419750452041626,1.6958651542663574,1.8405239582061768,0.8695752620697021,0.8030105829238892,6.159756183624268
145.8000030517578,144.5,152.1999969482422,150.1999969482422,169.39999389648438,166.39999389648438,178.1999969482422,174.5,175.60000610351562,174.60000610351562,0.20000000298023224,170.39999389648438,161.8000030517578,55.20000076293945,129.60000610351562,33.678409576416016,1.1678075790405273,1.7123717069625854,1.8731003999710083,0.8967586755752563,0.7916568517684937,8.809499740600586
146.6999969482422,145.60000610351562,151.0,148.5,170.3000030517578,166.89999389648438,178.6999969482422,173.3000030517578,174.5,173.39999389648438,1.5,171.1999969482422,160.89999389648438,46.5,139.3000030517578,32.59994888305664,1.1335021257400513,1.6723119020462036,1.8152819871902466,0.8345041871070862,0.7446010112762451,8.298232078552246
148.8000030517578,141.3000030517578,152.10000610351562,150.5,168.1999969482422,166.5,179.3000030517578,175.3000030517578,175.60000610351562,170.89999389648438,4.199999809265137,177.6999969482422,157.1999969482422,41.29999923706055,148.8000030517578,30.4593505859375,1.0796687602996826,1.6559253931045532,1.797258973121643,0.74343341588974,0.6836659908294678,13.593550682067871
148.1999969482422,142.6999969482422,153.39999389648438,150.6999969482422,168.3000030517578,166.89999389648438,179.1999969482422,175.5,177.1999969482422,172.5,4.400000095367432,179.5,157.89999389648438,41.79999923706055,147.1999969482422,31.756458282470703,1.1202529668807983,1.6827656030654907,1.8212429285049438,0.7711042165756226,0.6874881982803345,11.230317115783691
147.8000030517578,142.39999389648438,154.1999969482422,150.8000030517578,168.0,167.89999389648438,179.10000610351562,175.0,175.1999969482422,172.89999389648438,6.0,179.10000610351562,156.5,43.099998474121094,146.60000610351562,32.5418586730957,1.1089445352554321,1.685482382774353,1.8092360496520996,0.7427625060081482,0.6848188042640686,13.770476341247559
148.89999389648438,142.60000610351562,152.10000610351562,150.1999969482422,168.89999389648438,168.10000610351562,178.60000610351562,175.1999969482422,176.3000030517578,172.89999389648438,5.300000190734863,179.8000030517578,155.8000030517578,45.400001525878906,145.10000610351562,34.16879653930664,1.1128584146499634,1.6801023483276367,1.8046579360961914,0.7638429999351501,0.6908392906188965,13.120484352111816
148.1999969482422,143.3000030517578,152.3000030517578,149.8000030517578,170.1999969482422,166.89999389648438,179.0,173.39999389648438,176.3000030517578,172.89999389648438,1.2999999523162842,174.5,159.6999969482422,44.29999923706055,142.1999969482422,33.09370803833008,1.1132153272628784,1.679692029953003,1.7941735982894897,0.7688717246055603,0.7105217576026917,12.332778930664062
147.0,142.1999969482422,155.89999389648438,150.8000030517578,170.10000610351562,165.0,179.60000610351562,176.89999389648438,176.89999389648438,167.3000030517578,2.299999952316284,175.60000610351562,164.39999389648438,38.099998474121094,146.60000610351562,32.017940521240234,1.1604139804840088,1.7066190242767334,1.8407078981399536,0.8114628791809082,0.7605293989181519,12.65751838684082
147.10000610351562,142.8000030517578,156.10000610351562,149.89999389648438,170.89999389648438,166.6999969482422,178.8000030517578,173.10000610351562,173.89999389648438,171.0,0.0,170.89999389648438,163.60000610351562,40.900001525878906,149.6999969482422,35.440185546875,1.1803215742111206,1.7301133871078491,1.8475050926208496,0.8592803478240967,0.7743772268295288,9.683609962463379
150.8000030517578,140.0,149.10000610351562,148.60000610351562,168.0,169.10000610351562,179.8000030517578,176.3000030517578,173.3000030517578,173.8000030517578,9.0,179.3000030517578,154.5,48.20000076293945,144.8000030517578,34.696937561035156,1.0784921646118164,1.6652617454528809,1.8043315410614014,0.770768404006958,0.7123978137969971,15.228528022766113
149.5,141.8000030517578,148.10000610351562,147.6999969482422,169.0,170.10000610351562,179.10000610351562,179.5,173.6999969482422,176.89999389648438,8.5,179.3000030517578,154.89999389648438,55.599998474121094,137.39999389648438,34.34613037109375,1.0948631763458252,1.6635618209838867,1.8209221363067627,0.8089582920074463,0.7382474541664124,11.606073379516602
151.1999969482422,141.39999389648438,146.60000610351562,149.89999389648438,167.10000610351562,172.3000030517578,179.5,177.3000030517578,174.5,176.0,9.300000190734863,175.0,151.0,48.400001525878906,149.1999969482422,32.74664306640625,1.0674787759780884,1.6578187942504883,1.7922629117965698,0.7578904628753662,0.6973439455032349,14.874744415283203
150.0,141.8000030517578,149.10000610351562,148.8000030517578,168.89999389648438,172.0,178.60000610351562,175.89999389648438,174.3000030517578,179.89999389648438,10.600000381469727,178.5,152.3000030517578,49.5,142.6999969482422,33.82848358154297,1.0856133699417114,1.6768486499786377,1.8183873891830444,0.760509729385376,0.7196779251098633,13.76716423034668
150.0,143.39999389648438,149.60000610351562,148.5,169.6999969482422,171.60000610351562,178.10000610351562,174.89999389648438,174.10000610351562,179.0,7.900000095367432,179.1999969482422,150.8000030517578,50.400001525878906,144.8000030517578,34.44395065307617,1.093438982963562,1.6596488952636719,1.8172543048858643,0.7492877840995789,0.6924676895141602,13.142900466918945
151.60000610351562,140.5,148.0,147.8000030517578,168.0,171.1999969482422,179.89999389648438,176.5,173.60000610351562,175.5,7.800000190734863,177.5,154.60000610351562,46.20000076293945,149.10000610351562,34.99064636230469,1.0783541202545166,1.6622214317321777,1.805443286895752,0.7580157518386841,0.6903167963027954,13.11809253692627
151.8000030517578,141.89999389648438,148.8000030517578,149.3000030517578,169.60000610351562,170.8000030517578,179.0,176.5,175.39999389648438,176.3000030517578,8.300000190734863,179.1999969482422,153.8000030517578,50.79999923706055,146.1999969482422,34.868011474609375,1.1038568019866943,1.6839717626571655,1.8433948755264282,0.7979617714881897,0.7222084999084473,12.207801818847656
150.89999389648438,141.89999389648438,149.89999389648438,148.60000610351562,168.3000030517578,172.1999969482422,179.6999969482422,178.39999389648438,176.10000610351562,175.10000610351562,6.199999809265137,178.3000030517578,152.8000030517578,47.099998474121094,149.8000030517578,34.79219055175781,1.118613839149475,1.690360188484192,1.843109130859375,0.7834674119949341,0.7093842029571533,13.35012435913086
151.3000030517578,141.0,148.89999389648438,147.39999389648438,170.3000030517578,170.5,179.8000030517578,176.10000610351562,173.0,173.3000030517578,5.800000190734863,178.8000030517578,153.60000610351562,48.599998474121094,147.89999389648438,36.2658805847168,1.0949623584747314,1.6753126382827759,1.8133461475372314,0.783736526966095,0.7060402631759644,14.6578369140625
151.10000610351562,141.39999389648438,148.6999969482422,148.3000030517578,169.1999969482422,170.89999389648438,180.0,177.39999389648438,174.39999389648438,174.8000030517578,8.199999809265137,176.5,153.0,48.79999923706055,147.39999389648438,34.44862365722656,1.08506178855896,1.664215087890625,1.8220980167388916,0.7749547958374023,0.701522707939148,13.944624900817871
149.8000030517578,143.0,150.0,148.39999389648438,168.5,170.1999969482422,179.60000610351562,176.3000030517578,175.1999969482422,176.5,8.899999618530273,179.10000610351562,153.0,48.900001525878906,146.89999389648438,34.44960403442383,1.0913705825805664,1.6563647985458374,1.8038945198059082,0.7577066421508789,0.6897760033607483,13.207555770874023
150.1999969482422,142.6999969482422,152.1999969482422,150.0,168.5,171.60000610351562,178.1999969482422,175.89999389648438,175.6999969482422,176.8000030517578,8.399999618530273,179.3000030517578,154.8000030517578,47.099998474121094,146.6999969482422,34.352630615234375,1.1124088764190674,1.6707123517990112,1.8305113315582275,0.773280143737793,0.7116059064865112,12.607782363891602
150.3000030517578,142.39999389648438,150.3000030517578,148.1999969482422,169.0,171.3000030517578,178.60000610351562,175.6999969482422,175.6999969482422,175.89999389648438,9.399999618530273,177.1999969482422,152.0,50.599998474121094,147.3000030517578,34.601905822753906,1.098370909690857,1.6474958658218384,1.8230570554733276,0.7658334970474243,0.6915180683135986,13.977215766906738
149.1999969482422,142.3000030517578,151.0,149.1999969482422,168.0,171.10000610351562,179.60000610351562,175.60000610351562,174.8000030517578,174.5,6.300000190734863,179.0,152.89999389648438,45.5,150.3000030517578,33.388458251953125,1.0958175659179688,1.6685391664505005,1.8076115846633911,0.7581669092178345,0.6963518261909485,14.953057289123535
150.60000610351562,141.5,152.1999969482422,149.89999389648438,168.3000030517578,172.10000610351562,179.10000610351562,176.0,175.39999389648438,174.5,6.900000095367432,177.8000030517578,153.3000030517578,43.900001525878906,153.1999969482422,34.40904998779297,1.116733431816101,1.688309669494629,1.8219141960144043,0.7702317833900452,0.7018815279006958,13.698808670043945
149.3000030517578,142.39999389648438,149.89999389648438,147.89999389648438,169.3000030517578,172.89999389648438,179.10000610351562,176.60000610351562,174.5,175.1999969482422,7.099999904632568,179.60000610351562,158.89999389648438,52.20000076293945,137.6999969482422,34.6484489440918,1.1131187677383423,1.67402982711792,1.8212965726852417,0.814232349395752,0.7498406767845154,10.84636116027832
148.60000610351562,145.39999389648438,149.1999969482422,148.1999969482422,170.3000030517578,170.0,179.10000610351562,174.10000610351562,173.60000610351562,177.1999969482422,5.699999809265137,171.60000610351562,155.39999389648438,58.70000076293945,135.3000030517578,35.34651565551758,1.1334741115570068,1.6797089576721191,1.8137320280075073,0.8318532109260559,0.7472104430198669,12.288451194763184
149.10000610351562,143.60000610351562,150.0,148.3000030517578,170.0,170.5,178.8000030517578,175.1999969482422,173.89999389648438,177.39999389648438,7.900000095367432,178.6999969482422,155.1999969482422,56.70000076293945,133.39999389648438,33.99361038208008,1.1219265460968018,1.6653673648834229,1.8312287330627441,0.8277274370193481,0.7487511038780212,11.67169189453125
148.0,145.0,147.8000030517578,147.89999389648438,171.0,169.8000030517578,179.39999389648438,176.89999389648438,176.6999969482422,177.8000030517578,7.0,178.8000030517578,152.60000610351562,58.70000076293945,129.89999389648438,34.17716979980469,1.1011395454406738,1.6666526794433594,1.801112413406372,0.8118042349815369,0.7314577698707581,13.049725532531738
148.6999969482422,145.10000610351562,148.6999969482422,147.39999389648438,171.5,169.1999969482422,178.89999389648438,176.10000610351562,172.8000030517578,177.5,3.700000047683716,175.6999969482422,154.5,52.5,136.5,34.323726654052734,1.1284736394882202,1.6778757572174072,1.814543604850769,0.8333992958068848,0.7439114451408386,10.216782569885254
147.5,145.3000030517578,151.39999389648438,146.89999389648438,172.10000610351562,168.1999969482422,178.8000030517578,173.5,174.3000030517578,175.6999969482422,0.6000000238418579,170.1999969482422,157.10000610351562,56.29999923706055,132.1999969482422,34.99769592285156,1.1358932256698608,1.6669974327087402,1.8172374963760376,0.8309414982795715,0.7549371719360352,10.50395679473877
146.0,147.10000610351562,150.60000610351562,148.8000030517578,172.60000610351562,167.6999969482422,178.0,174.3000030517578,174.6999969482422,176.39999389648438,1.2999999523162842,170.39999389648438,155.89999389648438,55.900001525878906,133.39999389648438,33.75473403930664,1.1431052684783936,1.6903759241104126,1.810547947883606,0.8309423327445984,0.7507967352867126,10.542684555053711
147.89999389648438,146.1999969482422,151.8000030517578,150.10000610351562,170.10000610351562,166.89999389648438,178.1999969482422,173.0,174.6999969482422,172.89999389648438,2.799999952316284,168.1999969482422,160.3000030517578,46.0,142.8000030517578,32.410614013671875,1.1522338390350342,1.691122055053711,1.8297100067138672,0.8364638686180115,0.7574796080589294,10.084826469421387
146.1999969482422,146.39999389648438,153.3000030517578,149.39999389648438,170.1999969482422,167.5,177.60000610351562,173.5,176.60000610351562,174.39999389648438,1.100000023841858,170.60000610351562,158.8000030517578,49.400001525878906,138.5,31.14363670349121,1.1364667415618896,1.6605212688446045,1.7997994422912598,0.836915135383606,0.7479557991027832,9.40164566040039
146.8000030517578,147.10000610351562,152.6999969482422,149.5,171.3000030517578,167.3000030517578,177.60000610351562,173.1999969482422,176.3000030517578,175.89999389648438,0.10000000149011612,169.3000030517578,155.39999389648438,51.79999923706055,138.6999969482422,33.059165954589844,1.1434061527252197,1.6743873357772827,1.815282940864563,0.8305317759513855,0.7396413087844849,11.00032901763916
148.0,144.6999969482422,151.6999969482422,149.39999389648438,169.10000610351562,167.1999969482422,178.0,174.3000030517578,174.60000610351562,176.89999389648438,4.0,172.10000610351562,154.60000610351562,55.400001525878906,138.60000610351562,32.858001708984375,1.1354089975357056,1.6652514934539795,1.8246108293533325,0.8273173570632935,0.7476590275764465,11.19697380065918
148.60000610351562,143.10000610351562,149.10000610351562,147.1999969482422,170.6999969482422,168.1999969482422,179.8000030517578,177.0,174.89999389648438,175.3000030517578,3.4000000953674316,175.89999389648438,157.6999969482422,56.79999923706055,132.0,34.0234375,1.1165579557418823,1.6742885112762451,1.8275091648101807,0.8613801002502441,0.7548564076423645,9.37704849243164
150.8000030517578,142.89999389648438,144.89999389648438,148.0,168.89999389648438,170.3000030517578,179.3000030517578,175.39999389648438,173.10000610351562,177.3000030517578,4.800000190734863,176.5,154.89999389648438,50.900001525878906,140.6999969482422,33.95207977294922,1.0787959098815918,1.6536945104599,1.7890679836273193,0.8108604550361633,0.7310042381286621,10.194637298583984
151.10000610351562,144.3000030517578,147.3000030517578,149.10000610351562,169.39999389648438,170.60000610351562,179.10000610351562,175.89999389648438,173.89999389648438,179.0,6.599999904632568,177.39999389648438,154.0,49.29999923706055,142.3000030517578,35.18233108520508,1.1288936138153076,1.6980193853378296,1.8251338005065918,0.817364513874054,0.7456002831459045,11.443507194519043
153.60000610351562,142.3000030517578,144.0,148.6999969482422,168.89999389648438,170.39999389648438,179.10000610351562,177.6999969482422,174.89999389648438,177.5,6.5,178.39999389648438,153.6999969482422,49.70000076293945,146.5,35.247703552246094,1.0903255939483643,1.6565390825271606,1.7923287153244019,0.8069390058517456,0.7325513958930969,10.223608016967773
153.39999389648438,140.10000610351562,144.0,147.5,170.89999389648438,171.3000030517578,178.89999389648438,175.60000610351562,172.60000610351562,177.89999389648438,7.099999904632568,179.60000610351562,153.1999969482422,51.79999923706055,142.10000610351562,38.36913299560547,1.078765869140625,1.6797946691513062,1.7969449758529663,0.8044964671134949,0.7225602269172668,10.887537002563477
152.10000610351562,140.3000030517578,146.5,149.60000610351562,168.89999389648438,170.8000030517578,179.6999969482422,178.8000030517578,174.0,175.6999969482422,8.0,176.0,155.0,44.599998474121094,151.0,34.34870910644531,1.0779433250427246,1.6763263940811157,1.8152543306350708,0.7531924247741699,0.6902022361755371,11.41146183013916
152.8000030517578,141.60000610351562,149.39999389648438,150.10000610351562,170.39999389648438,173.5,179.8000030517578,178.3000030517578,171.3000030517578,179.1999969482422,11.399999618530273,179.89999389648438,154.8000030517578,51.70000076293945,147.5,36.822303771972656,1.1317129135131836,1.6846253871917725,1.8366082906723022,0.8093509078025818,0.7266857028007507,9.33698558807373
153.3000030517578,139.89999389648438,149.5,150.1999969482422,169.3000030517578,171.89999389648438,179.8000030517578,178.3000030517578,171.6999969482422,176.5,11.399999618530273,177.8000030517578,154.3000030517578,52.20000076293945,152.5,36.7673454284668,1.1096099615097046,1.6762949228286743,1.8216904401779175,0.7900177240371704,0.7074463367462158,11.02347469329834
152.89999389648438,141.89999389648438,148.89999389648438,152.10000610351562,168.39999389648438,172.5,178.6999969482422,178.1999969482422,174.39999389648438,177.10000610351562,10.800000190734863,178.3000030517578,154.39999389648438,49.79999923706055,154.10000610351562,35.45762634277344,1.134963035583496,1.6839884519577026,1.839944839477539,0.8034318089485168,0.7104114890098572,10.003168106079102
153.89999389648438,142.0,148.89999389648438,151.8000030517578,169.3000030517578,170.39999389648438,177.89999389648438,176.3000030517578,175.10000610351562,177.39999389648438,9.0,179.10000610351562,153.8000030517578,51.099998474121094,152.5,34.95085525512695,1.1137639284133911,1.6646311283111572,1.8197323083877563,0.7897313833236694,0.6896204352378845,10.640195846557617
153.39999389648438,140.5,149.5,151.0,168.5,172.39999389648438,179.5,178.3000030517578,176.5,174.10000610351562,7.099999904632568,177.10000610351562,156.1999969482422,48.70000076293945,153.0,35.17326354980469,1.1153322458267212,1.6871893405914307,1.8344987630844116,0.7855805158615112,0.6833989024162292,11.269543647766113
151.3000030517578,144.0,147.0,149.5,170.39999389648438,170.5,179.8000030517578,175.0,173.0,173.1999969482422,0.0,178.39999389648438,161.6999969482422,43.0,149.60000610351562,34.6101188659668,1.1074657440185547,1.665979027748108,1.8038873672485352,0.7761494517326355,0.7067186236381531,7.764983654022217
150.3000030517578,144.10000610351562,147.1999969482422,149.1999969482422,170.6999969482422,168.8000030517578,178.5,176.60000610351562,173.89999389648438,177.10000610351562,4.599999904632568,177.6999969482422,157.0,52.099998474121094,138.6999969482422,33.99275588989258,1.101626992225647,1.6609750986099243,1.8246654272079468,0.7836551666259766,0.7126620411872864,8.49560260772705
152.10000610351562,139.60000610351562,143.3000030517578,148.89999389648438,168.60000610351562,169.10000610351562,179.0,176.1999969482422,172.6999969482422,175.39999389648438,2.4000000953674316,179.39999389648438,157.0,49.900001525878906,137.1999969482422,35.675506591796875,1.0498961210250854,1.6774680614471436,1.817021131515503,0.7979463934898376,0.7412481904029846,11.093127250671387
153.89999389648438,136.89999389648438,141.89999389648438,149.5,167.89999389648438,170.6999969482422,179.5,178.60000610351562,173.0,174.5,1.5,176.6999969482422,157.6999969482422,51.20000076293945,138.1999969482422,34.737876892089844,1.028606653213501,1.6737937927246094,1.7993279695510864,0.7872710824012756,0.7406090497970581,10.030191421508789
151.60000610351562,141.3000030517578,146.8000030517578,151.6999969482422,167.8000030517578,169.5,178.1999969482422,176.8000030517578,174.1999969482422,176.6999969482422,3.5999999046325684,177.5,157.60000610351562,55.099998474121094,134.89999389648438,32.45881652832031,1.0733933448791504,1.6748600006103516,1.8261816501617432,0.7893992066383362,0.7553074955940247,8.85952091217041
152.3000030517578,138.6999969482422,145.89999389648438,153.5,167.10000610351562,169.6999969482422,178.0,177.60000610351562,172.8000030517578,177.0,6.0,179.8000030517578,158.39999389648438,50.79999923706055,139.39999389648438,33.4644660949707,1.0825495719909668,1.7054412364959717,1.8492351770401,0.8207998275756836,0.7828980088233948,9.483878135681152
152.10000610351562,138.10000610351562,146.8000030517578,153.5,168.0,169.39999389648438,178.10000610351562,179.3000030517578,174.0,177.1999969482422,8.100000381469727,178.0,157.3000030517578,54.20000076293945,138.39999389648438,35.12434387207031,1.133297085762024,1.740909457206726,1.8855317831039429,0.8750874996185303,0.8108305931091309,9.87103271484375
153.5,137.6999969482422,144.10000610351562,152.89999389648438,167.3000030517578,169.3000030517578,179.1999969482422,179.6999969482422,175.10000610351562,177.6999969482422,4.599999904632568,178.60000610351562,159.3000030517578,54.900001525878906,135.89999389648438,35.277183532714844,1.1133288145065308,1.7295143604278564,1.8679397106170654,0.8872828483581543,0.8049927353858948,6.592368125915527
154.39999389648438,137.1999969482422,142.5,153.3000030517578,169.5,169.1999969482422,179.8000030517578,179.6999969482422,174.3000030517578,178.89999389648438,10.800000190734863,177.3000030517578,156.5,54.400001525878906,137.6999969482422,36.146270751953125,1.095594882965088,1.724900245666504,1.8609318733215332,0.8615741729736328,0.7715243697166443,6.764814853668213
154.1999969482422,138.1999969482422,140.6999969482422,151.6999969482422,168.60000610351562,170.3000030517578,179.6999969482422,178.60000610351562,175.0,178.10000610351562,9.399999618530273,176.89999389648438,158.3000030517578,51.099998474121094,141.89999389648438,35.96901321411133,1.0834006071090698,1.7149949073791504,1.8646382093429565,0.8647160530090332,0.7504715323448181,6.94903039932251
154.89999389648438,138.8000030517578,140.5,151.5,168.10000610351562,169.5,179.8000030517578,178.3000030517578,174.60000610351562,178.1999969482422,11.600000381469727,175.5,155.39999389648438,54.29999923706055,140.39999389648438,35.3110237121582,1.0935746431350708,1.7070063352584839,1.8589637279510498,0.8681998252868652,0.7354337573051453,8.490777969360352
155.6999969482422,138.6999969482422,140.0,153.0,168.0,171.10000610351562,179.8000030517578,178.89999389648438,175.39999389648438,177.6999969482422,14.600000381469727,173.39999389648438,154.6999969482422,51.599998474121094,145.10000610351562,36.875877380371094,1.130776047706604,1.761250376701355,1.9097172021865845,0.9050654172897339,0.7543692588806152,9.824379920959473
155.60000610351562,137.8000030517578,140.10000610351562,152.39999389648438,168.3000030517578,169.6999969482422,179.3000030517578,179.10000610351562,175.3000030517578,178.0,14.300000190734863,172.10000610351562,154.6999969482422,50.20000076293945,146.89999389648438,36.515201568603516,1.1232184171676636,1.7437939643859863,1.9073355197906494,0.8912440538406372,0.7558494806289673,9.052184104919434
155.1999969482422,138.10000610351562,140.3000030517578,153.5,165.89999389648438,170.0,179.3000030517578,179.89999389648438,174.5,179.10000610351562,15.300000190734863,173.89999389648438,154.3000030517578,49.29999923706055,147.3000030517578,35.34968948364258,1.124260663986206,1.7418732643127441,1.9020785093307495,0.8860182166099548,0.7692856788635254,9.515378952026367
154.6999969482422,136.3000030517578,140.6999969482422,150.89999389648438,168.89999389648438,172.6999969482422,179.6999969482422,179.5,172.8000030517578,177.3000030517578,11.699999809265137,175.0,159.3000030517578,52.70000076293945,140.1999969482422,36.27241897583008,1.070691704750061,1.7160160541534424,1.8493547439575195,0.870265007019043,0.7717883586883545,8.640448570251465
152.10000610351562,138.6999969482422,142.89999389648438,152.3000030517578,166.3000030517578,169.89999389648438,179.3000030517578,177.60000610351562,173.6999969482422,174.10000610351562,5.5,178.60000610351562,156.10000610351562,54.400001525878906,138.1999969482422,33.21800994873047,1.04929518699646,1.686410903930664,1.815141201019287,0.8121981620788574,0.7298140525817871,11.117635726928711
152.89999389648438,138.39999389648438,143.89999389648438,153.60000610351562,167.60000610351562,167.5,178.8000030517578,176.8000030517578,174.8000030517578,174.3000030517578,1.7999999523162842,178.89999389648438,162.8000030517578,54.5,130.89999389648438,33.47562789916992,1.072236180305481,1.7021468877792358,1.8339158296585083,0.8225335478782654,0.8001371622085571,10.863739967346191
151.6999969482422,138.39999389648438,144.6999969482422,150.6999969482422,170.0,170.5,179.1999969482422,177.8000030517578,173.1999969482422,172.0,1.5,179.60000610351562,169.8000030517578,56.400001525878906,122.19999694824219,32.72983932495117,1.0584686994552612,1.6874130964279175,1.782272458076477,0.8150991797447205,0.8453478813171387,9.178573608398438
152.39999389648438,138.60000610351562,146.3000030517578,152.5,167.60000610351562,168.89999389648438,178.6999969482422,173.39999389648438,173.6999969482422,165.60000610351562,7.900000095367432,176.6999969482422,172.1999969482422,36.70000076293945,144.0,33.140010833740234,1.0703189373016357,1.687188982963562,1.8033243417739868,0.7959428429603577,0.7741467356681824,6.305337905883789
150.8000030517578,142.1999969482422,145.89999389648438,152.60000610351562,167.6999969482422,166.3000030517578,177.3000030517578,173.60000610351562,175.60000610351562,168.10000610351562,6.599999904632568,172.8000030517578,171.39999389648438,37.900001525878906,143.5,32.10258865356445,1.0756282806396484,1.6739872694015503,1.793475866317749,0.7857441902160645,0.7792166471481323,6.862583160400391
148.1999969482422,143.10000610351562,147.60000610351562,154.8000030517578,166.10000610351562,166.89999389648438,178.39999389648438,172.5,172.89999389648438,162.10000610351562,13.699999809265137,171.0,178.89999389648438,26.299999237060547,149.3000030517578,28.08819580078125,1.0972256660461426,1.7040420770645142,1.831860065460205,0.7867542505264282,0.7978918552398682,10.445819854736328
149.5,142.8000030517578,147.8000030517578,156.6999969482422,165.6999969482422,165.39999389648438,178.39999389648438,171.5,172.39999389648438,160.3000030517578,20.299999237060547,165.0,179.8000030517578,18.600000381469727,155.6999969482422,28.558685302734375,1.1291764974594116,1.7165477275848389,1.8486007452011108,0.807269275188446,0.8055824041366577,9.22052001953125
149.89999389648438,142.5,152.0,157.60000610351562,164.6999969482422,165.89999389648438,178.3000030517578,171.5,171.0,160.6999969482422,22.399999618530273,165.89999389648438,178.39999389648438,7.099999904632568,163.60000610351562,28.746414184570312,1.1706769466400146,1.7354276180267334,1.86477530002594,0.8027955889701843,0.8063369989395142,6.137420177459717
147.89999389648438,142.10000610351562,152.39999389648438,158.10000610351562,164.3000030517578,163.3000030517578,179.39999389648438,172.39999389648438,174.89999389648438,153.6999969482422,26.5,166.3000030517578,175.5,1.100000023841858,170.39999389648438,26.292226791381836,1.1535652875900269,1.731310248374939,1.854844570159912,0.8228947520256042,0.7937284708023071,5.5879950523376465
145.89999389648438,143.89999389648438,153.1999969482422,156.0,166.89999389648438,164.89999389648438,179.6999969482422,170.89999389648438,169.1999969482422,152.39999389648438,32.29999923706055,162.39999389648438,173.6999969482422,1.899999976158142,171.1999969482422,28.565948486328125,1.1707731485366821,1.7394382953643799,1.8592475652694702,0.8392588496208191,0.8164974451065063,6.586051940917969
145.1999969482422,142.5,156.10000610351562,154.89999389648438,167.1999969482422,160.1999969482422,179.60000610351562,167.39999389648438,172.10000610351562,149.60000610351562,34.0,164.8000030517578,175.89999389648438,8.800000190734863,175.1999969482422,27.984994888305664,1.1553853750228882,1.7395107746124268,1.856101393699646,0.7916579842567444,0.8007862567901611,8.38031005859375
142.8000030517578,144.3000030517578,160.1999969482422,152.8000030517578,168.6999969482422,162.6999969482422,179.39999389648438,167.8000030517578,169.39999389648438,146.10000610351562,39.70000076293945,161.6999969482422,170.6999969482422,19.299999237060547,173.6999969482422,28.390640258789062,1.2160680294036865,1.7482497692108154,1.8629175424575806,0.8509233593940735,0.8254607319831848,7.137109756469727
146.60000610351562,142.89999389648438,157.10000610351562,156.6999969482422,166.5,163.6999969482422,177.5,170.10000610351562,172.3000030517578,151.89999389648438,31.399999618530273,163.1999969482422,174.60000610351562,8.5,176.6999969482422,27.27130889892578,1.1751762628555298,1.7531317472457886,1.8793529272079468,0.7761844396591187,0.803410530090332,8.085771560668945
145.1999969482422,144.6999969482422,156.39999389648438,153.3000030517578,168.1999969482422,162.6999969482422,177.89999389648438,168.10000610351562,174.3000030517578,149.8000030517578,34.79999923706055,163.89999389648438,172.5,14.5,178.39999389648438,26.234819412231445,1.162103533744812,1.718284010887146,1.8635978698730469,0.7604993581771851,0.7829777598381042,6.096014499664307
146.39999389648438,146.39999389648438,152.5,155.0,166.5,164.10000610351562,178.60000610351562,167.6999969482422,173.1999969482422,151.10000610351562,31.700000762939453,164.0,179.5,1.100000023841858,175.60000610351562,27.5773868560791,1.184956669807434,1.7547239065170288,1.8641365766525269,0.7654408812522888,0.8061971068382263,11.681319236755371
144.3000030517578,143.1999969482422,150.89999389648438,152.10000610351562,166.3000030517578,166.1999969482422,178.10000610351562,168.89999389648438,171.8000030517578,160.60000610351562,16.799999237060547,172.60000610351562,173.89999389648438,28.0,145.10000610351562,28.56691551208496,1.153105616569519,1.7320122718811035,1.8775219917297363,0.7637758255004883,0.8041896820068359,11.770417213439941
148.39999389648438,140.89999389648438,151.39999389648438,153.10000610351562,168.3000030517578,166.3000030517578,177.89999389648438,173.60000610351562,175.3000030517578,167.10000610351562,11.899999618530273,169.39999389648438,173.39999389648438,33.400001525878906,142.1999969482422,31.783103942871094,1.1514580249786377,1.7325255870819092,1.8753541707992554,0.8299669027328491,0.8057013154029846,6.43855619430542
147.60000610351562,141.10000610351562,150.0,150.0,169.1999969482422,168.0,179.3000030517578,175.6999969482422,173.5,168.39999389648438,5.0,174.3000030517578,170.10000610351562,39.5,140.8000030517578,33.69835662841797,1.144935965538025,1.7230544090270996,1.8593534231185913,0.8648532629013062,0.7753323316574097,5.003370761871338
148.8000030517578,142.39999389648438,146.60000610351562,149.89999389648438,167.89999389648438,169.0,179.8000030517578,175.3000030517578,174.0,173.0,5.300000190734863,171.39999389648438,164.8000030517578,44.400001525878906,139.1999969482422,32.47208023071289,1.093191385269165,1.6826757192611694,1.8255596160888672,0.840684711933136,0.7485032677650452,5.521814823150635
151.39999389648438,138.6999969482422,143.89999389648438,151.6999969482422,166.10000610351562,169.60000610351562,178.10000610351562,177.39999389648438,175.0,174.6999969482422,3.0999999046325684,179.39999389648438,160.5,53.0,134.5,32.36354446411133,1.060914158821106,1.6940433979034424,1.8475581407546997,0.836101770401001,0.7623617649078369,7.765707492828369
151.89999389648438,139.0,142.0,151.5,166.8000030517578,170.39999389648438,178.39999389648438,177.10000610351562,171.5,177.3000030517578,6.0,177.39999389648438,158.6999969482422,55.099998474121094,137.5,32.58943176269531,1.0309008359909058,1.6686806678771973,1.8054759502410889,0.8028841018676758,0.7495157122612,7.670444011688232
154.6999969482422,137.8000030517578,142.6999969482422,153.10000610351562,166.39999389648438,171.5,178.5,177.3000030517578,171.6999969482422,178.1999969482422,10.800000190734863,178.0,160.8000030517578,44.5,148.1999969482422,35.906620025634766,1.1133753061294556,1.7466421127319336,1.8784592151641846,0.842049241065979,0.7673495411872864,8.701017379760742
149.5,145.5,146.0,149.8000030517578,166.5,162.39999389648438,179.89999389648438,171.39999389648438,179.3000030517578,175.6999969482422,4.199999809265137,176.6999969482422,165.6999969482422,73.30000305175781,118.5999984741211,32.95737075805664,1.116059422492981,1.6199477910995483,1.7558965682983398,0.9050961136817932,0.8198866248130798,5.433284759521484
150.6999969482422,142.8000030517578,144.8000030517578,152.39999389648438,160.39999389648438,164.39999389648438,178.10000610351562,168.5,178.89999389648438,178.8000030517578,2.5,173.8000030517578,157.0,69.0999984741211,120.30000305175781,30.48049545288086,1.0707157850265503,1.6008822917938232,1.7594553232192993,0.8133986592292786,0.823419451713562,8.056446075439453
150.89999389648438,144.89999389648438,143.5,153.3000030517578,165.89999389648438,162.60000610351562,178.39999389648438,174.60000610351562,178.3000030517578,179.39999389648438,9.899999618530273,175.10000610351562,150.6999969482422,54.400001525878906,136.6999969482422,27.749330520629883,1.0525580644607544,1.6018716096878052,1.7426007986068726,0.7136880159378052,0.7024122476577759,10.96044921875
151.60000610351562,145.1999969482422,144.39999389648438,154.89999389648438,165.8000030517578,163.10000610351562,177.39999389648438,175.89999389648438,177.60000610351562,179.39999389648438,13.199999809265137,174.8000030517578,151.39999389648438,49.79999923706055,144.39999389648438,27.30883026123047,1.0934162139892578,1.6412508487701416,1.766083836555481,0.7207422256469727,0.6912580132484436,11.659269332885742
152.1999969482422,146.3000030517578,143.3000030517578,153.60000610351562,167.1999969482422,165.60000610351562,177.60000610351562,174.10000610351562,177.39999389648438,175.60000610351562,16.5,173.39999389648438,145.89999389648438,50.599998474121094,145.89999389648438,28.712047576904297,1.1183866262435913,1.6691440343856812,1.7680723667144775,0.6741214394569397,0.6688952445983887,14.582709312438965
152.89999389648438,143.0,142.8000030517578,154.0,164.10000610351562,163.8000030517578,178.5,172.8000030517578,176.89999389648438,179.0,15.699999809265137,171.3000030517578,149.8000030517578,50.29999923706055,144.10000610351562,27.694990158081055,1.0786651372909546,1.6372241973876953,1.7675491571426392,0.6957126259803772,0.6771259307861328,12.115890502929688
150.60000610351562,141.39999389648438,147.60000610351562,157.89999389648438,153.6999969482422,147.5,179.0,172.89999389648438,178.39999389648438,176.60000610351562,7.699999809265137,179.89999389648438,152.0,49.099998474121094,149.89999389648438,20.224084854125977,1.096497893333435,1.5080652236938477,1.828172206878662,0.7825971245765686,0.704264760017395,12.507233619689941
152.39999389648438,140.60000610351562,146.89999389648438,154.8000030517578,162.1999969482422,165.89999389648438,179.6999969482422,173.5,179.5,179.60000610351562,16.700000762939453,170.39999389648438,151.8000030517578,47.0,146.10000610351562,26.252145767211914,1.105549693107605,1.68190598487854,1.8481245040893555,0.766101598739624,0.7015066146850586,10.882842063903809
151.60000610351562,141.0,147.89999389648438,151.39999389648438,168.0,170.8000030517578,178.0,172.39999389648438,176.0,176.0,5.099999904632568,179.10000610351562,158.60000610351562,48.599998474121094,139.1999969482422,31.079776763916016,1.115134835243225,1.7007733583450317,1.8378373384475708,0.8147585391998291,0.7485974431037903,8.359259605407715
149.10000610351562,140.89999389648438,148.3000030517578,151.39999389648438,170.1999969482422,171.0,177.39999389648438,178.1999969482422,175.8000030517578,175.60000610351562,12.100000381469727,175.3000030517578,153.5,53.400001525878906,146.39999389648438,31.432973861694336,1.1113691329956055,1.7032994031906128,1.8348551988601685,0.8112233281135559,0.7157580256462097,12.227014541625977
147.89999389648438,140.89999389648438,150.39999389648438,151.10000610351562,167.0,168.6999969482422,177.5,177.39999389648438,178.6999969482422,176.3000030517578,7.900000095367432,179.10000610351562,153.89999389648438,48.29999923706055,148.1999969482422,30.711179733276367,1.1047135591506958,1.6956368684768677,1.825627326965332,0.7820531129837036,0.6956911087036133,11.071501731872559
148.0,140.0,150.6999969482422,150.39999389648438,169.5,168.1999969482422,178.10000610351562,174.39999389648438,179.3000030517578,177.39999389648438,8.199999809265137,179.89999389648438,151.0,53.70000076293945,146.10000610351562,31.062728881835938,1.1191380023956299,1.716636061668396,1.8316775560379028,0.7949135303497314,0.7098654508590698,12.356038093566895
148.89999389648438,141.6999969482422,149.10000610351562,154.6999969482422,167.60000610351562,174.8000030517578,179.3000030517578,177.3000030517578,176.8000030517578,177.0,12.699999809265137,175.3000030517578,156.8000030517578,46.29999923706055,148.0,27.91976547241211,1.1262270212173462,1.7557061910629272,1.8507475852966309,0.827263593673706,0.7212322354316711,8.591496467590332
149.1999969482422,144.10000610351562,146.1999969482422,154.60000610351562,173.39999389648438,169.1999969482422,179.89999389648438,171.60000610351562,172.89999389648438,178.1999969482422,15.800000190734863,173.10000610351562,159.1999969482422,50.5,139.1999969482422,31.394264221191406,1.146039605140686,1.7503796815872192,1.8071837425231934,0.8653014898300171,0.7677388787269592,6.363246917724609
145.8000030517578,146.8000030517578,148.0,152.39999389648438,166.60000610351562,166.6999969482422,178.3000030517578,169.0,176.10000610351562,177.8000030517578,9.5,179.5,157.89999389648438,48.900001525878906,143.5,29.302690505981445,1.1302440166473389,1.7208257913589478,1.7884715795516968,0.815929114818573,0.7391162514686584,7.890020370483398
147.8000030517578,143.60000610351562,145.6999969482422,154.0,164.60000610351562,168.3000030517578,178.8000030517578,173.60000610351562,177.10000610351562,174.5,9.199999809265137,179.1999969482422,154.8000030517578,47.599998474121094,150.6999969482422,29.39270782470703,1.0968430042266846,1.7133729457855225,1.7906272411346436,0.8124549984931946,0.7238979935646057,11.873619079589844
149.10000610351562,144.0,142.60000610351562,152.89999389648438,166.39999389648438,170.10000610351562,176.3000030517578,175.3000030517578,175.8000030517578,178.10000610351562,8.899999618530273,176.89999389648438,155.1999969482422,53.099998474121094,140.0,31.11539077758789,1.1291934251785278,1.7161266803741455,1.825353741645813,0.9009137153625488,0.7600564360618591,8.623774528503418
151.5,141.39999389648438,143.3000030517578,151.3000030517578,165.8000030517578,168.39999389648438,178.0,172.39999389648438,174.1999969482422,176.39999389648438,6.699999809265137,178.8000030517578,155.89999389648438,45.29999923706055,148.10000610351562,33.45835494995117,1.093043327331543,1.6887606382369995,1.7822843790054321,0.8178884983062744,0.7159318923950195,9.489523887634277
148.60000610351562,143.89999389648438,143.10000610351562,150.3000030517578,168.0,171.10000610351562,177.60000610351562,175.5,175.3000030517578,178.3000030517578,6.5,176.39999389648438,157.5,49.79999923706055,139.10000610351562,32.80403518676758,1.1095150709152222,1.6960089206695557,1.8021233081817627,0.8544240593910217,0.7430102229118347,6.964296340942383
150.10000610351562,141.89999389648438,141.5,151.8000030517578,166.39999389648438,172.39999389648438,177.8000030517578,176.39999389648438,175.10000610351562,178.8000030517578,12.0,179.3000030517578,154.39999389648438,50.599998474121094,142.3000030517578,32.24121856689453,1.1012171506881714,1.7011231184005737,1.8123977184295654,0.8699934482574463,0.7476418614387512,8.865875244140625
149.6999969482422,140.39999389648438,144.0,152.10000610351562,164.8000030517578,174.1999969482422,178.8000030517578,178.60000610351562,177.6999969482422,175.89999389648438,7.400000095367432,177.5,157.5,49.0,142.6999969482422,30.18796730041504,1.089511513710022,1.7151676416397095,1.832575798034668,0.8697940111160278,0.7296661734580994,9.591439247131348
149.1999969482422,142.3000030517578,143.10000610351562,150.1999969482422,166.8000030517578,170.89999389648438,179.60000610351562,172.39999389648438,173.10000610351562,177.39999389648438,1.399999976158142,172.5,158.1999969482422,39.70000076293945,147.1999969482422,32.86798095703125,1.087634563446045,1.7026469707489014,1.7786016464233398,0.8200125098228455,0.7259088754653931,6.440232276916504
147.5,145.3000030517578,146.3000030517578,150.3000030517578,168.60000610351562,167.6999969482422,177.89999389648438,171.1999969482422,174.39999389648438,179.0,0.5,172.5,158.5,37.5,149.0,31.15523910522461,1.1332645416259766,1.711125373840332,1.8027067184448242,0.8426804542541504,0.7388610243797302,5.088825702667236
149.8000030517578,144.0,142.3000030517578,152.8000030517578,168.60000610351562,168.1999969482422,177.39999389648438,173.39999389648438,174.1999969482422,177.6999969482422,12.0,178.1999969482422,155.60000610351562,57.0,133.5,31.129728317260742,1.1035186052322388,1.7051125764846802,1.8195046186447144,0.8886820077896118,0.7645745873451233,6.43180513381958
150.0,144.6999969482422,146.0,153.89999389648438,168.39999389648438,168.3000030517578,178.60000610351562,172.89999389648438,172.10000610351562,179.1999969482422,12.699999809265137,177.60000610351562,159.3000030517578,52.79999923706055,141.10000610351562,29.959716796875,1.1327259540557861,1.7060561180114746,1.8128701448440552,0.8789945244789124,0.7675987482070923,6.244478702545166
150.89999389648438,140.6999969482422,150.0,153.3000030517578,168.0,170.5,178.1999969482422,175.60000610351562,174.3000030517578,176.0,9.800000190734863,178.89999389648438,160.8000030517578,43.79999923706055,150.5,30.852924346923828,1.147600769996643,1.7188737392425537,1.8266249895095825,0.9015039801597595,0.7775732278823853,6.7874836921691895
151.0,144.3000030517578,148.60000610351562,153.3000030517578,166.60000610351562,165.89999389648438,177.1999969482422,171.89999389648438,179.89999389648438,177.1999969482422,8.600000381469727,179.89999389648438,158.60000610351562,54.0,132.39999389648438,30.094432830810547,1.1735564470291138,1.7443395853042603,1.8678282499313354,0.9154784083366394,0.8277892470359802,3.1467297077178955
152.39999389648438,142.60000610351562,143.8000030517578,151.60000610351562,164.89999389648438,167.39999389648438,177.6999969482422,171.5,178.0,179.60000610351562,2.799999952316284,174.60000610351562,151.89999389648438,47.5,143.39999389648438,32.59435272216797,1.088840365409851,1.6743595600128174,1.8232824802398682,0.8165457844734192,0.7474373579025269,9.577897071838379
150.10000610351562,143.1999969482422,146.3000030517578,153.89999389648438,163.6999969482422,169.10000610351562,177.0,172.6999969482422,177.5,178.6999969482422,3.200000047683716,175.1999969482422,161.3000030517578,48.5,133.3000030517578,29.401126861572266,1.0761579275131226,1.6799569129943848,1.8111536502838135,0.7630016207695007,0.7794573307037354,8.585749626159668
150.6999969482422,140.8000030517578,144.3000030517578,155.3000030517578,165.6999969482422,168.6999969482422,177.1999969482422,178.10000610351562,178.60000610351562,179.3000030517578,6.900000095367432,179.8000030517578,157.39999389648438,53.5,127.80000305175781,28.436532974243164,1.1016567945480347,1.7200818061828613,1.850247859954834,0.8082542419433594,0.806136429309845,7.412844657897949
150.5,144.39999389648438,143.5,153.0,166.60000610351562,168.89999389648438,176.89999389648438,173.0,177.1999969482422,180.0,4.5,176.60000610351562,154.3000030517578,49.79999923706055,138.60000610351562,32.16490173339844,1.0819661617279053,1.6733695268630981,1.7947425842285156,0.7804504632949829,0.7428120374679565,9.390578269958496
153.60000610351562,142.39999389648438,142.89999389648438,153.60000610351562,165.8000030517578,168.8000030517578,176.39999389648438,173.0,179.6999969482422,179.8000030517578,7.699999809265137,179.0,152.10000610351562,54.70000076293945,138.10000610351562,32.78913879394531,1.0868487358093262,1.682471513748169,1.804503321647644,0.8006801009178162,0.7365110516548157,10.081815719604492
153.39999389648438,144.3000030517578,141.39999389648438,153.39999389648438,165.8000030517578,168.1999969482422,176.0,174.6999969482422,177.3000030517578,175.5,10.800000190734863,178.10000610351562,147.39999389648438,51.400001525878906,148.5,31.128381729125977,1.0956860780715942,1.6764464378356934,1.8027300834655762,0.8083692193031311,0.7328851222991943,9.656579971313477
152.5,142.60000610351562,143.0,152.5,166.6999969482422,169.8000030517578,176.6999969482422,176.39999389648438,177.0,174.8000030517578,19.0,173.5,149.39999389648438,56.400001525878906,143.6999969482422,30.987743377685547,1.1126081943511963,1.6903742551803589,1.8250168561935425,0.8512436747550964,0.7475478053092957,7.99086332321167
152.3000030517578,143.0,144.10000610351562,152.39999389648438,168.0,168.89999389648438,176.6999969482422,174.10000610351562,176.1999969482422,175.3000030517578,22.700000762939453,172.3000030517578,150.5,65.9000015258789,137.89999389648438,30.554012298583984,1.1109373569488525,1.684093713760376,1.8271560668945312,0.8594838380813599,0.7454056739807129,8.276790618896484
151.6999969482422,145.1999969482422,142.8000030517578,154.10000610351562,168.0,170.10000610351562,176.3000030517578,175.5,175.8000030517578,171.10000610351562,23.899999618530273,174.39999389648438,145.1999969482422,64.80000305175781,143.3000030517578,29.669191360473633,1.1353986263275146,1.717321515083313,1.8306115865707397,0.8615626096725464,0.746025800704956,8.349491119384766
149.1999969482422,145.89999389648438,145.8000030517578,156.10000610351562,161.89999389648438,158.3000030517578,178.6999969482422,172.1999969482422,176.3000030517578,174.60000610351562,19.700000762939453,175.60000610351562,147.39999389648438,64.0999984741211,146.5,22.882936477661133,1.1282910108566284,1.5647683143615723,1.8361016511917114,0.8768508434295654,0.7380039095878601,11.20966625213623
150.0,143.8000030517578,143.8000030517578,153.8000030517578,164.8000030517578,162.6999969482422,177.39999389648438,175.1999969482422,178.1999969482422,176.89999389648438,16.600000381469727,175.0,150.3000030517578,60.099998474121094,138.89999389648438,28.052650451660156,1.1172211170196533,1.6520127058029175,1.8350532054901123,0.8823766112327576,0.7578936815261841,9.304793357849121
150.5,144.60000610351562,145.8000030517578,156.10000610351562,166.89999389648438,162.60000610351562,178.6999969482422,171.1999969482422,176.5,179.1999969482422,10.100000381469727,174.6999969482422,149.39999389648438,54.599998474121094,138.5,26.091144561767578,1.14732825756073,1.7023520469665527,1.8306881189346313,0.8665639162063599,0.7655361294746399,10.992935180664062
147.39999389648438,145.89999389648438,146.5,151.6999969482422,171.0,165.6999969482422,178.39999389648438,171.89999389648438,176.89999389648438,177.5,3.9000000953674316,177.60000610351562,156.60000610351562,57.5,133.39999389648438,28.980854034423828,1.106295108795166,1.6883256435394287,1.8022327423095703,0.8468619585037231,0.7551814913749695,8.860865592956543
151.6999969482422,142.89999389648438,146.3000030517578,152.39999389648438,167.10000610351562,170.39999389648438,176.0,173.1999969482422,177.60000610351562,175.6999969482422,17.700000762939453,175.3000030517578,151.1999969482422,61.20000076293945,140.39999389648438,30.515705108642578,1.096628189086914,1.6693894863128662,1.8006869554519653,0.8566945195198059,0.7504329085350037,7.51312780380249
150.39999389648438,145.3000030517578,145.60000610351562,156.3000030517578,166.60000610351562,167.89999389648438,174.5,173.5,176.60000610351562,173.60000610351562,14.800000190734863,176.0,152.3000030517578,58.900001525878906,136.6999969482422,25.641813278198242,1.090989112854004,1.6701791286468506,1.7974650859832764,0.832960844039917,0.7498282790184021,5.501202583312988
149.39999389648438,145.5,148.39999389648438,153.8000030517578,166.5,169.5,175.8000030517578,175.6999969482422,177.3000030517578,175.89999389648438,14.399999618530273,175.89999389648438,154.1999969482422,58.900001525878906,135.60000610351562,28.588966369628906,1.1273733377456665,1.6787787675857544,1.8363354206085205,0.8722460865974426,0.7671112418174744,5.646847248077393
150.5,143.0,146.10000610351562,153.60000610351562,167.6999969482422,168.60000610351562,174.5,173.6999969482422,177.8000030517578,172.89999389648438,16.5,175.0,150.0,54.400001525878906,140.8000030517578,29.400768280029297,1.0908007621765137,1.6813740730285645,1.810845136642456,0.8247411251068115,0.732681155204773,6.36905574798584
151.10000610351562,144.89999389648438,147.6999969482422,156.5,167.0,164.1999969482422,176.6999969482422,172.3000030517578,178.39999389648438,179.10000610351562,12.899999618530273,170.8000030517578,145.1999969482422,49.79999923706055,149.10000610351562,24.585702896118164,1.0953091382980347,1.6684207916259766,1.7963372468948364,0.7302711606025696,0.6597956418991089,13.375582695007324
151.89999389648438,144.10000610351562,148.39999389648438,157.60000610351562,163.39999389648438,164.1999969482422,174.89999389648438,170.89999389648438,178.5,175.0,17.299999237060547,171.0,145.0,51.5,149.1999969482422,23.92685317993164,1.1002928018569946,1.6617318391799927,1.8179806470870972,0.6934691667556763,0.6524675488471985,11.684937477111816
152.8000030517578,146.39999389648438,144.89999389648438,156.89999389648438,166.89999389648438,166.3000030517578,174.6999969482422,172.10000610351562,179.3000030517578,176.60000610351562,15.699999809265137,174.5,146.89999389648438,49.900001525878906,153.6999969482422,26.502748489379883,1.106351375579834,1.7065931558609009,1.8104780912399292,0.6918399333953857,0.6338445544242859,11.14745807647705
152.89999389648438,143.0,147.5,156.10000610351562,166.8000030517578,167.1999969482422,175.39999389648438,171.39999389648438,179.6999969482422,177.8000030517578,16.600000381469727,171.1999969482422,145.10000610351562,53.29999923706055,150.89999389648438,26.06113624572754,1.10641348361969,1.6907809972763062,1.8167387247085571,0.7194664478302002,0.6459124684333801,12.447456359863281
153.60000610351562,142.0,148.6999969482422,157.60000610351562,163.60000610351562,163.6999969482422,176.6999969482422,171.89999389648438,179.39999389648438,178.3000030517578,16.700000762939453,168.5,145.0,52.599998474121094,148.89999389648438,24.148378372192383,1.0930835008621216,1.6444898843765259,1.8357371091842651,0.7249526977539062,0.6518347263336182,13.153517723083496
152.3000030517578,142.8000030517578,148.89999389648438,160.10000610351562,157.0,153.3000030517578,178.5,171.8000030517578,178.39999389648438,177.10000610351562,19.0,168.39999389648438,146.6999969482422,56.099998474121094,147.3000030517578,20.347869873046875,1.1194247007369995,1.5772184133529663,1.86626398563385,0.7938188314437866,0.6988075375556946,11.468351364135742
148.89999389648438,142.39999389648438,149.5,164.10000610351562,158.89999389648438,160.10000610351562,179.5,172.0,177.1999969482422,179.39999389648438,14.399999618530273,172.0,151.10000610351562,45.599998474121094,157.0,14.389850616455078,1.1294689178466797,1.6218607425689697,1.9029265642166138,0.7647213339805603,0.6678091287612915,8.741692543029785
152.6999969482422,142.0,145.1999969482422,153.3000030517578,171.8000030517578,169.89999389648438,177.89999389648438,177.60000610351562,175.10000610351562,178.89999389648438,15.800000190734863,170.8000030517578,149.60000610351562,50.099998474121094,148.60000610351562,30.432355880737305,1.118178367614746,1.7365427017211914,1.893027424812317,0.8106284737586975,0.6624407172203064,11.038061141967773
152.39999389648438,140.10000610351562,143.39999389648438,156.6999969482422,169.10000610351562,177.3000030517578,176.10000610351562,176.60000610351562,173.0,176.1999969482422,19.600000381469727,176.10000610351562,146.10000610351562,53.099998474121094,154.6999969482422,30.633617401123047,1.094906210899353,1.7607448101043701,1.8125536441802979,0.7662266492843628,0.6711490154266357,10.090751647949219
154.0,138.6999969482422,144.8000030517578,153.8000030517578,167.8000030517578,172.1999969482422,178.3000030517578,175.6999969482422,175.10000610351562,179.0,16.299999237060547,172.39999389648438,148.6999969482422,49.70000076293945,152.89999389648438,34.40788269042969,1.102354884147644,1.747783899307251,1.833483099937439,0.8065237998962402,0.7161320447921753,11.333211898803711
152.39999389648438,141.5,148.5,155.6999969482422,165.8000030517578,169.6999969482422,175.1999969482422,172.8000030517578,173.89999389648438,178.89999389648438,13.899999618530273,176.8000030517578,150.1999969482422,46.099998474121094,156.3000030517578,31.493064880371094,1.0956103801727295,1.6953010559082031,1.8205245733261108,0.7766315340995789,0.6832542419433594,11.683467864990234
152.60000610351562,141.1999969482422,147.60000610351562,154.10000610351562,166.60000610351562,169.89999389648438,175.60000610351562,175.60000610351562,174.10000610351562,178.0,17.600000381469727,174.3000030517578,146.60000610351562,52.0,152.1999969482422,32.609764099121094,1.091064453125,1.6816272735595703,1.8242107629776,0.7821158766746521,0.6811571717262268,11.587635040283203
153.8000030517578,141.1999969482422,144.1999969482422,155.39999389648438,173.5,173.60000610351562,176.5,177.1999969482422,170.0,168.60000610351562,23.200000762939453,174.89999389648438,142.89999389648438,54.5,153.60000610351562,34.56221008300781,1.1096614599227905,1.7332013845443726,1.8230489492416382,0.7976837754249573,0.6854507923126221,7.428686141967773
155.60000610351562,140.89999389648438,143.89999389648438,152.5,169.10000610351562,171.39999389648438,178.1999969482422,178.3000030517578,171.60000610351562,171.89999389648438,22.100000381469727,174.39999389648438,146.39999389648438,57.5,149.0,35.808380126953125,1.1271644830703735,1.7343757152557373,1.8571878671646118,0.8331737518310547,0.7340563535690308,8.052042961120605
154.0,143.5,145.89999389648438,153.6999969482422,167.8000030517578,170.60000610351562,175.39999389648438,174.8000030517578,176.6999969482422,173.89999389648438,19.100000381469727,176.39999389648438,144.1999969482422,57.20000076293945,149.10000610351562,32.41109085083008,1.0794092416763306,1.66042160987854,1.819912075996399,0.7989134788513184,0.6888886094093323,11.539667129516602
151.0,142.89999389648438,149.3000030517578,149.39999389648438,167.89999389648438,170.89999389648438,176.89999389648438,172.8000030517578,175.1999969482422,178.60000610351562,10.899999618530273,176.3000030517578,153.5,56.599998474121094,143.39999389648438,33.274391174316406,1.1330420970916748,1.6440922021865845,1.8424419164657593,0.835316002368927,0.7226583361625671,7.875274181365967
150.8000030517578,143.3000030517578,151.10000610351562,149.3000030517578,168.1999969482422,169.89999389648438,177.60000610351562,173.5,175.6999969482422,179.10000610351562,11.199999809265137,178.89999389648438,154.8000030517578,58.20000076293945,140.39999389648438,32.75072479248047,1.1363500356674194,1.6385430097579956,1.8558919429779053,0.8276485204696655,0.7224579453468323,8.864391326904297
151.3000030517578,142.5,150.0,149.1999969482422,168.60000610351562,171.39999389648438,177.5,175.3000030517578,176.0,179.6999969482422,14.0,178.10000610351562,152.0,61.79999923706055,138.10000610351562,33.46424865722656,1.1241919994354248,1.6466939449310303,1.8597606420516968,0.8248621225357056,0.724748432636261,9.966316223144531
150.39999389648438,143.39999389648438,149.89999389648438,150.1999969482422,167.89999389648438,171.5,176.5,172.89999389648438,174.89999389648438,178.6999969482422,13.300000190734863,178.6999969482422,151.3000030517578,55.900001525878906,145.39999389648438,32.01078414916992,1.1174964904785156,1.6467499732971191,1.8395020961761475,0.7911379337310791,0.684716522693634,11.49698257446289
150.60000610351562,142.0,150.0,149.3000030517578,168.60000610351562,171.1999969482422,178.6999969482422,175.60000610351562,177.1999969482422,176.6999969482422,13.199999809265137,178.10000610351562,154.39999389648438,63.900001525878906,135.10000610351562,33.17522048950195,1.1290000677108765,1.6513546705245972,1.844099521636963,0.8512539267539978,0.7300587892532349,11.06004810333252
149.39999389648438,142.6999969482422,150.89999389648438,149.60000610351562,167.1999969482422,173.5,178.89999389648438,174.89999389648438,176.10000610351562,177.8000030517578,12.199999809265137,178.0,155.3000030517578,59.29999923706055,139.5,32.38694763183594,1.1323028802871704,1.6389799118041992,1.8562688827514648,0.8490617871284485,0.7346686124801636,9.27072525024414
149.5,142.0,152.3000030517578,149.0,167.10000610351562,172.10000610351562,179.0,173.5,174.60000610351562,177.39999389648438,6.300000190734863,179.1999969482422,157.5,50.099998474121094,144.1999969482422,33.37602615356445,1.1402209997177124,1.6445643901824951,1.862204670906067,0.8431482911109924,0.7351376414299011,7.597801685333252
150.10000610351562,142.6999969482422,151.6999969482422,150.0,166.39999389648438,171.39999389648438,179.0,174.0,175.6999969482422,178.5,10.600000381469727,178.60000610351562,155.6999969482422,62.79999923706055,135.5,32.333457946777344,1.126625418663025,1.639372706413269,1.8428215980529785,0.84104984998703,0.7291534543037415,8.852824211120605
149.8000030517578,141.3000030517578,150.6999969482422,149.0,166.1999969482422,171.0,179.5,173.60000610351562,173.60000610351562,178.8000030517578,9.399999618530273,179.3000030517578,155.0,55.900001525878906,140.60000610351562,33.02668380737305,1.104992389678955,1.6290398836135864,1.8418030738830566,0.819776177406311,0.7062482237815857,9.44150447845459
151.39999389648438,143.0,149.89999389648438,149.0,169.39999389648438,170.10000610351562,179.89999389648438,173.89999389648438,176.0,175.89999389648438,6.599999904632568,179.39999389648438,158.6999969482422,56.29999923706055,136.3000030517578,34.938926696777344,1.128933310508728,1.6464838981628418,1.8607854843139648,0.8462535738945007,0.7245397567749023,8.997270584106445
157.89999389648438,144.60000610351562,140.60000610351562,151.8000030517578,168.89999389648438,171.5,179.0,176.3000030517578,175.89999389648438,178.39999389648438,14.100000381469727,176.1999969482422,154.1999969482422,57.0,141.5,37.93947982788086,1.1657488346099854,1.6846498250961304,1.8933179378509521,0.8911636471748352,0.7597512006759644,8.618573188781738
159.5,146.0,138.5,148.8000030517578,170.0,173.6999969482422,177.0,174.89999389648438,175.5,178.1999969482422,11.399999618530273,174.1999969482422,160.1999969482422,53.5,141.39999389648438,41.27596664428711,1.1684913635253906,1.682163119316101,1.8859541416168213,0.9139661192893982,0.7953821420669556,5.987746238708496
159.8000030517578,146.5,138.0,151.8000030517578,167.8000030517578,168.0,176.60000610351562,175.39999389648438,174.1999969482422,179.8000030517578,13.800000190734863,172.5,162.1999969482422,50.900001525878906,140.8000030517578,37.15577697753906,1.1847343444824219,1.6655073165893555,1.9293439388275146,0.9498507380485535,0.8332923054695129,3.1750855445861816
159.89999389648438,145.39999389648438,134.6999969482422,151.5,167.89999389648438,170.39999389648438,176.6999969482422,174.10000610351562,174.5,176.39999389648438,11.899999618530273,174.10000610351562,163.5,51.400001525878906,142.8000030517578,38.10980224609375,1.1480070352554321,1.6508426666259766,1.8966188430786133,0.940021812915802,0.8087686896324158,5.5227131843566895
161.0,144.5,136.39999389648438,150.5,168.0,174.0,177.1999969482422,175.10000610351562,176.10000610351562,176.5,14.0,170.10000610351562,160.8000030517578,53.099998474121094,143.39999389648438,40.58160400390625,1.1591124534606934,1.696334719657898,1.9014371633529663,0.9570366144180298,0.8147806525230408,6.852175235748291
159.5,148.60000610351562,132.0,150.1999969482422,167.5,165.60000610351562,176.3000030517578,173.39999389648438,174.6999969482422,177.60000610351562,10.800000190734863,176.6999969482422,162.3000030517578,50.599998474121094,149.3000030517578,37.74392318725586,1.1965014934539795,1.6530046463012695,1.9296152591705322,0.98333740234375,0.8617067337036133,5.535722255706787
161.60000610351562,146.39999389648438,133.8000030517578,150.8000030517578,170.10000610351562,171.89999389648438,178.39999389648438,176.5,174.1999969482422,179.3000030517578,14.699999809265137,175.60000610351562,159.39999389648438,57.900001525878906,137.5,41.5544319152832,1.164792776107788,1.7011843919754028,1.8972922563552856,0.9381558895111084,0.8258477449417114,4.882457256317139
161.60000610351562,146.5,130.1999969482422,149.60000610351562,171.6999969482422,172.60000610351562,178.8000030517578,177.60000610351562,173.6999969482422,176.39999389648438,18.5,171.3000030517578,158.5,60.29999923706055,130.8000030517578,43.47218704223633,1.1665376424789429,1.7270265817642212,1.9084863662719727,0.946208119392395,0.8343434929847717,4.752487659454346
161.39999389648438,145.6999969482422,133.39999389648438,151.6999969482422,170.1999969482422,172.1999969482422,178.89999389648438,177.0,174.10000610351562,176.60000610351562,18.700000762939453,173.6999969482422,160.3000030517578,56.5,136.10000610351562,41.75148391723633,1.1604851484298706,1.7117221355438232,1.9015820026397705,0.9390624165534973,0.8376929759979248,2.187028646469116
149.39999389648438,142.6999969482422,149.6999969482422,151.8000030517578,165.60000610351562,170.3000030517578,177.8000030517578,174.0,177.39999389648438,175.60000610351562,5.699999809265137,179.3000030517578,148.0,45.5,150.60000610351562,32.747432708740234,1.1200997829437256,1.7145293951034546,1.8021936416625977,0.7259674668312073,0.6456744074821472,14.042460441589355
147.8000030517578,142.5,151.8000030517578,151.6999969482422,166.6999969482422,170.3000030517578,177.8000030517578,175.3000030517578,178.0,174.6999969482422,4.099999904632568,178.60000610351562,149.60000610351562,44.0,152.0,32.05928421020508,1.148545265197754,1.7382808923721313,1.822507619857788,0.7532185316085815,0.646137535572052,13.126343727111816
148.3000030517578,144.1999969482422,149.10000610351562,151.6999969482422,167.0,169.60000610351562,178.39999389648438,173.60000610351562,176.5,172.8000030517578,2.0999999046325684,175.8000030517578,153.3000030517578,42.70000076293945,150.39999389648438,31.363069534301758,1.14360773563385,1.7408530712127686,1.8317170143127441,0.7306680083274841,0.6340283751487732,11.657957077026367
148.60000610351562,143.8000030517578,150.10000610351562,152.60000610351562,166.1999969482422,170.0,176.89999389648438,174.8000030517578,178.1999969482422,174.3000030517578,4.5,178.6999969482422,149.5,46.099998474121094,152.10000610351562,30.017230987548828,1.133727788925171,1.726519227027893,1.8343005180358887,0.731424868106842,0.6266087889671326,13.140859603881836
149.10000610351562,144.3000030517578,149.5,153.6999969482422,168.3000030517578,171.0,174.5,175.0,178.3000030517578,179.0,13.300000190734863,177.89999389648438,143.1999969482422,50.79999923706055,147.8000030517578,32.00435256958008,1.128326416015625,1.737646460533142,1.8427454233169556,0.7467449903488159,0.6632384657859802,14.622818946838379
150.10000610351562,144.10000610351562,147.8000030517578,154.6999969482422,167.39999389648438,170.5,175.1999969482422,173.1999969482422,177.39999389648438,178.5,11.699999809265137,179.60000610351562,146.39999389648438,48.599998474121094,154.1999969482422,29.85759925842285,1.1238805055618286,1.735495924949646,1.8397921323776245,0.7352294325828552,0.6554710268974304,11.615243911743164
149.39999389648438,142.39999389648438,150.3000030517578,156.39999389648438,169.1999969482422,172.5,174.60000610351562,172.3000030517578,179.5,178.10000610351562,8.300000190734863,177.6999969482422,147.6999969482422,42.0,156.5,30.929866790771484,1.1229774951934814,1.770020604133606,1.7908694744110107,0.7356343865394592,0.6591246724128723,12.383744239807129
149.39999389648438,141.39999389648438,148.10000610351562,153.6999969482422,166.5,172.1999969482422,176.6999969482422,171.89999389648438,179.39999389648438,173.60000610351562,6.599999904632568,177.1999969482422,153.10000610351562,42.70000076293945,152.1999969482422,30.118600845336914,1.0836530923843384,1.7369074821472168,1.8081963062286377,0.7626990675926208,0.6787900328636169,12.895829200744629
157.8000030517578,143.5,135.89999389648438,151.1999969482422,167.8000030517578,170.8000030517578,178.0,174.5,179.0,175.3000030517578,6.800000190734863,179.39999389648438,156.6999969482422,40.099998474121094,160.60000610351562,38.404693603515625,1.1521767377853394,1.7438580989837646,1.8662821054458618,0.8624168634414673,0.7260580658912659,8.91323471069336
160.3000030517578,147.3000030517578,128.5,151.0,168.5,171.89999389648438,178.39999389648438,174.6999969482422,174.8000030517578,178.10000610351562,13.300000190734863,175.8000030517578,155.39999389648438,43.900001525878906,156.6999969482422,42.44594955444336,1.1972185373306274,1.7835664749145508,1.9056695699691772,0.967186450958252,0.8098155856132507,7.818481922149658
161.6999969482422,147.10000610351562,126.69999694824219,152.1999969482422,168.60000610351562,172.89999389648438,179.89999389648438,174.8000030517578,172.5,177.10000610351562,11.899999618530273,176.89999389648438,158.8000030517578,42.0,156.8000030517578,41.99514389038086,1.1795260906219482,1.7787467241287231,1.8959852457046509,0.9624553322792053,0.8202715516090393,6.054955959320068
163.10000610351562,146.1999969482422,129.60000610351562,152.3000030517578,167.6999969482422,172.1999969482422,178.8000030517578,173.5,173.5,176.5,10.199999809265137,177.1999969482422,160.0,37.099998474121094,160.6999969482422,43.20876693725586,1.1888436079025269,1.778014063835144,1.900037169456482,0.9404856562614441,0.8049445152282715,5.679853916168213
162.8000030517578,147.5,128.10000610351562,151.89999389648438,167.10000610351562,173.60000610351562,179.89999389648438,174.6999969482422,173.5,175.6999969482422,8.100000381469727,179.3000030517578,159.89999389648438,39.29999923706055,158.8000030517578,43.26028823852539,1.198165774345398,1.7754980325698853,1.893179178237915,0.9860896468162537,0.8313648700714111,6.209068775177002
163.0,147.6999969482422,126.5,150.8000030517578,167.89999389648438,171.8000030517578,178.89999389648438,174.60000610351562,172.60000610351562,173.8000030517578,7.400000095367432,179.1999969482422,161.60000610351562,36.900001525878906,160.1999969482422,44.00407409667969,1.1907917261123657,1.7713574171066284,1.8925803899765015,0.972308874130249,0.8196679353713989,6.572965145111084
162.5,149.10000610351562,127.30000305175781,151.60000610351562,168.0,173.6999969482422,180.0,175.8000030517578,174.89999389648438,175.89999389648438,11.399999618530273,176.89999389648438,160.0,38.400001525878906,161.1999969482422,43.50007629394531,1.207277536392212,1.7820954322814941,1.8996108770370483,1.0023438930511475,0.8517290353775024,6.520419120788574
161.89999389648438,149.3000030517578,127.4000015258789,151.39999389648438,167.3000030517578,174.8000030517578,178.89999389648438,175.89999389648438,171.10000610351562,175.5,11.899999618530273,178.0,160.39999389648438,42.599998474121094,156.3000030517578,42.60404968261719,1.1970179080963135,1.7666453123092651,1.8884482383728027,0.9958838224411011,0.8340863585472107,6.66934061050415
161.8000030517578,148.60000610351562,127.69999694824219,151.3000030517578,168.1999969482422,173.5,179.8000030517578,176.1999969482422,173.39999389648438,176.39999389648438,11.899999618530273,177.8000030517578,159.5,42.599998474121094,155.6999969482422,43.00938034057617,1.211879014968872,1.7798926830291748,1.9054114818572998,1.0145257711410522,0.8593497276306152,6.155505657196045
161.1999969482422,150.10000610351562,126.5999984741211,151.0,169.0,173.6999969482422,179.89999389648438,175.60000610351562,173.6999969482422,175.6999969482422,11.399999618530273,178.5,161.39999389648438,41.099998474121094,156.8000030517578,43.088104248046875,1.2025964260101318,1.7812392711639404,1.9000669717788696,1.0090817213058472,0.8494491577148438,5.936398029327393
160.89999389648438,149.0,126.0,149.89999389648438,169.39999389648438,173.6999969482422,179.6999969482422,175.6999969482422,174.8000030517578,172.60000610351562,6.800000190734863,179.60000610351562,162.3000030517578,37.29999923706055,160.10000610351562,43.92082214355469,1.1973246335983276,1.771489143371582,1.8932831287384033,1.0347404479980469,0.8533778786659241,7.690103054046631
161.0,150.1999969482422,125.0,150.39999389648438,168.60000610351562,175.10000610351562,179.10000610351562,175.3000030517578,178.89999389648438,173.8000030517578,3.200000047683716,176.10000610351562,166.5,33.79999923706055,161.60000610351562,42.431007385253906,1.1949304342269897,1.7653385400772095,1.8759931325912476,1.0290409326553345,0.8560795187950134,5.640567779541016
163.8000030517578,146.10000610351562,123.5999984741211,152.5,168.8000030517578,174.6999969482422,178.1999969482422,173.10000610351562,175.6999969482422,178.1999969482422,5.099999904632568,175.39999389648438,159.60000610351562,37.5,159.89999389648438,43.685237884521484,1.182521104812622,1.781487226486206,1.8653795719146729,0.9880879521369934,0.8505013585090637,4.900561332702637
161.0,146.89999389648438,126.4000015258789,151.0,166.6999969482422,175.5,178.10000610351562,175.6999969482422,176.3000030517578,175.8000030517578,3.5,177.10000610351562,161.10000610351562,37.0,157.0,42.584598541259766,1.1798381805419922,1.7602946758270264,1.8927733898162842,0.9938721060752869,0.8237394094467163,6.704013347625732
159.6999969482422,148.39999389648438,128.60000610351562,153.3000030517578,168.6999969482422,172.8000030517578,177.6999969482422,174.3000030517578,176.39999389648438,179.3000030517578,8.300000190734863,179.89999389648438,160.10000610351562,36.099998474121094,160.10000610351562,40.754764556884766,1.2139430046081543,1.7754545211791992,1.882132887840271,1.0279210805892944,0.8622952103614807,4.451320171356201
161.10000610351562,146.0,132.8000030517578,153.89999389648438,168.10000610351562,173.10000610351562,179.39999389648438,177.10000610351562,176.8000030517578,176.6999969482422,11.899999618530273,172.39999389648438,160.1999969482422,37.5,157.0,39.477691650390625,1.2010881900787354,1.7641352415084839,1.8861055374145508,0.9883970618247986,0.8322056531906128,5.205382347106934
161.6999969482422,144.1999969482422,132.0,152.6999969482422,166.1999969482422,171.5,179.60000610351562,174.6999969482422,174.10000610351562,170.1999969482422,5.099999904632568,176.5,167.1999969482422,31.799999237060547,156.5,41.59580993652344,1.2196167707443237,1.7583355903625488,1.8844777345657349,1.0344429016113281,0.8652842044830322,5.035392761230469
159.6999969482422,146.8000030517578,133.89999389648438,151.6999969482422,166.89999389648438,171.60000610351562,179.1999969482422,172.1999969482422,175.89999389648438,169.3000030517578,1.600000023841858,178.3000030517578,168.10000610351562,25.799999237060547,162.5,40.71022033691406,1.2331860065460205,1.7657862901687622,1.8983898162841797,1.0503177642822266,0.8530206084251404,6.68594217300415
161.6999969482422,146.3000030517578,134.6999969482422,153.5,166.10000610351562,172.89999389648438,179.6999969482422,173.5,174.8000030517578,169.39999389648438,2.5,176.10000610351562,172.0,24.399999618530273,161.6999969482422,40.54465103149414,1.2463414669036865,1.7687342166900635,1.89854097366333,1.0457872152328491,0.8634721636772156,3.8012452125549316
159.39999389648438,147.0,133.8000030517578,151.5,166.39999389648438,173.1999969482422,178.8000030517578,170.8000030517578,175.5,163.3000030517578,12.899999618530273,170.10000610351562,178.89999389648438,12.600000381469727,168.39999389648438,40.03264617919922,1.2468812465667725,1.7540479898452759,1.8610751628875732,1.0566074848175049,0.856475293636322,6.166347503662109
161.5,144.5,134.39999389648438,148.3000030517578,167.1999969482422,172.3000030517578,179.0,170.5,175.0,163.39999389648438,13.0,171.39999389648438,178.5,14.100000381469727,164.0,43.187294006347656,1.267122745513916,1.7598333358764648,1.882650375366211,1.0871381759643555,0.8851819038391113,4.896833419799805
160.89999389648438,144.1999969482422,138.60000610351562,149.5,164.8000030517578,172.39999389648438,178.60000610351562,167.0,175.3000030517578,161.0,18.899999618530273,170.1999969482422,174.8000030517578,5.900000095367432,166.5,40.77850341796875,1.253605604171753,1.746687889099121,1.8482201099395752,1.0495092868804932,0.844463050365448,6.069768905639648
159.39999389648438,144.8000030517578,137.39999389648438,149.0,167.3000030517578,173.8000030517578,178.39999389648438,170.5,175.10000610351562,162.5,15.800000190734863,171.0,177.10000610351562,3.5999999046325684,171.10000610351562,41.029449462890625,1.2441736459732056,1.7632384300231934,1.8743979930877686,1.0756659507751465,0.8525010347366333,6.457285404205322
161.3000030517578,143.3000030517578,136.60000610351562,149.39999389648438,166.60000610351562,171.8000030517578,178.1999969482422,167.89999389648438,175.8000030517578,159.89999389648438,18.899999618530273,169.60000610351562,174.89999389648438,3.5,171.5,41.16816329956055,1.2182798385620117,1.7490659952163696,1.860552430152893,1.0343276262283325,0.8251643180847168,6.491537570953369
162.39999389648438,143.6999969482422,135.89999389648438,149.60000610351562,164.89999389648438,172.5,177.1999969482422,171.3000030517578,174.60000610351562,161.39999389648438,19.5,168.5,176.8000030517578,7.400000095367432,167.3000030517578,41.95595932006836,1.2357227802276611,1.7521182298660278,1.866262674331665,1.0506958961486816,0.8482354879379272,3.9972946643829346
162.10000610351562,146.39999389648438,134.3000030517578,149.0,166.5,171.60000610351562,177.3000030517578,172.3000030517578,172.0,162.0,14.300000190734863,173.0,178.10000610351562,9.399999618530273,167.10000610351562,42.179046630859375,1.2383147478103638,1.7435574531555176,1.8665714263916016,1.0186830759048462,0.8277646899223328,6.636540412902832
161.1999969482422,147.60000610351562,133.0,149.89999389648438,168.10000610351562,172.10000610351562,177.39999389648438,172.0,171.3000030517578,163.89999389648438,11.300000190734863,172.3000030517578,177.89999389648438,15.399999618530273,165.6999969482422,42.696372985839844,1.2460063695907593,1.746720552444458,1.850914478302002,1.0794447660446167,0.8781815767288208,7.191953659057617
160.8000030517578,147.39999389648438,135.6999969482422,152.1999969482422,166.8000030517578,174.10000610351562,179.0,172.1999969482422,170.3000030517578,171.1999969482422,4.300000190734863,174.6999969482422,172.0,20.799999237060547,160.0,41.6735725402832,1.2414177656173706,1.7523787021636963,1.8634089231491089,1.043005108833313,0.8935325741767883,1.7676568031311035
160.8000030517578,147.0,133.5,152.10000610351562,167.8000030517578,174.5,178.6999969482422,173.0,174.5,171.5,1.5,179.8000030517578,167.6999969482422,24.100000381469727,161.39999389648438,42.32884216308594,1.227603793144226,1.7638764381408691,1.862688422203064,1.0513055324554443,0.8863285779953003,4.126922607421875
160.0,146.39999389648438,134.0,152.1999969482422,167.5,171.89999389648438,179.39999389648438,173.6999969482422,172.3000030517578,172.10000610351562,2.200000047683716,178.3000030517578,165.39999389648438,27.5,159.39999389648438,40.90462875366211,1.2049319744110107,1.748106837272644,1.8570986986160278,0.9951580166816711,0.8385143280029297,5.703030586242676
161.0,145.6999969482422,131.89999389648438,151.39999389648438,167.5,172.1999969482422,179.8000030517578,174.10000610351562,173.60000610351562,172.60000610351562,2.5,179.5,165.3000030517578,28.0,158.89999389648438,42.08711624145508,1.2005070447921753,1.7446857690811157,1.856418490409851,1.0151488780975342,0.8536832332611084,5.210392951965332
161.39999389648438,146.3000030517578,130.6999969482422,150.0,169.89999389648438,175.0,178.6999969482422,179.8000030517578,174.3000030517578,176.1999969482422,11.5,173.60000610351562,163.3000030517578,41.599998474121094,147.0,42.26680374145508,1.2150799036026,1.7567322254180908,1.8676519393920898,1.0685462951660156,0.9028558731079102,3.7944247722625732
162.1999969482422,147.8000030517578,126.80000305175781,149.6999969482422,168.39999389648438,173.89999389648438,179.8000030517578,177.3000030517578,174.8000030517578,175.3000030517578,4.699999809265137,177.8000030517578,163.6999969482422,36.70000076293945,156.89999389648438,43.3214225769043,1.1960408687591553,1.7559462785720825,1.8722419738769531,1.0348947048187256,0.873419463634491,4.285714626312256
163.1999969482422,147.39999389648438,125.9000015258789,149.89999389648438,168.89999389648438,172.89999389648438,178.6999969482422,176.1999969482422,172.5,176.60000610351562,7.5,178.1999969482422,160.89999389648438,42.29999923706055,152.0,43.79788589477539,1.18034029006958,1.7552443742752075,1.8766634464263916,1.0189836025238037,0.8845599293708801,5.382534027099609
164.39999389648438,148.3000030517578,124.5999984741211,150.60000610351562,169.6999969482422,174.60000610351562,179.1999969482422,176.10000610351562,173.3000030517578,176.10000610351562,8.399999618530273,178.89999389648438,160.0,41.599998474121094,154.6999969482422,45.025814056396484,1.1872897148132324,1.7645282745361328,1.8777400255203247,1.035487174987793,0.8813961148262024,6.560778617858887
164.89999389648438,146.5,122.5,149.1999969482422,171.8000030517578,173.5,179.0,179.3000030517578,172.39999389648438,177.0,11.199999809265137,174.60000610351562,157.5,42.400001525878906,151.8000030517578,46.45783233642578,1.1952826976776123,1.7740542888641357,1.8882797956466675,1.025126338005066,0.8728415369987488,7.3093414306640625
165.10000610351562,150.1999969482422,125.30000305175781,150.60000610351562,169.60000610351562,173.10000610351562,180.0,178.5,172.60000610351562,178.0,21.399999618530273,171.39999389648438,152.60000610351562,53.400001525878906,145.3000030517578,45.20230484008789,1.225353717803955,1.7696274518966675,1.900277853012085,1.0087810754776,0.8739253282546997,8.894637107849121
166.0,148.60000610351562,125.19999694824219,151.6999969482422,169.8000030517578,170.89999389648438,179.8000030517578,177.8000030517578,174.10000610351562,179.10000610351562,16.399999618530273,177.1999969482422,154.89999389648438,50.599998474121094,148.0,45.36178207397461,1.1954610347747803,1.7613470554351807,1.8885186910629272,0.9849250912666321,0.8429065346717834,9.34595775604248
164.0,147.89999389648438,120.9000015258789,149.10000610351562,167.60000610351562,176.10000610351562,178.6999969482422,177.1999969482422,172.3000030517578,174.6999969482422,0.6000000238418579,171.3000030517578,169.0,35.0,156.1999969482422,45.66546630859375,1.185739517211914,1.751155138015747,1.8578604459762573,1.0538713932037354,0.9187042117118835,1.2675527334213257
161.10000610351562,146.6999969482422,125.5,151.10000610351562,170.0,174.39999389648438,179.1999969482422,179.5,175.0,177.10000610351562,7.0,179.10000610351562,162.1999969482422,34.099998474121094,158.60000610351562,43.945274353027344,1.215501070022583,1.7547892332077026,1.8547884225845337,1.0880093574523926,0.9193623065948486,4.116268634796143
162.1999969482422,142.6999969482422,133.5,149.0,168.39999389648438,174.89999389648438,177.6999969482422,177.5,175.8000030517578,171.39999389648438,7.199999809265137,174.39999389648438,171.3000030517578,21.899999618530273,157.39999389648438,45.85076141357422,1.2266675233840942,1.756581425666809,1.8513615131378174,1.1074131727218628,0.9398267269134521,2.693495273590088
165.89999389648438,140.6999969482422,131.39999389648438,150.39999389648438,164.10000610351562,175.1999969482422,179.60000610351562,173.3000030517578,176.89999389648438,166.0,7.900000095367432,178.0,175.5,19.200000762939453,160.6999969482422,45.3283805847168,1.2215451002120972,1.7406775951385498,1.8408170938491821,1.1331764459609985,0.9263608455657959,3.188751697540283
167.8000030517578,144.3000030517578,124.9000015258789,146.39999389648438,166.89999389648438,173.60000610351562,177.60000610351562,171.6999969482422,174.0,166.39999389648438,6.300000190734863,179.89999389648438,174.60000610351562,21.0,160.5,50.20191192626953,1.2004551887512207,1.7464479207992554,1.8556082248687744,1.1059459447860718,0.923249363899231,3.6353888511657715
168.3000030517578,147.39999389648438,121.5999984741211,146.0,167.39999389648438,173.39999389648438,176.6999969482422,173.60000610351562,173.5,168.0,3.9000000953674316,177.0,171.89999389648438,24.0,160.10000610351562,52.23580551147461,1.2383040189743042,1.7597945928573608,1.863923192024231,1.1079696416854858,0.9299592971801758,3.0178327560424805
169.3000030517578,151.5,122.9000015258789,148.39999389648438,166.3000030517578,177.39999389648438,177.10000610351562,177.1999969482422,173.39999389648438,175.3000030517578,3.9000000953674316,178.1999969482422,169.39999389648438,29.399999618530273,154.89999389648438,51.13161087036133,1.291221261024475,1.7570983171463013,1.8566784858703613,1.141363263130188,0.9735879302024841,3.1949472427368164
169.3000030517578,151.89999389648438,122.5,145.5,170.3000030517578,175.3000030517578,177.0,178.0,175.60000610351562,171.89999389648438,1.7999999523162842,179.3000030517578,171.89999389648438,28.0,159.39999389648438,52.73970413208008,1.2772337198257446,1.7561213970184326,1.855797290802002,1.1411678791046143,0.96331787109375,3.070237398147583
169.3000030517578,151.39999389648438,121.5999984741211,145.8000030517578,169.1999969482422,175.3000030517578,177.39999389648438,177.3000030517578,175.39999389648438,171.8000030517578,1.100000023841858,175.10000610351562,173.10000610351562,24.0,163.39999389648438,52.44378662109375,1.2631559371948242,1.757900357246399,1.8492324352264404,1.092031717300415,0.9292614459991455,1.4915179014205933
167.1999969482422,150.60000610351562,122.0999984741211,148.3000030517578,169.8000030517578,176.39999389648438,177.5,179.89999389648438,175.3000030517578,176.5,7.900000095367432,179.3000030517578,167.8000030517578,33.70000076293945,155.39999389648438,50.13631820678711,1.24520742893219,1.7651000022888184,1.8638933897018433,1.1005414724349976,0.9387791752815247,1.5049299001693726
165.60000610351562,152.3000030517578,124.80000305175781,148.0,170.0,175.89999389648438,177.6999969482422,177.1999969482422,173.10000610351562,178.10000610351562,7.699999809265137,178.10000610351562,164.8000030517578,36.79999923706055,151.5,49.990814208984375,1.2537957429885864,1.7711162567138672,1.8704184293746948,1.0694442987442017,0.9201977252960205,1.743058681488037
166.0,151.60000610351562,120.9000015258789,147.6999969482422,170.89999389648438,177.0,177.5,180.0,173.39999389648438,179.1999969482422,9.0,179.39999389648438,166.5,37.0,151.10000610351562,50.41093826293945,1.2374436855316162,1.769240379333496,1.8608933687210083,1.0832027196884155,0.9457623958587646,0.7772107124328613
166.0,152.1999969482422,125.0999984741211,148.60000610351562,171.0,175.1999969482422,178.39999389648438,178.60000610351562,173.3000030517578,178.60000610351562,8.899999618530273,178.5,164.60000610351562,35.599998474121094,154.6999969482422,48.9255256652832,1.2537755966186523,1.7630817890167236,1.8683797121047974,1.0739288330078125,0.9360370635986328,2.0420408248901367
164.3000030517578,146.3000030517578,123.80000305175781,149.0,170.60000610351562,174.6999969482422,178.89999389648438,177.39999389648438,175.1999969482422,176.6999969482422,7.599999904632568,179.8000030517578,164.60000610351562,35.70000076293945,155.39999389648438,46.62440490722656,1.187485694885254,1.7474136352539062,1.8549778461456299,1.0553615093231201,0.9063760042190552,2.54050612449646
164.39999389648438,148.3000030517578,119.5999984741211,150.1999969482422,169.39999389648438,174.1999969482422,178.39999389648438,179.39999389648438,172.89999389648438,177.89999389648438,6.800000190734863,177.5,161.60000610351562,38.5,154.0,45.447288513183594,1.1730976104736328,1.747169017791748,1.8604023456573486,0.9965941309928894,0.8701274991035461,3.922466278076172
169.0,147.3000030517578,121.19999694824219,147.39999389648438,170.89999389648438,172.5,177.8000030517578,176.6999969482422,175.0,176.60000610351562,4.5,179.3000030517578,163.89999389648438,32.70000076293945,156.6999969482422,51.72739791870117,1.2186206579208374,1.7638256549835205,1.879462480545044,1.0511554479599,0.9030728936195374,3.813690423965454
164.1999969482422,156.1999969482422,143.89999389648438,146.8000030517578,169.0,175.0,178.1999969482422,177.8000030517578,176.10000610351562,178.0,4.199999809265137,179.89999389648438,164.39999389648438,33.0,158.39999389648438,48.40959930419922,1.317418098449707,1.7756297588348389,1.8983134031295776,1.0867059230804443,0.9220889210700989,1.6025158166885376
165.60000610351562,155.1999969482422,136.6999969482422,148.3000030517578,167.10000610351562,175.0,177.3000030517578,178.0,176.3000030517578,175.10000610351562,2.700000047683716,178.5,168.1999969482422,32.20000076293945,157.60000610351562,47.95663833618164,1.2788937091827393,1.7616090774536133,1.8807820081710815,1.0827537775039673,0.9056658148765564,2.253173828125
164.6999969482422,155.6999969482422,140.60000610351562,148.1999969482422,169.0,173.5,178.1999969482422,176.6999969482422,178.3000030517578,175.8000030517578,4.300000190734863,179.8000030517578,165.0,35.099998474121094,157.8000030517578,47.88433074951172,1.304581880569458,1.764681100845337,1.8723636865615845,1.0847413539886475,0.905057966709137,3.2655467987060547
166.1999969482422,152.60000610351562,135.10000610351562,147.6999969482422,169.89999389648438,173.8000030517578,178.3000030517578,175.0,176.0,176.8000030517578,1.2000000476837158,176.39999389648438,164.5,31.200000762939453,158.60000610351562,50.612274169921875,1.2942523956298828,1.7946381568908691,1.8957546949386597,1.0569274425506592,0.8998897075653076,3.0524322986602783
164.60000610351562,151.0,134.39999389648438,148.6999969482422,169.5,172.1999969482422,178.8000030517578,174.89999389648438,178.1999969482422,176.39999389648438,2.200000047683716,179.6999969482422,162.39999389648438,35.79999923706055,154.0,48.13690948486328,1.262637972831726,1.7818477153778076,1.891426920890808,1.056891679763794,0.9070346355438232,4.388339996337891
165.60000610351562,150.8000030517578,126.9000015258789,148.8000030517578,169.39999389648438,173.8000030517578,178.0,175.6999969482422,174.89999389648438,175.1999969482422,5.0,179.6999969482422,165.60000610351562,36.20000076293945,153.8000030517578,47.56437683105469,1.2413395643234253,1.764257788658142,1.8787612915039062,1.059851884841919,0.912600040435791,3.217625379562378
164.6999969482422,151.6999969482422,128.6999969482422,149.10000610351562,169.8000030517578,174.0,178.3000030517578,179.6999969482422,176.0,179.6999969482422,10.0,179.6999969482422,163.89999389648438,39.0,152.3000030517578,46.871971130371094,1.2557401657104492,1.7701668739318848,1.8835222721099854,1.059666633605957,0.9202547669410706,1.2135443687438965
163.60000610351562,149.8000030517578,127.4000015258789,148.39999389648438,170.1999969482422,173.6999969482422,178.39999389648438,178.1999969482422,172.39999389648438,177.1999969482422,7.300000190734863,179.0,165.0,39.20000076293945,150.0,46.813758850097656,1.2235437631607056,1.7636408805847168,1.885374665260315,1.0613657236099243,0.9074975848197937,2.4665002822875977
163.10000610351562,148.0,124.30000305175781,149.5,170.3000030517578,173.39999389648438,177.89999389648438,179.89999389648438,174.60000610351562,177.39999389648438,8.5,179.39999389648438,165.1999969482422,40.900001525878906,149.0,44.45137023925781,1.1766891479492188,1.7423393726348877,1.8687208890914917,1.0202906131744385,0.8748427629470825,2.259827136993408
159.39999389648438,144.0,130.10000610351562,151.39999389648438,167.5,171.60000610351562,178.89999389648438,177.1999969482422,178.3000030517578,177.89999389648438,1.5,175.39999389648438,159.89999389648438,39.29999923706055,150.3000030517578,40.088619232177734,1.1509960889816284,1.7440013885498047,1.8571094274520874,0.9536188840866089,0.8052666187286377,5.253566741943359
158.6999969482422,143.6999969482422,129.8000030517578,152.1999969482422,166.8000030517578,170.5,179.60000610351562,174.6999969482422,177.89999389648438,174.39999389648438,1.7999999523162842,177.60000610351562,162.8000030517578,36.20000076293945,155.0,37.79188919067383,1.1005427837371826,1.7213789224624634,1.8255641460418701,0.9009889960289001,0.7749370336532593,5.863156795501709
159.1999969482422,144.10000610351562,132.0,152.3000030517578,166.1999969482422,169.5,179.8000030517578,176.1999969482422,177.8000030517578,176.10000610351562,0.699999988079071,176.1999969482422,163.3000030517578,34.900001525878906,153.10000610351562,38.70173263549805,1.1252577304840088,1.727687954902649,1.8338725566864014,0.9083977937698364,0.7902079224586487,4.309913635253906
160.3000030517578,144.8000030517578,129.0,151.6999969482422,166.5,170.3000030517578,179.1999969482422,176.6999969482422,176.3000030517578,173.8000030517578,0.8999999761581421,175.6999969482422,165.8000030517578,33.70000076293945,153.8000030517578,39.23538589477539,1.1403464078903198,1.7290962934494019,1.8508881330490112,0.9385526180267334,0.799472987651825,4.92417573928833
160.1999969482422,143.6999969482422,131.8000030517578,152.39999389648438,166.39999389648438,171.0,179.60000610351562,177.39999389648438,176.10000610351562,174.1999969482422,2.4000000953674316,173.1999969482422,165.60000610351562,32.29999923706055,155.1999969482422,39.08889389038086,1.149316430091858,1.7473996877670288,1.8621565103530884,0.9525395631790161,0.8185898661613464,4.0733561515808105
160.0,144.60000610351562,131.8000030517578,152.39999389648438,167.10000610351562,169.5,179.5,178.0,177.8000030517578,175.1999969482422,0.10000000149011612,177.3000030517578,163.5,34.5,153.5,38.875701904296875,1.1444144248962402,1.7308363914489746,1.8482128381729126,0.9302419424057007,0.8059268593788147,5.120635032653809
160.60000610351562,142.39999389648438,129.8000030517578,151.8000030517578,167.60000610351562,171.5,178.8000030517578,179.0,176.0,176.0,1.600000023841858,177.6999969482422,164.39999389648438,34.400001525878906,153.5,40.54299545288086,1.1345946788787842,1.752190113067627,1.86314857006073,0.947895884513855,0.8158316612243652,3.4398093223571777
160.3000030517578,144.0,128.89999389648438,152.60000610351562,168.10000610351562,170.5,179.10000610351562,179.1999969482422,175.39999389648438,175.60000610351562,2.0999999046325684,178.1999969482422,162.1999969482422,37.20000076293945,151.10000610351562,39.15517044067383,1.1382262706756592,1.747352957725525,1.8585505485534668,0.932214081287384,0.811667799949646,5.059755802154541
162.10000610351562,144.1999969482422,128.0,152.39999389648438,167.5,169.6999969482422,178.5,179.6999969482422,176.39999389648438,174.8000030517578,0.10000000149011612,175.39999389648438,162.89999389648438,34.5,153.5,40.62731170654297,1.1383371353149414,1.7441529035568237,1.8625903129577637,0.9226941466331482,0.8060076236724854,5.282620429992676
161.8000030517578,144.39999389648438,127.5999984741211,152.89999389648438,167.39999389648438,169.3000030517578,177.8000030517578,179.3000030517578,175.89999389648438,174.1999969482422,1.0,174.39999389648438,162.8000030517578,35.70000076293945,152.39999389648438,40.226417541503906,1.1357319355010986,1.7467741966247559,1.8510825634002686,0.9241535067558289,0.8077243566513062,5.7330121994018555
161.5,144.1999969482422,128.3000030517578,152.3000030517578,167.3000030517578,169.8000030517578,178.89999389648438,177.0,175.89999389648438,173.0,2.799999952316284,175.0,165.0,30.700000762939453,157.5,40.359092712402344,1.1299313306808472,1.7411327362060547,1.8451133966445923,0.9083635807037354,0.7970219850540161,5.0624542236328125
159.5,140.60000610351562,133.60000610351562,153.6999969482422,168.3000030517578,167.5,178.8000030517578,175.60000610351562,176.60000610351562,177.10000610351562,2.4000000953674316,178.10000610351562,157.3000030517578,41.20000076293945,151.6999969482422,39.7817268371582,1.1308590173721313,1.7703502178192139,1.8709994554519653,0.9294755458831787,0.8015816807746887,7.556819438934326
161.10000610351562,142.10000610351562,128.89999389648438,152.1999969482422,167.8000030517578,168.1999969482422,178.5,177.1999969482422,177.10000610351562,176.39999389648438,3.4000000953674316,177.8000030517578,159.5,41.29999923706055,150.89999389648438,41.09553146362305,1.139102816581726,1.7614377737045288,1.8986661434173584,0.9514251947402954,0.8231501579284668,6.527444362640381
162.1999969482422,143.3000030517578,124.19999694824219,151.3000030517578,167.1999969482422,168.89999389648438,179.3000030517578,179.5,174.10000610351562,175.1999969482422,6.5,179.3000030517578,159.8000030517578,42.79999923706055,150.1999969482422,42.11788558959961,1.1331965923309326,1.7330784797668457,1.87129807472229,0.935757577419281,0.8243298530578613,7.488572120666504
161.39999389648438,143.3000030517578,125.30000305175781,152.3000030517578,166.60000610351562,171.10000610351562,179.60000610351562,179.8000030517578,175.60000610351562,179.0,8.300000190734863,179.10000610351562,154.89999389648438,51.599998474121094,145.0,40.465476989746094,1.1243009567260742,1.7491810321807861,1.8919180631637573,0.9414903521537781,0.8124183416366577,8.476973533630371
161.0,145.8000030517578,123.9000015258789,149.6999969482422,168.6999969482422,172.0,178.8000030517578,178.1999969482422,174.39999389648438,179.89999389648438,8.899999618530273,179.39999389648438,155.3000030517578,52.400001525878906,143.39999389648438,41.847286224365234,1.1153496503829956,1.7273832559585571,1.8774348497390747,0.9078317880630493,0.7922625541687012,7.658869743347168
161.3000030517578,144.39999389648438,125.19999694824219,150.1999969482422,169.1999969482422,170.39999389648438,180.0,177.1999969482422,173.8000030517578,178.8000030517578,10.899999618530273,177.8000030517578,153.1999969482422,49.099998474121094,146.8000030517578,42.496559143066406,1.1296626329421997,1.7375153303146362,1.8789939880371094,0.8961982131004333,0.7938663959503174,8.117547035217285
162.1999969482422,143.5,124.0999984741211,151.0,167.89999389648438,172.89999389648438,178.3000030517578,179.6999969482422,175.3000030517578,177.3000030517578,6.400000095367432,180.0,154.89999389648438,50.20000076293945,144.60000610351562,43.066593170166016,1.142859697341919,1.7444013357162476,1.8811290264129639,0.9523141980171204,0.8289494514465332,9.663435935974121
160.89999389648438,141.60000610351562,131.39999389648438,150.8000030517578,167.39999389648438,170.8000030517578,178.8000030517578,179.0,174.5,175.60000610351562,2.4000000953674316,178.0,160.1999969482422,48.900001525878906,138.6999969482422,40.58967590332031,1.1415497064590454,1.7385623455047607,1.8947879076004028,0.9754794239997864,0.8381449580192566,6.854095458984375
156.10000610351562,142.60000610351562,134.60000610351562,149.60000610351562,167.89999389648438,173.0,179.3000030517578,177.8000030517578,174.3000030517578,179.60000610351562,2.5,178.1999969482422,160.1999969482422,56.79999923706055,129.60000610351562,38.582035064697266,1.1302446126937866,1.734568476676941,1.876823902130127,0.9384285807609558,0.8304672837257385,3.3478221893310547
157.5,143.10000610351562,134.39999389648438,149.60000610351562,170.10000610351562,172.39999389648438,179.5,176.10000610351562,174.39999389648438,179.3000030517578,3.9000000953674316,174.60000610351562,162.5,43.900001525878906,139.89999389648438,39.82065963745117,1.1407643556594849,1.7545032501220703,1.8770331144332886,0.9646965861320496,0.8394909501075745,2.306189775466919
157.60000610351562,145.0,132.8000030517578,149.8000030517578,167.89999389648438,172.89999389648438,178.10000610351562,174.5,175.39999389648438,175.89999389648438,7.400000095367432,173.39999389648438,166.0,35.70000076293945,144.0,39.5272102355957,1.1342248916625977,1.734641194343567,1.8365434408187866,0.9352710247039795,0.8260071277618408,2.125915288925171
156.0,141.39999389648438,137.60000610351562,148.8000030517578,169.1999969482422,171.5,179.60000610351562,176.0,174.10000610351562,176.6999969482422,6.400000095367432,174.5,164.5,33.900001525878906,146.60000610351562,39.46306610107422,1.166569471359253,1.7611395120620728,1.8799394369125366,0.9848657846450806,0.8610232472419739,2.126330852508545
154.3000030517578,143.8000030517578,138.5,151.10000610351562,169.0,170.60000610351562,178.89999389648438,171.6999969482422,175.1999969482422,178.10000610351562,4.199999809265137,173.8000030517578,164.1999969482422,35.70000076293945,150.1999969482422,38.75211715698242,1.1655724048614502,1.7799718379974365,1.8496065139770508,0.9855968356132507,0.8545896410942078,1.9879999160766602
156.0,142.3000030517578,139.3000030517578,149.6999969482422,170.0,171.1999969482422,180.0,169.6999969482422,176.0,172.10000610351562,16.600000381469727,167.89999389648438,170.3000030517578,23.799999237060547,152.60000610351562,40.26191329956055,1.142996072769165,1.7815272808074951,1.8601456880569458,0.9537171125411987,0.8219632506370544,2.8819284439086914
157.39999389648438,142.1999969482422,138.10000610351562,149.89999389648438,169.60000610351562,169.0,179.5,171.10000610351562,176.89999389648438,171.60000610351562,17.899999618530273,166.60000610351562,168.89999389648438,24.5,153.8000030517578,39.410030364990234,1.1362656354904175,1.7734293937683105,1.8736730813980103,0.9611902832984924,0.8246856927871704,2.838113307952881
156.60000610351562,141.8000030517578,140.10000610351562,151.1999969482422,168.1999969482422,170.10000610351562,179.3000030517578,171.3000030517578,178.3000030517578,172.8000030517578,13.399999618530273,170.1999969482422,168.8000030517578,22.299999237060547,156.6999969482422,38.40878677368164,1.1260908842086792,1.7510361671447754,1.8408584594726562,0.9319434762001038,0.8048516511917114,2.2471001148223877
156.5,142.89999389648438,139.0,149.8000030517578,168.3000030517578,170.10000610351562,180.0,170.3000030517578,177.10000610351562,171.3000030517578,17.399999618530273,166.3000030517578,172.0,18.899999618530273,158.1999969482422,39.05740737915039,1.1410138607025146,1.7523351907730103,1.8500102758407593,0.9461995959281921,0.8192311525344849,1.8559095859527588
156.0,142.10000610351562,137.5,150.10000610351562,167.39999389648438,168.1999969482422,179.89999389648438,172.3000030517578,176.8000030517578,173.5,11.100000381469727,171.39999389648438,166.8000030517578,32.20000076293945,148.89999389648438,37.49122619628906,1.1305922269821167,1.7450157403945923,1.8657474517822266,0.9212234616279602,0.7999099493026733,3.240795373916626
157.1999969482422,142.1999969482422,136.8000030517578,149.3000030517578,168.1999969482422,170.6999969482422,179.6999969482422,174.5,174.8000030517578,174.6999969482422,8.800000190734863,168.8000030517578,165.10000610351562,37.900001525878906,147.89999389648438,39.785797119140625,1.137512445449829,1.7342283725738525,1.8513376712799072,0.9397368431091309,0.8213832378387451,3.8077943325042725
157.89999389648438,143.8000030517578,137.10000610351562,150.3000030517578,169.0,170.60000610351562,179.3000030517578,176.39999389648438,175.6999969482422,176.1999969482422,7.800000190734863,170.5,165.0,35.400001525878906,148.0,40.946083068847656,1.1599276065826416,1.759883999824524,1.8674193620681763,0.9556840062141418,0.822374701499939,2.7272658348083496
158.39999389648438,142.60000610351562,134.89999389648438,150.39999389648438,169.5,171.39999389648438,179.39999389648438,176.89999389648438,175.6999969482422,177.60000610351562,4.199999809265137,173.1999969482422,161.5,46.20000076293945,139.1999969482422,39.83219528198242,1.1055744886398315,1.7260295152664185,1.8486825227737427,0.9104912281036377,0.7908633351325989,4.5512871742248535
155.5,141.39999389648438,143.5,154.60000610351562,167.3000030517578,168.60000610351562,175.89999389648438,174.0,176.10000610351562,176.89999389648438,12.800000190734863,179.3000030517578,150.5,47.099998474121094,154.1999969482422,35.71233367919922,1.1787092685699463,1.7623337507247925,1.9005658626556396,0.776063084602356,0.7169561386108398,8.499652862548828
154.60000610351562,141.0,144.39999389648438,154.89999389648438,168.5,167.1999969482422,176.10000610351562,173.60000610351562,174.8000030517578,178.5,12.5,179.89999389648438,148.8000030517578,48.0,155.0,35.77145767211914,1.1718050241470337,1.7555164098739624,1.9021514654159546,0.7757965326309204,0.7094752192497253,9.421806335449219
155.0,141.6999969482422,145.0,153.8000030517578,168.1999969482422,167.1999969482422,176.8000030517578,172.5,174.60000610351562,179.60000610351562,9.199999809265137,178.10000610351562,153.3000030517578,45.0,155.6999969482422,36.02405548095703,1.1853361129760742,1.751186728477478,1.8917642831802368,0.7831817269325256,0.7180704474449158,7.735287189483643
153.1999969482422,141.3000030517578,148.3000030517578,153.5,168.0,167.3000030517578,178.1999969482422,172.89999389648438,176.6999969482422,172.39999389648438,0.30000001192092896,175.60000610351562,157.8000030517578,37.0,159.1999969482422,35.070274353027344,1.195949912071228,1.7538453340530396,1.8955358266830444,0.8124085068702698,0.7180786728858948,8.316971778869629
153.5,141.39999389648438,146.3000030517578,153.6999969482422,168.1999969482422,167.1999969482422,176.89999389648438,171.1999969482422,175.89999389648438,173.60000610351562,0.5,175.5,157.6999969482422,37.099998474121094,158.8000030517578,36.7212028503418,1.1883759498596191,1.7589097023010254,1.8908710479736328,0.7967572808265686,0.7360697388648987,9.54759693145752
153.6999969482422,142.1999969482422,145.6999969482422,152.89999389648438,168.3000030517578,165.89999389648438,178.8000030517578,174.60000610351562,177.0,170.89999389648438,1.5,176.3000030517578,161.1999969482422,33.599998474121094,159.89999389648438,35.17037582397461,1.2053806781768799,1.7489451169967651,1.8964192867279053,0.806856632232666,0.7270538210868835,7.675731658935547
151.39999389648438,143.1999969482422,147.10000610351562,154.6999969482422,170.39999389648438,165.5,177.0,169.0,176.10000610351562,167.1999969482422,5.099999904632568,177.60000610351562,160.10000610351562,32.099998474121094,164.1999969482422,34.55073165893555,1.1810109615325928,1.7696073055267334,1.8594775199890137,0.7654469609260559,0.6920684576034546,9.258137702941895
151.60000610351562,142.8000030517578,147.39999389648438,154.6999969482422,169.5,166.89999389648438,176.6999969482422,168.0,176.10000610351562,167.0,5.099999904632568,178.8000030517578,158.5,34.0,162.8000030517578,35.08207702636719,1.181662917137146,1.7585170269012451,1.8681389093399048,0.7531971335411072,0.7036861777305603,10.733597755432129
152.8000030517578,144.3000030517578,146.1999969482422,153.8000030517578,170.3000030517578,164.8000030517578,177.10000610351562,169.3000030517578,178.0,167.3000030517578,5.900000095367432,179.3000030517578,159.5,31.799999237060547,163.3000030517578,34.743709564208984,1.1767148971557617,1.748402714729309,1.867116928100586,0.7363339066505432,0.6999233365058899,10.422840118408203
150.5,143.0,148.60000610351562,154.8000030517578,169.1999969482422,167.8000030517578,178.0,170.60000610351562,179.0,169.1999969482422,3.9000000953674316,178.10000610351562,160.6999969482422,30.799999237060547,160.6999969482422,34.161659240722656,1.1658276319503784,1.7708125114440918,1.8737517595291138,0.7518388628959656,0.6907908916473389,8.949543952941895
150.60000610351562,142.3000030517578,148.0,154.0,171.1999969482422,164.89999389648438,176.6999969482422,168.3000030517578,175.39999389648438,167.39999389648438,5.900000095367432,179.10000610351562,158.5,33.70000076293945,161.0,34.49839401245117,1.1739877462387085,1.765518307685852,1.874541163444519,0.7413014769554138,0.6884360313415527,10.19274616241455
151.89999389648438,142.3000030517578,147.39999389648438,154.10000610351562,168.8000030517578,166.8000030517578,176.89999389648438,169.89999389648438,176.1999969482422,169.89999389648438,3.4000000953674316,178.39999389648438,157.89999389648438,33.70000076293945,162.6999969482422,34.431373596191406,1.1768385171890259,1.7570518255233765,1.8758012056350708,0.7431647777557373,0.6795684099197388,9.177918434143066
151.60000610351562,143.0,148.39999389648438,154.3000030517578,168.3000030517578,168.1999969482422,177.0,170.60000610351562,176.1999969482422,169.89999389648438,1.7000000476837158,179.8000030517578,156.6999969482422,36.20000076293945,160.8000030517578,34.08859634399414,1.1735050678253174,1.7469221353530884,1.873914361000061,0.7512715458869934,0.7014146447181702,10.545897483825684
153.5,141.6999969482422,148.60000610351562,153.3000030517578,169.60000610351562,167.0,177.60000610351562,170.1999969482422,174.39999389648438,168.89999389648438,2.9000000953674316,179.6999969482422,156.89999389648438,35.29999923706055,163.0,36.557342529296875,1.204346776008606,1.7549341917037964,1.8913323879241943,0.7724015712738037,0.7058101892471313,10.661453247070312
152.60000610351562,142.6999969482422,148.5,154.60000610351562,169.1999969482422,167.3000030517578,177.60000610351562,172.0,174.6999969482422,171.60000610351562,0.5,178.6999969482422,154.3000030517578,41.400001525878906,157.89999389648438,33.48603439331055,1.1889865398406982,1.7509386539459229,1.8850951194763184,0.7669553160667419,0.6924051642417908,10.579131126403809
152.89999389648438,144.5,145.6999969482422,154.5,168.60000610351562,169.1999969482422,177.1999969482422,172.0,175.39999389648438,178.89999389648438,8.0,178.39999389648438,152.89999389648438,43.0,155.3000030517578,34.783382415771484,1.1796576976776123,1.7523545026779175,1.8596546649932861,0.760562002658844,0.7090530395507812,9.407454490661621
153.39999389648438,144.8000030517578,145.60000610351562,154.6999969482422,169.10000610351562,168.6999969482422,177.0,173.10000610351562,174.5,179.5,10.300000190734863,177.1999969482422,151.5,42.70000076293945,156.3000030517578,34.602256774902344,1.1736644506454468,1.7444698810577393,1.852439284324646,0.7540155649185181,0.7163662910461426,10.372803688049316
152.39999389648438,144.6999969482422,147.60000610351562,154.3000030517578,169.3000030517578,168.6999969482422,177.3000030517578,173.1999969482422,174.89999389648438,178.89999389648438,8.100000381469727,178.1999969482422,152.5,41.400001525878906,157.10000610351562,33.50337219238281,1.1816962957382202,1.7428511381149292,1.877056360244751,0.7509225010871887,0.7121716141700745,9.78174877166748
152.8000030517578,144.0,147.6999969482422,154.1999969482422,169.60000610351562,168.6999969482422,176.3000030517578,173.39999389648438,176.3000030517578,178.89999389648438,10.800000190734863,175.10000610351562,149.1999969482422,45.0,154.0,34.54742431640625,1.1794401407241821,1.7432420253753662,1.8748719692230225,0.7464456558227539,0.7089354991912842,10.558757781982422
152.8000030517578,144.3000030517578,148.10000610351562,154.10000610351562,169.3000030517578,168.8000030517578,177.5,174.60000610351562,176.60000610351562,179.39999389648438,8.699999809265137,177.89999389648438,151.0,43.0,156.5,34.991275787353516,1.1770579814910889,1.7603394985198975,1.8834558725357056,0.7516781687736511,0.6996986865997314,10.056450843811035
152.8000030517578,144.6999969482422,146.10000610351562,154.10000610351562,168.60000610351562,169.3000030517578,176.8000030517578,172.6999969482422,176.6999969482422,179.3000030517578,8.600000381469727,177.1999969482422,149.3000030517578,46.5,153.6999969482422,34.91484832763672,1.1730983257293701,1.7454583644866943,1.874406099319458,0.7304690480232239,0.6931851506233215,11.13007640838623
153.3000030517578,144.60000610351562,144.8000030517578,154.39999389648438,169.60000610351562,168.89999389648438,176.89999389648438,172.0,176.3000030517578,179.3000030517578,7.900000095367432,178.0,148.6999969482422,45.29999923706055,155.8000030517578,35.96061325073242,1.1689800024032593,1.7558304071426392,1.87088143825531,0.7252333760261536,0.6883679628372192,11.808550834655762
153.1999969482422,144.10000610351562,146.1999969482422,154.1999969482422,168.10000610351562,170.3000030517578,177.39999389648438,174.5,175.5,180.0,9.600000381469727,177.6999969482422,149.10000610351562,46.5,154.8000030517578,34.55092239379883,1.175778865814209,1.7460026741027832,1.8861777782440186,0.7431103587150574,0.7022374272346497,10.879901885986328
153.60000610351562,143.5,146.5,154.1999969482422,168.8000030517578,169.8000030517578,176.89999389648438,173.3000030517578,176.10000610351562,179.60000610351562,9.300000190734863,178.5,149.89999389648438,44.70000076293945,156.6999969482422,35.03650665283203,1.1830912828445435,1.750131368637085,1.8781989812850952,0.7610902190208435,0.7133010029792786,10.404542922973633
151.8000030517578,144.6999969482422,146.0,154.3000030517578,169.89999389648438,169.39999389648438,176.39999389648438,172.60000610351562,176.10000610351562,178.6999969482422,9.600000381469727,175.89999389648438,149.3000030517578,44.900001525878906,157.1999969482422,34.19480895996094,1.1771225929260254,1.7451488971710205,1.8479613065719604,0.7590150833129883,0.7113506197929382,10.772829055786133
153.3000030517578,144.1999969482422,146.10000610351562,154.60000610351562,168.10000610351562,169.5,176.39999389648438,172.3000030517578,175.8000030517578,179.3000030517578,10.800000190734863,176.5,149.39999389648438,46.400001525878906,155.10000610351562,35.15174865722656,1.171649694442749,1.7513076066970825,1.869553565979004,0.7506483793258667,0.7168376445770264,11.332499504089355
153.10000610351562,144.39999389648438,145.89999389648438,154.39999389648438,170.10000610351562,168.39999389648438,176.60000610351562,173.1999969482422,176.10000610351562,178.1999969482422,12.0,175.39999389648438,150.6999969482422,45.099998474121094,153.1999969482422,33.650123596191406,1.1588377952575684,1.7409082651138306,1.8619264364242554,0.746268630027771,0.7116134166717529,9.750153541564941
152.1999969482422,144.1999969482422,147.60000610351562,154.5,168.6999969482422,169.3000030517578,177.39999389648438,173.1999969482422,176.0,178.6999969482422,8.399999618530273,176.10000610351562,151.6999969482422,44.099998474121094,155.1999969482422,34.13842010498047,1.1751837730407715,1.746002197265625,1.872266411781311,0.7656903862953186,0.7149809002876282,9.586408615112305
153.0,144.0,146.8000030517578,154.3000030517578,169.39999389648438,168.5,176.8000030517578,173.0,174.6999969482422,179.89999389648438,9.699999809265137,175.60000610351562,149.0,46.0,153.89999389648438,34.5512809753418,1.1695902347564697,1.7447350025177002,1.879368782043457,0.740794837474823,0.7070670127868652,11.27340030670166
153.10000610351562,143.5,146.60000610351562,154.8000030517578,168.3000030517578,168.89999389648438,177.39999389648438,173.5,175.0,176.89999389648438,8.5,174.6999969482422,149.3000030517578,47.099998474121094,154.1999969482422,33.74095153808594,1.1628416776657104,1.7304805517196655,1.8650217056274414,0.7499498724937439,0.6991073489189148,12.027139663696289
152.6999969482422,144.1999969482422,145.89999389648438,154.3000030517578,169.89999389648438,169.1999969482422,177.39999389648438,172.8000030517578,173.1999969482422,178.39999389648438,8.199999809265137,176.5,151.39999389648438,44.29999923706055,154.89999389648438,34.236488342285156,1.1743347644805908,1.7447456121444702,1.8561218976974487,0.7573110461235046,0.7125934958457947,10.090603828430176
152.39999389648438,143.89999389648438,146.60000610351562,154.1999969482422,169.10000610351562,169.3000030517578,177.5,173.5,175.39999389648438,178.89999389648438,9.399999618530273,175.1999969482422,150.89999389648438,44.599998474121094,154.1999969482422,34.12376022338867,1.1704819202423096,1.7430170774459839,1.865637183189392,0.7569431662559509,0.7086425423622131,10.291279792785645
152.3000030517578,143.6999969482422,148.0,154.39999389648438,169.3000030517578,169.60000610351562,177.0,173.1999969482422,176.1999969482422,179.3000030517578,11.0,175.6999969482422,148.89999389648438,46.5,155.6999969482422,34.19330978393555,1.1664258241653442,1.744748592376709,1.8702460527420044,0.7601093053817749,0.7098244428634644,10.086738586425781
152.39999389648438,144.89999389648438,147.3000030517578,154.39999389648438,169.8000030517578,168.5,177.0,173.60000610351562,175.8000030517578,177.1999969482422,7.199999809265137,177.1999969482422,151.8000030517578,42.0,156.89999389648438,34.03759002685547,1.1797531843185425,1.7490286827087402,1.8632891178131104,0.7577444911003113,0.707600474357605,10.358288764953613
152.39999389648438,144.0,146.3000030517578,154.60000610351562,169.0,169.3000030517578,176.39999389648438,173.5,175.1999969482422,179.5,9.800000190734863,176.8000030517578,151.39999389648438,44.5,154.8000030517578,34.37370300292969,1.185907006263733,1.7534725666046143,1.8639541864395142,0.7734376192092896,0.7240256071090698,10.26510238647461
153.3000030517578,143.1999969482422,148.3000030517578,154.1999969482422,168.89999389648438,168.89999389648438,177.0,173.5,176.10000610351562,179.6999969482422,9.800000190734863,177.10000610351562,147.89999389648438,46.900001525878906,155.5,34.34950637817383,1.171724557876587,1.7344824075698853,1.8672457933425903,0.7486026883125305,0.7011051774024963,11.12082576751709
152.3000030517578,146.1999969482422,145.3000030517578,155.10000610351562,169.39999389648438,169.5,176.10000610351562,172.0,175.10000610351562,177.3000030517578,13.600000381469727,174.8000030517578,149.60000610351562,44.900001525878906,154.6999969482422,33.58072280883789,1.1537643671035767,1.7381691932678223,1.8438105583190918,0.7300256490707397,0.7045096158981323,10.988521575927734
153.0,145.6999969482422,144.0,154.89999389648438,169.5,168.8000030517578,176.6999969482422,174.10000610351562,175.60000610351562,179.0,13.100000381469727,175.0,150.1999969482422,47.099998474121094,153.5,33.43110656738281,1.1589407920837402,1.7392406463623047,1.8529119491577148,0.7585346102714539,0.7177996039390564,10.97301197052002
152.6999969482422,145.10000610351562,145.0,154.60000610351562,170.60000610351562,168.60000610351562,176.60000610351562,174.10000610351562,175.0,177.1999969482422,14.600000381469727,174.0,150.39999389648438,46.20000076293945,152.60000610351562,33.547698974609375,1.1562905311584473,1.7428693771362305,1.8463691473007202,0.7572460770606995,0.7307336926460266,10.894063949584961
153.39999389648438,145.89999389648438,143.0,154.60000610351562,169.39999389648438,168.89999389648438,177.1999969482422,175.0,175.89999389648438,178.6999969482422,13.600000381469727,173.3000030517578,151.39999389648438,44.20000076293945,153.0,33.60487747192383,1.1541252136230469,1.7393137216567993,1.8568758964538574,0.7598718404769897,0.7187896370887756,10.309622764587402
152.60000610351562,142.5,146.6999969482422,154.0,169.60000610351562,167.60000610351562,176.5,173.5,179.1999969482422,175.3000030517578,6.400000095367432,174.60000610351562,152.5,42.29999923706055,155.8000030517578,33.536312103271484,1.159886121749878,1.7494871616363525,1.8772993087768555,0.7744767665863037,0.6991960406303406,10.192777633666992
151.5,142.39999389648438,147.1999969482422,155.6999969482422,168.8000030517578,167.8000030517578,176.39999389648438,171.5,177.3000030517578,169.60000610351562,0.30000001192092896,178.60000610351562,156.3000030517578,36.5,160.5,33.401756286621094,1.159256100654602,1.7544361352920532,1.8540496826171875,0.7672916650772095,0.6880215406417847,10.548653602600098
151.1999969482422,142.60000610351562,147.5,155.39999389648438,168.8000030517578,168.10000610351562,176.3000030517578,171.3000030517578,176.6999969482422,172.0,2.4000000953674316,177.8000030517578,154.60000610351562,39.5,158.1999969482422,34.177337646484375,1.1729497909545898,1.7599544525146484,1.8611687421798706,0.7625414133071899,0.6919959187507629,10.710531234741211
152.5,142.0,146.5,154.8000030517578,168.60000610351562,167.3000030517578,176.1999969482422,171.3000030517578,177.1999969482422,170.39999389648438,1.0,179.6999969482422,158.6999969482422,34.099998474121094,161.5,34.166603088378906,1.1838780641555786,1.7671740055084229,1.8817131519317627,0.7789781093597412,0.7016758322715759,8.981776237487793
152.1999969482422,141.39999389648438,147.5,155.1999969482422,168.6999969482422,166.8000030517578,176.60000610351562,171.5,176.89999389648438,169.89999389648438,2.0,178.8000030517578,157.8000030517578,34.099998474121094,161.6999969482422,33.788352966308594,1.1791361570358276,1.7672536373138428,1.878349781036377,0.7751538157463074,0.6989681124687195,9.36529541015625
151.10000610351562,144.0,147.39999389648438,154.8000030517578,169.1999969482422,166.89999389648438,175.60000610351562,172.3000030517578,176.6999969482422,176.5,8.199999809265137,176.1999969482422,152.6999969482422,42.900001525878906,155.1999969482422,34.32880401611328,1.1731971502304077,1.747673749923706,1.8588800430297852,0.758801281452179,0.6964104175567627,11.014378547668457
152.3000030517578,146.0,144.10000610351562,153.89999389648438,170.60000610351562,168.89999389648438,177.10000610351562,174.3000030517578,176.3000030517578,177.1999969482422,16.5,172.5,150.6999969482422,46.29999923706055,154.1999969482422,35.219722747802734,1.1834118366241455,1.7472320795059204,1.854190468788147,0.7774125337600708,0.7364141345024109,10.976286888122559
155.89999389648438,145.1999969482422,141.60000610351562,154.89999389648438,168.39999389648438,171.10000610351562,176.8000030517578,175.60000610351562,174.10000610351562,167.3000030517578,29.200000762939453,169.3000030517578,145.0,58.0,148.0,35.81870651245117,1.159163236618042,1.730979323387146,1.8651905059814453,0.7827996015548706,0.7547024488449097,11.13968276977539
155.39999389648438,145.89999389648438,143.8000030517578,154.8000030517578,169.1999969482422,172.39999389648438,177.3000030517578,175.0,171.89999389648438,168.3000030517578,27.399999618530273,170.60000610351562,146.39999389648438,58.20000076293945,147.10000610351562,35.52958297729492,1.1641526222229004,1.7288480997085571,1.853899359703064,0.7896642684936523,0.7650379538536072,10.64697551727295
156.6999969482422,144.5,143.39999389648438,154.39999389648438,168.39999389648438,171.5,176.6999969482422,174.10000610351562,172.3000030517578,167.1999969482422,26.5,172.3000030517578,145.3000030517578,57.400001525878906,145.89999389648438,36.54914855957031,1.1597568988800049,1.733052372932434,1.869160771369934,0.7805742621421814,0.7570734620094299,10.880237579345703
157.3000030517578,144.39999389648438,143.39999389648438,155.10000610351562,166.60000610351562,170.10000610351562,176.89999389648438,173.10000610351562,173.5,167.10000610351562,26.700000762939453,171.60000610351562,141.3000030517578,58.099998474121094,147.10000610351562,35.8205680847168,1.1387455463409424,1.7180495262145996,1.8696316480636597,0.7328874468803406,0.7224686741828918,12.783831596374512
156.5,143.89999389648438,144.6999969482422,154.3000030517578,168.5,170.0,177.39999389648438,173.0,173.39999389648438,169.10000610351562,24.200000762939453,172.3000030517578,145.0,54.900001525878906,147.8000030517578,36.4423828125,1.1427052021026611,1.7269268035888672,1.8581469058990479,0.7379644513130188,0.7340161204338074,12.47470760345459
157.3000030517578,144.8000030517578,141.1999969482422,152.60000610351562,168.6999969482422,169.89999389648438,177.8000030517578,172.8000030517578,174.10000610351562,170.10000610351562,22.5,172.3000030517578,147.60000610351562,51.5,147.89999389648438,38.21352767944336,1.1529438495635986,1.7375706434249878,1.872842788696289,0.7576279044151306,0.7450599670410156,11.75304889678955
157.0,143.6999969482422,143.6999969482422,153.1999969482422,168.60000610351562,169.6999969482422,178.3000030517578,173.3000030517578,173.10000610351562,171.3000030517578,21.5,172.60000610351562,148.3000030517578,50.900001525878906,148.39999389648438,38.247642517089844,1.1622958183288574,1.7347911596298218,1.8690317869186401,0.763715922832489,0.7582210898399353,12.61583423614502
155.60000610351562,144.1999969482422,144.5,154.1999969482422,169.3000030517578,169.6999969482422,176.5,173.5,173.60000610351562,167.60000610351562,25.200000762939453,171.89999389648438,144.0,54.29999923706055,146.3000030517578,36.7510871887207,1.1547069549560547,1.7438064813613892,1.86061429977417,0.7505112886428833,0.7387014031410217,12.415264129638672
155.60000610351562,143.39999389648438,146.10000610351562,154.0,168.3000030517578,168.89999389648438,177.39999389648438,173.89999389648438,174.10000610351562,169.10000610351562,24.399999618530273,172.1999969482422,146.3000030517578,52.900001525878906,148.3000030517578,35.54910659790039,1.1440662145614624,1.7141443490982056,1.8658031225204468,0.7463943958282471,0.7371894121170044,12.099442481994629
157.10000610351562,142.89999389648438,144.10000610351562,153.8000030517578,167.6999969482422,169.1999969482422,177.1999969482422,173.5,174.3000030517578,167.6999969482422,26.899999618530273,170.89999389648438,148.1999969482422,53.400001525878906,146.5,35.61112594604492,1.1366147994995117,1.7071582078933716,1.8738455772399902,0.7448439002037048,0.7430146336555481,11.616623878479004
156.3000030517578,143.39999389648438,144.39999389648438,153.89999389648438,167.3000030517578,170.0,176.89999389648438,171.89999389648438,174.0,169.0,24.899999618530273,171.39999389648438,145.1999969482422,54.400001525878906,146.10000610351562,36.65668487548828,1.1402114629745483,1.7196986675262451,1.8510537147521973,0.7407252192497253,0.7360520362854004,13.157593727111816
156.8000030517578,143.89999389648438,143.5,153.6999969482422,167.8000030517578,170.5,177.60000610351562,172.60000610351562,173.3000030517578,170.6999969482422,22.700000762939453,172.1999969482422,145.5,52.900001525878906,147.1999969482422,37.253395080566406,1.141537070274353,1.7211482524871826,1.8579285144805908,0.742728054523468,0.7359497547149658,13.318927764892578
155.5,143.6999969482422,146.3000030517578,154.10000610351562,167.89999389648438,170.39999389648438,177.5,172.0,173.60000610351562,171.60000610351562,20.299999237060547,174.39999389648438,146.89999389648438,52.0,148.60000610351562,37.260032653808594,1.148580551147461,1.7276943922042847,1.8566324710845947,0.7477318644523621,0.7369012832641602,12.1082763671875
154.39999389648438,143.6999969482422,146.60000610351562,153.39999389648438,167.60000610351562,170.10000610351562,178.1999969482422,174.6999969482422,173.5,170.89999389648438,22.899999618530273,172.3000030517578,148.5,51.20000076293945,148.1999969482422,36.222354888916016,1.1692346334457397,1.7275952100753784,1.8713164329528809,0.7757837176322937,0.7561062574386597,11.549018859863281
155.39999389648438,143.60000610351562,144.8000030517578,153.60000610351562,168.1999969482422,169.5,177.3000030517578,173.39999389648438,173.1999969482422,169.5,23.399999618530273,171.8000030517578,146.6999969482422,52.79999923706055,145.39999389648438,36.78478240966797,1.1550281047821045,1.7312597036361694,1.8721473217010498,0.7598332166671753,0.7424070239067078,10.740457534790039
154.8000030517578,143.5,145.10000610351562,154.1999969482422,168.3000030517578,169.6999969482422,177.60000610351562,172.5,173.8000030517578,171.3000030517578,21.100000381469727,173.3000030517578,147.89999389648438,50.099998474121094,148.5,36.209815979003906,1.1491996049880981,1.742655873298645,1.8641220331192017,0.7484743595123291,0.7390223145484924,11.993898391723633
155.89999389648438,143.60000610351562,144.1999969482422,154.3000030517578,168.6999969482422,170.3000030517578,176.8000030517578,172.3000030517578,174.0,168.6999969482422,23.100000381469727,173.39999389648438,147.60000610351562,48.20000076293945,149.10000610351562,36.68647384643555,1.1611790657043457,1.7447766065597534,1.8509255647659302,0.7470241189002991,0.7518627643585205,12.779125213623047
155.0,144.8000030517578,144.39999389648438,154.5,168.89999389648438,169.8000030517578,176.6999969482422,171.1999969482422,173.6999969482422,170.3000030517578,21.299999237060547,172.60000610351562,146.39999389648438,48.400001525878906,150.1999969482422,35.99058532714844,1.1478132009506226,1.740029215812683,1.8426076173782349,0.7322922348976135,0.7354650497436523,13.513733863830566
154.6999969482422,144.0,146.8000030517578,154.60000610351562,168.1999969482422,169.1999969482422,176.89999389648438,170.89999389648438,175.8000030517578,174.60000610351562,16.100000381469727,174.0,148.3000030517578,45.29999923706055,151.39999389648438,35.843780517578125,1.148186445236206,1.735524296760559,1.8621093034744263,0.7217606902122498,0.726259171962738,13.645309448242188
154.10000610351562,144.5,145.3000030517578,154.0,168.60000610351562,170.3000030517578,177.3000030517578,171.3000030517578,173.10000610351562,171.6999969482422,18.200000762939453,175.8000030517578,148.1999969482422,46.599998474121094,151.6999969482422,37.120819091796875,1.1739225387573242,1.7555519342422485,1.8707205057144165,0.7544019222259521,0.746250569820404,12.130309104919434
154.8000030517578,144.1999969482422,145.6999969482422,154.0,169.1999969482422,168.60000610351562,177.5,170.89999389648438,174.5,172.10000610351562,18.299999237060547,174.1999969482422,148.5,47.099998474121094,150.60000610351562,38.13077926635742,1.166526436805725,1.7480015754699707,1.865425944328308,0.7474772930145264,0.7462724447250366,13.172725677490234
155.3000030517578,143.8000030517578,144.6999969482422,153.8000030517578,169.10000610351562,169.0,177.89999389648438,171.8000030517578,175.5,171.60000610351562,18.799999237060547,174.1999969482422,150.5,45.0,150.89999389648438,37.83245086669922,1.1600557565689087,1.749836802482605,1.8571659326553345,0.7482780814170837,0.75526362657547,11.561416625976562
155.6999969482422,143.6999969482422,145.5,155.39999389648438,167.3000030517578,169.8000030517578,177.39999389648438,171.6999969482422,174.1999969482422,172.10000610351562,18.899999618530273,174.6999969482422,150.0,49.79999923706055,146.60000610351562,35.72480392456055,1.1506320238113403,1.719488263130188,1.872042179107666,0.7626181840896606,0.746185302734375,10.83715534210205
155.89999389648438,143.6999969482422,144.60000610351562,154.1999969482422,168.3000030517578,170.0,176.89999389648438,172.8000030517578,175.1999969482422,173.60000610351562,18.899999618530273,170.89999389648438,147.3000030517578,49.599998474121094,148.6999969482422,34.96257781982422,1.1340224742889404,1.7136940956115723,1.8616780042648315,0.7324648499488831,0.7257527709007263,12.43462085723877
154.1999969482422,143.3000030517578,146.60000610351562,154.3000030517578,169.3000030517578,171.0,176.89999389648438,172.89999389648438,175.0,171.39999389648438,19.799999237060547,171.3000030517578,146.60000610351562,46.599998474121094,150.5,35.918704986572266,1.1407724618911743,1.7458992004394531,1.8585797548294067,0.7244530320167542,0.7297589182853699,12.975349426269531
154.6999969482422,144.1999969482422,145.39999389648438,154.89999389648438,170.5,169.1999969482422,177.5,171.6999969482422,175.6999969482422,172.0,19.600000381469727,172.10000610351562,148.39999389648438,44.599998474121094,151.60000610351562,36.63907241821289,1.1701483726501465,1.7606871128082275,1.8359566926956177,0.7607213258743286,0.7554901242256165,12.627910614013672
154.0,142.3000030517578,147.10000610351562,155.3000030517578,172.39999389648438,170.5,177.39999389648438,172.8000030517578,176.60000610351562,173.10000610351562,17.799999237060547,170.1999969482422,149.3000030517578,43.599998474121094,153.6999969482422,37.42469024658203,1.177865743637085,1.7709909677505493,1.8535479307174683,0.776515007019043,0.7670828104019165,11.03441333770752
154.8000030517578,142.60000610351562,145.39999389648438,154.6999969482422,170.5,169.5,178.3000030517578,173.0,175.5,173.10000610351562,19.5,170.5,147.89999389648438,47.20000076293945,150.5,37.28318786621094,1.1620503664016724,1.7491199970245361,1.8252723217010498,0.7649063467979431,0.7494715452194214,11.217414855957031
154.8000030517578,141.5,147.10000610351562,154.3000030517578,170.3000030517578,170.39999389648438,179.10000610351562,173.3000030517578,176.89999389648438,175.8000030517578,16.0,172.8000030517578,149.60000610351562,45.0,151.60000610351562,38.08946228027344,1.1743948459625244,1.7637351751327515,1.8424159288406372,0.7807151675224304,0.7648327946662903,10.775605201721191
155.3000030517578,142.6999969482422,144.3000030517578,153.10000610351562,170.5,169.5,178.0,172.5,173.60000610351562,173.0,17.799999237060547,174.1999969482422,149.0,46.599998474121094,150.10000610351562,37.835655212402344,1.1719974279403687,1.757421612739563,1.8613195419311523,0.7779033184051514,0.7714052200317383,11.394378662109375
154.5,144.10000610351562,145.3000030517578,155.5,169.10000610351562,171.60000610351562,176.60000610351562,175.5,174.6999969482422,171.1999969482422,21.100000381469727,169.8000030517578,146.3000030517578,51.900001525878906,149.10000610351562,34.87661361694336,1.158068060874939,1.7253308296203613,1.8610917329788208,0.7729160189628601,0.7521302103996277,10.612701416015625
154.39999389648438,143.60000610351562,146.3000030517578,156.0,168.60000610351562,171.60000610351562,176.39999389648438,175.1999969482422,175.1999969482422,170.3000030517578,22.700000762939453,169.89999389648438,148.8000030517578,49.400001525878906,148.3000030517578,33.225746154785156,1.1391676664352417,1.7180041074752808,1.853935718536377,0.7596530318260193,0.7393449544906616,9.526771545410156
154.60000610351562,143.6999969482422,145.3000030517578,156.5,168.39999389648438,172.0,176.3000030517578,175.5,174.89999389648438,170.8000030517578,22.899999618530273,168.1999969482422,148.10000610351562,50.70000076293945,148.1999969482422,33.2925910949707,1.148520827293396,1.719498872756958,1.85842764377594,0.7733922600746155,0.7485153079032898,9.348323822021484
154.8000030517578,144.89999389648438,143.39999389648438,155.3000030517578,169.0,172.60000610351562,176.89999389648438,175.39999389648438,174.8000030517578,170.60000610351562,22.799999237060547,167.6999969482422,148.8000030517578,49.79999923706055,146.6999969482422,34.34695053100586,1.1438122987747192,1.7198635339736938,1.856981635093689,0.7658804655075073,0.7507985234260559,10.622685432434082
154.60000610351562,144.39999389648438,145.0,155.60000610351562,169.1999969482422,170.89999389648438,177.10000610351562,177.10000610351562,175.60000610351562,170.10000610351562,23.399999618530273,166.3000030517578,146.5,51.599998474121094,146.5,34.18970489501953,1.1550265550613403,1.717958927154541,1.8598697185516357,0.7668866515159607,0.7521408796310425,10.468619346618652
154.5,144.3000030517578,145.60000610351562,156.5,168.1999969482422,172.0,176.60000610351562,176.0,175.89999389648438,171.10000610351562,22.0,167.6999969482422,146.89999389648438,49.29999923706055,148.5,32.88712692260742,1.145325779914856,1.7187237739562988,1.8691656589508057,0.7540415525436401,0.7448309659957886,10.600945472717285
153.8000030517578,144.8000030517578,145.5,156.1999969482422,168.60000610351562,170.60000610351562,176.10000610351562,175.10000610351562,176.60000610351562,169.8000030517578,22.899999618530273,168.0,147.6999969482422,49.5,147.5,32.87775802612305,1.1471267938613892,1.7212550640106201,1.870200514793396,0.7458165884017944,0.7394262552261353,10.60937213897705
154.0,143.8000030517578,145.60000610351562,155.8000030517578,168.39999389648438,172.3000030517578,176.8000030517578,175.89999389648438,175.3000030517578,171.0,22.5,168.6999969482422,146.6999969482422,50.599998474121094,148.5,33.587799072265625,1.1483347415924072,1.7187492847442627,1.8603575229644775,0.7566059827804565,0.7450736165046692,11.099285125732422
153.60000610351562,144.8000030517578,145.8000030517578,155.6999969482422,168.1999969482422,171.0,176.5,176.3000030517578,176.60000610351562,170.6999969482422,22.5,167.0,146.60000610351562,49.099998474121094,147.5,33.56819534301758,1.1540446281433105,1.7198691368103027,1.8720906972885132,0.7576963901519775,0.7408794164657593,11.078509330749512
155.10000610351562,144.5,144.1999969482422,155.10000610351562,168.6999969482422,171.10000610351562,176.8000030517578,176.39999389648438,175.1999969482422,169.89999389648438,23.399999618530273,167.60000610351562,147.5,49.70000076293945,147.39999389648438,35.1176872253418,1.14630925655365,1.7250382900238037,1.8672568798065186,0.7502756714820862,0.7392295598983765,11.844644546508789
154.3000030517578,144.39999389648438,145.10000610351562,155.39999389648438,168.6999969482422,171.10000610351562,177.0,175.6999969482422,174.5,171.1999969482422,21.600000381469727,169.1999969482422,148.6999969482422,49.20000076293945,148.1999969482422,34.2564582824707,1.1400938034057617,1.7126753330230713,1.8498138189315796,0.7570215463638306,0.7476240992546082,11.085983276367188
154.8000030517578,144.10000610351562,145.89999389648438,156.10000610351562,168.1999969482422,172.1999969482422,176.6999969482422,175.3000030517578,175.39999389648438,170.6999969482422,21.899999618530273,170.1999969482422,149.10000610351562,49.0,147.0,34.343475341796875,1.1507477760314941,1.715846300125122,1.8557119369506836,0.7662497758865356,0.7537031173706055,11.263605117797852
153.60000610351562,144.10000610351562,146.60000610351562,156.0,168.6999969482422,171.60000610351562,176.60000610351562,175.8000030517578,175.10000610351562,169.89999389648438,23.0,169.1999969482422,147.39999389648438,50.29999923706055,147.60000610351562,33.124046325683594,1.1463170051574707,1.7152990102767944,1.8536016941070557,0.7601039409637451,0.7529547214508057,11.202299118041992
154.39999389648438,143.89999389648438,144.60000610351562,156.60000610351562,168.89999389648438,171.1999969482422,176.8000030517578,177.0,175.10000610351562,168.1999969482422,25.700000762939453,167.39999389648438,145.8000030517578,51.599998474121094,147.1999969482422,33.387630462646484,1.1357421875,1.7182068824768066,1.8541929721832275,0.7496247291564941,0.7445560693740845,12.120445251464844
155.39999389648438,144.60000610351562,142.89999389648438,155.3000030517578,168.39999389648438,169.5,177.0,174.5,175.89999389648438,171.6999969482422,21.399999618530273,169.1999969482422,150.10000610351562,49.0,146.0,34.504051208496094,1.1630064249038696,1.7340011596679688,1.8701987266540527,0.7702946066856384,0.7666189074516296,11.742990493774414
155.1999969482422,144.3000030517578,143.6999969482422,155.5,169.1999969482422,170.5,176.39999389648438,175.1999969482422,177.3000030517578,171.1999969482422,22.899999618530273,168.39999389648438,147.39999389648438,51.599998474121094,148.1999969482422,34.565879821777344,1.1518405675888062,1.7353644371032715,1.877609133720398,0.7530852556228638,0.7525593042373657,12.523082733154297
154.89999389648438,144.3000030517578,143.5,155.1999969482422,166.39999389648438,171.89999389648438,176.60000610351562,175.5,176.5,171.39999389648438,22.700000762939453,168.3000030517578,148.60000610351562,51.400001525878906,143.8000030517578,33.53778076171875,1.1380984783172607,1.7141423225402832,1.8658047914505005,0.7510106563568115,0.7444568276405334,12.08498477935791
155.8000030517578,143.6999969482422,143.3000030517578,155.10000610351562,167.89999389648438,171.3000030517578,176.39999389648438,175.89999389648438,175.8000030517578,170.1999969482422,24.600000381469727,168.6999969482422,148.6999969482422,51.70000076293945,146.10000610351562,34.2581901550293,1.1434321403503418,1.7191486358642578,1.8726516962051392,0.7583091855049133,0.7581716179847717,12.614311218261719
155.3000030517578,144.6999969482422,143.6999969482422,154.6999969482422,167.60000610351562,171.60000610351562,176.8000030517578,175.6999969482422,175.39999389648438,170.5,23.5,167.8000030517578,147.60000610351562,51.70000076293945,144.8000030517578,34.11301040649414,1.1445913314819336,1.7165966033935547,1.8715709447860718,0.752166211605072,0.7455586194992065,11.79450511932373
155.0,144.6999969482422,143.6999969482422,155.10000610351562,168.10000610351562,170.8000030517578,177.0,175.89999389648438,176.5,171.3000030517578,22.799999237060547,167.39999389648438,147.60000610351562,51.099998474121094,146.3000030517578,34.15074920654297,1.1451911926269531,1.7188842296600342,1.8821280002593994,0.7513999342918396,0.7469410300254822,12.388877868652344
155.1999969482422,144.0,144.8000030517578,154.89999389648438,167.39999389648438,170.89999389648438,177.0,175.1999969482422,175.8000030517578,171.5,23.200000762939453,167.39999389648438,149.1999969482422,49.900001525878906,147.10000610351562,33.69560623168945,1.1483670473098755,1.7073864936828613,1.8683478832244873,0.7666217684745789,0.7606359124183655,11.242508888244629
154.6999969482422,145.0,144.5,155.10000610351562,167.8000030517578,170.5,176.10000610351562,174.10000610351562,176.1999969482422,171.1999969482422,23.100000381469727,167.39999389648438,147.5,54.0,145.1999969482422,33.08165740966797,1.1438863277435303,1.7143720388412476,1.8588125705718994,0.7641242146492004,0.7550333142280579,11.477296829223633
154.60000610351562,144.8000030517578,144.1999969482422,154.60000610351562,168.5,170.5,177.10000610351562,175.6999969482422,175.1999969482422,169.3000030517578,23.5,169.1999969482422,149.0,50.099998474121094,146.3000030517578,34.24320983886719,1.1632506847381592,1.7228407859802246,1.8733878135681152,0.7679249048233032,0.7614986300468445,10.597025871276855
