156.1999969482422,123.80000305175781,115.0,123.5999984741211,45.0,164.6999969482422,164.60000610351562,7.800000190734863,129.3000030517578,151.6999969482422,16.799999237060547,155.1999969482422,146.8000030517578,40.400001525878906,163.39999389648438,77.77533721923828,0.920099675655365,0.7871655821800232,0.7811264991760254,0.6399580240249634,0.6262856125831604,11.414484024047852
155.1999969482422,125.69999694824219,121.4000015258789,135.5,32.20000076293945,170.1999969482422,163.8000030517578,6.199999809265137,142.6999969482422,155.6999969482422,10.0,162.39999389648438,141.6999969482422,43.29999923706055,167.89999389648438,69.98147583007812,0.9350330233573914,0.8036649823188782,0.793094277381897,0.6384685635566711,0.6087737679481506,14.252747535705566
156.10000610351562,122.5999984741211,120.69999694824219,136.39999389648438,33.70000076293945,168.8000030517578,164.3000030517578,7.0,142.3000030517578,158.5,10.399999618530273,161.10000610351562,140.5,43.5,167.6999969482422,69.8304214477539,0.9080924987792969,0.7794074416160583,0.7880557775497437,0.635600209236145,0.6146411895751953,13.829601287841797
156.10000610351562,126.80000305175781,120.0999984741211,143.6999969482422,27.399999618530273,169.8000030517578,165.10000610351562,5.900000095367432,161.0,169.5,0.30000001192092896,167.5,144.0,39.79999923706055,166.3000030517578,67.3398666381836,0.9237747192382812,0.7849382162094116,0.7838601469993591,0.6404661536216736,0.6075527667999268,13.571394920349121
156.1999969482422,125.5,121.9000015258789,140.39999389648438,33.400001525878906,164.39999389648438,161.60000610351562,9.0,157.3000030517578,162.8000030517578,5.400000095367432,166.8000030517578,150.5,35.0,168.6999969482422,65.79730987548828,0.9284157752990723,0.7866723537445068,0.7839843034744263,0.6414390802383423,0.6059165596961975,12.592920303344727
155.6999969482422,127.19999694824219,120.69999694824219,141.39999389648438,33.400001525878906,165.89999389648438,162.39999389648438,9.199999809265137,161.8000030517578,166.89999389648438,1.7999999523162842,170.3000030517578,149.0,39.79999923706055,164.10000610351562,64.35201263427734,0.9247348308563232,0.7922093868255615,0.7873770594596863,0.649587869644165,0.6105661988258362,11.724897384643555
154.8000030517578,130.3000030517578,118.4000015258789,148.39999389648438,26.0,164.8000030517578,164.3000030517578,5.900000095367432,168.3000030517578,172.5,3.5,171.6999969482422,148.8000030517578,42.79999923706055,157.60000610351562,59.07235336303711,0.9360844492912292,0.7992377877235413,0.7893028855323792,0.6665007472038269,0.629156768321991,11.959424018859863
155.8000030517578,129.5,116.0,143.8000030517578,30.700000762939453,161.8000030517578,160.5,9.199999809265137,162.3000030517578,167.0,2.0999999046325684,168.60000610351562,154.3000030517578,36.29999923706055,160.10000610351562,62.935264587402344,0.9309801459312439,0.7971072196960449,0.7894189953804016,0.662535548210144,0.6377856731414795,13.486676216125488
155.1999969482422,129.0,120.0,145.60000610351562,26.200000762939453,165.5,163.5,5.599999904632568,164.1999969482422,173.6999969482422,4.099999904632568,169.89999389648438,154.10000610351562,36.5,160.39999389648438,62.44340133666992,0.9330624341964722,0.7985910773277283,0.7815344929695129,0.6470886468887329,0.6239923238754272,11.076601028442383
155.10000610351562,129.3000030517578,119.69999694824219,143.8000030517578,28.5,165.0,166.1999969482422,5.0,166.60000610351562,170.0,1.2999999523162842,173.1999969482422,155.1999969482422,35.79999923706055,156.3000030517578,63.480220794677734,0.9605490565299988,0.782067060470581,0.7702108025550842,0.6299754977226257,0.6043673753738403,10.480030059814453
155.3000030517578,132.0,121.5,147.0,25.399999618530273,164.60000610351562,166.0,4.5,166.0,174.5,3.700000047683716,168.89999389648438,147.1999969482422,40.400001525878906,156.89999389648438,62.53359603881836,0.9614265561103821,0.7767520546913147,0.7587335705757141,0.6282543540000916,0.6061177849769592,13.041645050048828
154.1999969482422,130.60000610351562,124.30000305175781,143.0,27.200000762939453,166.6999969482422,165.0,4.400000095367432,169.3000030517578,171.60000610351562,1.600000023841858,171.5,148.3000030517578,40.400001525878906,157.8000030517578,59.535831451416016,0.9830821752548218,0.7891084551811218,0.7546599507331848,0.6213463544845581,0.6102326512336731,11.820513725280762
154.89999389648438,131.1999969482422,122.80000305175781,147.8000030517578,23.299999237060547,166.39999389648438,166.89999389648438,2.4000000953674316,169.1999969482422,174.3000030517578,4.400000095367432,169.39999389648438,150.0,39.0,159.0,60.568363189697266,0.9680930972099304,0.7867173552513123,0.7771954536437988,0.6477884650230408,0.6127232313156128,10.959647178649902
154.89999389648438,133.0,118.19999694824219,150.6999969482422,23.0,163.6999969482422,167.8000030517578,3.5999999046325684,168.1999969482422,172.60000610351562,3.200000047683716,173.1999969482422,150.39999389648438,41.70000076293945,153.10000610351562,60.051124572753906,0.963970959186554,0.7800017595291138,0.7546625137329102,0.6293549537658691,0.6057975888252258,12.337618827819824
155.0,132.1999969482422,117.0999984741211,146.39999389648438,26.399999618530273,167.0,164.0,5.599999904632568,168.60000610351562,173.6999969482422,4.400000095367432,169.89999389648438,149.6999969482422,41.599998474121094,154.8000030517578,63.05928421020508,0.9524203538894653,0.7962592840194702,0.7778176665306091,0.6467334628105164,0.6171185970306396,12.212556838989258
154.10000610351562,131.0,117.19999694824219,140.8000030517578,33.599998474121094,160.39999389648438,163.10000610351562,9.300000190734863,162.39999389648438,165.60000610351562,3.4000000953674316,168.89999389648438,156.10000610351562,35.400001525878906,158.39999389648438,64.85358428955078,0.9588279128074646,0.7981504797935486,0.7773948907852173,0.6559922099113464,0.6268998384475708,11.141716957092285
156.1999969482422,133.10000610351562,118.19999694824219,148.39999389648438,26.399999618530273,168.39999389648438,166.1999969482422,6.5,169.1999969482422,171.8000030517578,2.200000047683716,172.39999389648438,157.3000030517578,39.0,150.5,58.69824981689453,0.9657540321350098,0.8059787154197693,0.7873116135597229,0.668766975402832,0.6332597136497498,11.28305721282959
153.89999389648438,130.60000610351562,118.80000305175781,143.6999969482422,28.200000762939453,166.0,164.39999389648438,4.900000095367432,169.3000030517578,170.10000610351562,3.4000000953674316,173.60000610351562,156.10000610351562,39.20000076293945,150.1999969482422,63.2684440612793,0.9520432353019714,0.8057888746261597,0.7842575907707214,0.6675246357917786,0.6374895572662354,11.871198654174805
154.39999389648438,130.5,118.5999984741211,147.3000030517578,23.399999618530273,164.89999389648438,165.60000610351562,3.700000047683716,171.39999389648438,174.1999969482422,5.300000190734863,171.89999389648438,152.60000610351562,41.79999923706055,150.10000610351562,62.27950668334961,0.9494268894195557,0.8125584721565247,0.7783024311065674,0.6404563784599304,0.6292434930801392,12.079192161560059
155.3000030517578,130.10000610351562,116.5,145.3000030517578,27.799999237060547,163.0,165.39999389648438,5.199999809265137,167.6999969482422,174.39999389648438,5.5,172.8000030517578,156.39999389648438,36.29999923706055,148.6999969482422,64.71495056152344,0.9368748068809509,0.813938558101654,0.7961916923522949,0.654382050037384,0.633773148059845,12.916902542114258
155.0,131.5,115.80000305175781,146.0,27.899999618530273,166.10000610351562,165.6999969482422,4.400000095367432,169.0,177.39999389648438,8.100000381469727,173.10000610351562,154.5,37.900001525878906,149.89999389648438,66.70218658447266,0.9290062189102173,0.7932968735694885,0.790287971496582,0.6640415191650391,0.6279523968696594,11.550788879394531
155.60000610351562,132.10000610351562,115.80000305175781,150.6999969482422,26.299999237060547,163.89999389648438,169.0,3.200000047683716,170.39999389648438,176.39999389648438,9.600000381469727,178.89999389648438,155.1999969482422,39.20000076293945,149.39999389648438,63.98004913330078,0.9241700768470764,0.7921948432922363,0.7962460517883301,0.6718900799751282,0.6366063952445984,12.983833312988281
155.1999969482422,133.0,113.80000305175781,151.3000030517578,22.899999618530273,165.89999389648438,167.5,3.0,170.10000610351562,179.3000030517578,9.800000190734863,174.89999389648438,155.8000030517578,34.20000076293945,149.39999389648438,68.04306030273438,0.9287498593330383,0.7950676083564758,0.7975143790245056,0.6611083745956421,0.6368187069892883,14.180608749389648
156.10000610351562,132.6999969482422,115.5999984741211,150.10000610351562,23.299999237060547,166.6999969482422,168.3000030517578,1.2999999523162842,172.8000030517578,179.5,12.800000190734863,178.60000610351562,152.1999969482422,40.400001525878906,147.10000610351562,67.35238647460938,0.9260504245758057,0.7928357720375061,0.7806953191757202,0.6475284099578857,0.6014105081558228,12.326947212219238
154.60000610351562,134.89999389648438,116.69999694824219,152.60000610351562,14.300000190734863,176.5,170.8000030517578,0.6000000238418579,166.1999969482422,173.6999969482422,16.0,171.10000610351562,149.60000610351562,44.0,143.1999969482422,66.12298583984375,0.9325592517852783,0.7940459251403809,0.8018536567687988,0.6826686263084412,0.6165629625320435,11.134003639221191
154.0,132.8000030517578,115.80000305175781,149.8000030517578,21.399999618530273,168.6999969482422,168.89999389648438,0.800000011920929,169.60000610351562,179.0,14.100000381469727,177.8000030517578,152.5,41.900001525878906,145.5,66.10169982910156,0.9263173937797546,0.7968356013298035,0.8094275593757629,0.6767562627792358,0.6340692639350891,12.594602584838867
155.0,129.89999389648438,118.30000305175781,148.3000030517578,23.700000762939453,167.8000030517578,169.6999969482422,1.0,169.0,179.89999389648438,11.5,176.8000030517578,148.6999969482422,41.599998474121094,151.1999969482422,65.08485412597656,0.920965850353241,0.7762361764907837,0.7944706082344055,0.661568820476532,0.615889310836792,11.212946891784668
153.3000030517578,132.6999969482422,115.0999984741211,152.3000030517578,20.5,168.5,170.10000610351562,0.20000000298023224,173.39999389648438,177.5,13.800000190734863,178.10000610351562,149.39999389648438,41.400001525878906,151.1999969482422,63.65150833129883,0.919615626335144,0.7854921221733093,0.8034845590591431,0.6737896203994751,0.6381058692932129,11.5985689163208
156.10000610351562,130.8000030517578,118.80000305175781,147.3000030517578,23.700000762939453,169.3000030517578,167.10000610351562,2.799999952316284,169.8000030517578,179.5,10.199999809265137,174.1999969482422,150.39999389648438,40.599998474121094,154.0,64.31243133544922,0.9323539137840271,0.7958472371101379,0.7895651459693909,0.6619100570678711,0.6199976205825806,11.936873435974121
155.8000030517578,129.6999969482422,119.5,144.6999969482422,27.399999618530273,166.60000610351562,164.5,6.699999809265137,159.0,173.10000610351562,4.300000190734863,171.0,152.5,37.20000076293945,156.10000610351562,67.37496948242188,0.9249927401542664,0.7862043380737305,0.7796860337257385,0.6425859332084656,0.6078809499740601,12.890323638916016
153.60000610351562,131.6999969482422,119.5,146.10000610351562,27.200000762939453,160.1999969482422,165.3000030517578,9.800000190734863,154.8000030517578,172.1999969482422,3.0,169.0,161.1999969482422,30.799999237060547,159.39999389648438,60.298221588134766,0.9192987680435181,0.8166666030883789,0.8076688647270203,0.6827689409255981,0.6533370614051819,13.213940620422363
154.39999389648438,132.10000610351562,121.69999694824219,146.1999969482422,29.299999237060547,162.10000610351562,165.39999389648438,8.199999809265137,165.6999969482422,173.10000610351562,3.0999999046325684,173.39999389648438,157.6999969482422,31.799999237060547,157.5,62.01268768310547,0.9420204758644104,0.807427167892456,0.7932642102241516,0.6690323352813721,0.6305273771286011,12.905069351196289
155.10000610351562,133.0,120.80000305175781,146.0,28.5,164.39999389648438,164.3000030517578,11.699999809265137,161.39999389648438,168.5,2.9000000953674316,171.10000610351562,163.0,24.700000762939453,162.10000610351562,59.981204986572266,0.9397426247596741,0.7998575568199158,0.7824675440788269,0.656596302986145,0.6234509348869324,12.84457778930664
154.6999969482422,130.6999969482422,120.0,141.5,37.099998474121094,156.39999389648438,161.39999389648438,13.899999618530273,158.89999389648438,162.8000030517578,6.400000095367432,170.1999969482422,164.1999969482422,26.200000762939453,161.60000610351562,61.12019348144531,0.924704372882843,0.801524817943573,0.7657110691070557,0.6451639533042908,0.6091940402984619,11.048542022705078
152.6999969482422,130.8000030517578,120.19999694824219,144.10000610351562,34.29999923706055,157.6999969482422,162.10000610351562,13.100000381469727,162.6999969482422,165.3000030517578,6.699999809265137,167.60000610351562,159.3000030517578,27.399999618530273,165.5,56.89508056640625,0.9285534024238586,0.8066786527633667,0.7796472311019897,0.6589801907539368,0.6252552270889282,10.504960060119629
150.6999969482422,130.39999389648438,128.8000030517578,136.1999969482422,43.099998474121094,153.10000610351562,157.60000610351562,20.5,141.1999969482422,155.1999969482422,19.799999237060547,153.1999969482422,170.0,8.0,174.5,59.55265426635742,0.9414501786231995,0.7856019139289856,0.7709657549858093,0.6663218140602112,0.6391342878341675,7.385052680969238
151.1999969482422,123.4000015258789,125.19999694824219,130.39999389648438,46.0,157.39999389648438,154.3000030517578,24.600000381469727,144.0,152.60000610351562,22.200000762939453,153.39999389648438,171.3000030517578,12.699999809265137,174.3000030517578,57.39857864379883,0.926845371723175,0.8261412978172302,0.8217285871505737,0.724435031414032,0.712566077709198,8.170548439025879
148.8000030517578,124.19999694824219,124.0999984741211,132.0,43.79999923706055,159.39999389648438,153.89999389648438,23.299999237060547,142.3000030517578,154.5,21.100000381469727,149.1999969482422,176.89999389648438,12.300000190734863,178.0,56.96687698364258,0.9585584998130798,0.8667154312133789,0.8412940502166748,0.7320863008499146,0.7318359613418579,5.513963222503662
150.1999969482422,122.19999694824219,119.80000305175781,121.4000015258789,53.099998474121094,152.1999969482422,147.0,28.0,116.19999694824219,131.60000610351562,36.0,143.39999389648438,175.5,13.300000190734863,172.0,61.31907272338867,0.9484641551971436,0.8680261969566345,0.8673275113105774,0.7346298694610596,0.7624233961105347,12.314423561096191
150.60000610351562,124.0,122.0,128.10000610351562,46.599998474121094,158.89999389648438,153.8000030517578,24.0,136.60000610351562,156.60000610351562,19.5,144.5,171.5,17.799999237060547,175.3000030517578,56.49447250366211,0.9680820107460022,0.8819090127944946,0.8629775643348694,0.7584719061851501,0.7615940570831299,8.545086860656738
148.39999389648438,122.0,121.80000305175781,120.4000015258789,49.599998474121094,161.10000610351562,152.6999969482422,21.700000762939453,130.5,145.8000030517578,25.299999237060547,141.5,169.10000610351562,20.799999237060547,177.0,61.09903335571289,0.9691665172576904,0.8586238026618958,0.8525987267494202,0.7395629286766052,0.7683151364326477,11.20455551147461
150.8000030517578,121.5,119.5999984741211,123.5,46.400001525878906,165.6999969482422,156.0,19.399999618530273,125.5,140.39999389648438,30.399999618530273,137.8000030517578,173.10000610351562,16.5,172.1999969482422,63.29518127441406,0.9382801651954651,0.8472484946250916,0.8486460447311401,0.7413154244422913,0.7633171081542969,9.858755111694336
151.10000610351562,122.19999694824219,115.30000305175781,121.5,45.099998474121094,173.0,161.39999389648438,12.5,121.0999984741211,135.6999969482422,34.099998474121094,136.0,150.10000610351562,37.900001525878906,169.60000610351562,62.47898483276367,0.9376770257949829,0.8476683497428894,0.864202082157135,0.7446455955505371,0.7676347494125366,10.29851245880127
153.6999969482422,124.9000015258789,113.0999984741211,126.5999984741211,39.79999923706055,178.39999389648438,166.60000610351562,9.699999809265137,152.3000030517578,158.8000030517578,13.699999809265137,151.6999969482422,154.0,34.099998474121094,175.60000610351562,59.980010986328125,0.9569393992424011,0.8535799384117126,0.8790132403373718,0.7500566840171814,0.7633829712867737,11.142402648925781
152.89999389648438,123.80000305175781,116.0,121.80000305175781,43.5,173.89999389648438,162.10000610351562,11.100000381469727,129.89999389648438,160.39999389648438,9.699999809265137,146.6999969482422,152.39999389648438,35.79999923706055,172.0,64.94776153564453,0.9592639207839966,0.8356801867485046,0.8550094366073608,0.7374155521392822,0.7493534684181213,11.73088264465332
152.3000030517578,125.19999694824219,115.5999984741211,135.60000610351562,29.200000762939453,168.39999389648438,163.1999969482422,8.600000381469727,143.8000030517578,169.39999389648438,2.799999952316284,147.8000030517578,163.5,28.299999237060547,160.3000030517578,61.31291961669922,0.9345734119415283,0.8745436668395996,0.8744415044784546,0.7291778326034546,0.7221605181694031,9.743612289428711
153.6999969482422,127.9000015258789,119.5,139.1999969482422,31.600000381469727,162.8000030517578,164.5,9.600000381469727,155.5,170.3000030517578,1.7999999523162842,161.10000610351562,167.39999389648438,27.700000762939453,157.10000610351562,63.14003372192383,0.9650526642799377,0.846006453037262,0.8493078947067261,0.7035159468650818,0.69493168592453,8.98676872253418
153.3000030517578,134.10000610351562,119.19999694824219,144.1999969482422,23.399999618530273,167.0,163.39999389648438,7.800000190734863,159.3000030517578,173.89999389648438,3.200000047683716,162.89999389648438,162.1999969482422,32.900001525878906,153.1999969482422,60.38264465332031,0.9712889194488525,0.8506811857223511,0.8222768306732178,0.6960766315460205,0.6591307520866394,11.235279083251953
152.3000030517578,135.0,123.5,148.0,26.799999237060547,160.8000030517578,164.5,7.800000190734863,164.10000610351562,170.1999969482422,1.0,169.89999389648438,158.6999969482422,35.20000076293945,156.60000610351562,56.45963668823242,0.9872269034385681,0.8279494047164917,0.8219254016876221,0.6915174126625061,0.654172420501709,9.261836051940918
152.5,141.39999389648438,122.30000305175781,155.1999969482422,10.5,174.8000030517578,174.10000610351562,3.9000000953674316,169.89999389648438,179.0,14.399999618530273,172.1999969482422,151.5,41.70000076293945,150.3000030517578,58.91400146484375,1.0442912578582764,0.8411335349082947,0.8320962190628052,0.6815805435180664,0.6688722372055054,13.625639915466309
154.39999389648438,141.8000030517578,118.5999984741211,157.60000610351562,9.699999809265137,177.60000610351562,173.60000610351562,0.6000000238418579,170.5,176.1999969482422,13.100000381469727,168.5,154.6999969482422,38.599998474121094,147.60000610351562,59.669002532958984,1.0176470279693604,0.8419756889343262,0.8420467376708984,0.6922131180763245,0.6587451696395874,14.298662185668945
153.5,139.5,122.4000015258789,149.39999389648438,20.200000762939453,168.0,168.3000030517578,2.200000047683716,169.8000030517578,176.39999389648438,8.0,172.10000610351562,152.8000030517578,41.099998474121094,150.0,59.1780891418457,1.023481845855713,0.8370025753974915,0.8185790777206421,0.6758659482002258,0.6489672660827637,13.15906810760498
153.3000030517578,138.6999969482422,119.69999694824219,149.8000030517578,22.100000381469727,164.89999389648438,164.89999389648438,5.400000095367432,167.0,171.6999969482422,4.5,173.3000030517578,159.10000610351562,35.099998474121094,152.10000610351562,60.80656433105469,0.9965305924415588,0.8273677229881287,0.8119693994522095,0.672633707523346,0.6485075354576111,13.451298713684082
153.10000610351562,129.6999969482422,122.69999694824219,137.6999969482422,36.5,158.8000030517578,158.6999969482422,14.600000381469727,150.8000030517578,159.1999969482422,9.300000190734863,164.60000610351562,168.1999969482422,24.100000381469727,161.6999969482422,62.5799674987793,0.9619364738464355,0.8142401576042175,0.7966499924659729,0.6694582104682922,0.6487125158309937,11.206661224365234
153.60000610351562,130.10000610351562,122.0,135.6999969482422,45.29999923706055,148.10000610351562,155.10000610351562,22.0,144.60000610351562,153.10000610351562,17.899999618530273,158.60000610351562,172.3000030517578,15.199999809265137,171.8000030517578,60.73921585083008,0.9408760070800781,0.8233046531677246,0.78889000415802,0.6816557049751282,0.6651329398155212,11.913453102111816
153.8000030517578,129.1999969482422,123.0999984741211,133.3000030517578,47.900001525878906,149.5,153.0,25.5,133.3000030517578,144.89999389648438,24.700000762939453,150.6999969482422,174.8000030517578,10.199999809265137,177.39999389648438,63.65446090698242,0.9456385970115662,0.8030332326889038,0.8052176237106323,0.6952847242355347,0.6741804480552673,11.069975852966309
153.0,127.5999984741211,120.9000015258789,129.3000030517578,44.900001525878906,149.6999969482422,154.8000030517578,24.899999618530273,130.0,145.39999389648438,26.299999237060547,144.0,179.39999389648438,5.199999809265137,174.0,62.977195739746094,0.9315293431282043,0.8364103436470032,0.8172037601470947,0.706069827079773,0.6759892702102661,11.170680046081543
148.1999969482422,127.69999694824219,124.0,127.4000015258789,49.29999923706055,147.0,148.8000030517578,31.100000381469727,125.80000305175781,136.10000610351562,37.400001525878906,136.3000030517578,175.1999969482422,1.600000023841858,166.89999389648438,60.190372467041016,0.9759379029273987,0.8670911192893982,0.821811854839325,0.715853750705719,0.7250871062278748,10.289336204528809
149.1999969482422,127.0999984741211,123.9000015258789,116.69999694824219,58.599998474121094,144.5,145.0,36.0,122.19999694824219,127.19999694824219,43.20000076293945,139.89999389648438,173.89999389648438,4.199999809265137,165.5,63.37639236450195,0.9928463101387024,0.8530678153038025,0.8176296949386597,0.703050434589386,0.7154961824417114,11.102158546447754
149.10000610351562,124.5999984741211,120.4000015258789,120.69999694824219,53.79999923706055,149.1999969482422,147.5,31.299999237060547,121.4000015258789,129.5,41.5,141.89999389648438,177.89999389648438,3.4000000953674316,172.8000030517578,61.72896957397461,0.9732630848884583,0.8719444870948792,0.8412541747093201,0.7243273258209229,0.7515642046928406,11.089735984802246
151.0,122.19999694824219,121.5999984741211,118.69999694824219,54.20000076293945,154.6999969482422,152.3000030517578,26.5,136.5,134.8000030517578,37.400001525878906,148.89999389648438,173.6999969482422,2.0,175.6999969482422,61.88337707519531,0.9543442726135254,0.8641969561576843,0.8458749651908875,0.7316163778305054,0.7518661618232727,8.712536811828613
150.60000610351562,121.0,119.4000015258789,121.30000305175781,48.70000076293945,162.60000610351562,151.3000030517578,23.200000762939453,127.9000015258789,145.89999389648438,26.299999237060547,145.3000030517578,169.5,17.5,176.3000030517578,62.01160430908203,0.9423301219940186,0.8487408757209778,0.8519613146781921,0.7216928601264954,0.753863513469696,10.855841636657715
151.10000610351562,123.5,119.0999984741211,120.19999694824219,47.70000076293945,165.0,154.10000610351562,20.100000381469727,133.3000030517578,148.89999389648438,20.5,149.1999969482422,174.60000610351562,16.799999237060547,178.39999389648438,62.35255813598633,0.950401246547699,0.8579063415527344,0.8595366477966309,0.7490445971488953,0.7680597901344299,9.196764945983887
151.89999389648438,125.69999694824219,115.80000305175781,121.0,47.599998474121094,166.60000610351562,161.1999969482422,14.199999809265137,139.10000610351562,151.39999389648438,19.200000762939453,153.0,169.39999389648438,21.799999237060547,173.1999969482422,64.99016571044922,0.970795214176178,0.8320123553276062,0.8455240726470947,0.7428116202354431,0.7519130706787109,10.043257713317871
154.60000610351562,125.0,115.0999984741211,136.5,34.70000076293945,163.89999389648438,165.6999969482422,9.100000381469727,154.0,173.39999389648438,1.899999976158142,163.3000030517578,153.0,40.70000076293945,162.3000030517578,63.483333587646484,0.9238541722297668,0.8413344025611877,0.8539543747901917,0.7172667384147644,0.7012915015220642,8.788093566894531
151.6999969482422,125.80000305175781,117.69999694824219,134.3000030517578,35.099998474121094,158.60000610351562,165.3000030517578,7.400000095367432,139.6999969482422,166.60000610351562,0.4000000059604645,160.6999969482422,155.8000030517578,36.599998474121094,158.39999389648438,63.308685302734375,0.9511356353759766,0.8499094247817993,0.8414235711097717,0.7096025943756104,0.7267454266548157,12.347844123840332
148.3000030517578,124.9000015258789,120.69999694824219,148.10000610351562,21.600000381469727,162.10000610351562,170.10000610351562,3.799999952316284,142.8000030517578,179.1999969482422,8.199999809265137,154.5,140.60000610351562,53.0,164.89999389648438,56.450374603271484,0.9571283459663391,0.8826279640197754,0.8735342025756836,0.7406067252159119,0.7386379241943359,6.956790924072266
144.89999389648438,123.0,134.6999969482422,150.39999389648438,20.0,156.8000030517578,170.6999969482422,2.0999999046325684,151.8000030517578,174.5,3.799999952316284,160.60000610351562,138.1999969482422,50.900001525878906,169.0,49.25332260131836,1.001900553703308,0.8954139947891235,0.8851568102836609,0.7342003583908081,0.7300876975059509,7.469842910766602
143.39999389648438,126.9000015258789,141.6999969482422,157.89999389648438,17.100000381469727,158.5,172.39999389648438,0.4000000059604645,154.5,179.89999389648438,12.0,169.39999389648438,154.3000030517578,38.70000076293945,164.10000610351562,48.87370300292969,0.9863026142120361,0.8966956734657288,0.8974242210388184,0.7328360080718994,0.6905778646469116,3.9914309978485107
143.10000610351562,127.69999694824219,137.39999389648438,152.89999389648438,21.0,158.5,174.1999969482422,0.20000000298023224,162.1999969482422,177.60000610351562,14.100000381469727,176.8000030517578,144.5,50.599998474121094,155.89999389648438,47.95378112792969,0.9685324430465698,0.8615149259567261,0.8341344594955444,0.7266162633895874,0.7071859836578369,8.027087211608887
143.6999969482422,124.9000015258789,139.1999969482422,157.1999969482422,21.200000762939453,156.89999389648438,175.6999969482422,1.7999999523162842,162.10000610351562,177.0,16.200000762939453,173.89999389648438,153.60000610351562,42.70000076293945,160.3000030517578,45.55759048461914,0.945320725440979,0.8670288324356079,0.8379904627799988,0.7279933094978333,0.6952304244041443,3.2253780364990234
143.89999389648438,126.9000015258789,130.39999389648438,162.10000610351562,6.300000190734863,167.39999389648438,175.10000610351562,5.599999904632568,168.8000030517578,172.1999969482422,18.700000762939453,171.10000610351562,154.89999389648438,46.79999923706055,163.0,42.7227783203125,0.9795519709587097,0.9635525345802307,0.9384056329727173,0.8552281856536865,0.8222709894180298,7.030175685882568
143.6999969482422,124.4000015258789,127.80000305175781,156.10000610351562,16.399999618530273,160.8000030517578,175.5,0.699999988079071,164.89999389648438,179.39999389648438,6.699999809265137,164.6999969482422,150.5,40.099998474121094,171.0,47.17622375488281,0.9328845143318176,0.8684015274047852,0.8216564059257507,0.7255340814590454,0.7147415280342102,6.484186172485352
146.8000030517578,130.1999969482422,124.80000305175781,162.1999969482422,8.300000190734863,169.3000030517578,177.60000610351562,2.700000047683716,172.60000610351562,173.39999389648438,13.100000381469727,170.8000030517578,148.10000610351562,44.099998474121094,161.3000030517578,47.219635009765625,0.960493266582489,0.8814120292663574,0.8245082497596741,0.730032742023468,0.7340802550315857,9.86872386932373
146.6999969482422,128.89999389648438,122.5,159.10000610351562,17.100000381469727,161.6999969482422,176.0,0.0,173.5,178.0,8.199999809265137,174.10000610351562,151.6999969482422,37.099998474121094,162.3000030517578,46.132083892822266,0.9435471892356873,0.8757964372634888,0.8245428204536438,0.7234969139099121,0.7215447425842285,10.031736373901367
145.5,128.0,122.5999984741211,165.5,3.700000047683716,174.60000610351562,179.1999969482422,2.799999952316284,176.10000610351562,175.0,11.0,172.89999389648438,141.60000610351562,46.599998474121094,164.10000610351562,41.01227951049805,0.9847554564476013,0.9433735013008118,0.8641991019248962,0.7575358152389526,0.7623908519744873,9.770475387573242
147.8000030517578,124.80000305175781,119.9000015258789,156.10000610351562,11.600000381469727,169.3000030517578,175.3000030517578,1.5,170.89999389648438,178.60000610351562,10.699999809265137,174.60000610351562,139.39999389648438,52.70000076293945,150.89999389648438,49.55396270751953,0.962647557258606,0.8718990683555603,0.8375911116600037,0.725200355052948,0.7378072142601013,11.541594505310059
147.5,127.0,124.9000015258789,157.0,15.300000190734863,164.5,175.1999969482422,0.30000001192092896,175.5,176.89999389648438,10.899999618530273,176.0,145.5,44.20000076293945,152.89999389648438,46.46925735473633,0.9800546169281006,0.8877577185630798,0.833594024181366,0.7087584733963013,0.7183666825294495,10.329456329345703
146.39999389648438,132.39999389648438,131.8000030517578,155.3000030517578,10.899999618530273,173.39999389648438,177.1999969482422,3.5,179.10000610351562,163.89999389648438,23.100000381469727,171.60000610351562,131.8000030517578,55.099998474121094,147.5,45.24189376831055,1.1043314933776855,0.9075502157211304,0.8493150472640991,0.7089555263519287,0.7352868318557739,11.507001876831055
148.10000610351562,132.6999969482422,130.8000030517578,162.10000610351562,8.100000381469727,168.60000610351562,177.10000610351562,4.5,177.3000030517578,170.1999969482422,18.399999618530273,178.60000610351562,137.0,50.599998474121094,149.89999389648438,43.55757141113281,1.1014045476913452,0.903627872467041,0.8628047108650208,0.7210983633995056,0.7428471446037292,11.390314102172852
148.10000610351562,122.9000015258789,125.5999984741211,160.0,6.099999904632568,173.39999389648438,179.3000030517578,7.0,179.6999969482422,161.39999389648438,28.299999237060547,174.0,136.3000030517578,54.29999923706055,141.0,47.58525466918945,0.9845646619796753,0.8961237668991089,0.8625921607017517,0.7200073003768921,0.755690336227417,10.628416061401367
146.5,121.4000015258789,126.9000015258789,151.1999969482422,15.300000190734863,166.0,172.60000610351562,1.5,165.1999969482422,180.0,12.699999809265137,171.8000030517578,145.1999969482422,50.099998474121094,152.89999389648438,47.987648010253906,0.9809666872024536,0.9114694595336914,0.8768096566200256,0.7478585839271545,0.7601045370101929,10.007613182067871
148.3000030517578,123.5999984741211,120.30000305175781,152.1999969482422,14.800000190734863,168.10000610351562,170.89999389648438,0.699999988079071,162.39999389648438,176.8000030517578,14.0,164.0,145.89999389648438,49.400001525878906,147.0,50.94486999511719,0.9332207441329956,0.9037695527076721,0.8738678693771362,0.7546147108078003,0.760198712348938,9.537544250488281
148.39999389648438,122.69999694824219,126.0999984741211,146.89999389648438,18.600000381469727,171.89999389648438,167.5,4.800000190734863,161.3000030517578,178.0,12.5,162.39999389648438,149.10000610351562,43.599998474121094,152.1999969482422,52.2320556640625,0.9587852358818054,0.9033702611923218,0.8718928098678589,0.7577199339866638,0.7788568139076233,9.204972267150879
147.6999969482422,122.9000015258789,123.69999694824219,148.39999389648438,17.700000762939453,164.1999969482422,167.0,3.299999952316284,163.10000610351562,177.3000030517578,12.0,171.0,155.5,39.900001525878906,154.39999389648438,52.51045227050781,0.924522340297699,0.9121059775352478,0.8815578818321228,0.7638704776763916,0.7865580320358276,11.087437629699707
147.89999389648438,126.9000015258789,128.8000030517578,144.1999969482422,20.700000762939453,172.5,167.89999389648438,5.5,149.8000030517578,178.10000610351562,10.699999809265137,161.5,158.5,39.0,155.39999389648438,52.11681365966797,0.9887283444404602,0.9365596771240234,0.9383485317230225,0.8118000626564026,0.818817138671875,7.41721248626709
150.39999389648438,127.9000015258789,122.30000305175781,140.5,25.700000762939453,172.6999969482422,166.39999389648438,6.800000190734863,159.5,178.8000030517578,9.699999809265137,157.8000030517578,159.0,36.099998474121094,147.6999969482422,56.21582794189453,0.967531681060791,0.8975282311439514,0.9026950001716614,0.7918725609779358,0.7989976406097412,12.377572059631348
150.0,126.9000015258789,124.9000015258789,137.1999969482422,28.100000381469727,173.1999969482422,165.89999389648438,7.099999904632568,160.5,177.89999389648438,6.400000095367432,159.1999969482422,159.0,35.400001525878906,151.0,56.29178237915039,0.983363151550293,0.896827220916748,0.9003541469573975,0.7891789674758911,0.7965990304946899,11.135955810546875
147.1999969482422,123.80000305175781,127.5,148.8000030517578,17.100000381469727,176.1999969482422,169.10000610351562,3.4000000953674316,159.1999969482422,178.6999969482422,12.399999618530273,165.60000610351562,154.3000030517578,44.099998474121094,151.10000610351562,52.76539993286133,0.9395822286605835,0.9067264795303345,0.9071570634841919,0.7945977449417114,0.820500910282135,9.76868724822998
147.3000030517578,124.69999694824219,127.30000305175781,154.5,10.5,171.10000610351562,171.8000030517578,0.30000001192092896,169.0,174.0,17.0,173.60000610351562,153.89999389648438,43.400001525878906,144.89999389648438,44.21840286254883,0.9814755320549011,0.9528305530548096,0.9435108304023743,0.8135603666305542,0.8286382555961609,10.255241394042969
145.10000610351562,124.0,131.3000030517578,155.5,12.5,167.39999389648438,173.6999969482422,0.800000011920929,170.6999969482422,178.10000610351562,15.800000190734863,180.0,155.39999389648438,42.20000076293945,141.39999389648438,42.155277252197266,0.9627575278282166,0.9527338147163391,0.9245936870574951,0.8104050755500793,0.827946126461029,9.508618354797363
143.60000610351562,125.30000305175781,132.5,157.3000030517578,12.399999618530273,164.5,174.3000030517578,1.0,168.0,174.6999969482422,18.200000762939453,176.3000030517578,150.3000030517578,47.5,147.5,35.67736053466797,0.9601629972457886,0.9859852194786072,0.934246301651001,0.8068038821220398,0.817861020565033,9.820272445678711
144.3000030517578,124.69999694824219,135.10000610351562,152.3000030517578,18.0,163.1999969482422,171.6999969482422,1.7999999523162842,167.60000610351562,176.1999969482422,16.399999618530273,178.6999969482422,149.5,43.900001525878906,148.89999389648438,46.784732818603516,0.9754554033279419,0.9076398611068726,0.8973615169525146,0.7749668955802917,0.7888041734695435,7.229145526885986
145.6999969482422,125.5999984741211,132.60000610351562,149.5,21.100000381469727,164.89999389648438,171.1999969482422,2.200000047683716,165.3000030517578,177.0,15.399999618530273,174.10000610351562,148.39999389648438,44.29999923706055,149.1999969482422,49.3723258972168,0.9683758020401001,0.8944518566131592,0.8818233609199524,0.7491039633750916,0.7602648138999939,7.8455376625061035
146.39999389648438,128.5,129.8000030517578,149.3000030517578,22.299999237060547,163.3000030517578,169.6999969482422,4.0,170.1999969482422,174.8000030517578,15.100000381469727,173.60000610351562,154.6999969482422,40.20000076293945,149.39999389648438,49.52043533325195,0.9758792519569397,0.9085357785224915,0.8929121494293213,0.776212215423584,0.7885385155677795,7.026791095733643
148.8000030517578,131.6999969482422,125.80000305175781,151.1999969482422,22.5,164.3000030517578,168.8000030517578,6.699999809265137,162.10000610351562,177.39999389648438,7.599999904632568,168.1999969482422,160.60000610351562,33.400001525878906,153.0,50.787071228027344,0.9936925172805786,0.8891786336898804,0.895423948764801,0.7614961266517639,0.7463298439979553,8.909440040588379
150.6999969482422,130.89999389648438,123.30000305175781,148.60000610351562,26.700000762939453,156.60000610351562,166.5,7.900000095367432,159.6999969482422,173.39999389648438,4.599999904632568,168.0,166.89999389648438,30.899999618530273,152.6999969482422,52.416282653808594,0.9638053774833679,0.8975688219070435,0.8888825178146362,0.7546521425247192,0.7404484152793884,8.435463905334473
150.10000610351562,130.8000030517578,123.5999984741211,148.89999389648438,23.299999237060547,161.5,166.6999969482422,7.800000190734863,158.10000610351562,173.3000030517578,2.299999952316284,161.6999969482422,164.1999969482422,31.0,154.60000610351562,51.36029815673828,0.9860941767692566,0.89755779504776,0.888029932975769,0.7591468095779419,0.7434631586074829,8.13282299041748
146.6999969482422,125.5,134.1999969482422,146.3000030517578,23.799999237060547,160.3000030517578,166.89999389648438,7.0,155.5,170.8000030517578,3.0999999046325684,169.89999389648438,160.10000610351562,32.400001525878906,159.3000030517578,48.1291389465332,0.9818467497825623,0.9116804599761963,0.8882731199264526,0.7506238222122192,0.7556783556938171,6.308933734893799
144.39999389648438,125.5999984741211,139.60000610351562,148.8000030517578,20.899999618530273,163.3000030517578,168.39999389648438,5.0,162.39999389648438,176.39999389648438,8.100000381469727,177.3000030517578,157.89999389648438,37.29999923706055,156.5,43.13901138305664,1.009986162185669,0.9426340460777283,0.9163065552711487,0.7901449799537659,0.7701639533042908,4.50961446762085
143.0,122.80000305175781,142.39999389648438,140.60000610351562,27.899999618530273,158.6999969482422,166.10000610351562,9.199999809265137,151.10000610351562,169.8000030517578,1.7000000476837158,169.1999969482422,156.5,33.29999923706055,165.0,46.8531379699707,1.0064818859100342,0.9059871435165405,0.8828884959220886,0.7507872581481934,0.7550740242004395,6.905378818511963
141.89999389648438,124.0,140.8000030517578,138.1999969482422,35.0,153.39999389648438,165.10000610351562,12.699999809265137,145.3000030517578,164.1999969482422,6.099999904632568,164.6999969482422,157.89999389648438,27.5,166.8000030517578,50.05433654785156,1.0111336708068848,0.884035587310791,0.869608461856842,0.7473777532577515,0.7537679672241211,6.663491249084473
144.5,124.19999694824219,139.10000610351562,141.1999969482422,31.200000762939453,154.1999969482422,164.6999969482422,10.899999618530273,147.5,165.60000610351562,2.200000047683716,165.39999389648438,163.6999969482422,28.600000381469727,166.5,49.58551025390625,0.9948917031288147,0.8986576795578003,0.8795963525772095,0.7609710693359375,0.7557932138442993,5.607222080230713
144.3000030517578,127.5,140.6999969482422,155.3000030517578,16.799999237060547,162.1999969482422,169.8000030517578,5.099999904632568,164.39999389648438,178.8000030517578,11.600000381469727,177.8000030517578,160.5,39.79999923706055,154.39999389648438,38.844032287597656,1.0115928649902344,1.0243479013442993,0.9531253576278687,0.8469250202178955,0.7990251779556274,1.6454681158065796
143.6999969482422,127.80000305175781,142.6999969482422,149.8000030517578,30.100000381469727,151.10000610351562,165.60000610351562,11.800000190734863,156.39999389648438,175.89999389648438,3.4000000953674316,172.10000610351562,164.8000030517578,28.700000762939453,165.5,37.16890335083008,1.0094995498657227,0.9733006358146667,0.9113805294036865,0.7915838956832886,0.7686917781829834,3.9986507892608643
146.1999969482422,128.89999389648438,137.10000610351562,147.3000030517578,30.299999237060547,153.6999969482422,163.5,15.800000190734863,152.5,169.6999969482422,3.5,165.5,173.8000030517578,24.399999618530273,163.60000610351562,47.05810546875,0.9678492546081543,0.9254295229911804,0.8805482387542725,0.7923490405082703,0.7558906674385071,3.3436665534973145
141.1999969482422,131.5,140.60000610351562,142.60000610351562,33.70000076293945,154.60000610351562,161.89999389648438,16.0,148.0,167.1999969482422,4.699999809265137,159.39999389648438,165.0,24.299999237060547,172.39999389648438,48.29823303222656,0.9809215664863586,0.8725265860557556,0.8485134840011597,0.7373678684234619,0.711195707321167,5.9031195640563965
141.89999389648438,132.5,138.1999969482422,141.5,43.29999923706055,145.3000030517578,159.60000610351562,26.399999618530273,129.89999389648438,158.0,22.299999237060547,141.60000610351562,174.6999969482422,0.5,157.89999389648438,44.58913803100586,1.0038095712661743,0.9082783460617065,0.875167965888977,0.7826492786407471,0.7536368370056152,4.311817646026611
138.3000030517578,133.1999969482422,146.10000610351562,142.10000610351562,44.0,145.60000610351562,158.5,24.399999618530273,132.5,153.3000030517578,19.799999237060547,149.89999389648438,170.60000610351562,5.699999809265137,161.1999969482422,43.21624755859375,1.019814372062683,0.878311812877655,0.8550220131874084,0.7326099872589111,0.7190334796905518,7.649181842803955
141.39999389648438,133.1999969482422,143.10000610351562,139.5,41.20000076293945,146.1999969482422,158.1999969482422,24.100000381469727,134.0,152.10000610351562,19.600000381469727,152.3000030517578,174.39999389648438,6.900000095367432,170.8000030517578,45.136199951171875,1.00287926197052,0.8576823472976685,0.8239659070968628,0.7040295004844666,0.6889907717704773,7.2028303146362305
139.1999969482422,131.8000030517578,143.6999969482422,136.5,40.79999923706055,152.60000610351562,159.39999389648438,22.5,135.1999969482422,151.3000030517578,22.0,149.10000610351562,173.8000030517578,6.0,169.1999969482422,44.31010055541992,1.0104550123214722,0.8692629337310791,0.8262741565704346,0.7078176736831665,0.6939523816108704,6.308528423309326
137.8000030517578,133.6999969482422,149.6999969482422,141.3000030517578,45.70000076293945,146.89999389648438,157.8000030517578,25.399999618530273,134.1999969482422,153.10000610351562,21.0,153.0,175.3000030517578,4.800000190734863,168.89999389648438,39.3838996887207,1.0247721672058105,0.8752633333206177,0.83638995885849,0.7105931639671326,0.7016403079032898,6.373571395874023
139.0,133.10000610351562,146.8000030517578,139.10000610351562,53.29999923706055,138.8000030517578,155.89999389648438,28.799999237060547,130.5,152.10000610351562,21.600000381469727,153.5,177.10000610351562,1.899999976158142,168.5,43.76475524902344,0.9842971563339233,0.860100269317627,0.8235151767730713,0.710882842540741,0.6962623000144958,6.665802478790283
140.60000610351562,128.1999969482422,146.60000610351562,145.39999389648438,37.5,146.3000030517578,162.3000030517578,18.899999618530273,138.6999969482422,162.60000610351562,10.600000381469727,160.10000610351562,174.0,9.800000190734863,178.1999969482422,44.009681701660156,0.9757581353187561,0.8888773322105408,0.8503158688545227,0.7256553769111633,0.7334445118904114,3.439951181411743
145.60000610351562,125.0,135.6999969482422,145.1999969482422,29.200000762939453,156.3000030517578,162.39999389648438,13.899999618530273,145.60000610351562,165.89999389648438,5.0,161.5,166.3000030517578,22.399999618530273,172.6999969482422,50.123531341552734,0.9712957739830017,0.8982952833175659,0.8689517378807068,0.7429273128509521,0.741859495639801,6.026529312133789
148.1999969482422,125.30000305175781,124.9000015258789,152.5,22.399999618530273,158.0,167.0,5.199999809265137,164.60000610351562,174.8000030517578,8.100000381469727,174.1999969482422,156.8000030517578,36.0,156.10000610351562,54.84111022949219,0.9088066220283508,0.8587473034858704,0.8545309901237488,0.7315404415130615,0.6941536068916321,6.5914506912231445
148.0,131.5,118.9000015258789,150.0,21.299999237060547,166.10000610351562,169.1999969482422,3.299999952316284,160.6999969482422,175.0,16.700000762939453,169.5,154.1999969482422,40.400001525878906,150.10000610351562,56.03725814819336,0.9333509206771851,0.8624431490898132,0.8691587448120117,0.744362473487854,0.7197056412696838,8.602276802062988
149.5,131.10000610351562,117.19999694824219,153.3000030517578,16.200000762939453,172.6999969482422,173.39999389648438,1.2000000476837158,166.1999969482422,163.89999389648438,24.200000762939453,162.60000610351562,141.5,54.29999923706055,141.6999969482422,56.01245880126953,0.9506832361221313,0.8670565485954285,0.8951992988586426,0.7594000101089478,0.7270697951316833,7.3790812492370605
152.8000030517578,135.1999969482422,107.5999984741211,165.89999389648438,2.5999999046325684,177.0,175.1999969482422,10.899999618530273,169.89999389648438,149.6999969482422,41.29999923706055,174.39999389648438,134.60000610351562,61.599998474121094,109.5,56.18671417236328,0.9296620488166809,0.834139883518219,0.873487651348114,0.7650274634361267,0.7493109703063965,8.343843460083008
153.0,133.60000610351562,110.5,164.6999969482422,3.9000000953674316,177.10000610351562,177.60000610351562,8.0,178.39999389648438,152.8000030517578,37.20000076293945,177.39999389648438,136.60000610351562,58.5,116.0,57.639427185058594,0.9287757277488708,0.8305292725563049,0.8727439045906067,0.7536032795906067,0.7351293563842773,7.961986541748047
152.0,135.5,110.30000305175781,177.5,6.800000190734863,175.1999969482422,171.1999969482422,15.100000381469727,156.89999389648438,142.1999969482422,51.599998474121094,162.89999389648438,125.30000305175781,68.69999694824219,109.19999694824219,62.57175827026367,0.9357582926750183,0.8043018579483032,0.8551923632621765,0.7490141987800598,0.7300821542739868,9.493011474609375
153.39999389648438,134.1999969482422,106.19999694824219,176.3000030517578,5.199999809265137,172.6999969482422,170.10000610351562,16.299999237060547,146.60000610351562,136.5,56.5,157.5,120.80000305175781,74.0999984741211,103.30000305175781,60.906898498535156,0.913338303565979,0.8162105679512024,0.8606653213500977,0.7552196979522705,0.7387936115264893,11.10648250579834
155.0,133.60000610351562,102.5,176.0,15.100000381469727,172.10000610351562,163.6999969482422,25.100000381469727,130.89999389648438,123.0999984741211,71.19999694824219,151.3000030517578,115.5999984741211,79.0999984741211,102.80000305175781,63.140708923339844,0.9075108766555786,0.8105522990226746,0.8551602959632874,0.7508660554885864,0.7462190389633179,12.652196884155273
154.89999389648438,134.8000030517578,104.0,179.6999969482422,11.600000381469727,172.89999389648438,165.89999389648438,23.700000762939453,139.1999969482422,128.39999389648438,65.0999984741211,158.89999389648438,118.5,78.0999984741211,102.5999984741211,60.209617614746094,0.9156672358512878,0.8182874321937561,0.8601850867271423,0.747153639793396,0.7440528869628906,11.063586235046387
154.89999389648438,134.10000610351562,104.69999694824219,176.6999969482422,8.399999618530273,173.6999969482422,170.10000610351562,18.700000762939453,147.3000030517578,127.0,64.69999694824219,160.60000610351562,118.4000015258789,78.0999984741211,105.9000015258789,61.40445327758789,0.9236058592796326,0.8139427900314331,0.8562546372413635,0.7494261264801025,0.7479461431503296,10.809534072875977
156.0,138.3000030517578,102.5,175.8000030517578,10.600000381469727,170.0,173.39999389648438,15.100000381469727,159.60000610351562,132.5,58.0,162.39999389648438,118.5,79.80000305175781,104.69999694824219,59.64741134643555,0.9553834795951843,0.8223168253898621,0.8632822632789612,0.7529411911964417,0.7463582754135132,8.989883422851562
154.60000610351562,136.89999389648438,107.0999984741211,175.39999389648438,17.899999618530273,169.3000030517578,164.5,24.100000381469727,142.5,120.9000015258789,70.0,158.0,113.30000305175781,82.5999984741211,106.4000015258789,59.4832763671875,0.9560363292694092,0.814609944820404,0.8512839674949646,0.7440052032470703,0.747076690196991,10.864226341247559
154.5,133.60000610351562,108.30000305175781,177.60000610351562,18.899999618530273,169.89999389648438,170.3000030517578,19.399999618530273,147.89999389648438,119.19999694824219,73.0,160.60000610351562,117.80000305175781,79.0999984741211,106.5,64.21165466308594,0.9414363503456116,0.8142722845077515,0.8536849617958069,0.736465573310852,0.7612423300743103,9.052592277526855
155.89999389648438,136.10000610351562,101.69999694824219,164.10000610351562,30.200000762939453,164.3000030517578,160.60000610351562,29.299999237060547,133.0,112.69999694824219,79.0999984741211,142.0,100.4000015258789,94.19999694824219,95.5,62.58487319946289,0.9288962483406067,0.791803240776062,0.8370691537857056,0.7319997549057007,0.7426778674125671,10.43199348449707
157.0,132.8000030517578,102.5,174.1999969482422,22.299999237060547,165.1999969482422,163.0,27.0,137.89999389648438,100.80000305175781,91.5,155.0,102.30000305175781,94.4000015258789,98.80000305175781,62.04667282104492,0.9246349930763245,0.814493715763092,0.8542753458023071,0.7393182516098022,0.7561116814613342,8.903190612792969
155.89999389648438,133.6999969482422,106.5999984741211,172.3000030517578,20.600000381469727,175.60000610351562,163.8000030517578,26.700000762939453,141.3000030517578,122.0999984741211,72.80000305175781,151.3000030517578,118.5999984741211,77.5999984741211,113.5,63.37815475463867,0.9375206232070923,0.8130043745040894,0.8525453209877014,0.7325671315193176,0.7456890344619751,10.453008651733398
156.60000610351562,136.1999969482422,100.19999694824219,175.39999389648438,19.0,174.1999969482422,167.6999969482422,24.399999618530273,151.8000030517578,131.6999969482422,62.099998474121094,155.6999969482422,123.9000015258789,79.0999984741211,105.5999984741211,58.409423828125,0.9291004538536072,0.8212307691574097,0.8604204058647156,0.7593203186988831,0.7551880478858948,11.36470890045166
156.5,137.1999969482422,99.9000015258789,164.10000610351562,30.100000381469727,167.1999969482422,164.3000030517578,25.0,138.89999389648438,114.9000015258789,77.0,141.1999969482422,105.0999984741211,91.0,93.80000305175781,62.5703125,0.9358460307121277,0.7910556197166443,0.8404607772827148,0.7393521666526794,0.7444664835929871,12.417881965637207
157.89999389648438,137.10000610351562,99.4000015258789,160.1999969482422,35.0,167.8000030517578,159.60000610351562,31.600000381469727,143.39999389648438,113.30000305175781,81.0999984741211,143.3000030517578,110.5,89.4000015258789,100.30000305175781,61.25175476074219,0.9381065368652344,0.8088343143463135,0.8454598188400269,0.732536792755127,0.7446277737617493,13.276093482971191
158.0,137.39999389648438,96.69999694824219,128.8000030517578,66.9000015258789,152.89999389648438,143.3000030517578,46.599998474121094,110.0,87.4000015258789,104.4000015258789,121.0,91.69999694824219,103.30000305175781,90.5999984741211,63.56253433227539,0.9455069899559021,0.7930207252502441,0.834308922290802,0.7157254815101624,0.737239420413971,14.85875129699707
157.10000610351562,137.6999969482422,93.5999984741211,120.0999984741211,74.4000015258789,151.8000030517578,135.5,57.400001525878906,110.69999694824219,88.5,108.30000305175781,113.9000015258789,92.69999694824219,105.0,86.5,64.53875732421875,0.9165118932723999,0.7806756496429443,0.8113325834274292,0.6998745799064636,0.7144855856895447,17.374422073364258
159.8000030517578,138.8000030517578,93.0,122.5,71.9000015258789,151.39999389648438,131.3000030517578,62.5,116.69999694824219,89.0,106.0999984741211,116.4000015258789,94.5,104.30000305175781,87.0999984741211,61.94758987426758,0.9249696731567383,0.7784889936447144,0.8100177049636841,0.6947211623191833,0.7174315452575684,18.028852462768555
159.10000610351562,137.3000030517578,92.80000305175781,126.30000305175781,70.4000015258789,152.60000610351562,139.39999389648438,53.5,121.30000305175781,83.80000305175781,109.0999984741211,129.3000030517578,86.4000015258789,114.4000015258789,82.0999984741211,62.482723236083984,0.9212257862091064,0.7871256470680237,0.8133825659751892,0.7112665176391602,0.7220898270606995,15.646523475646973
157.3000030517578,137.5,94.30000305175781,146.10000610351562,50.400001525878906,158.60000610351562,150.10000610351562,43.099998474121094,118.80000305175781,95.30000305175781,98.30000305175781,132.3000030517578,98.0999984741211,99.0999984741211,92.69999694824219,62.422271728515625,0.9151918292045593,0.7990339994430542,0.8280341029167175,0.7230259776115417,0.7292425036430359,15.417267799377441
157.8000030517578,133.39999389648438,95.5999984741211,116.69999694824219,78.5999984741211,160.5,134.89999389648438,57.20000076293945,116.19999694824219,76.0,115.9000015258789,140.10000610351562,86.80000305175781,109.5999984741211,93.5,66.07939147949219,0.9102991223335266,0.772478461265564,0.8071063160896301,0.6909329295158386,0.711816132068634,16.44104766845703
160.10000610351562,135.3000030517578,90.5999984741211,108.19999694824219,87.4000015258789,139.5,123.30000305175781,68.5,98.5,73.0999984741211,117.9000015258789,120.80000305175781,83.30000305175781,111.80000305175781,81.69999694824219,64.04631805419922,0.903808057308197,0.7772574424743652,0.8051488995552063,0.6851324439048767,0.7079475522041321,17.61912727355957
162.60000610351562,129.3000030517578,91.5999984741211,92.19999694824219,101.0,131.8000030517578,104.30000305175781,87.0999984741211,82.80000305175781,59.5,131.10000610351562,118.0999984741211,71.19999694824219,123.0999984741211,76.4000015258789,65.04132843017578,0.8975520730018616,0.7604172825813293,0.794090211391449,0.6641750335693359,0.6956709623336792,18.04143524169922
162.5,128.1999969482422,91.4000015258789,87.80000305175781,101.80000305175781,131.10000610351562,99.4000015258789,90.5999984741211,79.19999694824219,57.29999923706055,135.0,99.9000015258789,73.5,121.19999694824219,71.4000015258789,67.66609191894531,0.8858274817466736,0.7445487380027771,0.7949921488761902,0.6771051287651062,0.7065419554710388,21.668716430664062
160.0,129.10000610351562,94.80000305175781,92.4000015258789,98.0,146.60000610351562,100.5,90.4000015258789,88.5999984741211,64.4000015258789,131.1999969482422,106.69999694824219,76.69999694824219,116.19999694824219,79.69999694824219,65.8654556274414,0.8976724743843079,0.7479817271232605,0.7829868793487549,0.6659207940101624,0.712472140789032,19.931053161621094
157.6999969482422,129.60000610351562,98.5999984741211,111.5999984741211,83.4000015258789,164.8000030517578,123.69999694824219,71.19999694824219,103.5999984741211,71.4000015258789,125.4000015258789,135.5,87.5999984741211,109.5999984741211,110.19999694824219,63.52570724487305,0.9032570123672485,0.7708022594451904,0.8063090443611145,0.6921353340148926,0.7279495596885681,12.90160083770752
155.3000030517578,133.0,96.69999694824219,138.3000030517578,56.5,174.8000030517578,137.60000610351562,56.900001525878906,135.5,92.4000015258789,104.4000015258789,162.1999969482422,117.0,78.5999984741211,122.0,65.01591491699219,0.8969001770019531,0.780133068561554,0.8227638602256775,0.721773624420166,0.7523598670959473,16.13864517211914
153.5,131.0,104.80000305175781,159.5,4.099999904632568,176.3000030517578,175.6999969482422,14.899999618530273,170.10000610351562,132.5,58.5,160.1999969482422,140.8000030517578,54.400001525878906,132.60000610351562,64.43782043457031,0.9220294952392578,0.8136637210845947,0.8457388281822205,0.7434619665145874,0.7706968188285828,12.042113304138184
151.6999969482422,129.60000610351562,109.30000305175781,157.39999389648438,6.699999809265137,171.6999969482422,170.60000610351562,17.399999618530273,156.0,125.0999984741211,65.69999694824219,167.60000610351562,131.5,62.29999923706055,120.0,62.36238479614258,0.9279384016990662,0.823363184928894,0.8576101064682007,0.7513388991355896,0.7809428572654724,13.039528846740723
151.8000030517578,129.60000610351562,110.30000305175781,158.5,7.400000095367432,172.0,170.10000610351562,17.399999618530273,157.1999969482422,129.39999389648438,59.29999923706055,179.8000030517578,127.69999694824219,64.80000305175781,123.80000305175781,62.304969787597656,0.9233311414718628,0.8204169273376465,0.8579097986221313,0.7464678883552551,0.7707224488258362,11.012927055358887
151.60000610351562,127.69999694824219,112.0,152.3000030517578,13.899999618530273,179.10000610351562,177.0,11.399999618530273,177.39999389648438,153.0,38.099998474121094,162.8000030517578,137.5,55.29999923706055,136.60000610351562,62.394752502441406,0.9249043464660645,0.8362377882003784,0.8635546565055847,0.768815279006958,0.7885971665382385,10.686342239379883
152.0,124.9000015258789,116.80000305175781,145.60000610351562,20.299999237060547,178.8000030517578,178.0,8.100000381469727,160.39999389648438,159.6999969482422,28.5,162.5,139.10000610351562,56.099998474121094,147.39999389648438,63.48545455932617,0.9423523545265198,0.853182852268219,0.8809601664543152,0.7660331726074219,0.7783343195915222,4.939274787902832
150.6999969482422,124.5,117.4000015258789,140.89999389648438,26.0,173.8000030517578,172.5,1.5,162.1999969482422,166.0,19.299999237060547,162.1999969482422,147.1999969482422,45.29999923706055,146.39999389648438,61.229393005371094,0.9323666095733643,0.8672558665275574,0.8752464056015015,0.7662305235862732,0.783565104007721,7.2360076904296875
149.3000030517578,117.0999984741211,126.19999694824219,109.4000015258789,56.599998474121094,160.1999969482422,162.8000030517578,12.300000190734863,115.9000015258789,137.60000610351562,36.099998474121094,137.60000610351562,149.1999969482422,34.79999923706055,162.39999389648438,62.27858352661133,0.9465415477752686,0.8669626116752625,0.872695803642273,0.7544105052947998,0.8052980899810791,9.17824935913086
145.5,113.0999984741211,135.10000610351562,121.19999694824219,48.400001525878906,164.0,153.5,21.100000381469727,131.1999969482422,139.89999389648438,31.799999237060547,144.89999389648438,156.89999389648438,23.600000381469727,154.6999969482422,56.492698669433594,0.9599614143371582,0.8588454723358154,0.8674117922782898,0.7444064021110535,0.8139954209327698,9.122315406799316
140.8000030517578,120.4000015258789,138.1999969482422,119.69999694824219,50.20000076293945,158.0,154.0,21.700000762939453,134.6999969482422,149.1999969482422,23.600000381469727,146.10000610351562,163.39999389648438,19.399999618530273,162.5,54.93834686279297,0.998205304145813,0.8650498986244202,0.8401967287063599,0.7344093918800354,0.7811350226402283,8.43606948852539
141.10000610351562,116.30000305175781,144.5,114.5999984741211,56.79999923706055,150.10000610351562,147.0,30.600000381469727,127.5999984741211,129.6999969482422,41.79999923706055,143.60000610351562,171.0,8.0,152.60000610351562,52.143531799316406,0.9875485301017761,0.8906127214431763,0.8436368703842163,0.7312333583831787,0.7879332304000854,6.801854610443115
144.39999389648438,118.5,142.39999389648438,124.80000305175781,53.099998474121094,150.1999969482422,147.0,33.20000076293945,130.89999389648438,143.5,36.5,145.89999389648438,179.0,8.100000381469727,154.3000030517578,51.94403839111328,1.0159374475479126,0.8666889071464539,0.8322203159332275,0.7328829765319824,0.8042538166046143,6.269655227661133
139.60000610351562,123.4000015258789,147.60000610351562,117.19999694824219,65.19999694824219,143.6999969482422,147.89999389648438,37.099998474121094,120.9000015258789,140.6999969482422,36.900001525878906,142.3000030517578,166.8000030517578,15.300000190734863,156.89999389648438,47.02020263671875,1.0571658611297607,0.9287222623825073,0.8741153478622437,0.7781835198402405,0.8065806031227112,3.233245849609375
141.39999389648438,121.0,152.6999969482422,128.89999389648438,58.70000076293945,145.6999969482422,151.39999389648438,36.599998474121094,123.5,148.10000610351562,32.400001525878906,143.0,165.10000610351562,21.0,149.5,42.41676712036133,1.0582811832427979,0.967968225479126,0.9093046188354492,0.8099324107170105,0.8091036081314087,1.0565824508666992
141.89999389648438,124.0,149.8000030517578,127.69999694824219,54.0,146.60000610351562,150.10000610351562,34.400001525878906,129.89999389648438,147.89999389648438,30.700000762939453,148.5,169.3000030517578,16.299999237060547,159.10000610351562,45.784385681152344,1.0421043634414673,0.9173745512962341,0.8505735397338867,0.7594420909881592,0.7739389538764954,1.7926205396652222
140.0,123.9000015258789,147.8000030517578,136.5,50.400001525878906,145.1999969482422,152.5,31.600000381469727,129.3000030517578,148.5,29.299999237060547,144.8000030517578,171.6999969482422,11.899999618530273,155.8000030517578,41.21086883544922,1.0167810916900635,0.905059814453125,0.8246505856513977,0.7355383634567261,0.7572938203811646,2.401825428009033
140.0,123.80000305175781,152.10000610351562,141.6999969482422,51.099998474121094,144.39999389648438,157.3000030517578,30.5,138.3000030517578,158.5,23.399999618530273,157.0,171.60000610351562,9.100000381469727,167.60000610351562,31.922325134277344,1.0602128505706787,1.0378820896148682,0.9298579096794128,0.822907567024231,0.8239734172821045,2.4397311210632324
141.8000030517578,119.19999694824219,147.5,145.89999389648438,38.599998474121094,156.8000030517578,160.5,23.5,140.3000030517578,158.0,20.399999618530273,150.1999969482422,172.10000610351562,4.800000190734863,170.39999389648438,33.02988052368164,0.9884494543075562,1.0162913799285889,0.9326561093330383,0.803498387336731,0.8092305064201355,1.2258175611495972
145.0,114.0,145.1999969482422,151.8000030517578,48.099998474121094,143.1999969482422,163.6999969482422,24.200000762939453,150.0,166.8000030517578,11.600000381469727,159.60000610351562,177.1999969482422,13.300000190734863,176.0,24.464006423950195,0.951326310634613,1.127657413482666,1.0279592275619507,0.9048838019371033,0.8449941873550415,2.972612142562866
144.5,120.30000305175781,144.89999389648438,146.5,36.20000076293945,152.10000610351562,163.89999389648438,23.200000762939453,137.5,153.39999389648438,28.299999237060547,140.3000030517578,172.6999969482422,7.0,160.5,29.711156845092773,0.9757108688354492,1.011458158493042,0.8716309666633606,0.7768541574478149,0.7965191006660461,1.1749837398529053
142.6999969482422,118.69999694824219,145.89999389648438,147.6999969482422,35.0,151.5,165.60000610351562,19.399999618530273,140.0,161.39999389648438,18.0,146.39999389648438,172.1999969482422,2.0999999046325684,169.3000030517578,27.557815551757812,0.9609283804893494,1.0702581405639648,0.9212112426757812,0.8113886713981628,0.8201969861984253,4.708950042724609
144.6999969482422,113.5999984741211,141.8000030517578,136.5,42.400001525878906,158.5,155.60000610351562,29.899999618530273,121.19999694824219,123.19999694824219,56.29999923706055,134.3000030517578,138.60000610351562,40.900001525878906,155.3000030517578,34.82772445678711,0.9959272146224976,1.0805418491363525,0.9377583861351013,0.7877833247184753,0.8247098922729492,0.38068440556526184
147.10000610351562,111.0999984741211,144.89999389648438,147.60000610351562,42.20000076293945,150.0,160.6999969482422,27.799999237060547,139.1999969482422,152.8000030517578,27.700000762939453,151.10000610351562,157.39999389648438,18.399999618530273,168.10000610351562,32.33607864379883,0.9659925699234009,1.1057279109954834,0.9652307033538818,0.8566493988037109,0.8615701794624329,5.480174541473389
147.1999969482422,115.30000305175781,133.3000030517578,129.0,48.20000076293945,146.89999389648438,158.6999969482422,25.100000381469727,136.5,134.10000610351562,41.29999923706055,149.89999389648438,165.8000030517578,13.399999618530273,164.6999969482422,44.802364349365234,0.938256025314331,0.9488985538482666,0.8731750249862671,0.7865749001502991,0.8402059078216553,5.90765905380249
144.39999389648438,115.9000015258789,144.60000610351562,118.5,45.29999923706055,159.0,143.6999969482422,33.099998474121094,132.1999969482422,117.5999984741211,56.900001525878906,144.5,154.0,18.899999618530273,170.60000610351562,43.49121856689453,1.0263866186141968,0.954501748085022,0.8685826659202576,0.7542009353637695,0.8216736912727356,5.916862964630127
139.89999389648438,116.0,142.60000610351562,124.30000305175781,39.79999923706055,158.1999969482422,149.6999969482422,27.200000762939453,125.9000015258789,123.5,52.099998474121094,132.10000610351562,153.39999389648438,20.700000762939453,161.1999969482422,41.46900177001953,1.004130482673645,0.9727588891983032,0.8661099076271057,0.750300943851471,0.8091675043106079,4.379400253295898
142.3000030517578,111.5999984741211,146.8000030517578,116.9000015258789,51.79999923706055,153.39999389648438,147.89999389648438,28.799999237060547,122.5,116.19999694824219,56.29999923706055,135.39999389648438,157.5,20.299999237060547,149.0,48.593021392822266,0.990131676197052,0.9101143479347229,0.852906346321106,0.7347988486289978,0.807167112827301,5.451358318328857
144.10000610351562,112.9000015258789,141.89999389648438,137.5,32.599998474121094,157.1999969482422,159.8000030517578,17.200000762939453,141.6999969482422,147.8000030517578,27.600000381469727,147.3000030517578,160.89999389648438,12.699999809265137,168.60000610351562,43.50558853149414,0.9346098303794861,0.9622327089309692,0.8762111663818359,0.761191725730896,0.805965781211853,2.7786691188812256
138.1999969482422,115.19999694824219,142.10000610351562,125.4000015258789,42.599998474121094,156.39999389648438,139.1999969482422,40.099998474121094,117.0,112.4000015258789,65.0,126.30000305175781,147.10000610351562,29.299999237060547,150.10000610351562,39.7891731262207,1.0227556228637695,0.9816198348999023,0.8672764897346497,0.7558306455612183,0.8169347047805786,5.176624774932861
139.5,109.0999984741211,149.0,147.39999389648438,24.100000381469727,175.0,151.0,27.100000381469727,124.5999984741211,98.0999984741211,84.9000015258789,115.0,91.9000015258789,86.0,114.69999694824219,28.10169219970703,0.9893602728843689,1.1201353073120117,0.8916580677032471,0.7715165019035339,0.8055179119110107,5.062196731567383
144.39999389648438,105.5999984741211,143.5,128.10000610351562,32.29999923706055,169.10000610351562,137.8000030517578,35.900001525878906,125.9000015258789,81.69999694824219,98.0999984741211,114.30000305175781,137.39999389648438,41.29999923706055,111.19999694824219,41.230621337890625,0.9747027158737183,0.9966057538986206,0.8411335945129395,0.7669067978858948,0.8397502303123474,5.53439998626709
145.39999389648438,105.69999694824219,149.1999969482422,23.299999237060547,136.89999389648438,177.39999389648438,38.0,135.6999969482422,91.5999984741211,22.100000381469727,158.1999969482422,88.80000305175781,20.100000381469727,149.0,78.4000015258789,52.0208625793457,0.9911127090454102,0.9220712780952454,0.829035222530365,0.7467477321624756,0.7798757553100586,3.995697021484375
148.5,102.69999694824219,138.39999389648438,113.19999694824219,48.400001525878906,178.10000610351562,112.4000015258789,61.599998474121094,93.30000305175781,14.600000381469727,167.10000610351562,91.0,23.899999618530273,151.1999969482422,65.5,48.315773010253906,0.9489453434944153,0.9694491624832153,0.8502834439277649,0.7541182041168213,0.7892060279846191,4.354673862457275
152.89999389648438,101.19999694824219,143.8000030517578,11.199999809265137,167.0,155.39999389648438,47.29999923706055,136.5,54.29999923706055,3.700000047683716,172.8000030517578,57.400001525878906,0.6000000238418579,169.3000030517578,43.29999923706055,64.78852081298828,0.9841312170028687,0.8514278531074524,0.813694953918457,0.7251494526863098,0.7354034185409546,5.901063442230225
153.3000030517578,102.69999694824219,139.39999389648438,6.900000095367432,160.60000610351562,134.3000030517578,44.70000076293945,138.39999389648438,2.700000047683716,3.0999999046325684,174.6999969482422,52.79999923706055,7.300000190734863,175.89999389648438,21.799999237060547,63.23579025268555,0.957643449306488,0.8546451926231384,0.8359295129776001,0.7449572086334229,0.7597270607948303,8.445859909057617
154.5,99.80000305175781,138.1999969482422,14.5,169.6999969482422,165.5,36.599998474121094,147.3000030517578,6.400000095367432,4.300000190734863,166.60000610351562,45.0,4.900000095367432,173.6999969482422,23.700000762939453,67.76603698730469,0.95899498462677,0.8262603282928467,0.7981369495391846,0.7194120287895203,0.7279783487319946,10.278178215026855
155.1999969482422,104.0999984741211,133.8000030517578,7.0,163.3000030517578,163.1999969482422,20.799999237060547,163.5,2.9000000953674316,9.199999809265137,163.5,47.0,1.100000023841858,167.5,31.299999237060547,69.76472473144531,0.952092707157135,0.8269692659378052,0.8099446892738342,0.7222357988357544,0.7202377319335938,9.242940902709961
155.89999389648438,106.19999694824219,129.89999389648438,7.0,158.8000030517578,154.89999389648438,26.299999237060547,160.6999969482422,39.400001525878906,5.0,167.3000030517578,64.30000305175781,4.099999904632568,171.10000610351562,27.399999618530273,70.94945526123047,0.9358068108558655,0.819180965423584,0.7972167730331421,0.7088295817375183,0.7193872928619385,9.67766284942627
155.6999969482422,108.69999694824219,126.80000305175781,11.300000190734863,167.89999389648438,164.3000030517578,39.900001525878906,146.1999969482422,43.0,1.0,172.10000610351562,89.30000305175781,13.899999618530273,177.10000610351562,19.899999618530273,69.17388153076172,0.9093369841575623,0.8274903893470764,0.8022823929786682,0.7095504999160767,0.7360941171646118,9.95175552368164
156.10000610351562,107.5,127.5,11.800000190734863,170.10000610351562,152.89999389648438,45.900001525878906,140.39999389648438,5.699999809265137,0.6000000238418579,174.5,78.5,33.79999923706055,158.39999389648438,2.299999952316284,68.2508544921875,0.9186620116233826,0.8126493096351624,0.8002865314483643,0.7147866487503052,0.757712185382843,13.799175262451172
150.6999969482422,113.4000015258789,124.80000305175781,10.199999809265137,169.6999969482422,151.3000030517578,26.399999618530273,161.5,8.699999809265137,1.2000000476837158,173.1999969482422,56.099998474121094,27.799999237060547,164.39999389648438,13.800000190734863,67.35208129882812,0.9306029081344604,0.813810408115387,0.8010692596435547,0.7126673460006714,0.7622023224830627,12.965702056884766
151.10000610351562,114.30000305175781,123.80000305175781,14.199999809265137,176.6999969482422,161.1999969482422,87.0,100.0999984741211,19.899999618530273,5.199999809265137,178.5,116.0999984741211,100.30000305175781,89.0999984741211,70.0,61.835723876953125,0.9250048398971558,0.8339968919754028,0.814237117767334,0.7135632038116455,0.7911239862442017,18.899394989013672
147.3000030517578,117.0999984741211,126.80000305175781,8.800000190734863,149.10000610351562,170.89999389648438,19.200000762939453,168.6999969482422,1.100000023841858,4.900000095367432,173.5,77.5,64.5999984741211,125.80000305175781,13.399999618530273,61.19271469116211,0.964739203453064,0.8516575694084167,0.8102976083755493,0.7369629144668579,0.7881092429161072,13.744140625
144.3000030517578,113.0,132.6999969482422,47.400001525878906,113.5999984741211,165.8000030517578,177.10000610351562,4.5,77.19999694824219,20.0,156.39999389648438,109.0,129.6999969482422,56.599998474121094,108.69999694824219,53.41422653198242,0.9745101928710938,0.8887413144111633,0.8228277564048767,0.7260051965713501,0.7999047040939331,13.87316608428955
146.39999389648438,114.30000305175781,127.19999694824219,62.5,99.30000305175781,174.89999389648438,153.6999969482422,19.299999237060547,117.0999984741211,21.700000762939453,155.10000610351562,117.80000305175781,109.9000015258789,79.19999694824219,121.0,53.7987174987793,0.9615173935890198,0.8879827857017517,0.8308332562446594,0.7439824342727661,0.8071901202201843,13.443868637084961
145.8000030517578,113.19999694824219,131.8000030517578,27.600000381469727,133.10000610351562,173.8000030517578,132.10000610351562,40.0,68.9000015258789,12.600000381469727,162.60000610351562,108.0,110.5,76.69999694824219,126.80000305175781,59.637882232666016,0.9280471801757812,0.8595130443572998,0.8182529211044312,0.7293432950973511,0.7907837629318237,16.782562255859375
141.1999969482422,111.4000015258789,142.8000030517578,81.5999984741211,82.5,162.10000610351562,128.89999389648438,47.599998474121094,102.19999694824219,52.099998474121094,128.0,111.80000305175781,141.0,34.0,99.69999694824219,46.70001220703125,1.0102442502975464,0.9180837869644165,0.8515141606330872,0.7585330009460449,0.8285228610038757,9.340255737304688
141.0,114.80000305175781,133.5,127.5,36.900001525878906,160.6999969482422,154.89999389648438,19.799999237060547,131.1999969482422,119.5,55.0,130.1999969482422,168.8000030517578,5.900000095367432,152.60000610351562,42.363975524902344,0.9550753235816956,0.9665775895118713,0.8607129454612732,0.7595296502113342,0.8311582207679749,8.136698722839355
144.6999969482422,113.19999694824219,131.6999969482422,46.099998474121094,113.5,171.0,175.1999969482422,2.0999999046325684,43.0,8.5,167.89999389648438,117.4000015258789,73.19999694824219,111.19999694824219,87.80000305175781,55.26886749267578,0.9647175073623657,0.8526424765586853,0.8326449394226074,0.7369344234466553,0.7989278435707092,13.781981468200684
150.39999389648438,114.80000305175781,121.19999694824219,46.0,115.9000015258789,170.0,176.1999969482422,14.0,9.100000381469727,4.400000095367432,165.0,126.9000015258789,105.69999694824219,84.30000305175781,95.0999984741211,60.837303161621094,0.9364544153213501,0.853844165802002,0.8334620594978333,0.7267544269561768,0.797975480556488,15.423922538757324
151.39999389648438,119.69999694824219,116.5999984741211,128.60000610351562,35.599998474121094,165.10000610351562,171.89999389648438,16.399999618530273,92.0999984741211,52.79999923706055,136.0,143.5,115.80000305175781,75.4000015258789,104.0,57.49834060668945,0.9296490550041199,0.8525962233543396,0.8646742105484009,0.7654377818107605,0.7990379333496094,13.395444869995117
151.0,120.19999694824219,116.80000305175781,169.10000610351562,6.199999809265137,155.8000030517578,154.60000610351562,33.29999923706055,41.5,26.200000762939453,162.5,124.19999694824219,87.0,101.4000015258789,94.19999694824219,57.115665435791016,0.9243654012680054,0.8424887657165527,0.851408839225769,0.7323526740074158,0.7704541683197021,14.36125659942627
154.1999969482422,120.0,112.80000305175781,147.6999969482422,50.70000076293945,159.10000610351562,154.6999969482422,33.5,75.80000305175781,27.700000762939453,161.8000030517578,155.0,90.5,96.5999984741211,111.9000015258789,55.73881912231445,0.9240995049476624,0.8348602652549744,0.8577355742454529,0.7256971001625061,0.7717719674110413,14.569111824035645
156.5,122.5,107.0,101.9000015258789,98.69999694824219,149.10000610351562,137.1999969482422,53.79999923706055,87.80000305175781,49.70000076293945,143.3000030517578,169.3000030517578,96.9000015258789,92.19999694824219,99.5999984741211,57.76290512084961,0.9060088992118835,0.8119523525238037,0.8391833305358887,0.7139387726783752,0.7614370584487915,17.62963104248047
156.60000610351562,121.30000305175781,106.5,94.5,103.80000305175781,146.1999969482422,125.5999984741211,63.29999923706055,72.19999694824219,44.20000076293945,146.6999969482422,170.6999969482422,87.5999984741211,99.19999694824219,90.5,56.09279251098633,0.9161977171897888,0.8026267886161804,0.8389506936073303,0.7058934569358826,0.744656503200531,18.434837341308594
156.8000030517578,122.5999984741211,111.30000305175781,128.89999389648438,72.0,150.89999389648438,127.4000015258789,64.30000305175781,66.9000015258789,47.29999923706055,145.5,161.5,85.19999694824219,105.69999694824219,123.0,53.06365203857422,0.9404430389404297,0.8223601579666138,0.8433226943016052,0.7087311148643494,0.7581690549850464,13.966562271118164
155.60000610351562,119.9000015258789,114.0,110.4000015258789,89.0,158.8000030517578,133.8000030517578,56.70000076293945,73.0999984741211,39.29999923706055,152.60000610351562,159.5,83.80000305175781,103.4000015258789,123.80000305175781,55.52958297729492,0.9319801330566406,0.8202980756759644,0.8402814865112305,0.7095385193824768,0.7564297318458557,14.38115406036377
151.10000610351562,133.39999389648438,103.5999984741211,167.5,27.200000762939453,177.39999389648438,156.0,35.0,145.0,121.9000015258789,70.5,179.10000610351562,122.9000015258789,67.5,129.89999389648438,58.74325180053711,0.9154334664344788,0.8254486918449402,0.829821765422821,0.7328506112098694,0.7573667168617249,15.194977760314941
151.10000610351562,129.89999389648438,110.9000015258789,172.3000030517578,5.5,174.8000030517578,165.0,21.799999237060547,154.8000030517578,138.8000030517578,51.599998474121094,175.10000610351562,125.5999984741211,64.69999694824219,123.5,60.66753387451172,0.916816234588623,0.8194369673728943,0.8540673851966858,0.7584912776947021,0.7829560041427612,13.805458068847656
150.0,134.8000030517578,108.80000305175781,178.60000610351562,14.0,171.6999969482422,164.8000030517578,22.700000762939453,139.60000610351562,132.89999389648438,56.70000076293945,172.10000610351562,126.9000015258789,64.69999694824219,119.5999984741211,59.2677116394043,0.9211064577102661,0.8240742683410645,0.8570559024810791,0.7527616620063782,0.7676794528961182,12.308246612548828
151.6999969482422,131.1999969482422,111.5,153.8000030517578,11.800000190734863,173.5,176.6999969482422,9.600000381469727,162.60000610351562,155.5,33.099998474121094,167.39999389648438,138.5,48.5,137.0,60.41242218017578,0.9430367350578308,0.8209173679351807,0.8673675060272217,0.7538027763366699,0.7674573659896851,11.104584693908691
150.6999969482422,133.10000610351562,107.9000015258789,166.89999389648438,0.699999988079071,175.89999389648438,176.8000030517578,10.5,176.8000030517578,152.89999389648438,37.099998474121094,172.89999389648438,138.1999969482422,56.5,129.89999389648438,59.49504470825195,0.9163299202919006,0.8377664685249329,0.8787132501602173,0.756575345993042,0.7648085951805115,10.285664558410645
149.5,128.6999969482422,115.30000305175781,144.39999389648438,24.0,177.39999389648438,175.60000610351562,1.5,167.8000030517578,172.3000030517578,17.799999237060547,154.8000030517578,148.60000610351562,41.5,148.8000030517578,61.60914993286133,0.9193352460861206,0.8361189365386963,0.8779988884925842,0.7600342035293579,0.7512663006782532,9.89306354522705
149.39999389648438,128.5,115.19999694824219,144.0,20.200000762939453,175.0,177.5,3.5999999046325684,173.8000030517578,157.89999389648438,28.600000381469727,158.3000030517578,146.0,44.0,138.6999969482422,59.887542724609375,0.9277867078781128,0.8559202551841736,0.8800800442695618,0.7518099546432495,0.7558901906013489,10.762255668640137
151.10000610351562,128.6999969482422,112.4000015258789,133.89999389648438,32.599998474121094,168.0,169.3000030517578,5.5,142.6999969482422,177.5,12.699999809265137,145.89999389648438,157.5,31.5,164.3000030517578,65.67195892333984,0.908321738243103,0.8425220847129822,0.8631497025489807,0.7493715286254883,0.742231011390686,10.102806091308594
150.6999969482422,130.6999969482422,113.0999984741211,141.6999969482422,25.100000381469727,175.10000610351562,172.39999389648438,2.0999999046325684,156.39999389648438,172.5,16.100000381469727,156.8000030517578,155.39999389648438,35.70000076293945,149.89999389648438,61.26484298706055,0.9330283999443054,0.851690411567688,0.8779461979866028,0.7659092545509338,0.7669690251350403,11.197871208190918
152.39999389648438,129.0,110.9000015258789,140.10000610351562,27.5,173.39999389648438,174.8000030517578,0.6000000238418579,148.8000030517578,167.89999389648438,19.5,151.1999969482422,153.0,34.599998474121094,160.3000030517578,63.04560470581055,0.9188194870948792,0.8421841859817505,0.8714587092399597,0.7525931000709534,0.7643585801124573,13.780259132385254
151.10000610351562,132.39999389648438,110.19999694824219,147.3000030517578,23.5,173.60000610351562,173.39999389648438,1.2999999523162842,171.5,173.0,17.399999618530273,170.1999969482422,153.5,38.29999923706055,150.1999969482422,61.97814178466797,0.8964790105819702,0.8165158629417419,0.8485546112060547,0.7413691878318787,0.7395458221435547,13.644177436828613
151.3000030517578,131.89999389648438,110.5999984741211,144.89999389648438,24.600000381469727,179.1999969482422,175.60000610351562,0.6000000238418579,175.1999969482422,166.3000030517578,22.200000762939453,164.8000030517578,152.1999969482422,38.0,148.89999389648438,64.37796020507812,0.8916535377502441,0.8160904049873352,0.8580787777900696,0.7340384125709534,0.729444146156311,12.960782051086426
150.3000030517578,130.39999389648438,111.5,145.0,24.0,169.6999969482422,171.5,2.9000000953674316,160.6999969482422,174.1999969482422,16.700000762939453,160.6999969482422,154.5,36.20000076293945,152.89999389648438,64.20830535888672,0.8795396685600281,0.8289122581481934,0.8558489084243774,0.7440279126167297,0.7265899181365967,11.972426414489746
151.3000030517578,133.39999389648438,110.9000015258789,148.60000610351562,22.799999237060547,170.3000030517578,174.3000030517578,0.0,169.10000610351562,169.89999389648438,20.200000762939453,166.1999969482422,153.3000030517578,38.400001525878906,149.8000030517578,61.582496643066406,0.9086292386054993,0.8302581310272217,0.8468474745750427,0.7378296852111816,0.7186551094055176,12.3147611618042
150.60000610351562,134.8000030517578,110.0,146.5,25.200000762939453,169.8000030517578,170.89999389648438,3.799999952316284,171.6999969482422,175.39999389648438,14.300000190734863,169.6999969482422,153.1999969482422,37.599998474121094,147.5,63.05459976196289,0.891991913318634,0.814560055732727,0.8352447152137756,0.7284182906150818,0.7014299035072327,12.481393814086914
151.60000610351562,134.6999969482422,114.80000305175781,145.1999969482422,28.399999618530273,166.6999969482422,170.6999969482422,5.599999904632568,167.10000610351562,178.5,11.0,166.39999389648438,156.39999389648438,33.70000076293945,156.0,60.5500602722168,0.9143825769424438,0.8144446611404419,0.8359156250953674,0.740064263343811,0.7055460810661316,12.713156700134277
151.89999389648438,131.89999389648438,113.69999694824219,145.89999389648438,26.299999237060547,170.6999969482422,173.0,2.799999952316284,177.39999389648438,175.89999389648438,14.100000381469727,170.5,150.89999389648438,40.5,144.8000030517578,60.69676208496094,0.891059398651123,0.8185811042785645,0.8365709185600281,0.7385640144348145,0.7116678953170776,15.141828536987305
147.6999969482422,132.1999969482422,121.5999984741211,147.8000030517578,26.5,157.0,170.10000610351562,3.9000000953674316,163.8000030517578,176.60000610351562,11.0,165.60000610351562,155.60000610351562,39.0,153.8000030517578,55.519134521484375,0.9295079112052917,0.8531185388565063,0.819417417049408,0.7152042984962463,0.6665272116661072,10.017147064208984
146.60000610351562,123.69999694824219,127.5999984741211,143.60000610351562,33.20000076293945,153.5,167.89999389648438,7.900000095367432,160.60000610351562,179.5,6.300000190734863,166.10000610351562,157.39999389648438,37.900001525878906,156.60000610351562,56.32106399536133,0.9280360341072083,0.866366446018219,0.8267293572425842,0.7291422486305237,0.6998953223228455,4.792611598968506
142.39999389648438,125.9000015258789,132.5,147.10000610351562,36.20000076293945,140.1999969482422,171.10000610351562,4.5,155.39999389648438,179.60000610351562,9.300000190734863,168.1999969482422,159.89999389648438,34.5,166.60000610351562,46.91802978515625,0.9302127957344055,0.9047470688819885,0.838614284992218,0.7478114366531372,0.7250170707702637,4.072123050689697
142.6999969482422,123.4000015258789,136.8000030517578,155.0,21.200000762939453,166.8000030517578,178.39999389648438,4.0,167.89999389648438,174.8000030517578,9.199999809265137,169.1999969482422,142.89999389648438,46.900001525878906,161.5,46.129940032958984,0.9773282408714294,0.8749675750732422,0.8412010073661804,0.7750545740127563,0.7434471845626831,5.301806926727295
145.3000030517578,123.9000015258789,131.3000030517578,149.8000030517578,27.399999618530273,159.1999969482422,177.8000030517578,1.5,167.1999969482422,179.1999969482422,6.800000190734863,170.0,153.89999389648438,34.400001525878906,167.60000610351562,50.64033889770508,0.9752061367034912,0.8586820960044861,0.8437017798423767,0.7604712843894958,0.7546078562736511,5.148010730743408
146.39999389648438,125.0999984741211,127.5999984741211,134.6999969482422,39.5,148.8000030517578,168.89999389648438,7.199999809265137,148.89999389648438,168.6999969482422,3.700000047683716,162.89999389648438,146.3000030517578,38.599998474121094,162.60000610351562,56.36454391479492,1.003358244895935,0.8636883497238159,0.8401308655738831,0.7253159284591675,0.7335877418518066,9.530272483825684
149.89999389648438,128.10000610351562,121.19999694824219,131.10000610351562,42.79999923706055,153.39999389648438,162.60000610351562,11.899999618530273,150.10000610351562,163.5,11.199999809265137,151.39999389648438,160.6999969482422,28.5,161.6999969482422,59.229976654052734,1.007277488708496,0.8502880930900574,0.7824960350990295,0.6575953364372253,0.6958767771720886,8.180940628051758
155.10000610351562,135.8000030517578,122.0999984741211,152.6999969482422,15.0,173.3000030517578,178.5,10.699999809265137,158.60000610351562,150.8000030517578,37.0,173.6999969482422,134.60000610351562,52.599998474121094,142.8000030517578,60.989707946777344,1.0867271423339844,0.8314271569252014,0.8047179579734802,0.6687406301498413,0.7069218754768372,11.026140213012695
154.3000030517578,136.39999389648438,121.80000305175781,144.0,23.200000762939453,174.0,175.60000610351562,3.799999952316284,168.8000030517578,167.1999969482422,20.399999618530273,159.6999969482422,142.5,43.0,149.89999389648438,63.86892318725586,1.082698106765747,0.825175404548645,0.8095874786376953,0.6826374530792236,0.7090731263160706,11.471781730651855
152.1999969482422,136.89999389648438,117.5,145.6999969482422,20.5,174.6999969482422,175.10000610351562,3.0999999046325684,175.8000030517578,165.89999389648438,20.600000381469727,165.1999969482422,145.3000030517578,42.20000076293945,146.6999969482422,66.25335693359375,1.0613311529159546,0.8108161687850952,0.799954891204834,0.677373468875885,0.694572925567627,11.021982192993164
152.39999389648438,140.0,117.0999984741211,147.5,17.600000381469727,176.60000610351562,177.60000610351562,6.199999809265137,165.60000610351562,155.10000610351562,30.899999618530273,169.8000030517578,143.8000030517578,44.20000076293945,143.1999969482422,66.70381927490234,1.0851634740829468,0.8250696063041687,0.8110151290893555,0.6824807524681091,0.7032414674758911,12.22380256652832
154.5,138.39999389648438,116.80000305175781,150.0,16.600000381469727,174.10000610351562,180.0,9.899999618530273,150.89999389648438,154.3000030517578,34.599998474121094,172.1999969482422,139.1999969482422,49.79999923706055,141.1999969482422,64.17805480957031,1.088636875152588,0.8508098125457764,0.8399320840835571,0.708374559879303,0.7505374550819397,11.290491104125977
155.8000030517578,138.3000030517578,114.5,151.89999389648438,17.0,174.3000030517578,179.3000030517578,8.5,162.60000610351562,151.39999389648438,33.29999923706055,171.6999969482422,145.3000030517578,44.099998474121094,141.1999969482422,65.3995361328125,1.0657415390014648,0.8352447152137756,0.8277485966682434,0.680561363697052,0.7195322513580322,10.77881908416748
154.5,135.10000610351562,116.0,155.8000030517578,13.699999809265137,176.10000610351562,178.8000030517578,8.800000190734863,161.10000610351562,155.3000030517578,31.5,175.0,138.8000030517578,50.70000076293945,140.6999969482422,65.94525146484375,1.0265650749206543,0.8101192116737366,0.8013780117034912,0.6694968938827515,0.6926261782646179,8.941509246826172
155.8000030517578,134.1999969482422,112.80000305175781,156.3000030517578,13.100000381469727,175.60000610351562,178.0,8.399999618530273,156.10000610351562,156.0,29.0,166.10000610351562,142.10000610351562,44.20000076293945,144.8000030517578,67.50540924072266,1.0098707675933838,0.8168128132820129,0.8162927627563477,0.6717720031738281,0.6921757459640503,10.541850090026855
155.0,134.5,115.0,150.0,17.0,179.60000610351562,180.0,7.699999809265137,171.6999969482422,153.89999389648438,32.79999923706055,172.6999969482422,138.8000030517578,52.70000076293945,142.5,67.94686889648438,1.028826355934143,0.8191197514533997,0.8112626671791077,0.6640185713768005,0.6913493871688843,8.029485702514648
157.60000610351562,135.60000610351562,109.80000305175781,161.8000030517578,6.699999809265137,176.60000610351562,178.89999389648438,11.199999809265137,159.3000030517578,145.6999969482422,42.79999923706055,170.1999969482422,142.60000610351562,50.900001525878906,138.5,67.71232604980469,1.0158144235610962,0.8472933173179626,0.8433185815811157,0.7025027275085449,0.7265332341194153,9.288183212280273
156.6999969482422,133.1999969482422,110.5999984741211,160.89999389648438,4.599999904632568,178.10000610351562,176.39999389648438,15.199999809265137,171.6999969482422,134.10000610351562,55.70000076293945,164.10000610351562,141.8000030517578,55.400001525878906,133.6999969482422,67.57816314697266,1.0010898113250732,0.8744720816612244,0.8631600141525269,0.7129199504852295,0.7537933588027954,9.619071006774902
154.39999389648438,130.6999969482422,105.0999984741211,144.89999389648438,15.699999809265137,178.5,177.39999389648438,14.399999618530273,132.89999389648438,136.89999389648438,54.599998474121094,145.89999389648438,146.1999969482422,50.29999923706055,135.3000030517578,69.8492660522461,0.9523159861564636,0.8526030778884888,0.8625413179397583,0.7460653185844421,0.772343635559082,11.457992553710938
151.89999389648438,131.89999389648438,108.80000305175781,150.3000030517578,12.300000190734863,175.10000610351562,173.39999389648438,16.899999618530273,88.69999694824219,125.5,62.900001525878906,148.0,138.60000610351562,56.20000076293945,122.5,61.65082550048828,0.9828713536262512,0.8750134110450745,0.8678280115127563,0.7569625973701477,0.7723756432533264,11.482205390930176
152.10000610351562,126.5999984741211,110.0999984741211,147.60000610351562,18.899999618530273,176.8000030517578,177.0,10.300000190734863,165.89999389648438,147.1999969482422,41.400001525878906,144.8000030517578,140.10000610351562,52.900001525878906,127.69999694824219,64.23912048339844,0.9340732097625732,0.83766770362854,0.8716099262237549,0.7718865275382996,0.7844339609146118,10.526890754699707
151.39999389648438,124.0,113.19999694824219,112.0999984741211,52.20000076293945,178.5,175.3000030517578,3.5999999046325684,97.30000305175781,136.0,52.29999923706055,129.0,137.6999969482422,54.400001525878906,140.39999389648438,66.01713562011719,0.9397521615028381,0.8420393466949463,0.8668561577796936,0.7651520371437073,0.7866846919059753,11.31098461151123
148.89999389648438,121.30000305175781,114.9000015258789,143.0,22.200000762939453,176.39999389648438,177.8000030517578,5.199999809265137,163.6999969482422,154.6999969482422,35.599998474121094,153.89999389648438,137.5,56.900001525878906,135.10000610351562,59.747901916503906,0.9148739576339722,0.8653967976570129,0.875253438949585,0.77855384349823,0.810059666633606,10.882498741149902
148.6999969482422,119.80000305175781,122.5,132.8000030517578,30.700000762939453,179.1999969482422,175.8000030517578,2.799999952316284,152.3000030517578,156.89999389648438,31.399999618530273,151.39999389648438,140.1999969482422,52.900001525878906,143.0,57.28581237792969,0.9690782427787781,0.8797251582145691,0.8745822906494141,0.7749391198158264,0.8168951869010925,11.276124954223633
148.6999969482422,122.80000305175781,114.80000305175781,143.1999969482422,21.0,175.39999389648438,175.60000610351562,11.300000190734863,170.0,156.10000610351562,35.20000076293945,161.60000610351562,134.39999389648438,59.400001525878906,134.1999969482422,62.0997428894043,0.9140830039978027,0.8356158137321472,0.8568647503852844,0.7585678100585938,0.7981354594230652,12.323104858398438
147.6999969482422,121.0999984741211,119.80000305175781,128.10000610351562,39.5,175.39999389648438,175.89999389648438,1.2999999523162842,160.0,173.0,16.799999237060547,155.39999389648438,132.6999969482422,61.900001525878906,135.3000030517578,60.044151306152344,0.9449815154075623,0.8557104468345642,0.8761261105537415,0.7883406281471252,0.8085919618606567,10.104618072509766
148.1999969482422,119.0,122.4000015258789,150.1999969482422,18.600000381469727,174.0,178.5,4.099999904632568,166.0,171.89999389648438,17.600000381469727,160.39999389648438,139.8000030517578,52.599998474121094,139.10000610351562,55.654052734375,0.9535528421401978,0.8730241060256958,0.8771138787269592,0.7831569314002991,0.8062867522239685,10.905206680297852
145.5,121.80000305175781,125.30000305175781,142.0,26.399999618530273,175.39999389648438,175.39999389648438,1.7000000476837158,164.0,178.8000030517578,8.199999809265137,157.5,150.10000610351562,42.70000076293945,156.89999389648438,54.93463134765625,0.967606782913208,0.8646324276924133,0.867885410785675,0.7811601758003235,0.8070330619812012,8.208335876464844
145.6999969482422,119.0,124.5,146.3000030517578,24.399999618530273,168.10000610351562,177.6999969482422,4.900000095367432,172.6999969482422,174.1999969482422,15.399999618530273,167.6999969482422,142.6999969482422,48.099998474121094,151.6999969482422,59.3828010559082,0.9263085722923279,0.8370709419250488,0.8412713408470154,0.7424383759498596,0.785538911819458,7.106362342834473
146.39999389648438,121.0,121.69999694824219,147.3000030517578,24.399999618530273,170.60000610351562,177.89999389648438,3.4000000953674316,167.8000030517578,171.1999969482422,17.899999618530273,165.0,138.60000610351562,52.900001525878906,154.89999389648438,55.103546142578125,0.9433741569519043,0.8392569422721863,0.8504889011383057,0.7481895089149475,0.7836717367172241,8.72793960571289
147.10000610351562,122.30000305175781,123.30000305175781,142.39999389648438,27.700000762939453,169.39999389648438,174.60000610351562,1.600000023841858,166.8000030517578,178.0,7.599999904632568,164.0,148.0,45.20000076293945,156.8000030517578,55.3226318359375,0.9684022665023804,0.8657231330871582,0.852516233921051,0.7601779103279114,0.7902640104293823,9.856437683105469
146.39999389648438,121.0,122.69999694824219,131.10000610351562,40.70000076293945,159.0,164.5,10.800000190734863,154.10000610351562,167.1999969482422,3.700000047683716,157.10000610351562,151.3000030517578,38.599998474121094,165.39999389648438,54.50067901611328,0.9434035420417786,0.8661115169525146,0.8600204586982727,0.7548100352287292,0.7814745306968689,9.797643661499023
148.10000610351562,118.0999984741211,124.0,127.30000305175781,41.099998474121094,165.89999389648438,165.3000030517578,10.300000190734863,143.89999389648438,158.39999389648438,11.399999618530273,154.6999969482422,148.3000030517578,41.79999923706055,174.60000610351562,56.06298828125,0.9469897150993347,0.8648147583007812,0.8693920373916626,0.7524793744087219,0.7610996961593628,10.136445045471191
147.5,121.5999984741211,120.0999984741211,128.0,42.79999923706055,162.3000030517578,167.10000610351562,8.300000190734863,139.1999969482422,161.8000030517578,7.599999904632568,151.3000030517578,147.5,44.5,167.0,60.761722564697266,0.9211851358413696,0.855753481388092,0.8643959164619446,0.7674727439880371,0.7745428085327148,9.707114219665527
148.5,119.30000305175781,125.0999984741211,125.4000015258789,41.20000076293945,169.5,172.3000030517578,2.4000000953674316,142.1999969482422,175.3000030517578,2.5999999046325684,156.3000030517578,131.0,57.5,159.8000030517578,60.43034744262695,0.9307149648666382,0.851347804069519,0.8692219257354736,0.7395943999290466,0.7654216289520264,7.251884460449219
145.10000610351562,116.30000305175781,135.1999969482422,120.30000305175781,48.79999923706055,154.6999969482422,167.39999389648438,7.900000095367432,134.6999969482422,165.10000610351562,7.400000095367432,150.89999389648438,149.8000030517578,34.400001525878906,172.10000610351562,59.86807632446289,0.93439781665802,0.8656632304191589,0.8662799596786499,0.7445438504219055,0.8063791990280151,5.95105504989624
145.6999969482422,118.4000015258789,135.60000610351562,141.8000030517578,24.799999237060547,166.6999969482422,171.1999969482422,3.200000047683716,156.5,171.39999389648438,3.700000047683716,160.1999969482422,132.10000610351562,50.5,174.60000610351562,52.55180740356445,0.959711492061615,0.893021821975708,0.9076156616210938,0.7500473260879517,0.7752078175544739,5.951653003692627
147.60000610351562,122.0999984741211,132.60000610351562,140.39999389648438,28.200000762939453,157.3000030517578,167.89999389648438,5.099999904632568,148.0,167.1999969482422,1.899999976158142,160.3000030517578,157.6999969482422,28.899999618530273,177.10000610351562,54.361358642578125,0.9824751615524292,0.8773565292358398,0.8831326365470886,0.7382932901382446,0.7680580615997314,5.499364852905273
146.5,126.9000015258789,129.3000030517578,145.39999389648438,28.899999618530273,157.1999969482422,169.6999969482422,3.9000000953674316,152.89999389648438,168.0,2.0999999046325684,162.39999389648438,140.39999389648438,49.599998474121094,169.60000610351562,53.41322708129883,0.9864479899406433,0.8717287182807922,0.8914092183113098,0.7346983551979065,0.7278828620910645,7.341049671173096
148.1999969482422,129.0,125.0999984741211,139.60000610351562,30.399999618530273,160.8000030517578,167.60000610351562,4.300000190734863,159.39999389648438,170.39999389648438,0.800000011920929,163.0,155.6999969482422,34.900001525878906,159.39999389648438,57.52798080444336,0.9841272830963135,0.8561186194419861,0.8454654216766357,0.7212797999382019,0.7485430836677551,8.205318450927734
150.10000610351562,130.10000610351562,120.5999984741211,130.3000030517578,39.70000076293945,156.6999969482422,167.6999969482422,6.599999904632568,138.6999969482422,157.1999969482422,15.300000190734863,147.6999969482422,168.0,21.299999237060547,169.39999389648438,60.639671325683594,1.005859613418579,0.8656176924705505,0.8707041144371033,0.718707799911499,0.7495176196098328,4.87786865234375
147.39999389648438,130.5,128.8000030517578,128.39999389648438,44.0,160.3000030517578,166.89999389648438,8.5,140.8000030517578,143.6999969482422,29.5,139.6999969482422,170.5,16.799999237060547,177.6999969482422,57.34686279296875,1.0398951768875122,0.8576800227165222,0.8524832725524902,0.7101784348487854,0.7322975397109985,4.226698875427246
151.0,131.1999969482422,119.30000305175781,140.6999969482422,30.0,165.3000030517578,169.1999969482422,5.400000095367432,150.39999389648438,163.8000030517578,7.800000190734863,153.89999389648438,163.8000030517578,28.899999618530273,168.0,58.959110260009766,0.9848572611808777,0.8607116341590881,0.8759732842445374,0.7341862916946411,0.748681902885437,4.382589817047119
155.3000030517578,131.39999389648438,118.69999694824219,146.5,21.100000381469727,177.39999389648438,176.1999969482422,2.9000000953674316,177.1999969482422,165.10000610351562,20.299999237060547,157.1999969482422,146.5,44.599998474121094,149.3000030517578,57.651580810546875,1.031820297241211,0.8884792327880859,0.8956412076950073,0.7366505861282349,0.769568681716919,8.056391716003418
153.8000030517578,129.8000030517578,112.30000305175781,140.3000030517578,25.5,177.1999969482422,170.8000030517578,2.299999952316284,154.0,174.8000030517578,11.600000381469727,149.89999389648438,158.10000610351562,35.29999923706055,140.6999969482422,63.45814514160156,0.9842395186424255,0.8745341300964355,0.9125704765319824,0.7749385833740234,0.7824237942695618,8.291632652282715
149.60000610351562,124.5999984741211,123.80000305175781,138.1999969482422,30.299999237060547,173.60000610351562,170.0,4.300000190734863,129.8000030517578,178.10000610351562,5.800000190734863,151.60000610351562,148.0,42.70000076293945,149.1999969482422,56.5325927734375,0.9874539971351624,0.8830467462539673,0.903599202632904,0.7839425802230835,0.8113687038421631,8.614473342895508
148.0,124.0999984741211,123.69999694824219,139.89999389648438,27.600000381469727,172.10000610351562,166.89999389648438,7.099999904632568,148.0,177.39999389648438,8.800000190734863,146.60000610351562,158.1999969482422,37.29999923706055,146.1999969482422,51.93321228027344,0.9855215549468994,0.9091285467147827,0.9184374213218689,0.8234394192695618,0.8302004933357239,11.396537780761719
145.60000610351562,120.5,126.80000305175781,147.89999389648438,23.700000762939453,165.39999389648438,170.1999969482422,3.4000000953674316,151.89999389648438,176.10000610351562,14.300000190734863,163.60000610351562,156.5,41.400001525878906,152.89999389648438,45.54878616333008,0.9723008275032043,0.9516605138778687,0.9443417191505432,0.8429070711135864,0.8678765296936035,13.537195205688477
146.1999969482422,118.4000015258789,131.89999389648438,134.10000610351562,35.79999923706055,165.8000030517578,165.60000610351562,9.5,141.0,173.5,1.899999976158142,149.6999969482422,156.8000030517578,39.599998474121094,158.60000610351562,47.532379150390625,0.976965606212616,0.9364756941795349,0.9379003643989563,0.8465587496757507,0.8627219200134277,12.161138534545898
146.3000030517578,116.30000305175781,133.5,150.8000030517578,22.299999237060547,167.60000610351562,168.6999969482422,4.699999809265137,147.6999969482422,176.10000610351562,12.100000381469727,154.1999969482422,156.6999969482422,43.20000076293945,149.3000030517578,45.62131881713867,0.9705722332000732,0.9474449157714844,0.9431824684143066,0.838220477104187,0.8599358201026917,10.605743408203125
146.8000030517578,119.5999984741211,126.9000015258789,126.5999984741211,43.20000076293945,163.10000610351562,164.3000030517578,10.399999618530273,146.1999969482422,175.6999969482422,3.5,149.6999969482422,157.5,37.79999923706055,153.6999969482422,50.08858871459961,0.9820041656494141,0.9269910454750061,0.9115450382232666,0.824641227722168,0.8572949767112732,13.643523216247559
147.6999969482422,123.9000015258789,126.19999694824219,140.6999969482422,26.399999618530273,178.60000610351562,171.10000610351562,2.0,169.5,169.5,17.5,152.89999389648438,150.8000030517578,42.599998474121094,143.8000030517578,50.04156494140625,0.9948023557662964,0.911277174949646,0.908689558506012,0.8099886775016785,0.8390064239501953,12.460234642028809
145.3000030517578,117.0,137.10000610351562,116.5999984741211,49.400001525878906,168.0,160.8000030517578,9.5,160.5,164.6999969482422,6.900000095367432,153.10000610351562,146.0,42.599998474121094,154.89999389648438,54.48198699951172,1.002084493637085,0.9050619006156921,0.8821470737457275,0.7695919275283813,0.8364065289497375,10.919918060302734
143.5,116.4000015258789,142.0,138.6999969482422,26.600000381469727,168.89999389648438,177.39999389648438,3.0,169.3000030517578,179.5,8.0,169.10000610351562,142.10000610351562,45.400001525878906,140.3000030517578,47.69449996948242,0.992530345916748,0.8865070343017578,0.8864545226097107,0.7571809887886047,0.8084498047828674,7.674689292907715
144.0,118.5,137.89999389648438,139.0,27.200000762939453,165.0,169.3000030517578,4.900000095367432,161.3000030517578,172.3000030517578,1.399999976158142,167.39999389648438,162.3000030517578,28.299999237060547,166.8000030517578,49.60846710205078,0.9592838883399963,0.9121705293655396,0.9061667919158936,0.7887516617774963,0.8215144276618958,3.7864274978637695
148.89999389648438,119.80000305175781,126.5,134.39999389648438,32.0,163.6999969482422,164.89999389648438,9.899999618530273,148.8000030517578,168.3000030517578,7.5,148.10000610351562,164.8000030517578,21.299999237060547,173.39999389648438,55.58408737182617,0.9445676803588867,0.873098611831665,0.8890589475631714,0.791782557964325,0.8065640330314636,5.485903263092041
153.60000610351562,127.69999694824219,119.0,134.0,32.5,169.3000030517578,167.0,6.300000190734863,156.60000610351562,167.89999389648438,6.5,150.10000610351562,165.6999969482422,22.399999618530273,163.60000610351562,59.845577239990234,0.9825211763381958,0.8821097612380981,0.8748871684074402,0.7516613006591797,0.7915562987327576,9.49083137512207
155.1999969482422,133.10000610351562,120.19999694824219,135.1999969482422,28.399999618530273,175.60000610351562,171.60000610351562,0.4000000059604645,173.5,175.89999389648438,2.0999999046325684,152.8000030517578,151.3000030517578,40.400001525878906,137.3000030517578,57.580257415771484,1.1021610498428345,0.8854381442070007,0.8856375217437744,0.7563736438751221,0.8074864745140076,10.285842895507812
156.1999969482422,135.10000610351562,120.9000015258789,129.8000030517578,36.20000076293945,172.39999389648438,166.60000610351562,8.800000190734863,142.6999969482422,134.8000030517578,41.79999923706055,137.39999389648438,164.6999969482422,20.399999618530273,168.8000030517578,56.30622482299805,1.12124502658844,0.9171401858329773,0.8868187665939331,0.7635121941566467,0.8235468864440918,13.803359985351562
155.0,132.5,123.5999984741211,135.39999389648438,32.70000076293945,171.60000610351562,164.60000610351562,8.399999618530273,122.0,139.5,35.70000076293945,130.39999389648438,155.0,26.700000762939453,171.10000610351562,55.833953857421875,1.117988109588623,0.9003634452819824,0.8963051438331604,0.753309965133667,0.8104826211929321,10.89497184753418
155.5,132.10000610351562,117.9000015258789,138.8000030517578,32.5,177.60000610351562,164.0,11.5,158.6999969482422,153.6999969482422,23.100000381469727,141.0,174.5,10.5,165.8000030517578,55.30307388305664,1.0637280941009521,0.9098973274230957,0.9051114320755005,0.7636497020721436,0.8194626569747925,12.88985538482666
154.6999969482422,132.39999389648438,113.5999984741211,142.60000610351562,26.299999237060547,179.89999389648438,168.5,3.5999999046325684,179.10000610351562,161.3000030517578,11.100000381469727,149.8000030517578,174.0,15.800000190734863,149.6999969482422,55.39595413208008,1.0316766500473022,0.9049023389816284,0.8969936966896057,0.762849748134613,0.8318183422088623,14.971034049987793
154.60000610351562,130.89999389648438,113.19999694824219,138.3000030517578,30.200000762939453,174.89999389648438,167.5,4.900000095367432,157.39999389648438,154.1999969482422,18.399999618530273,145.10000610351562,175.39999389648438,14.0,160.0,56.97817611694336,1.0213046073913574,0.9012356996536255,0.900678813457489,0.7614794373512268,0.8275809288024902,15.512063980102539
155.89999389648438,129.89999389648438,112.9000015258789,145.10000610351562,22.399999618530273,178.89999389648438,171.39999389648438,0.20000000298023224,170.89999389648438,165.10000610351562,4.199999809265137,156.1999969482422,173.39999389648438,19.200000762939453,154.1999969482422,58.4801139831543,1.0172134637832642,0.8984013199806213,0.9084956645965576,0.7588650584220886,0.8356955647468567,15.42819595336914
156.60000610351562,132.60000610351562,105.19999694824219,145.39999389648438,19.899999618530273,179.8000030517578,171.10000610351562,0.6000000238418579,177.6999969482422,173.10000610351562,1.600000023841858,148.1999969482422,171.1999969482422,20.100000381469727,145.10000610351562,59.09023666381836,0.9995445609092712,0.8866280317306519,0.8988281488418579,0.7621281743049622,0.8199149370193481,13.472994804382324
155.8000030517578,135.0,106.4000015258789,135.89999389648438,28.899999618530273,174.5,169.10000610351562,3.200000047683716,149.0,166.1999969482422,7.400000095367432,141.0,161.39999389648438,24.200000762939453,165.60000610351562,62.80421447753906,1.0455549955368042,0.8746197819709778,0.8695800304412842,0.7334619760513306,0.7993956208229065,13.039087295532227
155.6999969482422,139.89999389648438,102.19999694824219,130.10000610351562,31.0,173.8000030517578,167.8000030517578,3.5,129.3000030517578,171.3000030517578,1.7999999523162842,131.0,168.8000030517578,18.799999237060547,160.1999969482422,68.84741973876953,1.0592879056930542,0.8659859299659729,0.8598287105560303,0.737869143486023,0.7854253053665161,13.990290641784668
157.8000030517578,137.0,103.4000015258789,142.60000610351562,23.0,172.0,167.60000610351562,1.600000023841858,146.1999969482422,173.60000610351562,3.299999952316284,145.89999389648438,163.6999969482422,25.0,162.5,66.4574966430664,1.0542716979980469,0.866456925868988,0.8607877492904663,0.7339168787002563,0.7974243760108948,15.733537673950195
157.6999969482422,139.6999969482422,109.0999984741211,139.1999969482422,29.299999237060547,166.3000030517578,162.89999389648438,7.5,146.8000030517578,164.60000610351562,4.699999809265137,146.1999969482422,170.8000030517578,20.700000762939453,169.1999969482422,66.64224243164062,1.0767087936401367,0.8633778095245361,0.851482093334198,0.7384850382804871,0.7741405367851257,14.473596572875977
158.3000030517578,139.6999969482422,110.4000015258789,137.1999969482422,30.799999237060547,172.89999389648438,162.10000610351562,9.699999809265137,159.3000030517578,159.1999969482422,12.699999809265137,149.3000030517578,170.5,18.200000762939453,166.6999969482422,64.9188232421875,1.0796490907669067,0.8512440919876099,0.839300811290741,0.7227740287780762,0.77226322889328,15.225090980529785
156.60000610351562,139.39999389648438,110.0999984741211,140.1999969482422,31.399999618530273,171.39999389648438,162.8000030517578,11.0,152.89999389648438,158.6999969482422,14.199999809265137,149.0,171.3000030517578,16.200000762939453,167.39999389648438,61.9443473815918,1.0705814361572266,0.8665229678153992,0.8503562211990356,0.7362563610076904,0.7867499589920044,13.135311126708984
154.8000030517578,137.6999969482422,108.69999694824219,137.1999969482422,30.799999237060547,170.6999969482422,164.8000030517578,7.699999809265137,147.1999969482422,160.6999969482422,11.399999618530273,142.6999969482422,166.8000030517578,20.399999618530273,166.0,63.37535858154297,1.0506333112716675,0.8651230931282043,0.8779679536819458,0.7517874836921692,0.794667661190033,11.788830757141113
155.3000030517578,134.0,110.69999694824219,136.1999969482422,29.799999237060547,176.10000610351562,164.5,9.100000381469727,144.3000030517578,158.89999389648438,14.600000381469727,143.1999969482422,170.60000610351562,17.100000381469727,160.39999389648438,59.77827072143555,1.0511360168457031,0.8714229464530945,0.8853422403335571,0.7554594874382019,0.7970965504646301,15.070321083068848
155.89999389648438,131.0,108.80000305175781,138.5,30.399999618530273,179.89999389648438,164.8000030517578,10.899999618530273,143.89999389648438,154.6999969482422,20.799999237060547,140.10000610351562,175.0,12.800000190734863,164.6999969482422,56.5142822265625,1.0092111825942993,0.8660886883735657,0.897864580154419,0.7624671459197998,0.7966084480285645,10.555258750915527
155.6999969482422,131.60000610351562,105.0,133.10000610351562,30.200000762939453,176.39999389648438,165.8000030517578,6.5,144.6999969482422,154.5,16.200000762939453,139.8000030517578,170.5,18.700000762939453,157.5,61.46506881713867,1.00289785861969,0.8623442649841309,0.8823937773704529,0.7617812156677246,0.8030730485916138,13.9602689743042
155.5,129.8000030517578,106.0999984741211,137.60000610351562,28.899999618530273,176.0,163.6999969482422,9.199999809265137,129.3000030517578,153.39999389648438,17.399999618530273,143.0,165.8000030517578,17.700000762939453,168.3000030517578,59.5705680847168,1.0024597644805908,0.8639113306999207,0.8935683369636536,0.7709051966667175,0.8205292820930481,15.90952205657959
153.8000030517578,133.39999389648438,107.5999984741211,121.69999694824219,43.79999923706055,168.3000030517578,159.10000610351562,13.899999618530273,110.0999984741211,144.8000030517578,28.0,134.3000030517578,169.3000030517578,19.200000762939453,167.60000610351562,61.347354888916016,1.0259078741073608,0.8769055008888245,0.8860819935798645,0.772177517414093,0.8200071454048157,17.48545265197754
153.60000610351562,128.5,108.0999984741211,130.1999969482422,36.400001525878906,173.8000030517578,169.0,2.9000000953674316,133.8000030517578,156.6999969482422,13.699999809265137,139.0,164.10000610351562,23.799999237060547,161.89999389648438,62.54170227050781,0.9791960120201111,0.8280451893806458,0.8667423129081726,0.7654838562011719,0.8112295866012573,14.58765697479248
154.1999969482422,126.0999984741211,106.69999694824219,124.69999694824219,40.5,176.0,163.89999389648438,9.100000381469727,116.5999984741211,149.8000030517578,23.100000381469727,133.6999969482422,164.0,21.600000381469727,158.0,61.232784271240234,0.9723721742630005,0.8344945311546326,0.8749630451202393,0.7651569843292236,0.8109471797943115,14.928003311157227
155.5,129.8000030517578,102.80000305175781,124.69999694824219,42.599998474121094,167.6999969482422,159.1999969482422,13.899999618530273,116.19999694824219,143.8000030517578,25.799999237060547,135.5,170.89999389648438,15.699999809265137,179.8000030517578,64.12370300292969,0.9913457632064819,0.8251000642776489,0.871632993221283,0.7683609127998352,0.7996501326560974,17.36037826538086
156.0,129.89999389648438,102.0,127.30000305175781,38.099998474121094,167.0,164.0,9.300000190734863,136.10000610351562,147.6999969482422,21.0,147.3000030517578,171.1999969482422,15.800000190734863,175.3000030517578,62.55823516845703,0.9999284148216248,0.8458408117294312,0.8733338713645935,0.7545843720436096,0.7989892959594727,17.3167667388916
153.1999969482422,128.89999389648438,104.5999984741211,123.4000015258789,42.29999923706055,171.1999969482422,159.0,14.199999809265137,105.9000015258789,147.89999389648438,24.0,128.0,163.6999969482422,23.100000381469727,165.10000610351562,63.6810302734375,0.984769344329834,0.8449015021324158,0.8750012516975403,0.7604725956916809,0.7900136113166809,16.591405868530273
153.39999389648438,130.8000030517578,103.69999694824219,137.0,30.200000762939453,169.1999969482422,164.3000030517578,7.800000190734863,129.8000030517578,158.5,10.699999809265137,140.3000030517578,163.89999389648438,24.700000762939453,155.3000030517578,61.121246337890625,0.9921232461929321,0.8547524213790894,0.8928195834159851,0.7742512226104736,0.803583025932312,16.32644271850586
152.1999969482422,130.6999969482422,114.0999984741211,130.5,38.400001525878906,161.8000030517578,163.60000610351562,11.100000381469727,123.69999694824219,160.6999969482422,11.800000190734863,141.0,164.89999389648438,22.5,168.1999969482422,60.99995422363281,1.0125271081924438,0.8645924925804138,0.9042778611183167,0.7661941647529602,0.7824555039405823,12.529048919677734
153.5,135.6999969482422,118.69999694824219,129.8000030517578,34.20000076293945,171.8000030517578,164.8000030517578,11.399999618530273,150.5,162.39999389648438,11.899999618530273,150.6999969482422,173.8000030517578,17.299999237060547,164.6999969482422,62.91611862182617,1.0688151121139526,0.8593193888664246,0.8912742137908936,0.7471672296524048,0.7467092275619507,8.975064277648926
155.5,137.10000610351562,114.0,140.3000030517578,26.799999237060547,168.89999389648438,170.60000610351562,3.0,156.3000030517578,169.5,0.0,153.0,170.8000030517578,22.5,159.6999969482422,61.404014587402344,1.0568881034851074,0.8905661106109619,0.9145393967628479,0.7775081992149353,0.7887210249900818,13.01957893371582
153.1999969482422,140.1999969482422,117.80000305175781,141.8000030517578,26.399999618530273,172.0,171.0,3.700000047683716,157.39999389648438,172.5,0.5,155.5,169.0,22.100000381469727,155.3000030517578,61.19801712036133,1.0893880128860474,0.8831838965415955,0.9037715196609497,0.7637811899185181,0.7759864330291748,12.6021728515625
154.1999969482422,140.0,120.5999984741211,139.10000610351562,29.5,166.60000610351562,170.1999969482422,3.9000000953674316,154.60000610351562,168.3000030517578,2.9000000953674316,155.0,166.6999969482422,24.5,162.1999969482422,60.0647087097168,1.1126042604446411,0.8957865834236145,0.89421546459198,0.762631356716156,0.7985588312149048,13.955948829650879
154.89999389648438,139.5,119.0,146.89999389648438,21.100000381469727,175.89999389648438,171.60000610351562,1.2000000476837158,155.8000030517578,173.5,2.799999952316284,155.6999969482422,165.3000030517578,27.299999237060547,161.1999969482422,58.22553634643555,1.0928090810775757,0.8793936371803284,0.8876030445098877,0.748255729675293,0.7653174996376038,12.60754108428955
156.10000610351562,139.1999969482422,117.5,144.89999389648438,22.0,179.89999389648438,171.6999969482422,2.0999999046325684,168.8000030517578,168.8000030517578,2.700000047683716,160.1999969482422,164.6999969482422,25.899999618530273,160.5,59.4298095703125,1.0839014053344727,0.8637754917144775,0.8827000260353088,0.7474932074546814,0.7707447409629822,9.698684692382812
155.39999389648438,138.89999389648438,118.69999694824219,141.3000030517578,29.700000762939453,167.3000030517578,168.89999389648438,6.0,155.5,163.89999389648438,7.699999809265137,154.1999969482422,166.3000030517578,21.700000762939453,168.6999969482422,61.608978271484375,1.0844589471817017,0.8688547015190125,0.8790473341941833,0.7448278069496155,0.7686883807182312,12.690770149230957
155.39999389648438,136.89999389648438,119.4000015258789,137.5,30.700000762939453,170.89999389648438,167.0,6.900000095367432,154.10000610351562,156.89999389648438,15.5,149.8000030517578,171.10000610351562,16.5,172.5,60.796932220458984,1.0873045921325684,0.869312047958374,0.872797429561615,0.7338846325874329,0.7552852630615234,10.863516807556152
154.8000030517578,139.1999969482422,118.5999984741211,143.1999969482422,25.600000381469727,166.0,172.1999969482422,1.7000000476837158,156.89999389648438,167.6999969482422,2.9000000953674316,156.89999389648438,166.6999969482422,23.399999618530273,164.60000610351562,58.05818176269531,1.0898568630218506,0.8816529512405396,0.8843311667442322,0.7470878958702087,0.7741625905036926,12.591891288757324
155.60000610351562,139.60000610351562,113.5999984741211,143.5,24.700000762939453,174.39999389648438,168.3000030517578,5.199999809265137,164.10000610351562,176.89999389648438,2.4000000953674316,156.3000030517578,171.89999389648438,22.100000381469727,156.3000030517578,60.91313934326172,1.0510084629058838,0.8803542852401733,0.8755882382392883,0.7514196038246155,0.7707523703575134,13.634185791015625
156.39999389648438,135.89999389648438,111.80000305175781,142.10000610351562,25.100000381469727,174.0,168.5,5.599999904632568,160.3000030517578,168.6999969482422,4.099999904632568,150.8000030517578,171.6999969482422,19.299999237060547,161.8000030517578,64.39411926269531,1.0244872570037842,0.8605992794036865,0.888217568397522,0.7596741318702698,0.7668793201446533,7.489391326904297
156.1999969482422,132.89999389648438,108.19999694824219,143.1999969482422,23.700000762939453,169.60000610351562,173.3000030517578,3.9000000953674316,172.60000610351562,171.1999969482422,19.700000762939453,159.5,160.89999389648438,37.5,141.39999389648438,65.01781463623047,1.0035115480422974,0.8868505954742432,0.900632917881012,0.7771877646446228,0.7973108887672424,10.010482788085938
155.10000610351562,130.1999969482422,105.9000015258789,138.39999389648438,27.100000381469727,179.0,175.6999969482422,3.4000000953674316,166.1999969482422,163.60000610351562,23.700000762939453,155.1999969482422,152.6999969482422,42.0,132.10000610351562,65.6644058227539,0.9821152687072754,0.8546978235244751,0.8912178874015808,0.7799177765846252,0.8026041388511658,11.09805679321289
156.3000030517578,127.9000015258789,108.9000015258789,125.5999984741211,36.0,176.1999969482422,172.89999389648438,2.0999999046325684,143.0,171.60000610351562,16.399999618530273,146.89999389648438,147.5,49.20000076293945,130.1999969482422,62.804054260253906,0.991640031337738,0.8779039978981018,0.9018813967704773,0.7916243672370911,0.8318463563919067,13.034960746765137
157.10000610351562,126.0,108.0999984741211,134.8000030517578,29.100000381469727,178.10000610351562,171.89999389648438,1.600000023841858,144.0,175.10000610351562,14.100000381469727,144.8000030517578,149.5,43.599998474121094,127.9000015258789,60.906333923339844,0.9863812923431396,0.8808640241622925,0.9005617499351501,0.7985106110572815,0.8453640341758728,12.674891471862793
158.5,127.19999694824219,103.9000015258789,134.89999389648438,28.899999618530273,177.6999969482422,172.1999969482422,1.7999999523162842,129.6999969482422,174.39999389648438,3.5999999046325684,139.89999389648438,156.60000610351562,39.20000076293945,124.5,63.140419006347656,0.9707727432250977,0.8702971339225769,0.8960723876953125,0.7930617928504944,0.8357336521148682,13.052772521972656
154.60000610351562,130.3000030517578,102.9000015258789,138.89999389648438,24.299999237060547,177.60000610351562,176.8000030517578,6.5,141.89999389648438,157.3000030517578,32.70000076293945,146.60000610351562,151.89999389648438,43.5,127.30000305175781,65.42398834228516,0.9786593317985535,0.8563405275344849,0.894730269908905,0.7848634719848633,0.8111459016799927,11.493453979492188
155.39999389648438,126.19999694824219,106.4000015258789,138.3000030517578,25.600000381469727,177.5,177.1999969482422,7.300000190734863,141.60000610351562,138.8000030517578,50.5,152.6999969482422,140.60000610351562,55.099998474121094,129.6999969482422,67.23828887939453,0.9457449316978455,0.8255455493927002,0.8626334071159363,0.7652261853218079,0.7904025316238403,9.717413902282715
157.39999389648438,124.30000305175781,106.30000305175781,138.1999969482422,23.700000762939453,167.8000030517578,175.1999969482422,14.399999618530273,131.0,83.0,106.5999984741211,154.3000030517578,130.6999969482422,67.0999984741211,118.0999984741211,60.185279846191406,0.9699408411979675,0.877206563949585,0.8882842659950256,0.7778187990188599,0.8303735852241516,16.530961990356445
159.10000610351562,120.30000305175781,109.69999694824219,11.899999618530273,167.1999969482422,122.19999694824219,133.0,58.400001525878906,24.799999237060547,16.600000381469727,170.5,124.5,79.80000305175781,112.5999984741211,79.69999694824219,57.6277961730957,0.9932283163070679,0.8800179958343506,0.8806577324867249,0.7347061038017273,0.7952859997749329,15.899463653564453
159.0,119.0999984741211,110.0999984741211,23.899999618530273,179.10000610351562,123.80000305175781,121.4000015258789,71.0,36.5,18.0,171.6999969482422,142.5,82.19999694824219,115.5,79.0999984741211,63.045597076416016,0.961780309677124,0.8579663634300232,0.8704234957695007,0.7405678629875183,0.7982568144798279,16.726613998413086
161.10000610351562,115.80000305175781,109.0999984741211,24.799999237060547,175.6999969482422,144.1999969482422,38.599998474121094,151.5,11.399999618530273,6.199999809265137,177.1999969482422,89.9000015258789,37.099998474121094,154.5,24.600000381469727,70.78573608398438,0.9586001634597778,0.8287764191627502,0.8293206691741943,0.710014820098877,0.7649855017662048,15.131916999816895
162.1999969482422,113.5999984741211,111.0999984741211,27.399999618530273,174.1999969482422,127.80000305175781,33.20000076293945,156.89999389648438,21.100000381469727,8.800000190734863,178.10000610351562,25.899999618530273,20.700000762939453,175.3000030517578,11.199999809265137,68.9518051147461,0.9683164358139038,0.8305136561393738,0.8103917241096497,0.6997087597846985,0.7430694699287415,13.869429588317871
162.5,107.5,112.0,19.5,179.39999389648438,160.0,17.899999618530273,172.6999969482422,6.900000095367432,0.6000000238418579,170.89999389648438,36.900001525878906,4.400000095367432,172.10000610351562,14.100000381469727,71.03430938720703,0.968422532081604,0.8502727746963501,0.790372371673584,0.6987940669059753,0.728071391582489,12.157187461853027
162.39999389648438,104.5999984741211,117.80000305175781,20.5,177.5,158.1999969482422,22.899999618530273,167.10000610351562,10.300000190734863,1.100000023841858,172.89999389648438,43.5,5.5,176.60000610351562,8.100000381469727,68.1536865234375,0.9920731782913208,0.8583581447601318,0.7974273562431335,0.7046839594841003,0.7398878335952759,11.56490421295166
163.10000610351562,100.5999984741211,119.30000305175781,26.700000762939453,175.1999969482422,157.8000030517578,27.600000381469727,162.1999969482422,16.5,2.4000000953674316,172.3000030517578,30.299999237060547,5.400000095367432,174.60000610351562,8.5,69.7538070678711,0.9436981081962585,0.8386481404304504,0.7959821224212646,0.7027279734611511,0.734622597694397,9.735937118530273
159.0,103.80000305175781,125.9000015258789,20.899999618530273,176.6999969482422,104.9000015258789,17.799999237060547,170.39999389648438,0.10000000149011612,1.399999976158142,170.1999969482422,17.5,2.5999999046325684,164.1999969482422,28.600000381469727,70.89295959472656,1.0479357242584229,0.8829036951065063,0.8255094885826111,0.7327671647071838,0.708474338054657,8.439393043518066
161.39999389648438,101.5,126.19999694824219,24.700000762939453,177.3000030517578,133.5,23.299999237060547,165.39999389648438,2.0999999046325684,1.7999999523162842,174.60000610351562,22.899999618530273,2.5999999046325684,173.3000030517578,22.600000381469727,67.3162841796875,1.0686447620391846,0.9171503186225891,0.8214213848114014,0.7367904782295227,0.7206181883811951,10.366636276245117
162.89999389648438,101.5999984741211,122.5999984741211,24.899999618530273,179.6999969482422,133.1999969482422,17.799999237060547,173.0,0.5,0.4000000059604645,170.89999389648438,30.0,2.200000047683716,173.60000610351562,20.299999237060547,67.63919830322266,1.0463486909866333,0.8974980115890503,0.8156753778457642,0.7243947386741638,0.7099792957305908,10.825044631958008
160.89999389648438,111.5,113.0999984741211,25.899999618530273,173.10000610351562,157.0,16.399999618530273,175.10000610351562,0.6000000238418579,2.5,175.0,46.29999923706055,18.0,174.39999389648438,0.800000011920929,66.40125274658203,0.9809594750404358,0.8671379089355469,0.8099735975265503,0.7105811834335327,0.7528966665267944,15.593494415283203
159.6999969482422,124.30000305175781,107.0,12.899999618530273,171.6999969482422,136.6999969482422,57.79999923706055,132.10000610351562,6.699999809265137,1.2999999523162842,173.3000030517578,75.4000015258789,29.100000381469727,156.3000030517578,5.400000095367432,66.4250717163086,1.0066555738449097,0.8659284710884094,0.8694682717323303,0.7203097939491272,0.7751524448394775,13.63594913482666
157.1999969482422,135.39999389648438,106.19999694824219,130.60000610351562,34.79999923706055,178.39999389648438,178.39999389648438,5.599999904632568,143.60000610351562,49.20000076293945,135.6999969482422,131.3000030517578,152.89999389648438,36.29999923706055,138.1999969482422,63.09528732299805,1.0284242630004883,0.8863245248794556,0.8823035955429077,0.7720186114311218,0.8153283596038818,15.07524585723877
155.60000610351562,135.6999969482422,110.69999694824219,148.0,19.899999618530273,176.0,173.1999969482422,0.6000000238418579,173.5,169.6999969482422,15.899999618530273,146.39999389648438,164.39999389648438,30.399999618530273,139.39999389648438,61.13090896606445,1.0256816148757935,0.8950281143188477,0.9017074108123779,0.7723853588104248,0.8024541139602661,11.287750244140625
156.10000610351562,135.39999389648438,105.5,147.6999969482422,19.0,178.89999389648438,168.89999389648438,0.800000011920929,168.39999389648438,177.89999389648438,6.099999904632568,141.5,163.60000610351562,27.600000381469727,136.89999389648438,63.10572814941406,1.0181374549865723,0.8743093609809875,0.8884355425834656,0.7686396837234497,0.820576012134552,13.918817520141602
156.1999969482422,134.1999969482422,110.5999984741211,141.8000030517578,29.200000762939453,170.8000030517578,164.60000610351562,9.699999809265137,142.1999969482422,155.5,18.600000381469727,137.60000610351562,173.3000030517578,14.300000190734863,157.8000030517578,60.03095626831055,1.0352628231048584,0.8860121369361877,0.9099592566490173,0.7830851078033447,0.8246423602104187,11.656820297241211
157.10000610351562,135.3000030517578,107.30000305175781,145.3000030517578,21.0,172.10000610351562,168.3000030517578,3.9000000953674316,167.60000610351562,170.8000030517578,0.699999988079071,152.5,172.1999969482422,21.899999618530273,151.60000610351562,60.63359832763672,1.0169463157653809,0.8885323405265808,0.8935315012931824,0.7766643166542053,0.8158345222473145,13.416311264038086
156.6999969482422,134.6999969482422,110.9000015258789,146.60000610351562,21.0,169.3000030517578,170.60000610351562,1.7999999523162842,165.10000610351562,174.60000610351562,4.300000190734863,155.6999969482422,169.5,24.200000762939453,155.0,62.070884704589844,1.002855658531189,0.877691924571991,0.8805790543556213,0.7500884532928467,0.7683393359184265,11.66829776763916
155.6999969482422,138.1999969482422,110.19999694824219,152.8000030517578,15.600000381469727,174.0,172.5,1.100000023841858,172.5,178.10000610351562,6.400000095367432,157.3000030517578,171.1999969482422,20.399999618530273,154.8000030517578,61.00236129760742,1.0104974508285522,0.8804948925971985,0.8933783769607544,0.7564375400543213,0.7807061076164246,13.988313674926758
157.0,138.10000610351562,108.19999694824219,149.10000610351562,15.399999618530273,174.3000030517578,174.60000610351562,1.100000023841858,177.5,178.60000610351562,11.0,165.0,168.89999389648438,23.200000762939453,157.1999969482422,65.06491088867188,1.0051310062408447,0.8700323700904846,0.8554277420043945,0.7290626168251038,0.7799301743507385,15.783026695251465
156.89999389648438,139.6999969482422,109.5,151.6999969482422,15.300000190734863,173.10000610351562,172.10000610351562,1.5,169.89999389648438,178.39999389648438,9.199999809265137,166.8000030517578,169.6999969482422,24.200000762939453,154.8000030517578,63.41645431518555,1.0125004053115845,0.8640763163566589,0.8722435235977173,0.7385368347167969,0.762925922870636,15.854509353637695
158.5,140.60000610351562,111.80000305175781,152.89999389648438,13.699999809265137,179.0,171.60000610351562,3.0,170.5,179.60000610351562,7.900000095367432,171.10000610351562,168.6999969482422,22.799999237060547,157.3000030517578,62.22710037231445,1.0350313186645508,0.860202431678772,0.8589574098587036,0.7311268448829651,0.7559058666229248,14.815289497375488
157.3000030517578,144.6999969482422,109.4000015258789,154.5,9.600000381469727,176.8000030517578,174.8000030517578,0.6000000238418579,171.89999389648438,174.39999389648438,13.699999809265137,168.6999969482422,163.0,28.100000381469727,155.60000610351562,63.56316375732422,1.0219162702560425,0.8512402176856995,0.8560009598731995,0.722758948802948,0.7252752780914307,15.431896209716797
157.6999969482422,143.5,108.9000015258789,155.0,10.899999618530273,178.10000610351562,174.10000610351562,0.699999988079071,168.39999389648438,177.3000030517578,12.600000381469727,168.3000030517578,166.39999389648438,23.200000762939453,162.60000610351562,64.19757080078125,1.0070008039474487,0.8478414416313171,0.8567532300949097,0.7236196398735046,0.7214405536651611,14.900063514709473
159.3000030517578,143.89999389648438,108.5,152.8000030517578,10.600000381469727,177.5,173.89999389648438,0.8999999761581421,169.39999389648438,178.0,11.100000381469727,171.89999389648438,163.0,27.5,160.6999969482422,63.814422607421875,1.0058482885360718,0.8416011333465576,0.8550501465797424,0.7151618003845215,0.7219963669776917,16.82750701904297
159.10000610351562,143.0,109.9000015258789,152.89999389648438,11.300000190734863,176.39999389648438,173.0,2.299999952316284,168.3000030517578,177.3000030517578,7.199999809265137,174.39999389648438,163.3000030517578,26.600000381469727,161.39999389648438,63.68158721923828,1.0028650760650635,0.8325099945068359,0.8311426639556885,0.6993123292922974,0.715762734413147,16.946718215942383
159.1999969482422,141.6999969482422,111.5999984741211,152.10000610351562,10.600000381469727,177.6999969482422,174.3000030517578,0.800000011920929,166.8000030517578,179.10000610351562,9.0,173.10000610351562,166.5,22.399999618530273,159.5,65.97042083740234,1.0088142156600952,0.8206025958061218,0.830864429473877,0.695890486240387,0.7169291377067566,16.547060012817383
160.39999389648438,143.1999969482422,110.4000015258789,152.5,10.300000190734863,178.60000610351562,173.39999389648438,0.8999999761581421,171.1999969482422,179.0,11.100000381469727,176.1999969482422,163.89999389648438,29.299999237060547,156.60000610351562,63.50955581665039,1.0204763412475586,0.8411383628845215,0.8521411418914795,0.7226706147193909,0.7321794033050537,15.984769821166992
