155.5,151.39999389648438,151.5,151.5,154.0,83.30000305175781,160.89999389648438,22.700000762939453,161.1999969482422,111.0999984741211,71.30000305175781,157.60000610351562,179.10000610351562,5.199999809265137,176.39999389648438,32.03745651245117,1.327609896659851,1.5032635927200317,0.7250676155090332,0.5841251611709595,0.7059469223022461,26.32175064086914
155.89999389648438,151.6999969482422,152.60000610351562,153.3000030517578,154.39999389648438,88.5,161.6999969482422,22.0,163.89999389648438,116.69999694824219,67.80000305175781,155.89999389648438,177.89999389648438,5.099999904632568,176.60000610351562,30.82302474975586,1.3334648609161377,1.5059447288513184,0.7270685434341431,0.5888755321502686,0.7106654047966003,27.18065071105957
156.3000030517578,150.89999389648438,153.5,152.3000030517578,154.8000030517578,87.69999694824219,162.10000610351562,22.899999618530273,160.5,117.19999694824219,67.0999984741211,152.89999389648438,178.60000610351562,7.199999809265137,171.8000030517578,31.837902069091797,1.3329098224639893,1.4869911670684814,0.7224007844924927,0.5808555483818054,0.6787819266319275,24.280155181884766
155.8000030517578,150.0,154.1999969482422,151.10000610351562,153.8000030517578,89.5999984741211,159.39999389648438,25.700000762939453,162.10000610351562,111.0999984741211,72.0999984741211,155.60000610351562,178.6999969482422,9.399999618530273,172.0,32.43458938598633,1.3246742486953735,1.4906704425811768,0.7198333740234375,0.5771593451499939,0.6872628927230835,24.131450653076172
154.8000030517578,151.1999969482422,153.1999969482422,153.0,152.6999969482422,87.9000015258789,160.1999969482422,24.100000381469727,161.3000030517578,115.69999694824219,68.4000015258789,152.39999389648438,179.89999389648438,6.5,174.89999389648438,30.373668670654297,1.325675129890442,1.4889295101165771,0.7194910645484924,0.5764099955558777,0.6801881194114685,26.017131805419922
156.0,149.10000610351562,155.5,154.0,148.39999389648438,86.5999984741211,161.10000610351562,23.799999237060547,160.1999969482422,121.80000305175781,60.70000076293945,156.89999389648438,178.3000030517578,5.900000095367432,172.60000610351562,30.232088088989258,1.3044997453689575,1.4677430391311646,0.7204610109329224,0.57154381275177,0.6691834330558777,23.990638732910156
155.1999969482422,151.5,152.39999389648438,152.1999969482422,154.10000610351562,89.30000305175781,161.89999389648438,22.600000381469727,161.8000030517578,117.0,66.5,155.39999389648438,177.8000030517578,5.300000190734863,175.6999969482422,31.135719299316406,1.3210422992706299,1.4894542694091797,0.7209408283233643,0.577434241771698,0.6916282176971436,25.5275936126709
154.60000610351562,151.10000610351562,153.3000030517578,151.60000610351562,157.3000030517578,86.19999694824219,160.5,23.600000381469727,159.1999969482422,103.30000305175781,78.30000305175781,151.39999389648438,179.60000610351562,7.300000190734863,170.0,31.715381622314453,1.3340787887573242,1.5112203359603882,0.7276943922042847,0.5765947699546814,0.6783319115638733,25.013160705566406
153.89999389648438,151.39999389648438,154.1999969482422,152.10000610351562,154.0,85.0999984741211,160.60000610351562,23.399999618530273,163.1999969482422,117.69999694824219,64.30000305175781,157.1999969482422,175.6999969482422,3.5,173.5,29.811302185058594,1.328660011291504,1.472859501838684,0.7107716202735901,0.5780813694000244,0.6788524985313416,25.985435485839844
154.8000030517578,152.89999389648438,151.6999969482422,152.8000030517578,152.89999389648438,85.0,160.3000030517578,22.700000762939453,163.1999969482422,112.69999694824219,68.5,153.60000610351562,178.8000030517578,4.300000190734863,174.60000610351562,30.21482276916504,1.3307191133499146,1.4999889135360718,0.7435987591743469,0.5996446013450623,0.6821123361587524,25.507152557373047
155.60000610351562,151.0,154.3000030517578,151.8000030517578,155.6999969482422,82.69999694824219,162.10000610351562,21.899999618530273,159.39999389648438,112.5999984741211,69.19999694824219,153.39999389648438,179.89999389648438,7.400000095367432,170.39999389648438,31.71430015563965,1.3319625854492188,1.4879082441329956,0.7323064804077148,0.5840776562690735,0.6789637804031372,24.3723087310791
156.3000030517578,152.5,151.5,152.8000030517578,159.5,84.5,164.8000030517578,17.799999237060547,164.1999969482422,113.69999694824219,68.5999984741211,155.89999389648438,176.0,1.899999976158142,174.89999389648438,31.409286499023438,1.3364169597625732,1.5445369482040405,0.73212730884552,0.586270809173584,0.6927077770233154,25.418893814086914
156.1999969482422,152.8000030517578,152.3000030517578,153.6999969482422,158.3000030517578,76.19999694824219,166.39999389648438,15.699999809265137,166.3000030517578,126.30000305175781,56.099998474121094,156.60000610351562,174.5,0.30000001192092896,176.89999389648438,30.48457908630371,1.3338977098464966,1.5174740552902222,0.7390249371528625,0.598269522190094,0.6846671104431152,24.919809341430664
155.10000610351562,152.60000610351562,152.60000610351562,155.89999389648438,149.6999969482422,81.19999694824219,164.89999389648438,19.899999618530273,162.1999969482422,122.69999694824219,59.79999923706055,153.3000030517578,174.6999969482422,0.800000011920929,174.5,28.065486907958984,1.3034597635269165,1.4942042827606201,0.7357177138328552,0.5926849246025085,0.6729444265365601,24.17750358581543
155.0,151.89999389648438,154.0,153.60000610351562,157.0,71.4000015258789,166.1999969482422,17.0,162.60000610351562,122.4000015258789,59.099998474121094,155.60000610351562,175.1999969482422,0.10000000149011612,174.8000030517578,29.763559341430664,1.3100218772888184,1.503627061843872,0.7446510791778564,0.5942811965942383,0.6770507097244263,25.197795867919922
154.8000030517578,153.6999969482422,151.89999389648438,154.60000610351562,159.6999969482422,71.80000305175781,163.6999969482422,16.600000381469727,164.6999969482422,124.0999984741211,56.20000076293945,158.10000610351562,172.5,3.299999952316284,178.0,28.15766143798828,1.3181328773498535,1.521565318107605,0.7388840317726135,0.5977694392204285,0.6803857088088989,25.86191177368164
155.60000610351562,153.89999389648438,151.89999389648438,155.89999389648438,154.3000030517578,65.5,171.10000610351562,10.899999618530273,167.10000610351562,129.5,52.400001525878906,156.39999389648438,171.10000610351562,5.900000095367432,177.60000610351562,28.0141658782959,1.2987958192825317,1.4933139085769653,0.7333182096481323,0.5840440988540649,0.6623478531837463,24.344863891601562
154.0,156.3000030517578,151.8000030517578,157.39999389648438,156.3000030517578,66.0999984741211,172.0,10.199999809265137,167.6999969482422,129.5,53.400001525878906,155.5,169.3000030517578,7.199999809265137,178.60000610351562,25.72231674194336,1.3038779497146606,1.498738169670105,0.7242140173912048,0.5838254690170288,0.6661023497581482,23.52646827697754
154.10000610351562,155.39999389648438,153.1999969482422,155.89999389648438,157.3000030517578,58.900001525878906,172.5,9.5,166.5,138.6999969482422,43.099998474121094,159.3000030517578,165.1999969482422,10.699999809265137,176.1999969482422,27.060686111450195,1.3165448904037476,1.506795883178711,0.7158114314079285,0.5764672160148621,0.6602872014045715,23.51309585571289
154.3000030517578,153.1999969482422,153.8000030517578,155.5,166.39999389648438,38.599998474121094,175.6999969482422,6.0,164.10000610351562,141.0,40.599998474121094,162.1999969482422,164.5,9.800000190734863,172.89999389648438,27.5123348236084,1.3036900758743286,1.4610837697982788,0.6926899552345276,0.5378513932228088,0.6259111762046814,21.53753662109375
153.10000610351562,154.5,151.6999969482422,157.39999389648438,167.0,24.0,180.0,0.800000011920929,168.10000610351562,179.6999969482422,0.0,166.39999389648438,158.0,16.899999618530273,178.89999389648438,26.03666877746582,1.2965959310531616,1.4876389503479004,0.7249419689178467,0.5604194402694702,0.6743236184120178,24.66421890258789
153.60000610351562,152.8000030517578,154.6999969482422,154.8000030517578,171.1999969482422,23.0,177.1999969482422,2.799999952316284,163.8000030517578,126.0,54.599998474121094,162.8000030517578,164.6999969482422,9.600000381469727,171.89999389648438,28.19257354736328,1.3135043382644653,1.4817867279052734,0.7101044058799744,0.5387206673622131,0.6452056169509888,21.88884162902832
153.0,153.6999969482422,156.39999389648438,155.5,175.39999389648438,19.899999618530273,178.60000610351562,2.4000000953674316,164.3000030517578,155.3000030517578,25.399999618530273,163.5,161.1999969482422,13.0,173.39999389648438,26.970361709594727,1.3114078044891357,1.4593536853790283,0.7096369862556458,0.5521848201751709,0.6403074264526367,21.364152908325195
152.3000030517578,153.8000030517578,156.39999389648438,157.39999389648438,169.89999389648438,20.0,177.0,2.299999952316284,164.6999969482422,166.0,14.899999618530273,162.1999969482422,157.10000610351562,17.0,175.39999389648438,25.03931999206543,1.3219069242477417,1.481690764427185,0.7178164124488831,0.5540545582771301,0.6630029082298279,21.216720581054688
153.8000030517578,153.89999389648438,153.89999389648438,157.3000030517578,173.6999969482422,13.699999809265137,178.6999969482422,2.9000000953674316,167.39999389648438,155.0,25.299999237060547,166.0,153.60000610351562,22.100000381469727,176.89999389648438,26.17013931274414,1.3289469480514526,1.4997634887695312,0.7176458239555359,0.5537102222442627,0.6590942144393921,20.67442512512207
152.5,154.5,154.8000030517578,157.39999389648438,171.5,16.200000762939453,178.39999389648438,1.5,165.8000030517578,91.30000305175781,87.9000015258789,162.60000610351562,151.10000610351562,24.700000762939453,178.10000610351562,24.88587760925293,1.325430154800415,1.4738701581954956,0.7182826399803162,0.5532417893409729,0.6544223427772522,21.315959930419922
152.5,154.3000030517578,153.5,157.5,174.89999389648438,8.100000381469727,176.60000610351562,5.300000190734863,168.10000610351562,141.5,40.29999923706055,165.89999389648438,148.8000030517578,26.399999618530273,175.0,25.432479858398438,1.313727617263794,1.4903055429458618,0.720440685749054,0.5652744770050049,0.6551650166511536,20.55680274963379
153.6999969482422,154.1999969482422,151.1999969482422,161.89999389648438,175.60000610351562,1.0,163.0,20.0,176.60000610351562,87.30000305175781,93.5,174.6999969482422,135.8000030517578,39.400001525878906,175.1999969482422,22.493623733520508,1.3020453453063965,1.4900379180908203,0.7341166138648987,0.5708679556846619,0.672360360622406,21.741750717163086
154.5,156.3000030517578,151.39999389648438,165.60000610351562,175.39999389648438,10.100000381469727,153.39999389648438,32.79999923706055,169.6999969482422,84.19999694824219,98.4000015258789,176.39999389648438,131.8000030517578,44.400001525878906,165.89999389648438,19.647104263305664,1.2969025373458862,1.498326063156128,0.7236867547035217,0.574806272983551,0.6852585673332214,21.712635040283203
157.0,154.39999389648438,150.0,165.8000030517578,179.0,16.5,143.0,43.400001525878906,166.10000610351562,72.4000015258789,111.0,172.60000610351562,123.4000015258789,55.400001525878906,159.3000030517578,21.663484573364258,1.2918678522109985,1.495925784111023,0.741569459438324,0.6013790369033813,0.714405357837677,21.674558639526367
156.0,155.89999389648438,150.3000030517578,167.8000030517578,176.39999389648438,22.799999237060547,138.60000610351562,48.099998474121094,163.8000030517578,73.9000015258789,109.5999984741211,169.60000610351562,124.19999694824219,54.5,155.60000610351562,18.811649322509766,1.2903082370758057,1.4926421642303467,0.7293184995651245,0.5899890661239624,0.7073637247085571,23.486061096191406
156.8000030517578,156.10000610351562,148.39999389648438,167.89999389648438,178.1999969482422,27.799999237060547,133.1999969482422,54.099998474121094,155.5,71.5999984741211,111.69999694824219,159.60000610351562,120.69999694824219,58.29999923706055,142.10000610351562,19.636592864990234,1.2867650985717773,1.4933010339736938,0.7371225953102112,0.6096321940422058,0.7264788746833801,22.79770851135254
157.1999969482422,156.8000030517578,146.39999389648438,167.6999969482422,170.8000030517578,40.5,130.8000030517578,55.5,157.0,65.5999984741211,116.0999984741211,167.60000610351562,115.5999984741211,63.5,143.60000610351562,19.842723846435547,1.2823115587234497,1.508619785308838,0.718786895275116,0.5929983258247375,0.7312406301498413,23.424776077270508
156.10000610351562,156.8000030517578,147.0,168.3000030517578,170.1999969482422,41.0,129.1999969482422,58.599998474121094,156.6999969482422,67.80000305175781,114.0,166.39999389648438,113.4000015258789,65.9000015258789,142.3000030517578,18.734516143798828,1.2781058549880981,1.5052597522735596,0.6899591684341431,0.5691827535629272,0.7133404612541199,23.823575973510742
156.60000610351562,157.0,146.8000030517578,168.10000610351562,170.0,45.5,128.6999969482422,57.79999923706055,160.39999389648438,64.69999694824219,117.0,167.6999969482422,111.0,68.69999694824219,147.60000610351562,19.110721588134766,1.2791093587875366,1.5258857011795044,0.6966932415962219,0.5681808590888977,0.7162508368492126,24.286935806274414
157.10000610351562,155.8000030517578,148.0,170.3000030517578,169.89999389648438,50.599998474121094,124.0999984741211,65.0999984741211,152.6999969482422,68.4000015258789,114.80000305175781,159.8000030517578,107.19999694824219,70.69999694824219,133.89999389648438,18.119646072387695,1.2802444696426392,1.5129189491271973,0.6894642114639282,0.5530872941017151,0.7211339473724365,23.70440673828125
158.10000610351562,158.0,145.3000030517578,171.1999969482422,168.60000610351562,52.0,123.69999694824219,65.69999694824219,147.3000030517578,71.0999984741211,111.0,155.0,105.5,73.69999694824219,127.0999984741211,18.197790145874023,1.2930091619491577,1.5099613666534424,0.6751241087913513,0.5621575713157654,0.7266525030136108,21.98613166809082
158.10000610351562,157.1999969482422,149.3000030517578,170.60000610351562,164.3000030517578,57.29999923706055,121.5999984741211,68.5,147.89999389648438,70.19999694824219,113.0,152.89999389648438,105.0,76.5999984741211,121.4000015258789,18.68246841430664,1.2930240631103516,1.5075418949127197,0.6901440024375916,0.5582592487335205,0.7326815128326416,23.510133743286133
157.3000030517578,155.8000030517578,148.89999389648438,171.10000610351562,165.39999389648438,62.70000076293945,121.5,68.80000305175781,151.0,68.9000015258789,115.4000015258789,155.5,100.5999984741211,81.0,128.6999969482422,18.881376266479492,1.2814565896987915,1.506410002708435,0.6896550059318542,0.5436556935310364,0.7207565307617188,22.094120025634766
157.5,155.8000030517578,148.5,171.3000030517578,169.39999389648438,61.29999923706055,120.0999984741211,69.9000015258789,148.39999389648438,70.19999694824219,114.30000305175781,154.6999969482422,104.69999694824219,76.69999694824219,125.4000015258789,18.180145263671875,1.2796108722686768,1.5077452659606934,0.6770462393760681,0.5464293956756592,0.7291676998138428,23.68837547302246
156.5,157.1999969482422,149.5,172.6999969482422,161.0,72.0999984741211,122.5999984741211,68.0,151.60000610351562,72.30000305175781,110.9000015258789,154.5,103.5999984741211,78.0,123.80000305175781,17.99747657775879,1.2792963981628418,1.4918137788772583,0.6922456622123718,0.5371664762496948,0.7216328382492065,22.852025985717773
156.6999969482422,158.5,149.8000030517578,172.6999969482422,164.1999969482422,67.0,124.0999984741211,67.5,151.0,70.19999694824219,113.5999984741211,154.60000610351562,100.19999694824219,80.0,121.80000305175781,16.85640525817871,1.280826210975647,1.482145071029663,0.7023299336433411,0.5349845290184021,0.7136189341545105,21.8897647857666
156.6999969482422,157.10000610351562,148.0,170.89999389648438,160.5,76.0,122.80000305175781,69.5999984741211,152.39999389648438,72.5,112.5999984741211,154.39999389648438,106.5,78.0,126.0999984741211,19.17977523803711,1.271689772605896,1.501534104347229,0.6923089623451233,0.5386269092559814,0.738625705242157,24.478374481201172
156.6999969482422,157.8000030517578,146.8000030517578,171.0,159.89999389648438,68.4000015258789,122.9000015258789,67.5,152.10000610351562,71.0999984741211,112.19999694824219,157.10000610351562,102.5999984741211,79.69999694824219,123.4000015258789,18.813920974731445,1.2744280099868774,1.489035725593567,0.6919037103652954,0.5320919752120972,0.7212612628936768,22.821693420410156
156.1999969482422,156.6999969482422,148.89999389648438,170.5,161.8000030517578,66.30000305175781,123.0,67.0,152.5,73.5999984741211,110.30000305175781,158.60000610351562,104.5999984741211,77.0999984741211,130.10000610351562,18.81601905822754,1.2710322141647339,1.4870604276657104,0.6732542514801025,0.5252532362937927,0.7050468325614929,23.25113296508789
157.10000610351562,155.60000610351562,144.39999389648438,170.89999389648438,163.0,66.9000015258789,120.30000305175781,69.0999984741211,152.6999969482422,72.19999694824219,111.0999984741211,160.8000030517578,105.5,77.0,132.3000030517578,19.564424514770508,1.2701624631881714,1.500889539718628,0.6551406979560852,0.5371199250221252,0.7291844487190247,23.316606521606445
156.8000030517578,157.10000610351562,144.89999389648438,171.1999969482422,158.5,67.0999984741211,116.69999694824219,72.30000305175781,151.0,71.0999984741211,111.19999694824219,160.3000030517578,105.4000015258789,76.5999984741211,132.8000030517578,19.11315155029297,1.267842411994934,1.4781019687652588,0.6459851861000061,0.5439653396606445,0.735293984413147,23.974475860595703
157.0,156.6999969482422,143.89999389648438,169.39999389648438,152.8000030517578,68.69999694824219,116.0,73.0,147.39999389648438,66.4000015258789,115.5999984741211,160.89999389648438,100.69999694824219,82.4000015258789,126.9000015258789,20.845474243164062,1.2718473672866821,1.4783591032028198,0.6534355878829956,0.5543114542961121,0.7295944690704346,22.719812393188477
157.3000030517578,156.3000030517578,143.3000030517578,169.6999969482422,155.89999389648438,63.900001525878906,116.0999984741211,72.80000305175781,149.39999389648438,66.5,115.5999984741211,161.89999389648438,100.5999984741211,81.9000015258789,129.0,20.59176254272461,1.2653571367263794,1.4625191688537598,0.6533487439155579,0.5532482266426086,0.7278087735176086,22.10101890563965
157.60000610351562,156.10000610351562,143.39999389648438,169.39999389648438,159.3000030517578,64.80000305175781,118.80000305175781,69.9000015258789,153.0,69.5999984741211,112.80000305175781,162.0,104.0,80.19999694824219,130.0,21.12932586669922,1.2648323774337769,1.482689380645752,0.6483351588249207,0.5450378656387329,0.7241247892379761,22.361421585083008
158.10000610351562,155.3000030517578,144.10000610351562,170.3000030517578,156.5,70.69999694824219,116.5999984741211,72.0999984741211,150.0,69.4000015258789,114.0999984741211,159.5,104.19999694824219,79.5,131.60000610351562,20.716503143310547,1.2659924030303955,1.480215311050415,0.6565687656402588,0.5512582659721375,0.7348374724388123,23.877307891845703
159.10000610351562,156.10000610351562,142.89999389648438,170.60000610351562,161.8000030517578,63.5,113.80000305175781,74.30000305175781,144.5,64.4000015258789,117.19999694824219,156.6999969482422,102.19999694824219,79.0999984741211,125.4000015258789,20.445192337036133,1.278700828552246,1.4933030605316162,0.6575873494148254,0.5635582804679871,0.7446305751800537,24.567546844482422
158.39999389648438,156.3000030517578,143.39999389648438,171.10000610351562,160.1999969482422,69.30000305175781,115.30000305175781,72.69999694824219,146.60000610351562,69.80000305175781,111.69999694824219,157.0,104.0,77.80000305175781,124.0999984741211,20.542686462402344,1.2696399688720703,1.489798903465271,0.6467523574829102,0.5469922423362732,0.7200044393539429,23.607206344604492
158.89999389648438,157.1999969482422,142.8000030517578,169.89999389648438,163.1999969482422,60.79999923706055,115.19999694824219,72.4000015258789,148.5,67.0999984741211,115.0999984741211,157.8000030517578,103.19999694824219,78.0,125.5999984741211,20.176965713500977,1.263692855834961,1.4932785034179688,0.6515929698944092,0.5538239479064941,0.7188472151756287,23.80716896057129
155.89999389648438,159.1999969482422,145.39999389648438,167.10000610351562,166.89999389648438,42.900001525878906,130.60000610351562,55.70000076293945,157.0,69.19999694824219,113.0999984741211,167.3000030517578,120.30000305175781,58.400001525878906,151.39999389648438,19.65609359741211,1.2817652225494385,1.5023527145385742,0.6671590209007263,0.5596669316291809,0.7065055966377258,24.874065399169922
154.6999969482422,159.39999389648438,146.39999389648438,165.5,173.8000030517578,29.700000762939453,142.39999389648438,45.0,165.5,74.0,108.9000015258789,176.60000610351562,131.3000030517578,48.5,161.1999969482422,19.83974266052246,1.2898497581481934,1.4912854433059692,0.6876497864723206,0.5546941161155701,0.6806297898292542,24.337148666381836
155.6999969482422,158.60000610351562,146.6999969482422,162.0,171.89999389648438,14.899999618530273,152.10000610351562,35.900001525878906,160.60000610351562,73.9000015258789,106.5,176.1999969482422,133.5,43.5,163.0,23.372501373291016,1.2973065376281738,1.4999504089355469,0.7002642750740051,0.5682827234268188,0.6703030467033386,22.973562240600586
154.89999389648438,155.6999969482422,148.0,159.60000610351562,177.10000610351562,5.900000095367432,165.60000610351562,19.200000762939453,176.10000610351562,110.9000015258789,70.0999984741211,175.60000610351562,147.3000030517578,31.200000762939453,172.3000030517578,25.651317596435547,1.2907519340515137,1.5038038492202759,0.6717687249183655,0.5381351113319397,0.6373745203018188,21.423479080200195
152.6999969482422,155.39999389648438,151.39999389648438,159.0,177.1999969482422,16.5,176.10000610351562,7.699999809265137,177.10000610351562,152.0,27.899999618530273,172.5,155.3000030517578,21.799999237060547,174.6999969482422,23.25847053527832,1.3006367683410645,1.4589965343475342,0.6517633199691772,0.5050293803215027,0.6287278532981873,21.543243408203125
152.39999389648438,155.3000030517578,158.3000030517578,158.10000610351562,176.60000610351562,44.20000076293945,179.10000610351562,1.5,174.3000030517578,177.39999389648438,1.7000000476837158,170.39999389648438,157.60000610351562,16.899999618530273,179.0,23.77093505859375,1.2862544059753418,1.3836740255355835,0.6360109448432922,0.49694761633872986,0.5855515599250793,20.95403289794922
152.0,156.1999969482422,162.10000610351562,158.3000030517578,179.10000610351562,104.5999984741211,177.8000030517578,4.0,180.0,179.39999389648438,3.0,179.39999389648438,153.3000030517578,20.700000762939453,176.8000030517578,22.325382232666016,1.2539526224136353,1.3826724290847778,0.6634525656700134,0.5254943370819092,0.6130039095878601,22.30453109741211
153.0,154.8000030517578,163.89999389648438,160.6999969482422,178.8000030517578,139.6999969482422,176.1999969482422,4.900000095367432,178.1999969482422,172.0,12.300000190734863,175.10000610351562,147.3000030517578,26.700000762939453,174.5,23.567859649658203,1.233677864074707,1.337636947631836,0.6644309163093567,0.5232502818107605,0.6006196737289429,17.39032554626465
150.89999389648438,155.5,164.10000610351562,159.0,179.5,158.89999389648438,178.8000030517578,1.5,177.39999389648438,174.1999969482422,7.800000190734863,178.3000030517578,148.39999389648438,26.200000762939453,175.39999389648438,25.631319046020508,1.2330553531646729,1.3158894777297974,0.6562334299087524,0.5225625038146973,0.5975716710090637,15.996973991394043
152.0,155.60000610351562,162.6999969482422,160.8000030517578,175.10000610351562,141.3000030517578,178.5,3.0999999046325684,177.8000030517578,179.5,5.699999809265137,176.60000610351562,153.89999389648438,21.100000381469727,176.0,21.486892700195312,1.231951355934143,1.3540520668029785,0.6774675846099854,0.535423755645752,0.60401850938797,17.351320266723633
151.8000030517578,156.6999969482422,161.5,158.89999389648438,178.8000030517578,169.60000610351562,177.1999969482422,2.700000047683716,177.6999969482422,175.5,9.0,176.0,151.8000030517578,26.5,171.60000610351562,25.05145263671875,1.2330131530761719,1.3593672513961792,0.6819289922714233,0.5443632006645203,0.6072994470596313,14.489212036132812
151.8000030517578,156.3000030517578,163.1999969482422,158.8000030517578,174.0,153.1999969482422,177.39999389648438,3.299999952316284,175.0,169.8000030517578,3.5,177.5,159.60000610351562,17.0,179.39999389648438,22.28469467163086,1.2331385612487793,1.4007951021194458,0.69598388671875,0.5508676767349243,0.6115768551826477,16.784299850463867
151.60000610351562,157.0,163.39999389648438,159.6999969482422,170.3000030517578,151.3000030517578,174.10000610351562,8.300000190734863,172.39999389648438,165.1999969482422,10.5,178.60000610351562,159.0,15.300000190734863,177.0,21.40802574157715,1.2428812980651855,1.3851045370101929,0.6900977492332458,0.541003406047821,0.6013690829277039,15.641530990600586
151.39999389648438,158.60000610351562,163.10000610351562,160.6999969482422,164.60000610351562,142.5,169.1999969482422,12.399999618530273,171.10000610351562,159.89999389648438,16.200000762939453,175.39999389648438,163.89999389648438,11.699999809265137,175.60000610351562,19.44099235534668,1.2651913166046143,1.4243677854537964,0.684872031211853,0.539432942867279,0.5995163321495056,16.438554763793945
150.5,156.0,164.0,160.10000610351562,161.8000030517578,154.5,163.10000610351562,19.799999237060547,166.3000030517578,154.89999389648438,23.399999618530273,172.5,166.89999389648438,6.099999904632568,172.8000030517578,19.848691940307617,1.2455109357833862,1.4105405807495117,0.6778185367584229,0.5314913392066956,0.6062246561050415,15.063163757324219
147.89999389648438,159.0,163.5,160.3000030517578,158.8000030517578,150.0,161.6999969482422,23.299999237060547,161.3000030517578,155.3000030517578,25.200000762939453,171.1999969482422,169.89999389648438,3.299999952316284,176.8000030517578,16.993539810180664,1.2601301670074463,1.4273157119750977,0.6755737066268921,0.5361254811286926,0.6314684152603149,16.461875915527344
148.10000610351562,158.0,166.3000030517578,160.1999969482422,158.1999969482422,151.89999389648438,157.8000030517578,28.200000762939453,157.5,149.8000030517578,31.399999618530273,168.1999969482422,170.10000610351562,2.299999952316284,174.0,16.63865089416504,1.2701495885849,1.4071871042251587,0.6748864054679871,0.5313481092453003,0.6192032694816589,14.402119636535645
148.60000610351562,159.3000030517578,164.1999969482422,160.1999969482422,157.8000030517578,142.89999389648438,158.3000030517578,28.0,158.10000610351562,147.0,34.900001525878906,165.0,173.10000610351562,2.5999999046325684,173.39999389648438,16.55967140197754,1.2818447351455688,1.4380698204040527,0.6873642802238464,0.5495497584342957,0.6158319711685181,16.139558792114258
150.3000030517578,158.8000030517578,162.6999969482422,158.8000030517578,160.6999969482422,145.0,161.3000030517578,24.100000381469727,161.10000610351562,151.10000610351562,29.600000381469727,166.60000610351562,172.39999389648438,0.10000000149011612,173.39999389648438,19.029855728149414,1.297468662261963,1.4479902982711792,0.6949098110198975,0.5533948540687561,0.6041519641876221,15.60428524017334
150.89999389648438,157.39999389648438,160.8000030517578,158.60000610351562,162.1999969482422,142.8000030517578,162.0,22.700000762939453,160.3000030517578,152.10000610351562,29.299999237060547,166.39999389648438,173.3000030517578,0.10000000149011612,173.0,20.870351791381836,1.2812070846557617,1.4480434656143188,0.6884536147117615,0.5410745739936829,0.5944697260856628,14.614697456359863
150.1999969482422,156.60000610351562,164.5,158.60000610351562,168.3000030517578,129.8000030517578,164.5,17.100000381469727,159.5,145.10000610351562,32.0,168.0,173.8000030517578,1.399999976158142,172.60000610351562,20.420419692993164,1.2979077100753784,1.477999210357666,0.6844670176506042,0.5196239948272705,0.5965310335159302,16.60515785217285
150.39999389648438,155.89999389648438,160.3000030517578,157.8000030517578,171.8000030517578,148.5,172.0,8.199999809265137,166.0,160.0,16.799999237060547,172.10000610351562,165.89999389648438,12.300000190734863,179.10000610351562,22.982818603515625,1.2879254817962646,1.464310646057129,0.6839537024497986,0.5240818858146667,0.6102625727653503,19.59562110900879
152.6999969482422,154.39999389648438,159.6999969482422,161.60000610351562,168.5,87.4000015258789,178.6999969482422,1.399999976158142,174.3000030517578,96.80000305175781,81.5999984741211,167.10000610351562,163.60000610351562,7.300000190734863,168.89999389648438,20.556907653808594,1.3469027280807495,1.5738918781280518,0.7172901630401611,0.5385218262672424,0.6693164110183716,18.378997802734375
154.0,155.10000610351562,158.5,164.60000610351562,170.5,71.19999694824219,174.1999969482422,10.399999618530273,173.8000030517578,29.200000762939453,149.39999389648438,159.8000030517578,157.39999389648438,13.199999809265137,169.89999389648438,18.77646827697754,1.3536920547485352,1.56014883518219,0.7240462303161621,0.5534709692001343,0.6654580235481262,17.257347106933594
155.3000030517578,155.1999969482422,156.89999389648438,162.39999389648438,174.6999969482422,16.600000381469727,159.6999969482422,27.5,179.1999969482422,9.899999618530273,164.6999969482422,162.60000610351562,145.39999389648438,27.899999618530273,172.60000610351562,21.596397399902344,1.3515647649765015,1.5521082878112793,0.7547956705093384,0.5782603025436401,0.7110117673873901,20.298017501831055
153.6999969482422,153.89999389648438,154.60000610351562,160.6999969482422,174.10000610351562,39.79999923706055,148.6999969482422,36.599998474121094,179.8000030517578,4.099999904632568,177.60000610351562,156.6999969482422,133.0,44.20000076293945,175.10000610351562,23.017332077026367,1.3469722270965576,1.5822051763534546,0.7529543042182922,0.5833225250244141,0.707329511642456,19.944122314453125
152.1999969482422,155.5,155.60000610351562,158.89999389648438,174.39999389648438,23.899999618530273,161.5,23.5,175.10000610351562,2.4000000953674316,177.0,156.6999969482422,153.0,23.100000381469727,175.6999969482422,24.879039764404297,1.3572688102722168,1.6201918125152588,0.7454195022583008,0.584322452545166,0.7024170160293579,20.588150024414062
153.5,155.39999389648438,154.5,159.89999389648438,177.5,9.300000190734863,153.5,32.29999923706055,177.5,8.100000381469727,172.8000030517578,160.5,147.10000610351562,29.100000381469727,177.39999389648438,24.59807777404785,1.3579400777816772,1.6088974475860596,0.7331057786941528,0.5902665257453918,0.7066036462783813,19.557762145996094
152.1999969482422,157.10000610351562,156.3000030517578,164.0,176.3000030517578,0.8999999761581421,127.0999984741211,60.400001525878906,179.5,25.100000381469727,157.10000610351562,167.5,107.19999694824219,71.69999694824219,176.1999969482422,19.734994888305664,1.3298145532608032,1.5816729068756104,0.7221581935882568,0.6022422313690186,0.7175070643424988,19.522342681884766
157.10000610351562,154.1999969482422,149.3000030517578,163.0,177.39999389648438,2.0999999046325684,113.0999984741211,74.30000305175781,177.39999389648438,20.299999237060547,161.60000610351562,162.10000610351562,78.5,99.9000015258789,174.89999389648438,23.982650756835938,1.3222917318344116,1.5712640285491943,0.7194265127182007,0.6065338850021362,0.717545747756958,18.23884391784668
156.5,153.1999969482422,146.60000610351562,162.60000610351562,174.8000030517578,0.4000000059604645,115.0,71.5,178.5,18.299999237060547,163.0,159.0,75.9000015258789,102.80000305175781,179.39999389648438,23.60481834411621,1.304555892944336,1.5663141012191772,0.7123763561248779,0.5880416035652161,0.706643283367157,19.39617919921875
158.3000030517578,151.60000610351562,144.8000030517578,163.6999969482422,176.89999389648438,11.699999809265137,112.19999694824219,75.80000305175781,173.5,25.600000381469727,157.10000610351562,166.89999389648438,77.5,102.19999694824219,170.89999389648438,24.469783782958984,1.2923213243484497,1.5579254627227783,0.719003438949585,0.5933825969696045,0.7217629551887512,19.245452880859375
157.89999389648438,154.1999969482422,144.39999389648438,166.0,179.3000030517578,21.799999237060547,104.4000015258789,85.0,167.3000030517578,31.5,150.0,165.8000030517578,82.0,97.4000015258789,166.1999969482422,22.04564094543457,1.2838177680969238,1.559004545211792,0.7120223641395569,0.5962589979171753,0.7231889963150024,21.69976234436035
156.89999389648438,152.89999389648438,146.10000610351562,166.89999389648438,178.1999969482422,21.700000762939453,115.9000015258789,72.9000015258789,171.39999389648438,36.79999923706055,144.1999969482422,166.8000030517578,90.30000305175781,89.19999694824219,167.6999969482422,20.995485305786133,1.29102623462677,1.5456074476242065,0.7054676413536072,0.5876074433326721,0.7236257791519165,21.072288513183594
158.3000030517578,156.5,142.89999389648438,168.5,173.5,34.099998474121094,115.4000015258789,74.30000305175781,166.8000030517578,37.900001525878906,145.0,173.60000610351562,85.4000015258789,96.5,166.1999969482422,20.549591064453125,1.2916470766067505,1.541372537612915,0.7107775211334229,0.5916630029678345,0.7215045094490051,20.596782684326172
157.89999389648438,155.0,144.39999389648438,167.3000030517578,177.8000030517578,26.799999237060547,116.19999694824219,73.4000015258789,171.39999389648438,34.099998474121094,150.39999389648438,170.1999969482422,88.9000015258789,93.19999694824219,165.0,21.458005905151367,1.2922621965408325,1.546203374862671,0.7282657027244568,0.5884245038032532,0.7205303907394409,21.53407859802246
157.60000610351562,153.6999969482422,144.5,163.60000610351562,176.1999969482422,27.799999237060547,115.0,74.9000015258789,169.89999389648438,32.599998474121094,149.1999969482422,165.6999969482422,84.0999984741211,95.0999984741211,172.5,24.523277282714844,1.291727066040039,1.5680383443832397,0.7207484245300293,0.5920594930648804,0.7096109986305237,19.137922286987305
157.60000610351562,155.60000610351562,144.6999969482422,164.0,174.3000030517578,30.799999237060547,112.9000015258789,77.30000305175781,168.1999969482422,35.79999923706055,147.1999969482422,171.0,80.4000015258789,101.19999694824219,163.39999389648438,23.947097778320312,1.2952818870544434,1.5574918985366821,0.7164828181266785,0.5886825323104858,0.7050542235374451,19.167158126831055
159.0,156.3000030517578,142.8000030517578,166.6999969482422,170.6999969482422,45.70000076293945,109.69999694824219,80.5,161.6999969482422,44.29999923706055,139.39999389648438,179.8000030517578,89.0999984741211,92.80000305175781,158.39999389648438,22.696556091308594,1.2836287021636963,1.5390264987945557,0.6962729692459106,0.5888395309448242,0.7172304391860962,20.769376754760742
157.39999389648438,156.5,148.39999389648438,168.1999969482422,171.60000610351562,40.400001525878906,127.19999694824219,61.79999923706055,162.10000610351562,56.400001525878906,127.80000305175781,172.39999389648438,109.69999694824219,71.0999984741211,154.8000030517578,19.901901245117188,1.2819535732269287,1.5139727592468262,0.7221912145614624,0.588925838470459,0.7194638848304749,22.969396591186523
156.89999389648438,158.10000610351562,147.89999389648438,169.10000610351562,173.3000030517578,40.70000076293945,122.69999694824219,65.5999984741211,157.10000610351562,57.20000076293945,125.69999694824219,168.39999389648438,101.80000305175781,75.5999984741211,147.39999389648438,17.91195297241211,1.2902345657348633,1.525651454925537,0.697457492351532,0.5773279070854187,0.7093412280082703,22.030048370361328
156.39999389648438,156.89999389648438,149.5,166.1999969482422,169.39999389648438,42.29999923706055,124.19999694824219,63.599998474121094,162.39999389648438,49.099998474121094,133.1999969482422,179.3000030517578,98.0,80.0,162.8000030517578,20.46988296508789,1.2902534008026123,1.5314180850982666,0.6912280321121216,0.5741516947746277,0.7003892660140991,20.93477439880371
156.5,156.60000610351562,151.39999389648438,167.6999969482422,172.39999389648438,43.70000076293945,123.0999984741211,65.0,162.3000030517578,48.70000076293945,136.3000030517578,174.39999389648438,99.80000305175781,78.30000305175781,160.1999969482422,18.82859230041504,1.2904529571533203,1.5222070217132568,0.698110044002533,0.5836533308029175,0.7021164894104004,20.963584899902344
157.60000610351562,156.3000030517578,150.10000610351562,167.10000610351562,169.1999969482422,43.79999923706055,122.9000015258789,65.0,163.39999389648438,49.70000076293945,133.0,178.3000030517578,96.69999694824219,81.30000305175781,157.5,20.425830841064453,1.2923719882965088,1.526942491531372,0.6983023285865784,0.5758863687515259,0.7078623175621033,21.64443588256836
156.5,156.39999389648438,150.0,166.60000610351562,173.60000610351562,37.400001525878906,124.0999984741211,63.79999923706055,166.1999969482422,41.79999923706055,140.8000030517578,176.6999969482422,86.9000015258789,90.69999694824219,164.0,20.401355743408203,1.2965697050094604,1.5383130311965942,0.7044737339019775,0.578501284122467,0.6982799768447876,19.188522338867188
157.10000610351562,157.1999969482422,147.5,166.89999389648438,169.6999969482422,41.70000076293945,127.0999984741211,62.400001525878906,162.6999969482422,48.900001525878906,134.0,178.5,94.0,85.19999694824219,157.6999969482422,20.61823844909668,1.295790433883667,1.5485632419586182,0.7078840136528015,0.578382670879364,0.7051007151603699,20.1541690826416
156.89999389648438,159.3000030517578,149.60000610351562,169.6999969482422,171.10000610351562,43.599998474121094,124.30000305175781,63.70000076293945,158.5,53.79999923706055,129.0,168.0,102.5,76.19999694824219,150.89999389648438,17.679014205932617,1.2887190580368042,1.5047500133514404,0.7001457214355469,0.5795316696166992,0.7154669761657715,21.545351028442383
154.0,158.5,153.6999969482422,166.6999969482422,176.5,24.399999618530273,142.3000030517578,45.599998474121094,167.60000610351562,52.099998474121094,131.3000030517578,178.39999389648438,116.0999984741211,59.70000076293945,168.10000610351562,18.197473526000977,1.3080509901046753,1.5315637588500977,0.7153136730194092,0.5735668540000916,0.711828351020813,21.71120262145996
154.1999969482422,158.39999389648438,154.0,166.10000610351562,178.8000030517578,15.5,148.5,39.20000076293945,172.39999389648438,55.400001525878906,129.1999969482422,176.89999389648438,127.69999694824219,48.70000076293945,172.8000030517578,18.830759048461914,1.309091567993164,1.539238452911377,0.7388861179351807,0.5850492715835571,0.706035315990448,22.66352081298828
152.89999389648438,157.89999389648438,157.0,165.6999969482422,174.60000610351562,9.0,159.60000610351562,28.399999618530273,172.39999389648438,52.79999923706055,130.5,179.0,130.39999389648438,42.70000076293945,177.1999969482422,17.960472106933594,1.3152271509170532,1.5455634593963623,0.7297729849815369,0.5754095911979675,0.6772314310073853,20.285137176513672
152.5,157.89999389648438,161.60000610351562,164.8000030517578,177.89999389648438,10.199999809265137,155.1999969482422,30.700000762939453,168.89999389648438,50.70000076293945,131.8000030517578,178.6999969482422,123.0999984741211,49.599998474121094,176.6999969482422,17.71342658996582,1.3444228172302246,1.5334570407867432,0.702714741230011,0.5635726451873779,0.6882121562957764,20.192832946777344
152.0,158.1999969482422,158.1999969482422,163.89999389648438,177.5,5.900000095367432,158.5,26.899999618530273,177.1999969482422,58.400001525878906,122.5,178.10000610351562,133.3000030517578,41.099998474121094,175.1999969482422,18.87147331237793,1.3222862482070923,1.5417956113815308,0.7207890748977661,0.5631792545318604,0.698091983795166,19.864892959594727
152.0,158.5,160.8000030517578,163.0,176.89999389648438,23.299999237060547,167.10000610351562,18.0,177.1999969482422,39.79999923706055,142.39999389648438,171.89999389648438,134.5,38.099998474121094,178.89999389648438,18.907894134521484,1.3426660299301147,1.517447829246521,0.7304849028587341,0.5673293471336365,0.6612566113471985,18.246849060058594
151.5,156.10000610351562,160.1999969482422,164.60000610351562,170.6999969482422,88.9000015258789,167.89999389648438,16.799999237060547,178.8000030517578,77.4000015258789,104.19999694824219,171.6999969482422,139.6999969482422,34.099998474121094,178.1999969482422,17.44853973388672,1.3368110656738281,1.5618733167648315,0.7273361086845398,0.5695609450340271,0.6777491569519043,17.891801834106445
151.89999389648438,157.10000610351562,160.39999389648438,165.89999389648438,173.5,97.5,168.1999969482422,16.399999618530273,177.39999389648438,78.4000015258789,104.5,172.3000030517578,136.3000030517578,37.79999923706055,178.3000030517578,17.378036499023438,1.3555995225906372,1.5663450956344604,0.72941654920578,0.5582927465438843,0.6683104038238525,17.37159538269043
151.89999389648438,156.60000610351562,158.3000030517578,165.10000610351562,171.5,38.70000076293945,166.10000610351562,19.200000762939453,177.5,27.799999237060547,156.0,170.8000030517578,130.5,42.70000076293945,179.5,17.215791702270508,1.3421825170516968,1.5480552911758423,0.7363114953041077,0.5759798288345337,0.6847981810569763,18.83464241027832
151.39999389648438,156.60000610351562,155.39999389648438,165.39999389648438,172.60000610351562,86.69999694824219,168.89999389648438,14.899999618530273,179.60000610351562,97.4000015258789,84.5,169.60000610351562,139.3000030517578,35.20000076293945,176.0,17.19322967529297,1.3381236791610718,1.5774898529052734,0.7314944267272949,0.5740405321121216,0.6674245595932007,16.648345947265625
152.0,154.89999389648438,154.6999969482422,163.3000030517578,170.10000610351562,91.5,175.10000610351562,9.399999618530273,178.5,38.900001525878906,139.0,166.0,153.10000610351562,20.0,179.60000610351562,19.209623336791992,1.3451573848724365,1.5921709537506104,0.7292491793632507,0.5704639554023743,0.6767933368682861,18.615558624267578
151.39999389648438,157.0,155.1999969482422,159.8000030517578,166.60000610351562,64.9000015258789,171.3000030517578,6.599999904632568,166.5,86.0,92.0999984741211,160.89999389648438,166.60000610351562,7.900000095367432,171.3000030517578,22.214195251464844,1.3501473665237427,1.5791324377059937,0.7407527565956116,0.5653237104415894,0.6642972230911255,19.720483779907227
151.0,157.8000030517578,157.0,158.60000610351562,174.8000030517578,51.29999923706055,178.3000030517578,0.6000000238418579,168.0,124.80000305175781,51.70000076293945,167.10000610351562,161.3000030517578,14.5,176.89999389648438,23.27470588684082,1.3378552198410034,1.549330711364746,0.7287549376487732,0.5787348747253418,0.6518052220344543,19.149925231933594
150.6999969482422,157.39999389648438,151.39999389648438,157.10000610351562,170.10000610351562,85.69999694824219,168.1999969482422,9.199999809265137,160.39999389648438,94.5,82.4000015258789,157.89999389648438,178.1999969482422,2.799999952316284,171.60000610351562,23.667428970336914,1.3267062902450562,1.5568699836730957,0.7421166300773621,0.5677703619003296,0.6467555165290833,17.691816329956055
150.6999969482422,156.10000610351562,158.89999389648438,158.10000610351562,168.3000030517578,84.5,162.8000030517578,15.699999809265137,157.39999389648438,109.0999984741211,68.0999984741211,158.8000030517578,177.3000030517578,4.300000190734863,168.3000030517578,22.038963317871094,1.3280181884765625,1.5071885585784912,0.7281884551048279,0.5436503887176514,0.6335951089859009,19.07302474975586
151.0,154.60000610351562,161.1999969482422,157.5,161.8000030517578,99.5,161.6999969482422,22.299999237060547,156.0,116.9000015258789,65.19999694824219,156.0,179.0,8.199999809265137,169.89999389648438,22.901277542114258,1.2965192794799805,1.4760050773620605,0.7002619504928589,0.526886522769928,0.632414698600769,21.285892486572266
150.8000030517578,155.89999389648438,161.8000030517578,157.8000030517578,154.39999389648438,109.5999984741211,155.5,26.399999618530273,160.10000610351562,108.0,72.5,157.39999389648438,179.3000030517578,5.699999809265137,172.60000610351562,21.01540756225586,1.3140742778778076,1.5401703119277954,0.732763409614563,0.5578803420066833,0.6735017895698547,23.941564559936523
150.89999389648438,155.1999969482422,162.8000030517578,158.60000610351562,155.60000610351562,116.30000305175781,158.0,22.899999618530273,159.3000030517578,112.0999984741211,67.0,159.6999969482422,175.39999389648438,0.6000000238418579,174.1999969482422,20.437274932861328,1.3017151355743408,1.514488697052002,0.7299182415008545,0.5451704263687134,0.6578409671783447,23.554275512695312
151.6999969482422,156.0,160.0,157.89999389648438,158.5,103.4000015258789,157.8000030517578,21.299999237060547,162.60000610351562,110.9000015258789,66.80000305175781,158.89999389648438,178.6999969482422,3.200000047683716,173.39999389648438,21.805194854736328,1.316369891166687,1.5266369581222534,0.7393620014190674,0.5504933595657349,0.6477043032646179,22.53617286682129
152.1999969482422,155.89999389648438,160.8000030517578,158.60000610351562,157.1999969482422,105.0999984741211,155.89999389648438,24.700000762939453,160.0,102.80000305175781,75.5999984741211,158.1999969482422,179.60000610351562,5.599999904632568,172.3000030517578,21.8065128326416,1.3150887489318848,1.527508020401001,0.7391605377197266,0.5500916838645935,0.6662596464157104,24.82294464111328
151.5,155.6999969482422,162.39999389648438,159.60000610351562,155.10000610351562,106.19999694824219,155.0,26.0,160.5,104.69999694824219,75.80000305175781,159.0,179.89999389648438,9.699999809265137,169.6999969482422,20.74774742126465,1.3129829168319702,1.5188161134719849,0.7279532551765442,0.5400605201721191,0.6694298982620239,23.346181869506836
151.10000610351562,153.8000030517578,154.89999389648438,158.8000030517578,159.89999389648438,112.9000015258789,159.0,23.200000762939453,158.0,115.0,65.19999694824219,156.10000610351562,177.1999969482422,6.5,173.89999389648438,21.03578758239746,1.311768651008606,1.5251383781433105,0.7197282314300537,0.5430718660354614,0.6485962271690369,21.349950790405273
152.10000610351562,155.6999969482422,160.5,160.1999969482422,169.39999389648438,83.5999984741211,161.5,17.5,153.89999389648438,114.9000015258789,64.30000305175781,155.89999389648438,175.10000610351562,4.199999809265137,165.89999389648438,21.200002670288086,1.3276132345199585,1.492508888244629,0.7282677292823792,0.5521447658538818,0.6494094729423523,20.58211326599121
151.5,157.1999969482422,157.60000610351562,161.60000610351562,163.10000610351562,102.80000305175781,158.60000610351562,19.200000762939453,160.10000610351562,112.69999694824219,65.9000015258789,157.5,179.60000610351562,7.800000190734863,165.1999969482422,19.036298751831055,1.3504600524902344,1.5699142217636108,0.7381662130355835,0.5566064119338989,0.6602951288223267,20.961708068847656
152.1999969482422,156.3000030517578,159.5,159.5,170.8000030517578,57.5,171.89999389648438,5.0,161.89999389648438,104.19999694824219,71.0999984741211,161.1999969482422,167.6999969482422,6.300000190734863,170.8000030517578,22.58814811706543,1.338563323020935,1.5387654304504395,0.744387686252594,0.5627143383026123,0.6595005989074707,21.300804138183594
153.1999969482422,154.89999389648438,157.6999969482422,159.60000610351562,167.39999389648438,62.0,172.0,6.900000095367432,166.1999969482422,109.0999984741211,68.9000015258789,162.5,169.89999389648438,3.700000047683716,168.1999969482422,23.664018630981445,1.333332896232605,1.5587831735610962,0.7328774333000183,0.5540795922279358,0.6574515700340271,20.15340232849121
152.0,157.0,154.8000030517578,159.10000610351562,171.1999969482422,48.599998474121094,178.3000030517578,0.4000000059604645,166.3000030517578,98.0999984741211,79.80000305175781,163.3000030517578,165.5,9.899999618530273,175.0,23.781452178955078,1.334911584854126,1.5681614875793457,0.7432902455329895,0.559721827507019,0.6957080364227295,23.37570571899414
152.60000610351562,154.60000610351562,155.6999969482422,159.8000030517578,168.60000610351562,44.099998474121094,178.8000030517578,2.0999999046325684,170.6999969482422,119.5999984741211,57.400001525878906,164.60000610351562,164.39999389648438,9.800000190734863,172.3000030517578,23.33909797668457,1.3302744626998901,1.5633169412612915,0.738037645816803,0.565688967704773,0.6738906502723694,20.11703872680664
154.0,155.1999969482422,154.5,160.10000610351562,165.8000030517578,52.400001525878906,178.8000030517578,2.5,167.89999389648438,95.5999984741211,81.30000305175781,164.60000610351562,162.1999969482422,13.5,172.5,24.786231994628906,1.3086320161819458,1.5659188032150269,0.7488598823547363,0.5786709785461426,0.6810793876647949,19.921688079833984
152.8000030517578,156.10000610351562,154.1999969482422,158.0,173.10000610351562,53.29999923706055,174.5,3.4000000953674316,165.8000030517578,121.30000305175781,56.099998474121094,163.10000610351562,166.60000610351562,8.899999618530273,173.60000610351562,25.124313354492188,1.3370070457458496,1.5581282377243042,0.733184814453125,0.5604206919670105,0.6604629158973694,20.560264587402344
153.0,154.60000610351562,156.10000610351562,159.3000030517578,165.89999389648438,53.29999923706055,175.60000610351562,2.200000047683716,168.89999389648438,127.0,48.599998474121094,166.1999969482422,166.8000030517578,8.300000190734863,172.8000030517578,24.968271255493164,1.3199386596679688,1.5650720596313477,0.7558227777481079,0.579273521900177,0.6789636611938477,21.332494735717773
152.1999969482422,154.89999389648438,154.5,157.89999389648438,165.8000030517578,70.19999694824219,173.5,6.300000190734863,165.89999389648438,127.5999984741211,49.400001525878906,164.8000030517578,165.1999969482422,9.600000381469727,172.1999969482422,24.368568420410156,1.3132200241088867,1.5387287139892578,0.7320712208747864,0.5560011267662048,0.6555624008178711,21.125057220458984
152.0,155.8000030517578,153.5,158.5,171.10000610351562,69.19999694824219,176.5,1.399999976158142,168.6999969482422,110.5999984741211,67.69999694824219,162.0,168.6999969482422,6.0,174.10000610351562,23.55486297607422,1.3296575546264648,1.5629465579986572,0.7287434339523315,0.5542299747467041,0.6699075102806091,21.03339195251465
152.0,156.10000610351562,155.60000610351562,157.3000030517578,173.6999969482422,57.400001525878906,176.10000610351562,1.7000000476837158,164.6999969482422,126.5,49.099998474121094,163.3000030517578,167.5,7.300000190734863,171.8000030517578,25.324735641479492,1.323609471321106,1.5460877418518066,0.7302834391593933,0.5576757192611694,0.6503924131393433,20.802139282226562
152.6999969482422,155.89999389648438,155.0,158.39999389648438,170.10000610351562,72.5999984741211,173.60000610351562,5.900000095367432,169.5,149.0,28.899999618530273,168.3000030517578,165.5,9.800000190734863,175.3000030517578,23.588401794433594,1.3070944547653198,1.487985610961914,0.6919996738433838,0.5288293957710266,0.6095594167709351,19.31977653503418
152.89999389648438,155.10000610351562,156.8000030517578,160.3000030517578,168.39999389648438,88.30000305175781,171.6999969482422,6.699999809265137,170.6999969482422,144.10000610351562,31.5,171.89999389648438,166.39999389648438,7.699999809265137,175.5,21.54071617126465,1.312566876411438,1.500172734260559,0.7013413310050964,0.5233010649681091,0.6232782602310181,19.368799209594727
151.60000610351562,156.6999969482422,160.5,160.0,172.89999389648438,105.0999984741211,175.5,1.899999976158142,173.10000610351562,162.6999969482422,12.600000381469727,172.5,162.8000030517578,12.699999809265137,179.89999389648438,20.694255828857422,1.3254797458648682,1.5073840618133545,0.7202690243721008,0.5470746755599976,0.6314569711685181,17.75922966003418
150.89999389648438,157.39999389648438,157.6999969482422,160.1999969482422,171.8000030517578,104.69999694824219,174.8000030517578,3.799999952316284,172.89999389648438,158.89999389648438,16.399999618530273,173.3000030517578,159.10000610351562,14.899999618530273,177.60000610351562,19.938451766967773,1.3105456829071045,1.490305781364441,0.7004181742668152,0.5365049839019775,0.6093774437904358,19.181278228759766
151.6999969482422,156.89999389648438,160.1999969482422,158.60000610351562,175.0,83.4000015258789,174.8000030517578,3.0999999046325684,172.39999389648438,151.6999969482422,24.0,173.0,161.8000030517578,11.899999618530273,177.0,21.816858291625977,1.3070886135101318,1.4811112880706787,0.7064586877822876,0.5413045883178711,0.6179831027984619,18.772911071777344
152.8000030517578,156.39999389648438,155.60000610351562,159.3000030517578,171.1999969482422,70.30000305175781,175.0,3.200000047683716,168.1999969482422,143.60000610351562,32.099998474121094,168.89999389648438,165.39999389648438,8.800000190734863,174.10000610351562,22.499479293823242,1.304504632949829,1.5055954456329346,0.7113828659057617,0.5343644022941589,0.6237893104553223,20.11756134033203
152.6999969482422,156.8000030517578,153.60000610351562,158.1999969482422,172.6999969482422,65.4000015258789,176.10000610351562,2.200000047683716,169.10000610351562,149.6999969482422,26.700000762939453,169.1999969482422,163.60000610351562,12.600000381469727,177.39999389648438,23.843334197998047,1.3090742826461792,1.5135548114776611,0.7023267149925232,0.527805507183075,0.6138671040534973,19.25640869140625
153.6999969482422,154.5,152.89999389648438,155.8000030517578,171.89999389648438,49.5,180.0,4.0,166.39999389648438,36.400001525878906,140.39999389648438,159.5,168.39999389648438,7.099999904632568,170.5,28.96985626220703,1.342686653137207,1.6116095781326294,0.7776080369949341,0.5954715013504028,0.7157608270645142,20.467449188232422
153.5,154.8000030517578,154.6999969482422,160.8000030517578,168.10000610351562,46.20000076293945,178.5,2.4000000953674316,169.60000610351562,59.0,117.9000015258789,161.60000610351562,167.3000030517578,5.699999809265137,166.8000030517578,24.100168228149414,1.3384275436401367,1.5900501012802124,0.7601823210716248,0.5838165283203125,0.6940802931785583,18.306732177734375
154.5,155.60000610351562,153.1999969482422,157.10000610351562,176.0,28.100000381469727,179.3000030517578,6.099999904632568,169.10000610351562,31.899999618530273,144.1999969482422,159.1999969482422,168.8000030517578,6.300000190734863,167.5,28.01432991027832,1.349141240119934,1.580175757408142,0.7838406562805176,0.5888969302177429,0.7095777988433838,19.369260787963867
154.10000610351562,155.89999389648438,150.60000610351562,158.10000610351562,173.39999389648438,27.5,175.1999969482422,9.600000381469727,171.5,17.5,160.3000030517578,156.0,162.0,14.199999809265137,172.60000610351562,26.448755264282227,1.3381251096725464,1.5654343366622925,0.7675274610519409,0.5919138193130493,0.7083646059036255,19.750850677490234
155.3000030517578,155.60000610351562,153.0,158.6999969482422,172.1999969482422,40.0,178.3000030517578,4.699999809265137,167.1999969482422,43.599998474121094,130.89999389648438,152.1999969482422,171.6999969482422,4.300000190734863,166.0,26.812532424926758,1.3421874046325684,1.5845119953155518,0.8023093342781067,0.6163176894187927,0.717674970626831,20.686845779418945
154.0,154.89999389648438,152.8000030517578,159.1999969482422,166.3000030517578,60.400001525878906,174.89999389648438,0.5,167.89999389648438,43.599998474121094,133.6999969482422,153.3000030517578,174.39999389648438,1.2999999523162842,170.60000610351562,25.278146743774414,1.3336256742477417,1.582635760307312,0.7935225367546082,0.6074482202529907,0.7170997262001038,21.613407135009766
152.3000030517578,156.6999969482422,151.6999969482422,161.3000030517578,164.89999389648438,90.30000305175781,165.3000030517578,11.899999618530273,159.8000030517578,79.69999694824219,97.9000015258789,153.39999389648438,175.1999969482422,0.699999988079071,168.10000610351562,19.788440704345703,1.3380635976791382,1.5622819662094116,0.7715096473693848,0.5749325156211853,0.6837434768676758,21.9851131439209
153.5,153.10000610351562,159.89999389648438,158.39999389648438,151.89999389648438,91.80000305175781,164.89999389648438,13.399999618530273,163.60000610351562,81.4000015258789,96.30000305175781,159.1999969482422,172.6999969482422,2.5999999046325684,174.5,24.050527572631836,1.335470199584961,1.5441216230392456,0.7716971635818481,0.573798418045044,0.7063632607460022,27.990514755249023
154.10000610351562,152.89999389648438,158.1999969482422,157.8000030517578,151.10000610351562,95.4000015258789,156.1999969482422,23.200000762939453,160.1999969482422,92.0999984741211,86.5,154.1999969482422,177.6999969482422,3.799999952316284,171.10000610351562,25.541431427001953,1.342160940170288,1.568863868713379,0.7852871417999268,0.5921645164489746,0.7094242572784424,26.042282104492188
153.8000030517578,154.60000610351562,157.6999969482422,156.39999389648438,151.39999389648438,96.30000305175781,153.10000610351562,25.299999237060547,163.3000030517578,96.69999694824219,82.19999694824219,157.89999389648438,179.39999389648438,2.5999999046325684,173.5,25.73606300354004,1.3442655801773071,1.582323431968689,0.8031669855117798,0.6125392317771912,0.7248263955116272,25.950702667236328
155.10000610351562,153.6999969482422,157.39999389648438,155.89999389648438,146.3000030517578,99.0999984741211,148.89999389648438,28.899999618530273,162.3000030517578,98.30000305175781,80.0999984741211,156.1999969482422,177.89999389648438,5.300000190734863,170.8000030517578,26.679737091064453,1.3389643430709839,1.5490269660949707,0.7985790967941284,0.6098569631576538,0.704498291015625,23.868247985839844
155.5,152.10000610351562,163.10000610351562,155.5,147.0,105.9000015258789,146.8000030517578,36.70000076293945,158.10000610351562,102.30000305175781,80.5,156.89999389648438,177.89999389648438,9.300000190734863,171.5,26.63518714904785,1.3389041423797607,1.5402297973632812,0.7578813433647156,0.5752916932106018,0.7172334790229797,27.235591888427734
154.60000610351562,152.89999389648438,164.89999389648438,154.60000610351562,143.0,110.4000015258789,148.1999969482422,34.900001525878906,160.10000610351562,113.5,69.0999984741211,159.10000610351562,178.5,5.300000190734863,172.39999389648438,25.8682861328125,1.3296043872833252,1.5051013231277466,0.7407991290092468,0.5693857073783875,0.6990822553634644,26.62771224975586
154.39999389648438,154.1999969482422,161.3000030517578,154.6999969482422,150.0,97.19999694824219,145.39999389648438,35.599998474121094,158.89999389648438,101.80000305175781,77.9000015258789,156.6999969482422,175.60000610351562,10.600000381469727,169.5,26.471506118774414,1.3429176807403564,1.5408521890640259,0.7708744406700134,0.5905463099479675,0.69791179895401,25.421112060546875
156.0,153.5,158.8000030517578,154.60000610351562,149.39999389648438,98.19999694824219,148.39999389648438,33.099998474121094,159.60000610351562,108.5,71.9000015258789,157.1999969482422,178.6999969482422,5.5,173.89999389648438,27.977519989013672,1.3391615152359009,1.5489387512207031,0.7657083868980408,0.6056444644927979,0.7169601917266846,25.70735740661621
155.10000610351562,155.0,159.10000610351562,155.1999969482422,148.5,98.80000305175781,147.1999969482422,33.29999923706055,156.1999969482422,101.69999694824219,78.9000015258789,151.10000610351562,179.5,5.900000095367432,172.0,26.99935531616211,1.353920578956604,1.5398036241531372,0.7760209441184998,0.612371027469635,0.7060778141021729,27.09613037109375
153.8000030517578,154.5,159.3000030517578,156.10000610351562,144.10000610351562,105.4000015258789,152.6999969482422,28.100000381469727,158.60000610351562,109.69999694824219,70.4000015258789,157.0,177.89999389648438,1.5,173.5,24.845720291137695,1.331918716430664,1.538482666015625,0.7850428819656372,0.5992949604988098,0.7093434929847717,25.307945251464844
152.5,155.10000610351562,164.0,158.8000030517578,151.10000610351562,106.5,154.10000610351562,26.799999237060547,161.3000030517578,105.0999984741211,74.9000015258789,160.6999969482422,179.60000610351562,7.0,172.8000030517578,21.96059226989746,1.3230140209197998,1.5484784841537476,0.7292754054069519,0.5528895854949951,0.6853659749031067,24.938169479370117
152.8000030517578,153.89999389648438,159.89999389648438,159.0,154.0,104.0,150.0,31.200000762939453,157.5,91.9000015258789,87.9000015258789,157.10000610351562,177.10000610351562,9.600000381469727,171.8000030517578,22.974254608154297,1.3394620418548584,1.6061933040618896,0.7755802869796753,0.5763654112815857,0.711144208908081,25.730472564697266
152.1999969482422,155.10000610351562,161.60000610351562,158.39999389648438,154.8000030517578,98.0999984741211,157.60000610351562,23.399999618530273,161.0,101.5999984741211,78.0,158.10000610351562,179.89999389648438,5.900000095367432,175.1999969482422,23.402999877929688,1.3496992588043213,1.576187014579773,0.7858552932739258,0.590008556842804,0.7137382626533508,25.642053604125977
153.3000030517578,155.0,159.1999969482422,161.0,154.89999389648438,100.80000305175781,156.1999969482422,25.100000381469727,162.8000030517578,96.4000015258789,82.69999694824219,158.39999389648438,179.89999389648438,6.400000095367432,172.8000030517578,21.512290954589844,1.3262697458267212,1.581361174583435,0.7538333535194397,0.5761067867279053,0.701890230178833,25.605669021606445
152.8000030517578,155.0,162.3000030517578,158.10000610351562,154.10000610351562,87.0,160.5,20.299999237060547,161.1999969482422,107.5999984741211,71.5999984741211,158.3000030517578,178.89999389648438,4.800000190734863,174.39999389648438,23.111297607421875,1.3305423259735107,1.5436625480651855,0.7529175877571106,0.572972297668457,0.6870942711830139,24.76751136779785
150.3000030517578,156.5,167.0,160.60000610351562,160.1999969482422,88.69999694824219,158.8000030517578,23.399999618530273,156.89999389648438,111.80000305175781,66.0999984741211,159.60000610351562,179.3000030517578,11.0,164.3000030517578,19.000364303588867,1.3212685585021973,1.5120514631271362,0.7373651266098022,0.560731828212738,0.6665562391281128,21.739877700805664
150.0,157.39999389648438,160.3000030517578,158.3000030517578,163.89999389648438,80.5999984741211,163.6999969482422,14.800000190734863,164.39999389648438,98.0999984741211,78.80000305175781,160.6999969482422,179.8000030517578,3.0999999046325684,173.5,21.444305419921875,1.3388211727142334,1.5648086071014404,0.7481616735458374,0.5627769827842712,0.6953043937683105,24.049468994140625
153.60000610351562,155.60000610351562,155.89999389648438,157.39999389648438,163.10000610351562,86.19999694824219,167.0,13.600000381469727,159.8000030517578,102.30000305175781,75.0999984741211,156.10000610351562,178.6999969482422,4.099999904632568,171.6999969482422,25.207077026367188,1.335356593132019,1.563314437866211,0.7531028389930725,0.5702550411224365,0.677536129951477,24.508615493774414
151.1999969482422,155.1999969482422,159.6999969482422,157.5,164.60000610351562,80.0,163.6999969482422,14.399999618530273,162.10000610351562,94.80000305175781,82.0,157.89999389648438,175.89999389648438,0.30000001192092896,175.10000610351562,22.872892379760742,1.3392951488494873,1.5586739778518677,0.7424551844596863,0.561754584312439,0.6706476807594299,23.642213821411133
152.3000030517578,156.89999389648438,154.6999969482422,157.8000030517578,168.0,73.69999694824219,165.5,12.699999809265137,163.60000610351562,89.69999694824219,88.30000305175781,157.60000610351562,178.39999389648438,2.5,173.39999389648438,23.934162139892578,1.3295925855636597,1.572434902191162,0.7627313137054443,0.5824297070503235,0.6875803470611572,23.785850524902344
153.1999969482422,154.3000030517578,155.1999969482422,159.5,165.89999389648438,62.5,170.5,6.400000095367432,159.1999969482422,101.19999694824219,72.30000305175781,158.3000030517578,171.5,1.0,166.60000610351562,23.424856185913086,1.3228577375411987,1.565553069114685,0.7789340615272522,0.6049824357032776,0.678611159324646,19.830947875976562
151.89999389648438,156.5,154.8000030517578,157.89999389648438,170.1999969482422,52.0,174.5,2.799999952316284,166.1999969482422,72.4000015258789,105.4000015258789,156.6999969482422,176.0,0.800000011920929,173.10000610351562,25.359556198120117,1.340160846710205,1.5902122259140015,0.7808060050010681,0.600751519203186,0.7210966944694519,23.65482521057129
154.0,154.8000030517578,156.1999969482422,158.89999389648438,172.3000030517578,36.5,177.89999389648438,3.0,165.89999389648438,53.29999923706055,123.30000305175781,156.6999969482422,164.10000610351562,9.199999809265137,169.1999969482422,25.397192001342773,1.3366819620132446,1.5512444972991943,0.7653511762619019,0.5853667855262756,0.6828228235244751,21.332738876342773
154.5,154.6999969482422,156.1999969482422,157.3000030517578,173.5,29.200000762939453,178.60000610351562,6.099999904632568,167.6999969482422,34.900001525878906,141.1999969482422,153.89999389648438,162.8000030517578,11.5,168.3000030517578,27.19080924987793,1.3500418663024902,1.5660802125930786,0.772250771522522,0.5905932188034058,0.6860677599906921,19.823089599609375
153.0,157.10000610351562,152.0,157.10000610351562,170.89999389648438,39.70000076293945,179.60000610351562,4.800000190734863,168.0,24.700000762939453,153.0,151.1999969482422,162.8000030517578,12.100000381469727,166.60000610351562,25.646770477294922,1.344162940979004,1.5782767534255981,0.7772806882858276,0.6031849980354309,0.6943138241767883,18.84423828125
153.60000610351562,154.1999969482422,160.5,161.60000610351562,167.6999969482422,57.900001525878906,179.10000610351562,4.199999809265137,166.1999969482422,42.29999923706055,133.39999389648438,159.10000610351562,151.89999389648438,18.700000762939453,163.1999969482422,22.261754989624023,1.3620271682739258,1.5787298679351807,0.7627437710762024,0.5811546444892883,0.6657744646072388,17.356689453125
153.10000610351562,155.3000030517578,157.60000610351562,159.8000030517578,173.8000030517578,33.900001525878906,167.3000030517578,16.700000762939453,171.6999969482422,15.800000190734863,161.5,157.39999389648438,149.89999389648438,21.600000381469727,168.39999389648438,24.263059616088867,1.3434522151947021,1.582619071006775,0.7672767043113708,0.5993097424507141,0.7136733531951904,21.200740814208984
152.89999389648438,155.60000610351562,157.10000610351562,160.89999389648438,170.39999389648438,43.70000076293945,171.5,12.399999618530273,170.6999969482422,10.399999618530273,167.1999969482422,161.1999969482422,145.3000030517578,28.100000381469727,174.1999969482422,21.906234741210938,1.3641337156295776,1.567764401435852,0.7483547925949097,0.5672580003738403,0.6857873201370239,18.538795471191406
153.6999969482422,154.1999969482422,156.3000030517578,164.3000030517578,166.89999389648438,39.70000076293945,165.39999389648438,19.100000381469727,178.89999389648438,4.300000190734863,171.6999969482422,166.39999389648438,139.60000610351562,34.79999923706055,177.6999969482422,19.43179702758789,1.357124924659729,1.58505380153656,0.7573503851890564,0.5890827775001526,0.7009559273719788,18.571086883544922
153.10000610351562,154.3000030517578,160.0,164.0,167.6999969482422,60.29999923706055,170.10000610351562,14.399999618530273,174.10000610351562,8.0,169.60000610351562,160.39999389648438,139.39999389648438,32.79999923706055,171.3000030517578,18.893234252929688,1.3679617643356323,1.5766847133636475,0.7567239999771118,0.5755341649055481,0.6759005188941956,16.201406478881836
153.60000610351562,155.0,157.0,162.39999389648438,171.3000030517578,32.5,164.60000610351562,19.5,176.5,4.5,177.8000030517578,166.60000610351562,141.1999969482422,31.600000381469727,179.5,21.146493911743164,1.3633173704147339,1.572648048400879,0.7599409222602844,0.5899131298065186,0.6959291696548462,18.78802490234375
154.0,155.39999389648438,157.1999969482422,161.3000030517578,174.0,21.100000381469727,164.60000610351562,20.799999237060547,176.3000030517578,4.300000190734863,169.8000030517578,167.0,139.10000610351562,31.700000762939453,171.60000610351562,23.009836196899414,1.3478055000305176,1.5558125972747803,0.7637143135070801,0.6022220849990845,0.6937017440795898,19.617877960205078
153.6999969482422,153.6999969482422,157.39999389648438,163.0,166.3000030517578,33.099998474121094,171.3000030517578,14.100000381469727,173.8000030517578,16.5,160.0,163.5,146.8000030517578,26.5,174.39999389648438,20.846982955932617,1.352992296218872,1.5835223197937012,0.7747958302497864,0.5934609174728394,0.7002832293510437,18.063058853149414
153.0,154.60000610351562,158.89999389648438,164.89999389648438,170.10000610351562,40.20000076293945,170.6999969482422,14.399999618530273,171.3000030517578,14.800000190734863,161.89999389648438,160.39999389648438,143.39999389648438,27.399999618530273,168.3000030517578,18.752731323242188,1.3539565801620483,1.5767568349838257,0.7563623189926147,0.5964556932449341,0.6866857409477234,17.25699234008789
152.10000610351562,154.5,159.10000610351562,162.10000610351562,168.39999389648438,41.599998474121094,169.39999389648438,14.600000381469727,172.6999969482422,12.100000381469727,165.39999389648438,162.39999389648438,141.5,30.299999237060547,173.3000030517578,20.52998161315918,1.357818365097046,1.6029566526412964,0.7474948167800903,0.5843008756637573,0.6978959441184998,18.65349578857422
151.60000610351562,155.10000610351562,160.60000610351562,165.39999389648438,166.3000030517578,53.29999923706055,162.0,21.600000381469727,177.89999389648438,4.800000190734863,177.60000610351562,167.0,138.60000610351562,35.0,179.6999969482422,17.4783935546875,1.362083077430725,1.577845573425293,0.743375837802887,0.5719487071037292,0.6960204243659973,17.488924026489258
155.0,154.39999389648438,161.8000030517578,161.8000030517578,174.0,18.700000762939453,163.60000610351562,21.600000381469727,177.3000030517578,6.699999809265137,170.60000610351562,161.0,131.5,38.599998474121094,168.0,22.413097381591797,1.3610390424728394,1.5571914911270142,0.735508143901825,0.5738350749015808,0.6960573792457581,18.51736068725586
153.60000610351562,153.8000030517578,162.60000610351562,165.0,169.3000030517578,28.100000381469727,164.6999969482422,20.700000762939453,173.6999969482422,12.5,164.3000030517578,159.8000030517578,137.10000610351562,32.900001525878906,172.10000610351562,19.058940887451172,1.3544502258300781,1.5707101821899414,0.7554978728294373,0.5856301188468933,0.6977805495262146,18.0423641204834
152.8000030517578,155.0,159.10000610351562,165.3000030517578,166.6999969482422,39.599998474121094,165.5,20.5,175.39999389648438,4.800000190734863,170.89999389648438,157.8000030517578,138.0,35.29999923706055,176.5,17.91904640197754,1.357315182685852,1.5808302164077759,0.769801139831543,0.617556631565094,0.7088208794593811,17.702110290527344
152.10000610351562,154.89999389648438,162.1999969482422,164.89999389648438,169.3000030517578,32.0,158.10000610351562,28.0,179.60000610351562,2.9000000953674316,172.6999969482422,164.8000030517578,130.8000030517578,41.79999923706055,178.60000610351562,17.842281341552734,1.3521171808242798,1.5881085395812988,0.7549091577529907,0.6012711524963379,0.7069071531295776,17.66078758239746
151.1999969482422,155.89999389648438,159.1999969482422,164.0,171.8000030517578,24.0,160.3000030517578,25.399999618530273,179.39999389648438,9.600000381469727,174.5,169.0,125.30000305175781,48.70000076293945,178.0,18.38631248474121,1.354207158088684,1.5826091766357422,0.7619915008544922,0.6032228469848633,0.7054347395896912,15.957038879394531
153.6999969482422,153.89999389648438,162.39999389648438,164.5,170.39999389648438,31.399999618530273,168.0,17.200000762939453,173.60000610351562,11.699999809265137,165.1999969482422,163.8000030517578,137.8000030517578,31.899999618530273,173.0,19.44015121459961,1.3555017709732056,1.5705946683883667,0.7547017931938171,0.5913437604904175,0.692942202091217,17.34479522705078
153.5,154.5,161.5,164.60000610351562,170.8000030517578,26.200000762939453,170.89999389648438,14.0,172.10000610351562,14.399999618530273,162.1999969482422,164.10000610351562,144.39999389648438,28.0,173.10000610351562,19.21637725830078,1.3692433834075928,1.5938632488250732,0.759288489818573,0.593950629234314,0.6963344216346741,16.074249267578125
152.5,154.5,161.8000030517578,163.6999969482422,171.1999969482422,23.700000762939453,159.5,25.399999618530273,179.1999969482422,14.0,169.5,172.1999969482422,124.69999694824219,48.099998474121094,178.6999969482422,19.301761627197266,1.3502651453018188,1.5741406679153442,0.7480924725532532,0.5875568389892578,0.6970610022544861,17.49119758605957
154.1999969482422,153.10000610351562,157.3000030517578,162.5,170.5,16.100000381469727,159.5,26.299999237060547,179.10000610351562,1.5,173.10000610351562,171.0,148.1999969482422,27.899999618530273,178.10000610351562,22.035789489746094,1.3350263833999634,1.574507713317871,0.7680772542953491,0.5904437899589539,0.7135066390037537,18.372549057006836
153.89999389648438,153.5,158.3000030517578,163.89999389648438,170.1999969482422,12.100000381469727,156.5,29.100000381469727,179.8000030517578,4.599999904632568,179.6999969482422,172.1999969482422,141.39999389648438,35.0,178.8000030517578,20.577360153198242,1.347275733947754,1.595805048942566,0.7585053443908691,0.603289008140564,0.7211897373199463,18.338333129882812
153.1999969482422,156.5,156.0,161.5,177.8000030517578,8.699999809265137,148.60000610351562,38.20000076293945,175.60000610351562,5.199999809265137,178.1999969482422,160.0,93.4000015258789,82.0999984741211,172.3000030517578,22.86056137084961,1.3402303457260132,1.5807172060012817,0.7605531811714172,0.6136958599090576,0.7163962125778198,15.23549747467041
156.8000030517578,153.89999389648438,154.3000030517578,164.39999389648438,175.10000610351562,1.600000023841858,137.60000610351562,50.599998474121094,176.0,25.799999237060547,157.89999389648438,167.0,109.30000305175781,69.69999694824219,179.39999389648438,22.158702850341797,1.3218612670898438,1.5693082809448242,0.7446733713150024,0.6060011386871338,0.7191254496574402,17.413883209228516
153.89999389648438,155.8000030517578,152.89999389648438,162.3000030517578,179.60000610351562,17.100000381469727,140.89999389648438,46.599998474121094,179.1999969482422,24.100000381469727,158.6999969482422,167.10000610351562,103.30000305175781,74.19999694824219,177.60000610351562,22.582914352416992,1.3171035051345825,1.567655324935913,0.7301530241966248,0.5859121680259705,0.7068833112716675,17.079069137573242
154.6999969482422,154.5,152.8000030517578,162.60000610351562,177.0,16.100000381469727,135.3000030517578,52.79999923706055,177.60000610351562,25.299999237060547,158.10000610351562,167.3000030517578,99.4000015258789,78.4000015258789,179.5,22.998449325561523,1.3166468143463135,1.5734061002731323,0.7198624014854431,0.5778864622116089,0.7102830410003662,17.46467399597168
158.3000030517578,157.0,144.39999389648438,166.5,167.3000030517578,39.20000076293945,124.19999694824219,65.30000305175781,162.3000030517578,49.20000076293945,134.8000030517578,179.39999389648438,106.69999694824219,73.80000305175781,163.6999969482422,22.54168701171875,1.2945313453674316,1.5437172651290894,0.7173124551773071,0.5942882895469666,0.727093517780304,22.277978897094727
158.10000610351562,155.89999389648438,148.0,166.5,171.6999969482422,34.099998474121094,120.0999984741211,69.9000015258789,164.8000030517578,45.70000076293945,137.6999969482422,177.89999389648438,89.4000015258789,89.5999984741211,156.39999389648438,21.581783294677734,1.2950068712234497,1.536649465560913,0.731322705745697,0.6037417054176331,0.7230184078216553,19.601593017578125
158.39999389648438,156.0,147.39999389648438,167.6999969482422,170.39999389648438,39.5,123.69999694824219,65.30000305175781,164.5,51.099998474121094,132.89999389648438,179.0,97.4000015258789,82.69999694824219,161.89999389648438,21.2939510345459,1.2929326295852661,1.511837124824524,0.71964430809021,0.5956344604492188,0.7191244959831238,19.953588485717773
157.5,155.6999969482422,150.1999969482422,168.6999969482422,176.1999969482422,34.20000076293945,125.0999984741211,65.5,164.0,54.5,130.8000030517578,177.0,95.80000305175781,84.30000305175781,163.6999969482422,20.019067764282227,1.2978055477142334,1.5305513143539429,0.7180935144424438,0.5895280838012695,0.7183898091316223,19.14764404296875
156.8000030517578,154.89999389648438,150.3000030517578,166.3000030517578,178.3000030517578,23.899999618530273,124.69999694824219,65.30000305175781,167.60000610351562,41.20000076293945,142.60000610351562,176.1999969482422,85.0999984741211,94.69999694824219,166.0,20.786561965942383,1.2977687120437622,1.5521624088287354,0.7258678078651428,0.5746461153030396,0.7046300768852234,18.05098533630371
156.10000610351562,157.60000610351562,146.1999969482422,163.5,177.0,19.700000762939453,131.39999389648438,57.79999923706055,171.5,34.599998474121094,148.10000610351562,168.8000030517578,100.30000305175781,76.5,175.6999969482422,23.429094314575195,1.3048192262649536,1.5621932744979858,0.7354962229728699,0.589116632938385,0.7146048545837402,19.30620765686035
154.8000030517578,155.8000030517578,151.89999389648438,164.0,178.1999969482422,10.800000190734863,139.39999389648438,48.400001525878906,173.5,36.79999923706055,145.3000030517578,169.89999389648438,104.5,73.5,177.8000030517578,22.00956153869629,1.320310115814209,1.5556421279907227,0.7434505820274353,0.5932886004447937,0.707597017288208,17.07172203063965
153.89999389648438,156.89999389648438,156.5,163.8000030517578,177.10000610351562,0.20000000298023224,150.60000610351562,37.29999923706055,173.0,31.0,153.10000610351562,174.60000610351562,123.5999984741211,52.20000076293945,178.6999969482422,20.215444564819336,1.32577645778656,1.5311546325683594,0.7432810664176941,0.5926695466041565,0.7118692398071289,19.490333557128906
155.89999389648438,156.0,150.39999389648438,161.0,178.89999389648438,4.199999809265137,155.1999969482422,30.200000762939453,178.5,29.399999618530273,153.10000610351562,165.60000610351562,135.5,44.099998474121094,178.89999389648438,24.85085105895996,1.3162670135498047,1.5359221696853638,0.772602915763855,0.6231997013092041,0.7224217057228088,19.24846839904785
155.89999389648438,155.5,151.1999969482422,158.5,176.10000610351562,7.300000190734863,167.89999389648438,19.5,174.6999969482422,21.100000381469727,161.6999969482422,157.1999969482422,153.5,24.100000381469727,170.5,27.143144607543945,1.3219956159591675,1.532983660697937,0.7938694357872009,0.6221028566360474,0.7110733389854431,21.60394287109375
154.8000030517578,155.3000030517578,150.5,160.5,175.5,3.799999952316284,160.1999969482422,27.200000762939453,176.8000030517578,24.899999618530273,156.5,155.89999389648438,136.8000030517578,41.5,171.89999389648438,24.70686912536621,1.3122807741165161,1.530008316040039,0.7810347676277161,0.607935905456543,0.7103086113929749,20.460643768310547
155.8000030517578,155.3000030517578,150.60000610351562,160.6999969482422,179.39999389648438,3.700000047683716,153.60000610351562,34.20000076293945,179.3000030517578,22.399999618530273,161.0,159.8000030517578,128.3000030517578,51.0,174.10000610351562,25.41956901550293,1.305847406387329,1.5159984827041626,0.7824470400810242,0.6253026723861694,0.7176353335380554,20.75953483581543
156.10000610351562,155.10000610351562,150.89999389648438,160.5,175.5,1.2999999523162842,162.10000610351562,24.700000762939453,176.3000030517578,18.700000762939453,164.39999389648438,158.89999389648438,141.6999969482422,38.0,173.39999389648438,25.415987014770508,1.3083802461624146,1.5064148902893066,0.7900641560554504,0.6313451528549194,0.7255908846855164,21.168010711669922
156.5,154.89999389648438,151.60000610351562,159.10000610351562,178.60000610351562,2.700000047683716,161.0,25.299999237060547,178.6999969482422,24.799999237060547,158.0,161.6999969482422,141.89999389648438,37.79999923706055,173.3000030517578,27.056049346923828,1.3056586980819702,1.5064003467559814,0.7808442115783691,0.6208791732788086,0.7187139391899109,21.409212112426758
157.5,154.5,151.89999389648438,159.89999389648438,173.10000610351562,12.100000381469727,153.10000610351562,33.5,179.60000610351562,25.299999237060547,157.89999389648438,160.3000030517578,134.0,45.20000076293945,170.89999389648438,26.808456420898438,1.3056732416152954,1.5045926570892334,0.7764950394630432,0.6333289742469788,0.7266227006912231,20.549901962280273
157.6999969482422,153.6999969482422,151.8000030517578,158.39999389648438,179.1999969482422,4.099999904632568,161.8000030517578,24.799999237060547,172.3000030517578,12.199999809265137,172.8000030517578,156.8000030517578,140.8000030517578,38.900001525878906,170.6999969482422,28.42823600769043,1.305924892425537,1.5224227905273438,0.7859132885932922,0.6276419162750244,0.7105674743652344,20.267990112304688
155.0,155.1999969482422,155.89999389648438,159.60000610351562,171.60000610351562,12.699999809265137,176.89999389648438,7.800000190734863,171.0,167.1999969482422,18.100000381469727,171.3000030517578,157.0,21.399999618530273,176.89999389648438,24.670143127441406,1.3158200979232788,1.4778653383255005,0.7718185782432556,0.5944949984550476,0.6748749017715454,21.776309967041016
152.1999969482422,154.6999969482422,155.60000610351562,156.1999969482422,166.3000030517578,37.900001525878906,169.8000030517578,7.800000190734863,164.0,139.39999389648438,37.400001525878906,161.3000030517578,168.1999969482422,8.5,175.0,26.25802230834961,1.3275738954544067,1.5098512172698975,0.7503116726875305,0.5829668045043945,0.659906268119812,20.485305786132812
153.5,154.10000610351562,153.3000030517578,154.5,157.5,61.70000076293945,158.60000610351562,21.700000762939453,160.1999969482422,109.4000015258789,71.4000015258789,154.10000610351562,178.1999969482422,5.300000190734863,170.39999389648438,28.066110610961914,1.3106913566589355,1.4857995510101318,0.7469226717948914,0.5744165778160095,0.6727616786956787,22.89958381652832
154.60000610351562,151.6999969482422,155.10000610351562,153.6999969482422,143.8000030517578,84.5999984741211,153.6999969482422,28.0,160.6999969482422,109.30000305175781,72.30000305175781,154.1999969482422,178.39999389648438,7.099999904632568,173.5,29.027353286743164,1.3150898218154907,1.486433744430542,0.7817792296409607,0.6070770025253296,0.7155902981758118,25.05065155029297
156.8000030517578,151.39999389648438,167.0,153.0,140.39999389648438,84.0,152.60000610351562,29.899999618530273,159.5,122.9000015258789,56.70000076293945,161.1999969482422,179.10000610351562,3.0,173.3000030517578,29.15050506591797,1.327270269393921,1.4132118225097656,0.755091667175293,0.5927554965019226,0.6962243914604187,25.078264236450195
154.6999969482422,153.1999969482422,162.1999969482422,152.89999389648438,137.8000030517578,90.4000015258789,148.60000610351562,34.599998474121094,159.1999969482422,111.19999694824219,70.69999694824219,154.6999969482422,176.0,9.100000381469727,171.10000610351562,28.254554748535156,1.3428815603256226,1.4656091928482056,0.7788539528846741,0.6182138323783875,0.6942847967147827,22.92655372619629
155.89999389648438,150.6999969482422,161.60000610351562,154.8000030517578,138.5,85.5,149.0,33.400001525878906,159.10000610351562,111.5999984741211,69.0,154.1999969482422,178.0,7.300000190734863,169.5,28.05638885498047,1.3370572328567505,1.4647330045700073,0.7824827432632446,0.6158697605133057,0.7023427486419678,24.534334182739258
154.10000610351562,152.3000030517578,163.6999969482422,153.8000030517578,137.10000610351562,85.5,147.6999969482422,34.29999923706055,157.1999969482422,110.19999694824219,69.80000305175781,154.5,176.3000030517578,6.900000095367432,172.10000610351562,26.951278686523438,1.3328261375427246,1.4560588598251343,0.766391396522522,0.6107028722763062,0.6810216307640076,23.065757751464844
154.89999389648438,151.39999389648438,163.89999389648438,154.39999389648438,139.89999389648438,84.30000305175781,146.0,36.0,157.6999969482422,109.80000305175781,69.5999984741211,157.3000030517578,174.1999969482422,9.899999618530273,171.0,27.23738670349121,1.3379772901535034,1.4657584428787231,0.7781228423118591,0.6100133657455444,0.673271119594574,21.004262924194336
154.39999389648438,152.3000030517578,162.39999389648438,154.5,140.3000030517578,85.9000015258789,147.39999389648438,35.0,158.10000610351562,112.0,68.80000305175781,156.0,178.5,7.400000095367432,171.8000030517578,26.94153594970703,1.323920488357544,1.4517279863357544,0.7696702480316162,0.6034502983093262,0.6873847246170044,24.1788330078125
153.8000030517578,151.10000610351562,158.1999969482422,152.8000030517578,140.6999969482422,71.0999984741211,149.60000610351562,31.399999618530273,160.39999389648438,110.5999984741211,70.30000305175781,155.3000030517578,177.8000030517578,6.699999809265137,171.89999389648438,27.87854766845703,1.340442180633545,1.4669736623764038,0.791579008102417,0.6314205527305603,0.7054175138473511,23.112037658691406
156.3000030517578,152.0,162.0,155.0,144.5,85.69999694824219,149.0,34.79999923706055,155.39999389648438,108.5999984741211,72.19999694824219,155.89999389648438,173.10000610351562,11.699999809265137,170.8000030517578,28.515993118286133,1.3487279415130615,1.5082746744155884,0.7987225651741028,0.6250730156898499,0.6997950077056885,20.906047821044922
153.5,150.8000030517578,161.10000610351562,154.6999969482422,142.5,105.9000015258789,149.3000030517578,33.29999923706055,162.0,113.9000015258789,67.0,159.8000030517578,179.3000030517578,6.400000095367432,172.8000030517578,25.847301483154297,1.3137575387954712,1.508152961730957,0.7598912119865417,0.5805820822715759,0.6976231932640076,24.06432342529297
150.8000030517578,152.60000610351562,164.39999389648438,154.10000610351562,147.60000610351562,106.5,148.8000030517578,33.900001525878906,161.39999389648438,111.69999694824219,69.5999984741211,158.89999389648438,177.39999389648438,10.5,172.8000030517578,25.00914764404297,1.3284574747085571,1.5143228769302368,0.764087438583374,0.5805234909057617,0.6854384541511536,21.532787322998047
154.1999969482422,152.6999969482422,160.89999389648438,153.1999969482422,145.89999389648438,94.19999694824219,152.3000030517578,31.100000381469727,158.60000610351562,115.69999694824219,65.69999694824219,156.1999969482422,179.1999969482422,6.900000095367432,173.39999389648438,27.758214950561523,1.3304579257965088,1.4730557203292847,0.7759201526641846,0.6048615574836731,0.6986576914787292,22.718395233154297
153.6999969482422,151.89999389648438,162.3000030517578,154.10000610351562,143.10000610351562,83.4000015258789,150.39999389648438,33.70000076293945,155.0,110.80000305175781,71.80000305175781,153.60000610351562,178.6999969482422,8.399999618530273,172.10000610351562,27.626689910888672,1.3395382165908813,1.4667407274246216,0.787112295627594,0.6116349697113037,0.7199144959449768,24.054607391357422
153.10000610351562,152.1999969482422,162.8000030517578,153.1999969482422,140.3000030517578,82.19999694824219,148.10000610351562,33.20000076293945,158.60000610351562,101.4000015258789,78.9000015258789,153.60000610351562,176.39999389648438,9.399999618530273,172.10000610351562,27.893903732299805,1.3401483297348022,1.4654687643051147,0.7891221046447754,0.6111016869544983,0.7144303917884827,24.53547477722168
154.39999389648438,151.0,157.8000030517578,154.3000030517578,138.39999389648438,80.30000305175781,145.39999389648438,36.79999923706055,156.0,102.4000015258789,77.5999984741211,153.10000610351562,172.5,11.5,168.3000030517578,28.076133728027344,1.34054696559906,1.492686152458191,0.8411670923233032,0.6657475829124451,0.7391325235366821,23.478628158569336
154.60000610351562,151.89999389648438,159.39999389648438,154.89999389648438,135.6999969482422,78.9000015258789,151.89999389648438,28.5,161.1999969482422,113.5,66.0999984741211,157.39999389648438,177.1999969482422,6.400000095367432,171.10000610351562,26.75501823425293,1.3177754878997803,1.4555819034576416,0.7889904975891113,0.6146284937858582,0.7052273154258728,23.137466430664062
153.10000610351562,151.39999389648438,158.6999969482422,155.39999389648438,139.6999969482422,77.5,150.60000610351562,29.5,160.60000610351562,108.9000015258789,71.9000015258789,155.1999969482422,176.39999389648438,9.100000381469727,171.5,26.007221221923828,1.318758487701416,1.4799724817276,0.7774211764335632,0.6012225151062012,0.6949752569198608,23.14021110534668
153.6999969482422,152.60000610351562,162.0,155.5,138.39999389648438,76.19999694824219,151.39999389648438,29.600000381469727,160.5,115.5999984741211,65.0,158.1999969482422,175.3000030517578,11.100000381469727,169.39999389648438,25.846187591552734,1.3166292905807495,1.4445427656173706,0.7720627188682556,0.6043535470962524,0.6850892305374146,21.646818161010742
154.3000030517578,151.39999389648438,159.8000030517578,156.10000610351562,142.60000610351562,72.4000015258789,149.3000030517578,32.099998474121094,158.0,107.5999984741211,73.0999984741211,155.1999969482422,174.3000030517578,11.800000190734863,166.60000610351562,26.04048728942871,1.3125896453857422,1.4743276834487915,0.7749605178833008,0.6038181185722351,0.6800767779350281,21.933652877807617
153.0,151.3000030517578,158.60000610351562,155.3000030517578,139.1999969482422,76.30000305175781,154.3000030517578,26.700000762939453,162.1999969482422,112.0999984741211,69.9000015258789,155.39999389648438,179.10000610351562,7.800000190734863,170.10000610351562,25.880844116210938,1.3123124837875366,1.4642235040664673,0.7906678318977356,0.6155529022216797,0.7023499608039856,23.518564224243164
153.5,150.89999389648438,159.3000030517578,156.1999969482422,141.5,68.0,150.5,29.5,162.1999969482422,112.19999694824219,66.69999694824219,158.8000030517578,174.5,10.199999809265137,169.39999389648438,26.069780349731445,1.3056550025939941,1.4641746282577515,0.7769234776496887,0.614078938961029,0.6892789602279663,21.717391967773438
155.39999389648438,151.0,159.0,154.39999389648438,138.8000030517578,71.0999984741211,152.89999389648438,27.299999237060547,161.6999969482422,110.0,69.5,158.8000030517578,175.8000030517578,8.399999618530273,172.6999969482422,29.004213333129883,1.3229764699935913,1.4479542970657349,0.7862896919250488,0.618552565574646,0.722008466720581,24.213275909423828
156.8000030517578,150.1999969482422,158.1999969482422,154.60000610351562,142.1999969482422,62.5,154.89999389648438,24.299999237060547,162.10000610351562,112.4000015258789,67.5,160.10000610351562,173.10000610351562,12.100000381469727,171.39999389648438,30.402450561523438,1.328059434890747,1.449884295463562,0.7957025170326233,0.614865779876709,0.7318366169929504,23.539752960205078
158.6999969482422,151.1999969482422,150.89999389648438,153.0,142.60000610351562,65.9000015258789,155.3000030517578,23.200000762939453,158.39999389648438,104.80000305175781,74.19999694824219,156.1999969482422,174.3000030517578,8.199999809265137,171.3000030517578,33.46527099609375,1.3168987035751343,1.437049388885498,0.7743625044822693,0.6025012731552124,0.6987240314483643,23.421283721923828
158.6999969482422,151.6999969482422,150.6999969482422,154.39999389648438,141.0,69.5999984741211,155.0,23.700000762939453,159.5,110.30000305175781,68.4000015258789,157.60000610351562,177.1999969482422,7.099999904632568,170.1999969482422,32.3964729309082,1.3120970726013184,1.4378330707550049,0.7703357934951782,0.6106224060058594,0.7194253206253052,24.722835540771484
160.1999969482422,152.39999389648438,150.60000610351562,155.3000030517578,140.10000610351562,66.80000305175781,157.89999389648438,21.200000762939453,159.6999969482422,109.30000305175781,70.0,157.60000610351562,171.89999389648438,10.899999618530273,173.1999969482422,32.424190521240234,1.3242034912109375,1.4343432188034058,0.7835856080055237,0.6156477332115173,0.7216140031814575,24.10965919494629
157.6999969482422,153.8000030517578,149.8000030517578,156.5,147.60000610351562,62.900001525878906,155.10000610351562,23.600000381469727,163.39999389648438,113.0,66.80000305175781,156.60000610351562,173.8000030517578,7.599999904632568,175.8000030517578,29.33264923095703,1.3259872198104858,1.472050666809082,0.7810366749763489,0.629540741443634,0.7158040404319763,22.404644012451172
157.89999389648438,156.1999969482422,146.3000030517578,154.89999389648438,151.10000610351562,60.0,156.39999389648438,22.600000381469727,161.3000030517578,106.30000305175781,74.5999984741211,154.89999389648438,173.1999969482422,10.100000381469727,174.0,31.243572235107422,1.3208917379379272,1.4730292558670044,0.785392165184021,0.6396062970161438,0.7355831265449524,23.225332260131836
159.6999969482422,155.8000030517578,147.10000610351562,156.60000610351562,152.39999389648438,58.0,154.8000030517578,24.100000381469727,159.5,113.5999984741211,65.80000305175781,157.0,171.89999389648438,10.100000381469727,174.39999389648438,30.042163848876953,1.330820083618164,1.4574310779571533,0.7601120471954346,0.6144922375679016,0.697372555732727,22.3106746673584
157.10000610351562,154.39999389648438,151.3000030517578,155.0,149.3000030517578,63.70000076293945,150.1999969482422,27.799999237060547,158.8000030517578,108.19999694824219,71.19999694824219,153.5,169.89999389648438,13.199999809265137,172.3000030517578,30.422758102416992,1.329648733139038,1.493693232536316,0.7747817039489746,0.6148054003715515,0.7036374807357788,22.763916015625
158.10000610351562,154.1999969482422,152.3000030517578,154.39999389648438,148.6999969482422,62.5,158.39999389648438,20.299999237060547,160.8000030517578,117.0,63.0,156.5,177.0,5.800000190734863,176.10000610351562,31.550186157226562,1.3292325735092163,1.4554226398468018,0.7781473994255066,0.6235657930374146,0.7147525548934937,24.822141647338867
154.6999969482422,153.5,157.60000610351562,154.3000030517578,148.0,65.4000015258789,157.10000610351562,24.0,159.0,110.4000015258789,70.30000305175781,155.5,177.6999969482422,8.100000381469727,171.1999969482422,28.664175033569336,1.3306021690368652,1.477159023284912,0.7852391600608826,0.6136716604232788,0.7102314233779907,22.912578582763672
159.89999389648438,152.5,150.1999969482422,156.5,147.39999389648438,60.0,158.3000030517578,20.200000762939453,163.60000610351562,109.0999984741211,70.5,156.10000610351562,173.3000030517578,7.5,173.89999389648438,31.542190551757812,1.3042198419570923,1.4647266864776611,0.7843315005302429,0.6315014958381653,0.7266115546226501,24.423595428466797
157.5,153.0,148.8000030517578,154.1999969482422,147.1999969482422,60.79999923706055,155.39999389648438,23.799999237060547,153.5,103.0,76.5999984741211,151.8000030517578,170.8000030517578,12.199999809265137,172.1999969482422,32.18448257446289,1.3191683292388916,1.4706467390060425,0.7778539061546326,0.6193283796310425,0.7152050137519836,23.76679039001465
159.0,153.60000610351562,149.89999389648438,154.6999969482422,150.0,58.599998474121094,154.1999969482422,24.299999237060547,163.10000610351562,110.0,69.69999694824219,157.10000610351562,170.60000610351562,11.899999618530273,173.10000610351562,31.988605499267578,1.3230892419815063,1.4510111808776855,0.770369827747345,0.6279809474945068,0.7153230309486389,21.804073333740234
158.8000030517578,154.5,147.1999969482422,154.5,157.8000030517578,50.5,155.39999389648438,22.0,162.6999969482422,110.9000015258789,68.80000305175781,155.89999389648438,174.10000610351562,7.400000095367432,172.39999389648438,32.0011100769043,1.3189646005630493,1.468359112739563,0.7677936553955078,0.6270345449447632,0.7345575094223022,24.857284545898438
159.10000610351562,155.10000610351562,149.89999389648438,157.6999969482422,167.6999969482422,22.100000381469727,170.1999969482422,3.9000000953674316,167.89999389648438,130.39999389648438,44.20000076293945,165.39999389648438,173.6999969482422,6.300000190734863,173.39999389648438,29.583017349243164,1.3270690441131592,1.4876362085342407,0.7616230249404907,0.617951512336731,0.7198528051376343,22.709068298339844
162.0,155.0,147.3000030517578,162.0,179.0,10.0,177.5,10.699999809265137,174.10000610351562,79.69999694824219,106.4000015258789,173.60000610351562,167.10000610351562,12.399999618530273,175.3000030517578,28.650440216064453,1.3153733015060425,1.445115327835083,0.7659531831741333,0.5904893279075623,0.6865763664245605,20.1092529296875
155.10000610351562,160.6999969482422,149.10000610351562,162.39999389648438,167.39999389648438,23.299999237060547,163.3000030517578,25.799999237060547,173.60000610351562,88.69999694824219,92.19999694824219,175.60000610351562,135.89999389648438,39.900001525878906,172.1999969482422,22.312374114990234,1.3206416368484497,1.4323161840438843,0.7276875376701355,0.5574728846549988,0.645873486995697,20.30807113647461
158.60000610351562,157.0,149.8000030517578,165.8000030517578,167.8000030517578,30.899999618530273,148.5,40.900001525878906,166.3000030517578,82.5,100.9000015258789,172.39999389648438,122.5999984741211,52.70000076293945,172.8000030517578,22.154762268066406,1.2943891286849976,1.4357458353042603,0.7275170087814331,0.5636382699012756,0.677291750907898,19.300851821899414
158.6999969482422,157.39999389648438,148.5,166.8000030517578,160.3000030517578,47.20000076293945,143.39999389648438,46.79999923706055,163.89999389648438,87.69999694824219,97.9000015258789,164.60000610351562,116.0999984741211,63.0,156.8000030517578,22.661394119262695,1.2883732318878174,1.4015806913375854,0.7187987565994263,0.5415194630622864,0.6632428765296936,18.875198364257812
158.6999969482422,159.60000610351562,144.39999389648438,168.1999969482422,153.39999389648438,53.79999923706055,139.0,50.0,160.3000030517578,80.0,102.0,168.10000610351562,108.5999984741211,69.69999694824219,153.3000030517578,21.264484405517578,1.2989672422409058,1.4147543907165527,0.7102498412132263,0.5335246324539185,0.6595528721809387,17.996585845947266
157.0,160.89999389648438,141.89999389648438,170.60000610351562,150.8000030517578,57.5,129.60000610351562,62.599998474121094,147.1999969482422,70.30000305175781,112.19999694824219,159.10000610351562,98.0,81.80000305175781,133.60000610351562,18.222087860107422,1.3132259845733643,1.4376437664031982,0.7064869403839111,0.5570593476295471,0.7144500017166138,18.93369483947754
158.1999969482422,160.3000030517578,143.8000030517578,173.1999969482422,147.3000030517578,66.0,118.0,76.5,144.39999389648438,64.5999984741211,119.19999694824219,154.5,85.0,95.4000015258789,126.0999984741211,18.086475372314453,1.304497480392456,1.4430793523788452,0.705424964427948,0.5785325169563293,0.7357354760169983,16.40137481689453
158.10000610351562,161.60000610351562,147.10000610351562,175.1999969482422,148.89999389648438,64.69999694824219,115.9000015258789,78.80000305175781,141.10000610351562,65.0,120.80000305175781,146.3000030517578,81.5,100.9000015258789,113.19999694824219,16.889724731445312,1.3045908212661743,1.4287703037261963,0.7154836654663086,0.5894070863723755,0.7341123223304749,15.723467826843262
156.8000030517578,161.60000610351562,146.39999389648438,174.8000030517578,146.1999969482422,68.5999984741211,114.0999984741211,80.69999694824219,143.10000610351562,65.30000305175781,120.4000015258789,147.3000030517578,80.80000305175781,102.5999984741211,118.5999984741211,17.566871643066406,1.2865660190582275,1.41804838180542,0.7065102458000183,0.5775128602981567,0.7234475016593933,15.116949081420898
156.89999389648438,162.6999969482422,151.3000030517578,174.6999969482422,152.1999969482422,63.400001525878906,116.30000305175781,79.0,145.39999389648438,68.30000305175781,119.5,148.1999969482422,85.0999984741211,101.80000305175781,122.0999984741211,16.164091110229492,1.300120234489441,1.4327828884124756,0.7251576781272888,0.595318615436554,0.725658655166626,15.707881927490234
158.39999389648438,161.0,150.39999389648438,176.0,152.39999389648438,64.9000015258789,116.0,79.80000305175781,142.8000030517578,68.69999694824219,118.9000015258789,146.1999969482422,83.69999694824219,102.0999984741211,120.5,16.678791046142578,1.3033194541931152,1.4278619289398193,0.7213999032974243,0.5987322330474854,0.7230198383331299,14.910731315612793
157.0,162.8000030517578,150.0,175.6999969482422,145.3000030517578,73.0,114.4000015258789,80.5999984741211,143.10000610351562,66.5999984741211,119.5999984741211,148.1999969482422,82.69999694824219,102.9000015258789,118.5,16.95749855041504,1.3055598735809326,1.4282386302947998,0.7130365967750549,0.5769959092140198,0.7193577885627747,16.007469177246094
157.8000030517578,161.60000610351562,149.8000030517578,176.3000030517578,147.1999969482422,70.69999694824219,116.5,78.69999694824219,144.10000610351562,68.9000015258789,119.30000305175781,145.1999969482422,82.80000305175781,103.9000015258789,120.0999984741211,16.82289695739746,1.2929906845092773,1.399259090423584,0.7191828489303589,0.584502637386322,0.7168958783149719,14.725521087646484
157.60000610351562,161.60000610351562,147.89999389648438,176.1999969482422,149.10000610351562,69.30000305175781,115.5999984741211,79.19999694824219,141.6999969482422,67.4000015258789,119.30000305175781,146.1999969482422,83.9000015258789,100.9000015258789,116.5,16.625986099243164,1.2942055463790894,1.4243640899658203,0.7127450108528137,0.5795214772224426,0.733222484588623,16.037466049194336
156.10000610351562,161.1999969482422,148.3000030517578,175.60000610351562,146.89999389648438,72.5,113.69999694824219,81.4000015258789,145.6999969482422,69.80000305175781,117.0,148.3000030517578,83.30000305175781,103.9000015258789,119.30000305175781,17.098352432250977,1.2863353490829468,1.4082614183425903,0.6982424855232239,0.5678178071975708,0.7169446349143982,14.631136894226074
157.3000030517578,160.5,145.1999969482422,174.6999969482422,145.0,72.80000305175781,116.0999984741211,79.0999984741211,144.6999969482422,66.5,120.5,149.6999969482422,81.5999984741211,103.9000015258789,120.19999694824219,17.9071102142334,1.286439061164856,1.4257365465164185,0.7136789560317993,0.5828880071640015,0.7360942363739014,14.695752143859863
156.89999389648438,160.6999969482422,146.8000030517578,175.1999969482422,151.1999969482422,67.4000015258789,114.5999984741211,80.0999984741211,144.60000610351562,67.80000305175781,120.19999694824219,146.10000610351562,82.69999694824219,102.19999694824219,122.69999694824219,18.17770767211914,1.280252456665039,1.4121754169464111,0.6914975047111511,0.5733365416526794,0.7231559157371521,14.803683280944824
156.8000030517578,162.1999969482422,145.0,174.39999389648438,150.60000610351562,69.5,118.0999984741211,75.69999694824219,142.60000610351562,67.19999694824219,117.9000015258789,149.10000610351562,83.69999694824219,101.0999984741211,117.4000015258789,16.73283576965332,1.3030511140823364,1.4399425983428955,0.7031862735748291,0.5630624294281006,0.7158162593841553,15.395401000976562
159.0,160.39999389648438,144.89999389648438,174.6999969482422,157.89999389648438,78.4000015258789,119.5,72.9000015258789,144.89999389648438,70.0,115.30000305175781,149.5,90.0999984741211,93.0999984741211,120.5999984741211,18.704444885253906,1.2908878326416016,1.492654800415039,0.6852082014083862,0.5328265428543091,0.7011524438858032,17.650941848754883
159.3000030517578,159.60000610351562,146.39999389648438,175.6999969482422,161.10000610351562,87.9000015258789,120.19999694824219,72.69999694824219,148.3000030517578,68.30000305175781,118.0,153.39999389648438,89.80000305175781,95.0999984741211,125.19999694824219,17.843685150146484,1.2986729145050049,1.5219982862472534,0.7036188244819641,0.5507678389549255,0.714562177658081,17.483783721923828
158.89999389648438,160.3000030517578,146.60000610351562,176.6999969482422,161.5,98.69999694824219,116.5,74.69999694824219,146.60000610351562,63.900001525878906,121.30000305175781,150.5,85.0,97.80000305175781,124.0999984741211,16.600685119628906,1.2886199951171875,1.5350919961929321,0.6882978081703186,0.5359842777252197,0.7037190794944763,18.009418487548828
159.39999389648438,160.10000610351562,145.89999389648438,174.89999389648438,164.1999969482422,92.19999694824219,118.0,73.19999694824219,150.5,65.80000305175781,120.69999694824219,150.8000030517578,86.19999694824219,97.80000305175781,123.30000305175781,18.024402618408203,1.2935127019882202,1.5332021713256836,0.6918941140174866,0.544062614440918,0.7095059156417847,17.42489242553711
159.10000610351562,161.6999969482422,145.60000610351562,175.89999389648438,157.6999969482422,82.5,117.9000015258789,74.4000015258789,144.39999389648438,69.80000305175781,115.69999694824219,149.10000610351562,89.19999694824219,95.5999984741211,122.9000015258789,17.53483772277832,1.2996248006820679,1.4961062669754028,0.6882142424583435,0.5541489720344543,0.7111716270446777,16.560678482055664
157.5,161.8000030517578,144.89999389648438,175.6999969482422,151.39999389648438,77.4000015258789,119.0999984741211,72.9000015258789,149.5,70.0,115.4000015258789,154.3000030517578,89.5,94.0999984741211,129.10000610351562,17.868011474609375,1.2874081134796143,1.459862232208252,0.6777986288070679,0.5455865263938904,0.7121241092681885,16.241317749023438
157.1999969482422,161.60000610351562,143.0,175.0,147.60000610351562,73.5999984741211,119.9000015258789,72.9000015258789,145.39999389648438,72.0,111.5999984741211,154.0,92.5999984741211,91.5,123.0,17.824913024902344,1.2879624366760254,1.4327635765075684,0.6797829270362854,0.5470421314239502,0.7131166458129883,17.319046020507812
156.3000030517578,161.8000030517578,146.0,174.5,147.39999389648438,71.80000305175781,120.5999984741211,72.69999694824219,146.39999389648438,68.9000015258789,114.5999984741211,155.3000030517578,89.4000015258789,93.0999984741211,125.0,17.525094985961914,1.2875431776046753,1.4300035238265991,0.6896403431892395,0.5396362543106079,0.7035541534423828,17.426284790039062
157.39999389648438,161.89999389648438,143.3000030517578,175.89999389648438,146.8000030517578,74.9000015258789,120.0999984741211,72.0,146.10000610351562,69.4000015258789,113.9000015258789,152.5,88.9000015258789,94.0,126.80000305175781,17.89537811279297,1.2947591543197632,1.4397450685501099,0.6837834119796753,0.5539494752883911,0.7132290601730347,16.010799407958984
157.3000030517578,161.8000030517578,146.5,175.60000610351562,146.1999969482422,71.69999694824219,119.9000015258789,72.69999694824219,147.3000030517578,69.4000015258789,114.69999694824219,155.3000030517578,91.5999984741211,92.0,129.0,17.318387985229492,1.29823637008667,1.429205298423767,0.6900941133499146,0.5597431659698486,0.7161252498626709,17.376779556274414
155.6999969482422,163.10000610351562,146.0,174.39999389648438,145.39999389648438,70.19999694824219,120.80000305175781,72.4000015258789,145.89999389648438,69.30000305175781,114.19999694824219,154.60000610351562,89.5999984741211,92.5999984741211,126.4000015258789,16.618282318115234,1.302261233329773,1.4368066787719727,0.6872254610061646,0.5610231757164001,0.7125310301780701,16.914573669433594
156.39999389648438,162.6999969482422,146.89999389648438,173.6999969482422,150.10000610351562,64.9000015258789,118.80000305175781,74.19999694824219,145.1999969482422,69.4000015258789,114.5999984741211,152.1999969482422,91.69999694824219,90.30000305175781,126.0999984741211,16.896818161010742,1.2954965829849243,1.4436511993408203,0.6960239410400391,0.5739094018936157,0.7240698337554932,17.20732879638672
156.5,161.3000030517578,146.10000610351562,175.0,159.1999969482422,55.70000076293945,126.19999694824219,66.4000015258789,149.60000610351562,76.5999984741211,107.5,157.89999389648438,98.0,86.4000015258789,135.10000610351562,16.738126754760742,1.3029727935791016,1.4154924154281616,0.6910812258720398,0.5552481412887573,0.6922533512115479,16.946781158447266
154.8000030517578,160.0,150.0,163.5,167.6999969482422,22.600000381469727,168.6999969482422,20.5,179.8000030517578,114.30000305175781,69.4000015258789,178.10000610351562,142.1999969482422,35.599998474121094,173.0,21.269920349121094,1.295588731765747,1.3796660900115967,0.716302216053009,0.530125081539154,0.6150833368301392,23.38031768798828
155.5,158.89999389648438,150.0,161.39999389648438,175.0,10.0,175.1999969482422,11.699999809265137,178.8000030517578,132.8000030517578,49.5,178.10000610351562,145.3000030517578,29.799999237060547,178.1999969482422,23.38102912902832,1.2969574928283691,1.3691843748092651,0.6882408857345581,0.5148491263389587,0.5985597968101501,20.806177139282227
156.39999389648438,157.6999969482422,149.8000030517578,160.0,179.3000030517578,5.199999809265137,179.0,6.800000190734863,175.5,136.10000610351562,45.70000076293945,173.89999389648438,153.1999969482422,23.799999237060547,179.0,24.583154678344727,1.2987909317016602,1.3587905168533325,0.6791881918907166,0.5147556066513062,0.586698055267334,21.429031372070312
156.39999389648438,157.8000030517578,149.5,160.0,177.6999969482422,2.700000047683716,179.3000030517578,4.099999904632568,171.1999969482422,155.10000610351562,28.600000381469727,172.5,153.8000030517578,22.899999618530273,177.39999389648438,24.614030838012695,1.3092498779296875,1.3863319158554077,0.6943973898887634,0.5355236530303955,0.5888583660125732,19.23238754272461
155.5,158.89999389648438,147.10000610351562,160.3000030517578,179.5,0.800000011920929,179.1999969482422,5.699999809265137,176.0,159.8000030517578,24.100000381469727,174.89999389648438,151.60000610351562,22.600000381469727,175.1999969482422,23.926862716674805,1.296925663948059,1.3857479095458984,0.7043517827987671,0.5479323863983154,0.5980517268180847,18.209897994995117
156.39999389648438,158.1999969482422,149.10000610351562,159.8000030517578,179.5,2.5999999046325684,178.8000030517578,4.099999904632568,173.6999969482422,149.8000030517578,33.20000076293945,173.39999389648438,155.89999389648438,20.100000381469727,176.3000030517578,24.878742218017578,1.3159053325653076,1.4127166271209717,0.6924014091491699,0.5221860408782959,0.6004034280776978,22.334548950195312
157.1999969482422,157.1999969482422,150.39999389648438,159.5,179.39999389648438,7.599999904632568,176.39999389648438,1.100000023841858,169.89999389648438,168.6999969482422,14.0,169.0,158.6999969482422,16.600000381469727,174.0,25.392541885375977,1.325223684310913,1.4492558240890503,0.7337915301322937,0.559400200843811,0.6313334703445435,22.303421020507812
155.89999389648438,157.89999389648438,150.10000610351562,158.39999389648438,177.5,2.200000047683716,177.60000610351562,2.5,168.3000030517578,171.10000610351562,12.0,167.6999969482422,156.3000030517578,17.5,171.89999389648438,25.706249237060547,1.3275246620178223,1.4206032752990723,0.7178522944450378,0.5419389009475708,0.6130701899528503,20.782419204711914
157.0,157.60000610351562,151.5,159.0,178.39999389648438,0.800000011920929,178.10000610351562,2.5,170.5,167.1999969482422,16.100000381469727,170.10000610351562,158.1999969482422,18.399999618530273,174.5,25.611324310302734,1.3190096616744995,1.4267940521240234,0.7237501740455627,0.5452912449836731,0.6180346608161926,22.13496971130371
157.39999389648438,158.8000030517578,150.89999389648438,159.39999389648438,177.39999389648438,1.600000023841858,174.0,0.5,170.89999389648438,173.60000610351562,2.299999952316284,169.6999969482422,165.1999969482422,11.699999809265137,174.1999969482422,25.637178421020508,1.3315608501434326,1.426763892173767,0.7195484638214111,0.5514981150627136,0.6132924556732178,20.427810668945312
159.89999389648438,158.39999389648438,143.89999389648438,157.6999969482422,174.5,5.699999809265137,176.0,2.5999999046325684,170.8000030517578,173.8000030517578,9.899999618530273,168.5,168.60000610351562,8.0,171.5,29.889076232910156,1.3314549922943115,1.392411708831787,0.7284329533576965,0.5609016418457031,0.6225172281265259,20.31380271911621
159.8000030517578,157.89999389648438,140.1999969482422,158.89999389648438,179.39999389648438,1.2999999523162842,179.89999389648438,6.400000095367432,177.1999969482422,166.60000610351562,17.299999237060547,175.39999389648438,167.60000610351562,7.800000190734863,174.39999389648438,28.934314727783203,1.3173366785049438,1.433807134628296,0.7383491396903992,0.5689333081245422,0.6440665125846863,18.095849990844727
157.89999389648438,159.5,141.10000610351562,157.6999969482422,176.0,0.800000011920929,179.0,5.400000095367432,176.0,125.5,56.70000076293945,168.5,166.10000610351562,8.399999618530273,172.60000610351562,28.47446632385254,1.342700481414795,1.4403417110443115,0.7390737533569336,0.554186224937439,0.6323410272598267,18.56509780883789
158.39999389648438,157.5,149.8000030517578,157.60000610351562,177.3000030517578,1.899999976158142,178.1999969482422,3.0999999046325684,177.10000610351562,179.60000610351562,3.700000047683716,170.5,165.0,10.899999618530273,173.0,28.613527297973633,1.3447643518447876,1.4273368120193481,0.7175367474555969,0.547700047492981,0.6240106821060181,21.230436325073242
157.89999389648438,158.8000030517578,148.8000030517578,156.60000610351562,174.5,1.899999976158142,178.0,4.900000095367432,173.10000610351562,172.10000610351562,14.100000381469727,173.8000030517578,162.60000610351562,13.100000381469727,174.8000030517578,28.221689224243164,1.3420771360397339,1.4076086282730103,0.7445629835128784,0.5671039819717407,0.6162225008010864,19.407442092895508
158.60000610351562,158.10000610351562,146.8000030517578,156.5,171.60000610351562,7.699999809265137,179.89999389648438,6.099999904632568,176.0,160.1999969482422,23.399999618530273,173.89999389648438,162.89999389648438,12.300000190734863,175.89999389648438,29.50226593017578,1.3295743465423584,1.4046157598495483,0.7335470914840698,0.5550137162208557,0.6229762434959412,20.79280662536621
158.5,159.60000610351562,140.60000610351562,159.60000610351562,177.6999969482422,1.7999999523162842,179.60000610351562,8.300000190734863,179.8000030517578,145.1999969482422,38.70000076293945,172.8000030517578,157.0,19.100000381469727,176.1999969482422,26.891155242919922,1.3201148509979248,1.4090689420700073,0.7349185943603516,0.5631979703903198,0.6172997355461121,19.188371658325195
157.8000030517578,158.8000030517578,142.3000030517578,158.10000610351562,179.0,1.399999976158142,177.10000610351562,3.799999952316284,174.60000610351562,176.3000030517578,8.5,168.60000610351562,163.3000030517578,10.399999618530273,170.89999389648438,27.879724502563477,1.3229272365570068,1.428064227104187,0.7413876056671143,0.568332850933075,0.6293849349021912,18.792526245117188
158.8000030517578,158.1999969482422,140.8000030517578,156.1999969482422,177.10000610351562,2.5,177.8000030517578,4.199999809265137,174.3000030517578,157.5,25.0,168.8000030517578,165.6999969482422,9.100000381469727,174.1999969482422,30.270753860473633,1.326857566833496,1.4418195486068726,0.7333913445472717,0.5599871277809143,0.6323649287223816,19.668054580688477
157.10000610351562,158.39999389648438,144.60000610351562,158.0,173.10000610351562,13.199999809265137,174.60000610351562,1.399999976158142,171.6999969482422,172.39999389648438,5.5,169.0,165.89999389648438,7.099999904632568,170.89999389648438,27.805200576782227,1.3049896955490112,1.412099003791809,0.7131737470626831,0.5536248087882996,0.61744225025177,19.032899856567383
157.60000610351562,158.39999389648438,144.0,157.8000030517578,178.60000610351562,4.199999809265137,177.89999389648438,4.900000095367432,176.6999969482422,168.5,14.600000381469727,173.10000610351562,160.1999969482422,14.399999618530273,175.3000030517578,28.36781883239746,1.3037837743759155,1.3899273872375488,0.725330114364624,0.5497652292251587,0.6130681037902832,21.093734741210938
156.8000030517578,157.89999389648438,145.5,158.1999969482422,174.1999969482422,11.5,175.89999389648438,1.0,173.10000610351562,170.89999389648438,4.900000095367432,172.10000610351562,164.0,11.399999618530273,173.60000610351562,26.98697853088379,1.318585753440857,1.41692054271698,0.7177273631095886,0.5525883436203003,0.6159615516662598,19.583494186401367
158.0,157.3000030517578,144.8000030517578,157.8000030517578,176.8000030517578,10.0,174.8000030517578,1.0,173.39999389648438,168.1999969482422,6.800000190734863,171.1999969482422,165.1999969482422,10.899999618530273,172.1999969482422,27.97588348388672,1.3225489854812622,1.4245764017105103,0.7249317765235901,0.5587770342826843,0.623673141002655,19.7583065032959
156.8000030517578,157.39999389648438,150.5,158.10000610351562,175.6999969482422,12.199999809265137,174.3000030517578,1.399999976158142,170.8000030517578,169.1999969482422,6.5,171.3000030517578,163.0,12.199999809265137,173.39999389648438,26.42182159423828,1.3210396766662598,1.4118117094039917,0.7303580641746521,0.5631605386734009,0.6316486597061157,22.236146926879883
156.39999389648438,157.1999969482422,152.5,158.0,177.10000610351562,11.800000190734863,176.3000030517578,1.100000023841858,172.60000610351562,164.60000610351562,10.899999618530273,171.0,160.39999389648438,12.899999618530273,170.5,26.715370178222656,1.333740472793579,1.4365092515945435,0.7295061349868774,0.5688258409500122,0.6332260966300964,20.97500991821289
156.3000030517578,157.39999389648438,151.39999389648438,158.10000610351562,174.3000030517578,15.600000381469727,172.5,3.4000000953674316,169.8000030517578,155.89999389648438,20.700000762939453,166.6999969482422,166.60000610351562,5.5,167.10000610351562,26.087480545043945,1.330427646636963,1.428692102432251,0.7323998808860779,0.5661283135414124,0.6203177571296692,19.810365676879883
156.6999969482422,156.89999389648438,151.3000030517578,159.10000610351562,176.1999969482422,8.199999809265137,172.1999969482422,3.299999952316284,170.1999969482422,155.6999969482422,20.100000381469727,169.5,164.0,10.399999618530273,169.39999389648438,26.17289161682129,1.3247349262237549,1.4272472858428955,0.7317514419555664,0.5582132339477539,0.6293917298316956,19.51116943359375
156.0,159.10000610351562,150.60000610351562,156.89999389648438,176.3000030517578,8.5,172.8000030517578,3.799999952316284,170.10000610351562,175.8000030517578,2.0,168.6999969482422,163.89999389648438,12.5,173.10000610351562,27.013137817382812,1.32616126537323,1.421152949333191,0.7223395109176636,0.5568475127220154,0.6064324378967285,21.1177921295166
155.5,157.60000610351562,148.89999389648438,156.10000610351562,168.89999389648438,17.5,173.39999389648438,4.800000190734863,168.89999389648438,177.5,0.800000011920929,163.3000030517578,160.5,14.199999809265137,173.3000030517578,27.993431091308594,1.332036018371582,1.4440300464630127,0.727782666683197,0.5608336329460144,0.6192576289176941,19.153148651123047
157.0,158.1999969482422,149.5,156.6999969482422,175.1999969482422,10.199999809265137,177.60000610351562,0.6000000238418579,174.0,168.1999969482422,11.800000190734863,168.89999389648438,155.60000610351562,18.799999237060547,178.39999389648438,28.25197982788086,1.3331679105758667,1.423209309577942,0.7216678261756897,0.5553935766220093,0.5992400050163269,17.494293212890625
157.1999969482422,158.10000610351562,149.5,156.6999969482422,174.39999389648438,11.300000190734863,179.0,3.0,175.0,160.89999389648438,20.0,169.8000030517578,152.5,21.600000381469727,179.89999389648438,28.421911239624023,1.3351078033447266,1.4211665391921997,0.7321205139160156,0.5567551255226135,0.6020870804786682,16.107887268066406
156.6999969482422,157.5,148.8000030517578,156.5,173.0,9.699999809265137,177.5,3.0,175.60000610351562,161.89999389648438,21.299999237060547,174.89999389648438,152.3000030517578,22.899999618530273,179.39999389648438,27.857471466064453,1.329634189605713,1.4070919752120972,0.7373753786087036,0.552656888961792,0.5886890292167664,16.143701553344727
157.89999389648438,156.6999969482422,150.1999969482422,157.1999969482422,171.0,9.899999618530273,179.60000610351562,4.400000095367432,175.3000030517578,169.60000610351562,13.399999618530273,169.60000610351562,154.39999389648438,23.0,179.6999969482422,28.369596481323242,1.3273977041244507,1.4265978336334229,0.7497371435165405,0.5782138705253601,0.6122632622718811,15.756668090820312
157.39999389648438,156.60000610351562,151.3000030517578,157.0,171.39999389648438,14.199999809265137,179.10000610351562,1.100000023841858,173.89999389648438,173.10000610351562,7.900000095367432,169.89999389648438,156.5,18.299999237060547,179.60000610351562,27.97344207763672,1.3235470056533813,1.3946688175201416,0.7358537316322327,0.5619024038314819,0.6009412407875061,14.70678997039795
156.10000610351562,157.6999969482422,150.5,155.60000610351562,172.60000610351562,13.699999809265137,177.60000610351562,0.800000011920929,170.89999389648438,165.0,16.200000762939453,169.8000030517578,156.5,19.799999237060547,178.6999969482422,28.099393844604492,1.3338972330093384,1.3942404985427856,0.736181378364563,0.5593695640563965,0.594217836856842,15.198437690734863
158.10000610351562,154.6999969482422,153.39999389648438,156.6999969482422,166.6999969482422,20.0,176.60000610351562,0.20000000298023224,171.1999969482422,179.3000030517578,2.9000000953674316,169.89999389648438,155.3000030517578,20.799999237060547,174.6999969482422,28.59972381591797,1.316566824913025,1.3605910539627075,0.7430546879768372,0.5606337785720825,0.5790920257568359,12.44752311706543
157.89999389648438,155.6999969482422,149.39999389648438,156.89999389648438,165.1999969482422,20.0,176.1999969482422,0.20000000298023224,169.60000610351562,178.6999969482422,5.099999904632568,169.0,152.5,24.899999618530273,176.10000610351562,28.566415786743164,1.3185113668441772,1.394256353378296,0.7568398714065552,0.5785049796104431,0.5964945554733276,12.136900901794434
157.89999389648438,155.6999969482422,150.39999389648438,157.60000610351562,166.10000610351562,19.399999618530273,177.0,0.10000000149011612,169.6999969482422,175.3000030517578,7.300000190734863,169.3000030517578,155.6999969482422,22.600000381469727,176.8000030517578,28.059494018554688,1.306968331336975,1.3572770357131958,0.7330877780914307,0.5663377046585083,0.5817425847053528,11.20947551727295
157.8000030517578,155.39999389648438,150.5,156.89999389648438,167.0,18.700000762939453,177.5,1.7000000476837158,170.39999389648438,171.8000030517578,12.0,170.5,152.8000030517578,25.299999237060547,177.3000030517578,28.444337844848633,1.3132636547088623,1.3732752799987793,0.7519002556800842,0.5691584944725037,0.5745344758033752,11.396771430969238
157.39999389648438,156.1999969482422,149.89999389648438,155.5,168.5,18.200000762939453,175.60000610351562,1.7999999523162842,166.39999389648438,175.1999969482422,1.100000023841858,167.39999389648438,159.39999389648438,18.100000381469727,175.1999969482422,29.366640090942383,1.3183014392852783,1.3849776983261108,0.7519630789756775,0.581472635269165,0.6009758114814758,13.89714527130127
157.3000030517578,155.60000610351562,152.39999389648438,157.10000610351562,166.1999969482422,26.5,176.3000030517578,0.30000001192092896,169.3000030517578,172.10000610351562,3.799999952316284,164.39999389648438,155.8000030517578,22.200000762939453,175.8000030517578,28.30858039855957,1.3328458070755005,1.4271695613861084,0.7710143327713013,0.5921340584754944,0.6113497018814087,12.379178047180176
157.89999389648438,154.60000610351562,151.1999969482422,156.60000610351562,167.1999969482422,23.399999618530273,177.39999389648438,0.5,171.89999389648438,172.10000610351562,3.5999999046325684,166.3000030517578,151.39999389648438,25.5,173.60000610351562,29.139427185058594,1.3264936208724976,1.4087896347045898,0.7534599900245667,0.5810715556144714,0.5947047472000122,10.43516731262207
156.5,154.89999389648438,155.1999969482422,156.89999389648438,166.5,18.899999618530273,179.60000610351562,2.5999999046325684,172.1999969482422,177.8000030517578,2.5,170.60000610351562,151.10000610351562,25.5,176.10000610351562,27.600595474243164,1.3240455389022827,1.3931515216827393,0.7526718378067017,0.5879359245300293,0.6023720502853394,10.809757232666016
157.60000610351562,154.6999969482422,152.89999389648438,156.10000610351562,164.3000030517578,30.200000762939453,176.89999389648438,1.0,166.5,176.39999389648438,0.800000011920929,165.10000610351562,153.6999969482422,22.299999237060547,174.6999969482422,29.511919021606445,1.3230856657028198,1.4199970960617065,0.7560056447982788,0.5699756741523743,0.5987386703491211,12.860397338867188
156.8000030517578,154.89999389648438,154.3000030517578,157.39999389648438,167.10000610351562,24.299999237060547,178.39999389648438,2.799999952316284,169.5,176.39999389648438,6.900000095367432,167.0,153.0,25.399999618530273,178.5,28.625747680664062,1.3427484035491943,1.4583885669708252,0.775676965713501,0.5877923965454102,0.6260765194892883,12.063584327697754
157.1999969482422,155.0,155.5,156.39999389648438,166.60000610351562,26.799999237060547,179.6999969482422,1.5,168.60000610351562,171.10000610351562,12.199999809265137,164.60000610351562,150.89999389648438,26.600000381469727,174.89999389648438,29.24982452392578,1.3521078824996948,1.461613655090332,0.7862330675125122,0.5915058851242065,0.6256998777389526,12.565732955932617
156.3000030517578,155.39999389648438,153.89999389648438,155.60000610351562,169.0,22.299999237060547,179.0,2.5,170.6999969482422,170.8000030517578,11.5,166.89999389648438,149.0,25.899999618530273,174.10000610351562,28.251474380493164,1.3443796634674072,1.4293617010116577,0.7497512102127075,0.5692862272262573,0.6113644242286682,12.872074127197266
156.0,155.3000030517578,152.1999969482422,155.39999389648438,170.60000610351562,20.799999237060547,176.0,0.6000000238418579,169.6999969482422,179.3000030517578,3.200000047683716,166.3000030517578,152.60000610351562,23.5,173.0,29.439043045043945,1.3385292291641235,1.435598373413086,0.754840075969696,0.5650824308395386,0.6031105518341064,11.643755912780762
157.60000610351562,154.0,154.1999969482422,156.1999969482422,169.6999969482422,22.899999618530273,179.1999969482422,1.2999999523162842,168.1999969482422,176.60000610351562,0.30000001192092896,164.6999969482422,152.3000030517578,23.799999237060547,173.0,29.23414421081543,1.329094409942627,1.4160597324371338,0.7506188154220581,0.5607835054397583,0.5944381356239319,12.354893684387207
156.6999969482422,155.60000610351562,154.39999389648438,156.5,168.39999389648438,21.100000381469727,179.10000610351562,1.7999999523162842,169.8000030517578,174.10000610351562,1.100000023841858,167.39999389648438,158.10000610351562,20.799999237060547,176.3000030517578,29.131547927856445,1.3468055725097656,1.4652642011642456,0.7852354645729065,0.6041073799133301,0.6307819485664368,10.240701675415039
156.5,155.60000610351562,152.1999969482422,155.39999389648438,168.1999969482422,24.100000381469727,177.89999389648438,1.5,169.6999969482422,172.8000030517578,10.300000190734863,165.6999969482422,152.0,24.899999618530273,174.8000030517578,29.744400024414062,1.3401942253112793,1.453660488128662,0.7700717449188232,0.5772919654846191,0.6068954467773438,11.762213706970215
157.6999969482422,156.39999389648438,151.89999389648438,157.39999389648438,166.8000030517578,25.200000762939453,177.0,0.0,171.60000610351562,177.89999389648438,1.899999976158142,170.3000030517578,151.6999969482422,24.0,173.39999389648438,28.12455940246582,1.33414888381958,1.4355913400650024,0.760051965713501,0.5610175728797913,0.5942599177360535,12.20750904083252
159.39999389648438,154.89999389648438,150.0,154.39999389648438,172.60000610351562,20.100000381469727,175.5,0.4000000059604645,172.5,163.1999969482422,14.100000381469727,167.3000030517578,163.3000030517578,11.800000190734863,172.39999389648438,31.98478889465332,1.3312041759490967,1.4251748323440552,0.7407689094543457,0.5542786121368408,0.605207085609436,16.028879165649414
157.5,154.39999389648438,150.3000030517578,154.39999389648438,170.5,28.100000381469727,167.60000610351562,9.699999809265137,167.10000610351562,138.10000610351562,41.20000076293945,161.89999389648438,175.8000030517578,0.6000000238418579,167.3000030517578,30.89434242248535,1.3178715705871582,1.4044407606124878,0.70284104347229,0.5437430739402771,0.5917838215827942,15.118165969848633
156.0,155.8000030517578,150.1999969482422,152.0,170.1999969482422,23.399999618530273,168.3000030517578,9.0,168.5,130.60000610351562,48.599998474121094,162.5,177.0,2.299999952316284,173.89999389648438,31.89021873474121,1.3282164335250854,1.454826831817627,0.6970571875572205,0.5769510269165039,0.6488546133041382,18.73293113708496
157.3000030517578,155.8000030517578,152.0,153.8000030517578,164.3000030517578,32.20000076293945,166.89999389648438,10.800000190734863,167.89999389648438,135.89999389648438,42.5,161.3000030517578,179.3000030517578,0.699999988079071,171.1999969482422,30.62888526916504,1.3212593793869019,1.42853581905365,0.6942709684371948,0.5736644864082336,0.6211168169975281,18.66356658935547
158.0,154.10000610351562,154.89999389648438,155.39999389648438,164.39999389648438,33.0,171.5,5.400000095367432,169.1999969482422,144.10000610351562,33.0,164.89999389648438,170.5,8.399999618530273,175.0,29.91030502319336,1.311244010925293,1.4165842533111572,0.7130257487297058,0.5608359575271606,0.6062753796577454,16.81135368347168
156.0,156.1999969482422,148.89999389648438,155.60000610351562,166.60000610351562,26.200000762939453,174.60000610351562,2.4000000953674316,169.6999969482422,178.1999969482422,1.7999999523162842,163.3000030517578,157.8000030517578,20.700000762939453,177.39999389648438,29.271528244018555,1.3312550783157349,1.4599199295043945,0.723042368888855,0.5557910799980164,0.6026229858398438,16.8024959564209
156.1999969482422,157.3000030517578,151.0,156.39999389648438,169.6999969482422,22.600000381469727,176.39999389648438,0.6000000238418579,169.60000610351562,179.3000030517578,2.5999999046325684,165.1999969482422,154.8000030517578,22.899999618530273,177.8000030517578,28.916311264038086,1.3288437128067017,1.4683281183242798,0.741733193397522,0.5713208913803101,0.6209445595741272,17.75466537475586
156.8000030517578,155.1999969482422,150.3000030517578,155.8000030517578,170.89999389648438,19.299999237060547,179.8000030517578,1.100000023841858,168.39999389648438,138.0,41.79999923706055,163.3000030517578,152.10000610351562,23.600000381469727,176.39999389648438,29.893613815307617,1.321777105331421,1.4600396156311035,0.7381004691123962,0.5600293278694153,0.6046762466430664,17.856149673461914
157.0,154.89999389648438,154.0,156.5,171.6999969482422,18.200000762939453,177.60000610351562,0.0,165.1999969482422,90.30000305175781,90.9000015258789,160.39999389648438,148.3000030517578,26.600000381469727,173.89999389648438,29.497312545776367,1.3462271690368652,1.4766145944595337,0.7576630711555481,0.5688888430595398,0.5999751091003418,14.879497528076172
157.0,155.1999969482422,153.5,157.3000030517578,172.5,23.899999618530273,179.8000030517578,3.299999952316284,170.1999969482422,131.39999389648438,49.099998474121094,164.10000610351562,141.89999389648438,33.79999923706055,179.5,29.40782356262207,1.339392900466919,1.442335605621338,0.7337052226066589,0.536199152469635,0.5746554136276245,15.221038818359375
156.3000030517578,154.3000030517578,154.1999969482422,156.6999969482422,174.10000610351562,16.799999237060547,179.60000610351562,1.2000000476837158,168.39999389648438,173.5,8.600000381469727,164.89999389648438,146.8000030517578,28.0,177.89999389648438,29.409679412841797,1.3403010368347168,1.4356191158294678,0.7321907877922058,0.5415506958961487,0.5902034044265747,15.435357093811035
157.8000030517578,153.60000610351562,151.89999389648438,157.0,169.5,22.5,179.89999389648438,0.6000000238418579,166.89999389648438,160.1999969482422,19.0,161.8000030517578,151.10000610351562,23.5,176.1999969482422,30.199155807495117,1.3353042602539062,1.4970372915267944,0.7678048610687256,0.580651581287384,0.6276594996452332,16.580524444580078
156.60000610351562,154.60000610351562,151.39999389648438,156.89999389648438,170.0,21.799999237060547,177.5,0.699999988079071,168.89999389648438,176.89999389648438,1.7000000476837158,164.10000610351562,150.39999389648438,25.299999237060547,178.60000610351562,29.139101028442383,1.3377611637115479,1.460055947303772,0.7472102642059326,0.5579496622085571,0.595556914806366,14.68883228302002
156.3000030517578,155.39999389648438,150.39999389648438,156.0,171.3000030517578,17.600000381469727,178.60000610351562,0.6000000238418579,169.39999389648438,167.3000030517578,14.199999809265137,164.5,150.10000610351562,26.0,178.3000030517578,29.88702392578125,1.337392807006836,1.4676827192306519,0.7509843707084656,0.5591328144073486,0.6104146838188171,16.433149337768555
155.8000030517578,156.3000030517578,151.39999389648438,155.6999969482422,171.39999389648438,19.100000381469727,177.5,0.6000000238418579,166.10000610351562,127.80000305175781,53.29999923706055,161.6999969482422,153.89999389648438,23.700000762939453,177.89999389648438,30.01014518737793,1.338912844657898,1.486081838607788,0.7709080576896667,0.5795105695724487,0.6286013126373291,17.97356414794922
155.39999389648438,157.1999969482422,149.60000610351562,156.3000030517578,175.10000610351562,13.0,179.1999969482422,1.600000023841858,168.60000610351562,120.0,60.599998474121094,163.10000610351562,150.89999389648438,25.799999237060547,177.1999969482422,29.166650772094727,1.3355146646499634,1.4814056158065796,0.7640280723571777,0.5868436098098755,0.6388747692108154,17.13334083557129
156.39999389648438,154.89999389648438,152.60000610351562,157.0,169.5,25.5,175.89999389648438,1.7999999523162842,166.89999389648438,170.60000610351562,10.0,161.6999969482422,151.60000610351562,23.700000762939453,175.60000610351562,29.426414489746094,1.3404521942138672,1.4684078693389893,0.747020423412323,0.5502841472625732,0.5974733829498291,15.497224807739258
156.10000610351562,155.6999969482422,149.0,158.3000030517578,170.8000030517578,17.299999237060547,178.1999969482422,2.299999952316284,171.0,58.70000076293945,116.9000015258789,168.1999969482422,150.6999969482422,27.700000762939453,178.89999389648438,27.893335342407227,1.35142982006073,1.5334094762802124,0.7930619716644287,0.5865415334701538,0.6526463627815247,17.421825408935547
154.3000030517578,157.89999389648438,152.60000610351562,156.5,165.60000610351562,27.100000381469727,179.1999969482422,2.5999999046325684,165.1999969482422,136.8000030517578,45.900001525878906,164.6999969482422,147.10000610351562,32.79999923706055,179.0,28.357784271240234,1.3224362134933472,1.4585399627685547,0.7654471397399902,0.5629917979240417,0.6256189346313477,19.907014846801758
156.39999389648438,156.6999969482422,150.39999389648438,156.39999389648438,172.3000030517578,17.5,179.89999389648438,2.799999952316284,167.1999969482422,132.0,51.599998474121094,163.8000030517578,149.1999969482422,29.600000381469727,178.8000030517578,30.156038284301758,1.3366776704788208,1.507527470588684,0.7779421806335449,0.5802329778671265,0.6388224363327026,18.5906925201416
156.89999389648438,157.10000610351562,147.89999389648438,157.60000610351562,169.5,11.699999809265137,176.39999389648438,6.699999809265137,173.1999969482422,67.5,116.5,169.10000610351562,141.6999969482422,38.20000076293945,179.10000610351562,28.955150604248047,1.328752875328064,1.498198390007019,0.7964076399803162,0.5952429175376892,0.6632696986198425,20.32080078125
155.89999389648438,155.6999969482422,153.6999969482422,155.8000030517578,167.89999389648438,22.299999237060547,177.0,1.2999999523162842,164.3000030517578,8.300000190734863,167.6999969482422,164.0,150.3000030517578,28.899999618530273,176.5,30.08169174194336,1.3462857007980347,1.5253905057907104,0.8059555888175964,0.5915518999099731,0.6617554426193237,19.049142837524414
157.39999389648438,154.10000610351562,151.5,157.10000610351562,169.8000030517578,22.799999237060547,180.0,2.299999952316284,170.3000030517578,132.5,49.599998474121094,165.89999389648438,144.5,32.0,177.6999969482422,30.512474060058594,1.317935824394226,1.4720945358276367,0.7710984349250793,0.5657024383544922,0.6334841251373291,18.42116928100586
156.10000610351562,158.8000030517578,149.3000030517578,156.5,162.39999389648438,29.799999237060547,175.0,2.5,165.60000610351562,156.60000610351562,19.799999237060547,161.1999969482422,159.0,22.700000762939453,179.10000610351562,28.028827667236328,1.3231295347213745,1.4743789434432983,0.7921779751777649,0.6118342280387878,0.6592097878456116,18.603370666503906
155.60000610351562,157.10000610351562,152.3000030517578,157.5,167.0,30.0,175.39999389648438,2.0999999046325684,164.10000610351562,6.699999809265137,170.60000610351562,163.10000610351562,151.6999969482422,25.299999237060547,173.6999969482422,28.195573806762695,1.3442460298538208,1.518571138381958,0.7646682262420654,0.5817669034004211,0.6450805068016052,17.22895050048828
155.3000030517578,156.10000610351562,151.10000610351562,156.5,167.8000030517578,45.70000076293945,171.89999389648438,6.599999904632568,168.39999389648438,96.80000305175781,82.19999694824219,163.1999969482422,153.5,22.700000762939453,175.89999389648438,27.912290573120117,1.3527154922485352,1.5383323431015015,0.7426717281341553,0.561301052570343,0.6210503578186035,16.8736515045166
155.3000030517578,159.89999389648438,147.1999969482422,157.0,172.1999969482422,39.79999923706055,177.3000030517578,1.600000023841858,165.3000030517578,50.599998474121094,129.89999389648438,159.8000030517578,144.60000610351562,33.400001525878906,176.3000030517578,28.72140884399414,1.3416441679000854,1.546122431755066,0.7666763663291931,0.5875981450080872,0.650339663028717,16.96980094909668
154.8000030517578,153.5,153.8000030517578,155.5,159.60000610351562,60.400001525878906,166.89999389648438,13.0,160.0,135.0,41.20000076293945,165.60000610351562,165.10000610351562,13.199999809265137,172.6999969482422,29.37202262878418,1.3352690935134888,1.5098130702972412,0.768337070941925,0.5626906156539917,0.6346315145492554,16.188222885131836
154.8000030517578,156.1999969482422,149.6999969482422,153.6999969482422,157.6999969482422,63.79999923706055,162.3000030517578,18.299999237060547,159.89999389648438,111.0,67.0,156.60000610351562,171.3000030517578,8.0,174.10000610351562,28.608808517456055,1.3207995891571045,1.5011842250823975,0.7692289352416992,0.589979887008667,0.6499589085578918,19.341678619384766
154.89999389648438,155.39999389648438,150.60000610351562,155.3000030517578,155.60000610351562,64.5999984741211,164.3000030517578,14.399999618530273,164.3000030517578,111.30000305175781,66.4000015258789,159.5,159.3000030517578,18.5,172.39999389648438,27.982770919799805,1.3264784812927246,1.5203536748886108,0.7902887463569641,0.5900962352752686,0.6383273601531982,17.810161590576172
155.5,155.10000610351562,152.8000030517578,158.10000610351562,171.10000610351562,23.399999618530273,175.89999389648438,2.5999999046325684,172.0,176.89999389648438,4.300000190734863,170.1999969482422,160.8000030517578,11.399999618530273,176.10000610351562,26.723506927490234,1.3642081022262573,1.4526702165603638,0.69219571352005,0.506377637386322,0.56069016456604,14.77418327331543
154.3000030517578,156.1999969482422,151.3000030517578,158.8000030517578,177.0,4.300000190734863,177.10000610351562,6.800000190734863,177.8000030517578,118.0999984741211,62.400001525878906,174.6999969482422,148.89999389648438,24.5,179.60000610351562,25.283794403076172,1.3480809926986694,1.4963858127593994,0.6843255758285522,0.5233309268951416,0.5972470045089722,18.051692962646484
156.39999389648438,156.10000610351562,148.89999389648438,159.39999389648438,174.8000030517578,1.7999999523162842,171.60000610351562,13.5,179.0,95.5,86.19999694824219,178.5,140.5,34.79999923706055,171.1999969482422,26.52416229248047,1.3289399147033691,1.5175515413284302,0.7202122807502747,0.5459070801734924,0.6294097900390625,19.04230308532715
156.39999389648438,159.1999969482422,147.10000610351562,162.10000610351562,177.1999969482422,7.400000095367432,166.60000610351562,19.899999618530273,177.39999389648438,91.30000305175781,89.0,179.0,134.60000610351562,40.099998474121094,166.0,23.613937377929688,1.3206026554107666,1.5051612854003906,0.7211189270019531,0.5370767712593079,0.6301664710044861,19.925840377807617
155.10000610351562,157.5,151.1999969482422,161.3000030517578,176.89999389648438,6.800000190734863,165.6999969482422,20.200000762939453,176.10000610351562,99.69999694824219,80.19999694824219,173.1999969482422,128.39999389648438,43.29999923706055,161.6999969482422,23.58452796936035,1.3091779947280884,1.4693208932876587,0.701191246509552,0.5248546004295349,0.6039190292358398,19.342723846435547
156.0,156.8000030517578,150.39999389648438,160.60000610351562,178.8000030517578,7.5,163.60000610351562,22.5,177.1999969482422,80.30000305175781,99.30000305175781,177.10000610351562,120.5999984741211,50.70000076293945,168.60000610351562,24.496826171875,1.3190219402313232,1.4603056907653809,0.685446560382843,0.5201924443244934,0.6026289463043213,15.794856071472168
155.39999389648438,161.1999969482422,148.10000610351562,165.5,175.1999969482422,33.0,150.10000610351562,39.0,163.3000030517578,90.80000305175781,91.80000305175781,160.8000030517578,113.5,58.5,152.89999389648438,20.038644790649414,1.3100570440292358,1.469429850578308,0.7217690348625183,0.5474799275398254,0.6337563991546631,16.855440139770508
154.3000030517578,158.89999389648438,147.60000610351562,161.89999389648438,179.60000610351562,19.600000381469727,159.60000610351562,28.0,175.89999389648438,78.0999984741211,101.5999984741211,178.39999389648438,122.0999984741211,50.20000076293945,167.60000610351562,22.564870834350586,1.3304413557052612,1.5165611505508423,0.7145645022392273,0.5420541167259216,0.6496959924697876,20.71980857849121
155.10000610351562,157.1999969482422,149.1999969482422,162.6999969482422,176.10000610351562,0.6000000238418579,160.60000610351562,27.299999237060547,171.8000030517578,73.5999984741211,106.0999984741211,179.1999969482422,116.5999984741211,55.79999923706055,165.3000030517578,22.525232315063477,1.3307008743286133,1.4923453330993652,0.721462070941925,0.5520793199539185,0.6455578207969666,18.28972816467285
155.0,157.10000610351562,149.1999969482422,161.5,174.89999389648438,7.300000190734863,173.5,11.399999618530273,177.10000610351562,94.5,85.4000015258789,173.3000030517578,137.39999389648438,37.29999923706055,174.8000030517578,22.468313217163086,1.3402798175811768,1.4837397336959839,0.7050187587738037,0.5465205311775208,0.6280996203422546,17.5959415435791
154.60000610351562,156.0,150.10000610351562,155.5,178.3000030517578,1.600000023841858,178.89999389648438,7.099999904632568,170.1999969482422,26.0,156.1999969482422,166.0,144.6999969482422,29.399999618530273,173.10000610351562,28.967388153076172,1.3426644802093506,1.5332859754562378,0.7627063989639282,0.5852681994438171,0.672149121761322,20.7658748626709
155.3000030517578,155.5,152.39999389648438,157.1999969482422,178.39999389648438,6.099999904632568,177.1999969482422,8.300000190734863,170.60000610351562,35.79999923706055,145.39999389648438,161.6999969482422,140.1999969482422,35.099998474121094,176.3000030517578,28.038204193115234,1.3497134447097778,1.5360609292984009,0.7678492069244385,0.604487955570221,0.6714857220649719,20.247217178344727
155.8000030517578,155.60000610351562,151.10000610351562,158.5,173.8000030517578,4.599999904632568,174.89999389648438,10.0,170.1999969482422,28.299999237060547,153.8000030517578,163.1999969482422,145.39999389648438,33.599998474121094,176.0,27.613262176513672,1.3238677978515625,1.5226083993911743,0.7780585885047913,0.5995440483093262,0.6597551703453064,20.408525466918945
154.89999389648438,155.5,151.39999389648438,157.60000610351562,175.89999389648438,8.399999618530273,179.5,4.5,163.5,16.600000381469727,164.60000610351562,156.89999389648438,142.8000030517578,35.0,174.89999389648438,27.671226501464844,1.3342413902282715,1.5207628011703491,0.7701825499534607,0.5835952162742615,0.6450159549713135,20.762773513793945
155.8000030517578,156.8000030517578,147.0,158.3000030517578,172.5,10.399999618530273,176.6999969482422,8.100000381469727,169.89999389648438,28.5,150.39999389648438,158.10000610351562,136.3000030517578,39.20000076293945,172.89999389648438,26.726743698120117,1.3263697624206543,1.5101604461669922,0.7570860981941223,0.5861126184463501,0.6520035862922668,19.992734909057617
156.3000030517578,154.39999389648438,152.39999389648438,157.3000030517578,179.0,7.800000190734863,176.1999969482422,7.800000190734863,166.10000610351562,9.399999618530273,172.89999389648438,158.6999969482422,142.60000610351562,33.400001525878906,173.0,28.856538772583008,1.3330601453781128,1.5297799110412598,0.7764592170715332,0.5872650146484375,0.6634877920150757,19.33049774169922
155.8000030517578,156.10000610351562,150.60000610351562,159.10000610351562,176.89999389648438,8.0,178.60000610351562,4.0,162.89999389648438,6.699999809265137,175.60000610351562,157.6999969482422,150.1999969482422,28.299999237060547,178.3000030517578,26.677165985107422,1.3422293663024902,1.5255194902420044,0.7711306810379028,0.5973476767539978,0.6459546685218811,19.164073944091797
156.89999389648438,154.8000030517578,149.89999389648438,157.60000610351562,174.89999389648438,9.300000190734863,178.60000610351562,4.800000190734863,166.3000030517578,2.0,179.1999969482422,159.89999389648438,150.0,27.399999618530273,175.1999969482422,28.554786682128906,1.3358964920043945,1.5258690118789673,0.7752135396003723,0.5994583368301392,0.6644659638404846,20.325653076171875
157.1999969482422,154.39999389648438,151.89999389648438,158.0,175.0,13.300000190734863,178.3000030517578,6.0,168.0,11.5,171.39999389648438,162.1999969482422,149.5,28.299999237060547,175.6999969482422,28.667774200439453,1.3428504467010498,1.5204542875289917,0.7806593179702759,0.5885513424873352,0.6472575068473816,18.155044555664062
157.1999969482422,154.1999969482422,150.5,157.8000030517578,172.6999969482422,12.399999618530273,179.5,3.9000000953674316,166.39999389648438,11.399999618530273,171.1999969482422,158.8000030517578,152.1999969482422,26.299999237060547,174.0,28.773910522460938,1.3295475244522095,1.5276904106140137,0.788939893245697,0.6105108857154846,0.673576831817627,20.13431167602539
156.1999969482422,154.0,153.10000610351562,156.8000030517578,171.8000030517578,15.300000190734863,179.6999969482422,3.700000047683716,165.39999389648438,5.5,176.5,157.1999969482422,148.39999389648438,27.200000762939453,169.89999389648438,28.830810546875,1.3399746417999268,1.530186414718628,0.7720293402671814,0.5957033634185791,0.6605234146118164,20.257038116455078
157.5,155.10000610351562,149.60000610351562,158.3000030517578,170.3000030517578,15.699999809265137,179.39999389648438,3.299999952316284,167.6999969482422,2.799999952316284,179.5,159.0,149.10000610351562,28.600000381469727,174.39999389648438,28.680278778076172,1.3271145820617676,1.5459303855895996,0.8000290393829346,0.6278079152107239,0.6879737973213196,19.797182083129883
157.10000610351562,157.60000610351562,147.3000030517578,158.3000030517578,170.0,18.100000381469727,175.8000030517578,7.199999809265137,170.60000610351562,47.900001525878906,134.5,164.8000030517578,145.89999389648438,35.29999923706055,178.60000610351562,27.608400344848633,1.3265063762664795,1.4958560466766357,0.7836839556694031,0.6049389243125916,0.6564891338348389,19.003175735473633
155.39999389648438,158.3000030517578,150.39999389648438,156.8000030517578,170.60000610351562,28.299999237060547,170.5,7.400000095367432,164.3000030517578,99.80000305175781,76.9000015258789,161.1999969482422,158.6999969482422,17.5,171.10000610351562,28.198110580444336,1.3464479446411133,1.520859956741333,0.7898114919662476,0.588760495185852,0.656159520149231,19.378658294677734
155.10000610351562,156.89999389648438,150.8000030517578,157.5,159.8000030517578,54.29999923706055,167.60000610351562,12.0,164.5,147.1999969482422,32.900001525878906,158.0,159.89999389648438,17.100000381469727,175.60000610351562,26.1551513671875,1.3262592554092407,1.4782698154449463,0.7488974928855896,0.5622469782829285,0.6147582530975342,18.61448097229004
151.1999969482422,156.89999389648438,157.1999969482422,155.8000030517578,159.6999969482422,87.4000015258789,163.89999389648438,15.300000190734863,161.6999969482422,137.89999389648438,39.099998474121094,164.8000030517578,162.0,14.600000381469727,176.0,23.833118438720703,1.323195219039917,1.470845341682434,0.7255051136016846,0.5180531740188599,0.5810936689376831,17.895633697509766
149.3000030517578,154.89999389648438,160.1999969482422,154.10000610351562,160.89999389648438,86.4000015258789,160.8000030517578,20.5,156.89999389648438,132.89999389648438,45.599998474121094,163.39999389648438,171.60000610351562,4.400000095367432,171.10000610351562,24.756572723388672,1.3162024021148682,1.436830997467041,0.7080942392349243,0.5203979015350342,0.5792161822319031,15.477950096130371
148.3000030517578,156.0,164.6999969482422,155.1999969482422,158.6999969482422,108.19999694824219,160.1999969482422,24.899999618530273,155.3000030517578,129.6999969482422,48.900001525878906,162.6999969482422,170.60000610351562,6.300000190734863,172.10000610351562,22.138269424438477,1.306365966796875,1.4519157409667969,0.7065324783325195,0.5244565606117249,0.5787914395332336,16.370481491088867
151.0,155.89999389648438,162.8000030517578,156.60000610351562,152.10000610351562,94.5999984741211,156.5,25.799999237060547,154.10000610351562,122.19999694824219,56.29999923706055,157.1999969482422,171.5,2.9000000953674316,169.60000610351562,21.758398056030273,1.331414818763733,1.4616193771362305,0.7463257312774658,0.5499791502952576,0.5916962027549744,17.765729904174805
152.6999969482422,155.10000610351562,158.39999389648438,155.89999389648438,153.0,78.19999694824219,161.6999969482422,20.0,158.5,128.39999389648438,50.20000076293945,159.0,167.8000030517578,10.199999809265137,176.60000610351562,23.498098373413086,1.342185616493225,1.4887255430221558,0.7795185446739197,0.5979878306388855,0.6451666951179504,19.483415603637695
153.3000030517578,154.60000610351562,158.60000610351562,156.0,149.0,90.30000305175781,158.1999969482422,24.0,156.89999389648438,130.39999389648438,48.400001525878906,159.1999969482422,169.89999389648438,7.300000190734863,175.39999389648438,23.5965633392334,1.32588791847229,1.4622983932495117,0.7665285468101501,0.580190896987915,0.6291490197181702,19.098251342773438
151.0,155.8000030517578,159.1999969482422,157.0,158.10000610351562,92.19999694824219,158.1999969482422,22.799999237060547,157.89999389648438,120.5,57.20000076293945,160.5,175.3000030517578,0.800000011920929,171.60000610351562,22.641971588134766,1.3324443101882935,1.4787672758102417,0.7137262225151062,0.5263873338699341,0.5882578492164612,16.99919319152832
