150.0,146.8000030517578,144.0,165.8000030517578,167.8000030517578,176.10000610351562,178.8000030517578,172.89999389648438,175.0,172.6999969482422,16.899999618530273,170.3000030517578,155.3000030517578,46.099998474121094,149.5,22.882001876831055,1.1378358602523804,1.7110610008239746,1.8385344743728638,0.7831384539604187,0.7851466536521912,11.835753440856934
151.5,144.89999389648438,147.0,165.3000030517578,168.1999969482422,179.60000610351562,178.39999389648438,173.1999969482422,176.10000610351562,173.0,18.299999237060547,168.39999389648438,152.5,48.20000076293945,148.60000610351562,26.6851749420166,1.1603703498840332,1.7225779294967651,1.8524826765060425,0.8152328133583069,0.8084128499031067,12.169391632080078
153.10000610351562,145.6999969482422,143.5,166.6999969482422,167.6999969482422,176.1999969482422,177.1999969482422,172.39999389648438,175.60000610351562,172.5,19.5,168.3000030517578,151.6999969482422,49.599998474121094,148.0,24.471622467041016,1.1434218883514404,1.7135204076766968,1.858288288116455,0.8106300234794617,0.7897850871086121,10.715155601501465
155.8000030517578,148.1999969482422,142.1999969482422,165.6999969482422,169.0,175.60000610351562,176.39999389648438,170.8000030517578,174.60000610351562,169.1999969482422,21.899999618530273,167.3000030517578,153.8000030517578,45.20000076293945,147.3000030517578,25.972606658935547,1.1547504663467407,1.706598162651062,1.8531185388565063,0.8036841750144958,0.8001205325126648,12.289316177368164
154.1999969482422,147.89999389648438,143.5,166.1999969482422,169.3000030517578,173.6999969482422,177.8000030517578,174.1999969482422,177.0,172.5,17.700000762939453,168.10000610351562,153.0,47.29999923706055,146.10000610351562,22.169158935546875,1.1199140548706055,1.6966229677200317,1.8427482843399048,0.7596138119697571,0.7551009058952332,12.051324844360352
152.5,145.89999389648438,140.0,166.1999969482422,168.0,176.8000030517578,178.0,173.6999969482422,177.60000610351562,172.3000030517578,20.0,164.10000610351562,152.3000030517578,50.20000076293945,145.6999969482422,20.860876083374023,1.0942243337631226,1.7001874446868896,1.851237177848816,0.7653293609619141,0.7634294629096985,12.523691177368164
152.1999969482422,144.6999969482422,142.39999389648438,166.60000610351562,167.8000030517578,175.39999389648438,177.5,172.39999389648438,176.0,170.39999389648438,20.0,167.6999969482422,151.5,50.20000076293945,145.60000610351562,22.760452270507812,1.1180214881896973,1.7208223342895508,1.8646013736724854,0.7889171838760376,0.777542769908905,12.103714942932129
152.39999389648438,146.1999969482422,138.6999969482422,165.8000030517578,168.89999389648438,172.89999389648438,178.1999969482422,171.60000610351562,174.3000030517578,174.10000610351562,15.0,171.3000030517578,154.60000610351562,47.0,149.3000030517578,23.64336395263672,1.129315733909607,1.732420802116394,1.875895380973816,0.807448148727417,0.7977578043937683,11.330361366271973
152.0,145.6999969482422,138.89999389648438,165.5,168.5,173.89999389648438,179.5,172.60000610351562,174.60000610351562,174.5,15.199999809265137,169.10000610351562,154.89999389648438,46.900001525878906,148.6999969482422,21.55449867248535,1.1016955375671387,1.7126154899597168,1.8578988313674927,0.7680362462997437,0.7731251120567322,11.147616386413574
149.1999969482422,144.3000030517578,143.60000610351562,166.39999389648438,167.39999389648438,174.5,179.60000610351562,173.3000030517578,175.10000610351562,179.0,10.100000381469727,169.6999969482422,157.39999389648438,43.20000076293945,152.8000030517578,21.08670997619629,1.1104918718338013,1.7129381895065308,1.8432625532150269,0.7953499555587769,0.7734623551368713,9.153240203857422
147.6999969482422,145.0,143.6999969482422,165.1999969482422,167.8000030517578,174.5,179.8000030517578,174.10000610351562,176.39999389648438,178.5,10.199999809265137,168.89999389648438,156.5,41.5,152.39999389648438,21.243738174438477,1.099602460861206,1.6982905864715576,1.8390748500823975,0.786873996257782,0.7563464045524597,10.258031845092773
149.1999969482422,144.5,144.60000610351562,165.89999389648438,167.89999389648438,173.10000610351562,179.89999389648438,172.60000610351562,175.5,179.60000610351562,6.800000190734863,173.3000030517578,160.89999389648438,39.20000076293945,152.3000030517578,21.9283390045166,1.1178781986236572,1.7141057252883911,1.8492649793624878,0.7716594934463501,0.7666410207748413,9.52075481414795
148.6999969482422,143.3000030517578,145.0,166.10000610351562,167.10000610351562,171.6999969482422,179.89999389648438,173.60000610351562,178.10000610351562,177.1999969482422,5.199999809265137,171.5,160.1999969482422,40.400001525878906,153.0,18.74970245361328,1.0681589841842651,1.6832383871078491,1.8195842504501343,0.7381766438484192,0.7398276329040527,10.353065490722656
148.3000030517578,144.39999389648438,144.10000610351562,166.39999389648438,167.60000610351562,174.5,179.39999389648438,174.39999389648438,176.5,173.89999389648438,1.5,171.60000610351562,163.8000030517578,33.20000076293945,157.10000610351562,20.194536209106445,1.0993921756744385,1.7143385410308838,1.847918152809143,0.7614518404006958,0.7450410723686218,9.21816635131836
149.5,143.0,144.60000610351562,165.1999969482422,168.10000610351562,172.39999389648438,179.0,174.1999969482422,176.89999389648438,175.60000610351562,3.5,172.6999969482422,160.6999969482422,38.29999923706055,155.89999389648438,20.281808853149414,1.0831215381622314,1.6930134296417236,1.8277548551559448,0.737677276134491,0.74312424659729,10.879240036010742
150.60000610351562,144.89999389648438,141.6999969482422,165.60000610351562,168.39999389648438,172.89999389648438,178.89999389648438,173.39999389648438,175.60000610351562,175.6999969482422,3.9000000953674316,172.0,165.39999389648438,31.799999237060547,156.10000610351562,21.52312469482422,1.1086759567260742,1.7145648002624512,1.8430043458938599,0.7576327919960022,0.7695569396018982,11.395047187805176
152.0,145.5,139.5,165.10000610351562,167.89999389648438,176.3000030517578,179.89999389648438,170.89999389648438,173.6999969482422,178.1999969482422,4.400000095367432,176.5,164.60000610351562,33.599998474121094,154.89999389648438,25.052377700805664,1.120734453201294,1.7268202304840088,1.8369585275650024,0.7772981524467468,0.7979136109352112,13.663636207580566
150.1999969482422,146.60000610351562,142.3000030517578,167.10000610351562,168.5,173.89999389648438,178.60000610351562,174.39999389648438,179.0,174.39999389648438,16.100000381469727,167.6999969482422,157.8000030517578,40.79999923706055,153.0,22.175125122070312,1.1125141382217407,1.7117799520492554,1.8319333791732788,0.7458940744400024,0.7656852006912231,11.89023494720459
150.1999969482422,145.10000610351562,142.10000610351562,165.89999389648438,168.5,174.0,178.1999969482422,173.60000610351562,179.3000030517578,177.39999389648438,13.300000190734863,166.5,155.6999969482422,43.20000076293945,152.5,22.231101989746094,1.1218141317367554,1.724782943725586,1.8605711460113525,0.782956063747406,0.7692667841911316,10.451802253723145
149.5,146.3000030517578,140.89999389648438,166.5,167.8000030517578,174.6999969482422,178.3000030517578,172.10000610351562,176.6999969482422,172.89999389648438,13.699999809265137,171.3000030517578,155.8000030517578,44.20000076293945,148.60000610351562,22.769926071166992,1.1223582029342651,1.7346454858779907,1.8607062101364136,0.7716075778007507,0.7702705264091492,10.518916130065918
150.60000610351562,146.39999389648438,138.60000610351562,166.89999389648438,166.6999969482422,175.39999389648438,178.39999389648438,174.10000610351562,179.3000030517578,173.39999389648438,14.5,168.5,156.6999969482422,43.0,150.10000610351562,19.982187271118164,1.114924669265747,1.723153829574585,1.8536102771759033,0.7726473808288574,0.7726755738258362,10.429886817932129
155.1999969482422,149.0,139.5,166.60000610351562,168.10000610351562,173.3000030517578,177.39999389648438,171.8000030517578,177.3000030517578,172.3000030517578,17.0,172.60000610351562,158.89999389648438,41.400001525878906,154.0,25.214500427246094,1.1644550561904907,1.7203505039215088,1.8752119541168213,0.8206068277359009,0.8127661347389221,11.86124324798584
161.39999389648438,147.39999389648438,138.3000030517578,165.8000030517578,167.60000610351562,170.6999969482422,179.3000030517578,169.60000610351562,174.0,176.39999389648438,13.0,171.89999389648438,162.8000030517578,31.799999237060547,161.60000610351562,27.769418716430664,1.172110915184021,1.7115362882614136,1.8750262260437012,0.8261792063713074,0.8274463415145874,11.89953899383545
161.39999389648438,151.0,134.1999969482422,166.3000030517578,167.39999389648438,173.5,178.1999969482422,168.10000610351562,174.10000610351562,174.39999389648438,15.600000381469727,171.39999389648438,157.1999969482422,35.79999923706055,162.89999389648438,27.86195182800293,1.1545517444610596,1.7170509099960327,1.8851152658462524,0.7969716191291809,0.7903790473937988,11.4574556350708
161.60000610351562,148.0,133.5,166.3000030517578,168.39999389648438,172.0,178.5,169.3000030517578,174.39999389648438,173.5,16.600000381469727,172.89999389648438,158.0,41.400001525878906,153.39999389648438,28.15785026550293,1.136927604675293,1.7060774564743042,1.8651320934295654,0.8099164962768555,0.8119641542434692,13.463165283203125
164.1999969482422,147.3000030517578,130.3000030517578,165.6999969482422,168.10000610351562,172.3000030517578,178.60000610351562,169.0,173.1999969482422,170.6999969482422,19.600000381469727,173.3000030517578,157.89999389648438,40.099998474121094,155.10000610351562,31.18369483947754,1.141455054283142,1.7162665128707886,1.8861973285675049,0.8322848677635193,0.8380939960479736,14.08425521850586
169.6999969482422,148.1999969482422,115.4000015258789,163.60000610351562,169.60000610351562,171.3000030517578,179.5,170.10000610351562,172.39999389648438,176.0,14.300000190734863,174.10000610351562,158.60000610351562,39.900001525878906,155.5,36.0265998840332,1.0841553211212158,1.711910605430603,1.8678697347640991,0.8114610314369202,0.7975961565971375,13.896856307983398
168.0,146.89999389648438,118.4000015258789,164.39999389648438,168.1999969482422,172.6999969482422,179.89999389648438,169.6999969482422,172.3000030517578,172.8000030517578,16.799999237060547,173.89999389648438,157.89999389648438,41.70000076293945,151.60000610351562,33.47933578491211,1.079400897026062,1.6987810134887695,1.861734390258789,0.7867675423622131,0.8011905550956726,13.692915916442871
164.89999389648438,147.3000030517578,130.0,165.60000610351562,166.1999969482422,175.60000610351562,178.5,168.8000030517578,174.0,169.5,23.899999618530273,169.10000610351562,155.10000610351562,47.900001525878906,148.89999389648438,31.199125289916992,1.1244802474975586,1.7152535915374756,1.8818707466125488,0.7923283576965332,0.8169105052947998,16.73549461364746
157.1999969482422,147.0,134.89999389648438,166.0,169.1999969482422,171.39999389648438,178.5,169.6999969482422,175.60000610351562,168.6999969482422,21.899999618530273,171.39999389648438,145.39999389648438,56.5,147.0,24.924509048461914,1.084879755973816,1.7028284072875977,1.8606007099151611,0.7271780967712402,0.7350265979766846,12.69544506072998
156.89999389648438,149.60000610351562,140.10000610351562,167.1999969482422,168.0,171.8000030517578,177.3000030517578,168.5,175.3000030517578,167.5,23.5,171.6999969482422,146.39999389648438,57.20000076293945,146.0,23.7934513092041,1.1267482042312622,1.7094224691390991,1.8754518032073975,0.7286815047264099,0.7491008639335632,14.250805854797363
156.3000030517578,147.89999389648438,141.6999969482422,166.60000610351562,166.60000610351562,173.60000610351562,178.10000610351562,167.5,174.89999389648438,171.89999389648438,21.200000762939453,169.39999389648438,149.89999389648438,52.29999923706055,148.6999969482422,22.732852935791016,1.0946171283721924,1.6876935958862305,1.825176477432251,0.6808070540428162,0.7208422422409058,14.989825248718262
154.39999389648438,149.3000030517578,139.89999389648438,167.5,167.1999969482422,172.39999389648438,177.39999389648438,168.3000030517578,176.5,174.0,17.100000381469727,172.3000030517578,148.5,51.79999923706055,153.10000610351562,22.05996322631836,1.1233611106872559,1.7126234769821167,1.8481507301330566,0.6882990002632141,0.699384868144989,12.495484352111816
155.3000030517578,149.10000610351562,136.1999969482422,166.8000030517578,167.39999389648438,170.10000610351562,177.89999389648438,169.0,177.8000030517578,178.8000030517578,11.0,172.6999969482422,152.6999969482422,44.599998474121094,158.60000610351562,21.555953979492188,1.1163671016693115,1.720146656036377,1.8705341815948486,0.6775434613227844,0.6884939074516296,13.025813102722168
153.10000610351562,149.39999389648438,136.3000030517578,167.39999389648438,166.3000030517578,170.10000610351562,179.39999389648438,171.3000030517578,179.60000610351562,176.0,4.699999809265137,175.10000610351562,155.8000030517578,41.29999923706055,161.10000610351562,22.13856315612793,1.159986138343811,1.7428776025772095,1.8863552808761597,0.724709689617157,0.7111613750457764,10.244245529174805
152.3000030517578,148.10000610351562,137.39999389648438,166.6999969482422,166.5,170.1999969482422,179.10000610351562,170.60000610351562,179.8000030517578,174.10000610351562,2.700000047683716,175.60000610351562,156.1999969482422,39.20000076293945,163.1999969482422,23.179311752319336,1.1526081562042236,1.7437915802001953,1.8778839111328125,0.7366458177566528,0.7214155197143555,10.444330215454102
152.89999389648438,147.0,136.6999969482422,166.1999969482422,168.1999969482422,167.6999969482422,179.8000030517578,170.8000030517578,179.89999389648438,172.6999969482422,0.4000000059604645,175.8000030517578,160.3000030517578,32.599998474121094,166.5,23.145275115966797,1.147263526916504,1.7421138286590576,1.8803937435150146,0.7340511679649353,0.73756343126297,11.682219505310059
152.5,148.5,137.6999969482422,167.0,166.6999969482422,169.89999389648438,179.89999389648438,170.8000030517578,179.60000610351562,173.6999969482422,1.0,176.39999389648438,159.0,35.20000076293945,165.89999389648438,22.29144287109375,1.1413137912750244,1.7369275093078613,1.8701512813568115,0.7236285209655762,0.7209895253181458,10.845267295837402
152.10000610351562,148.8000030517578,137.8000030517578,166.60000610351562,168.0,170.6999969482422,179.89999389648438,171.1999969482422,179.89999389648438,176.0,2.299999952316284,176.60000610351562,157.6999969482422,35.400001525878906,165.10000610351562,21.963058471679688,1.1459630727767944,1.7431923151016235,1.8700178861618042,0.7222065925598145,0.7179329991340637,11.044907569885254
152.5,148.8000030517578,136.89999389648438,167.0,168.6999969482422,169.5,179.89999389648438,171.6999969482422,179.0,177.10000610351562,3.799999952316284,175.8000030517578,155.0,40.20000076293945,162.8000030517578,21.393220901489258,1.140374779701233,1.7377607822418213,1.8793503046035767,0.7304863929748535,0.721552312374115,11.570294380187988
153.3000030517578,149.6999969482422,137.89999389648438,165.1999969482422,168.5,171.89999389648438,179.39999389648438,170.1999969482422,178.3000030517578,178.1999969482422,8.5,174.10000610351562,154.8000030517578,40.79999923706055,164.3000030517578,25.109477996826172,1.1514276266098022,1.739531397819519,1.8789753913879395,0.7511623501777649,0.7445869445800781,13.95041275024414
153.89999389648438,149.1999969482422,136.10000610351562,166.39999389648438,169.10000610351562,169.3000030517578,179.10000610351562,171.6999969482422,178.6999969482422,175.6999969482422,12.899999618530273,173.39999389648438,153.6999969482422,43.599998474121094,157.3000030517578,21.771318435668945,1.1280523538589478,1.7209771871566772,1.8753174543380737,0.7296000719070435,0.7292748093605042,12.60411262512207
153.60000610351562,149.3000030517578,137.1999969482422,166.8000030517578,167.89999389648438,170.0,178.60000610351562,171.89999389648438,177.5,173.3000030517578,15.0,173.1999969482422,151.8000030517578,45.79999923706055,155.5,21.040977478027344,1.133703589439392,1.7182111740112305,1.8758420944213867,0.7260112166404724,0.7355784177780151,13.73221492767334
154.60000610351562,149.60000610351562,138.0,167.10000610351562,167.39999389648438,171.3000030517578,178.10000610351562,171.3000030517578,178.60000610351562,172.6999969482422,17.5,171.8000030517578,147.8000030517578,52.0,153.6999969482422,22.093029022216797,1.1348047256469727,1.7189133167266846,1.878121256828308,0.7178956270217896,0.7195690274238586,12.939325332641602
154.6999969482422,150.3000030517578,138.39999389648438,168.6999969482422,165.8000030517578,173.60000610351562,177.3000030517578,172.3000030517578,179.6999969482422,170.10000610351562,19.299999237060547,171.6999969482422,147.60000610351562,53.099998474121094,152.60000610351562,20.42689323425293,1.1333436965942383,1.7180976867675781,1.8765329122543335,0.7093493938446045,0.7140601873397827,11.83047103881836
154.10000610351562,150.89999389648438,139.1999969482422,168.10000610351562,167.1999969482422,172.6999969482422,177.3000030517578,171.1999969482422,178.5,169.10000610351562,21.700000762939453,171.60000610351562,146.89999389648438,56.099998474121094,150.0,21.05985450744629,1.133463740348816,1.71611750125885,1.8760960102081299,0.7312249541282654,0.7383219599723816,13.897994995117188
155.5,149.6999969482422,138.5,167.8000030517578,168.1999969482422,169.8000030517578,177.3000030517578,169.3000030517578,175.8000030517578,169.0,20.899999618530273,171.60000610351562,144.10000610351562,53.0,150.3000030517578,22.586048126220703,1.113853096961975,1.7033555507659912,1.8639644384384155,0.6961832046508789,0.7057430148124695,14.647514343261719
155.1999969482422,150.0,139.0,168.10000610351562,167.89999389648438,171.10000610351562,177.1999969482422,169.6999969482422,176.8000030517578,165.8000030517578,25.0,170.5,142.39999389648438,55.79999923706055,149.8000030517578,22.942623138427734,1.1172369718551636,1.711246371269226,1.86591374874115,0.7007021307945251,0.7047815918922424,13.678638458251953
156.60000610351562,152.39999389648438,135.39999389648438,168.60000610351562,169.0,169.39999389648438,176.8000030517578,170.89999389648438,179.1999969482422,161.60000610351562,30.100000381469727,170.8000030517578,140.0,58.29999923706055,154.8000030517578,23.042970657348633,1.1303664445877075,1.7325892448425293,1.9001165628433228,0.709846019744873,0.709308922290802,13.452447891235352
155.3000030517578,152.1999969482422,136.5,169.0,169.89999389648438,171.39999389648438,176.60000610351562,172.0,179.6999969482422,162.0,30.5,169.3000030517578,138.8000030517578,57.79999923706055,154.60000610351562,21.720266342163086,1.1244868040084839,1.734455943107605,1.8995850086212158,0.7067212462425232,0.6942850351333618,12.95897102355957
156.10000610351562,151.60000610351562,133.60000610351562,169.39999389648438,169.39999389648438,170.89999389648438,176.60000610351562,172.0,178.89999389648438,158.8000030517578,34.900001525878906,168.39999389648438,138.1999969482422,60.70000076293945,154.0,23.249813079833984,1.129210352897644,1.7468199729919434,1.914107322692871,0.7219181656837463,0.7073452472686768,13.68979263305664
155.39999389648438,151.39999389648438,134.5,169.8000030517578,169.0,171.3000030517578,176.10000610351562,171.0,179.1999969482422,156.6999969482422,35.20000076293945,171.0,138.39999389648438,60.400001525878906,152.10000610351562,20.838417053222656,1.1181243658065796,1.732702612876892,1.8974683284759521,0.7070302963256836,0.7001017332077026,13.762310028076172
155.39999389648438,151.60000610351562,132.60000610351562,169.39999389648438,170.60000610351562,169.3000030517578,176.89999389648438,172.60000610351562,179.6999969482422,159.10000610351562,34.20000076293945,169.6999969482422,136.60000610351562,61.099998474121094,153.39999389648438,21.69599723815918,1.1173769235610962,1.7383995056152344,1.9039217233657837,0.7037127017974854,0.6814960241317749,13.235965728759766
155.39999389648438,151.89999389648438,135.1999969482422,169.8000030517578,169.60000610351562,171.3000030517578,176.0,171.8000030517578,180.0,159.60000610351562,32.29999923706055,169.5,138.60000610351562,59.29999923706055,154.39999389648438,21.80525779724121,1.1354025602340698,1.7519207000732422,1.906114101409912,0.6912280917167664,0.6978317499160767,14.151351928710938
155.3000030517578,152.1999969482422,133.5,169.60000610351562,169.6999969482422,171.10000610351562,177.0,173.8000030517578,177.0,160.3000030517578,32.5,169.89999389648438,139.3000030517578,57.599998474121094,158.1999969482422,22.199726104736328,1.1298195123672485,1.757817268371582,1.9326252937316895,0.7128399014472961,0.6940356492996216,11.968868255615234
155.39999389648438,150.3000030517578,138.1999969482422,170.0,169.60000610351562,171.8000030517578,175.8000030517578,173.0,179.1999969482422,157.60000610351562,34.900001525878906,172.60000610351562,135.1999969482422,62.900001525878906,157.60000610351562,24.279767990112305,1.158776044845581,1.7514358758926392,1.9133034944534302,0.7217238545417786,0.702629566192627,11.502842903137207
155.39999389648438,150.1999969482422,133.6999969482422,169.10000610351562,169.60000610351562,172.60000610351562,176.3000030517578,173.39999389648438,178.39999389648438,154.60000610351562,37.099998474121094,172.5,135.0,61.400001525878906,159.0,25.610645294189453,1.1518959999084473,1.7576708793640137,1.9079748392105103,0.7200369238853455,0.7049727439880371,12.384068489074707
156.5,149.3000030517578,132.1999969482422,170.5,168.6999969482422,171.1999969482422,174.89999389648438,171.6999969482422,179.89999389648438,153.60000610351562,38.5,172.60000610351562,130.6999969482422,63.79999923706055,160.5,22.95454978942871,1.1315993070602417,1.7503021955490112,1.9143154621124268,0.6886876821517944,0.6719269156455994,12.453195571899414
155.5,150.5,133.10000610351562,169.6999969482422,169.3000030517578,170.5,175.89999389648438,172.8000030517578,177.8000030517578,157.39999389648438,35.099998474121094,172.0,135.10000610351562,60.70000076293945,160.89999389648438,24.68822479248047,1.1499803066253662,1.7570242881774902,1.906561255455017,0.7073022723197937,0.696597158908844,12.074212074279785
156.5,149.39999389648438,133.5,170.0,168.89999389648438,170.1999969482422,176.5,173.39999389648438,178.89999389648438,158.1999969482422,34.599998474121094,172.6999969482422,131.1999969482422,64.69999694824219,163.3000030517578,24.238906860351562,1.1556944847106934,1.7591522932052612,1.9162737131118774,0.7256335616111755,0.7053900957107544,11.1410493850708
157.60000610351562,150.10000610351562,133.0,169.6999969482422,167.89999389648438,173.89999389648438,175.5,172.60000610351562,178.1999969482422,157.1999969482422,36.099998474121094,170.6999969482422,138.1999969482422,57.099998474121094,164.39999389648438,25.12091827392578,1.1635609865188599,1.7569581270217896,1.914487600326538,0.7213655114173889,0.7125263214111328,11.546806335449219
157.5,149.10000610351562,131.8000030517578,170.0,169.0,171.1999969482422,175.1999969482422,171.1999969482422,178.39999389648438,152.5,39.29999923706055,173.0,132.39999389648438,61.79999923706055,161.6999969482422,24.160179138183594,1.1509463787078857,1.7483489513397217,1.901816487312317,0.7004183530807495,0.6955788135528564,11.620633125305176
157.3000030517578,149.1999969482422,131.6999969482422,170.3000030517578,169.0,171.8000030517578,174.5,171.39999389648438,178.39999389648438,151.8000030517578,41.099998474121094,171.10000610351562,130.1999969482422,63.79999923706055,161.60000610351562,23.609712600708008,1.1511781215667725,1.7522168159484863,1.907535433769226,0.6938803195953369,0.6882852911949158,12.191290855407715
157.3000030517578,149.10000610351562,132.10000610351562,169.3000030517578,168.89999389648438,170.8000030517578,175.89999389648438,171.10000610351562,178.3000030517578,158.10000610351562,33.29999923706055,173.89999389648438,135.5,58.70000076293945,162.0,24.664342880249023,1.1433947086334229,1.7541159391403198,1.9111350774765015,0.698473334312439,0.700186550617218,12.175374984741211
156.39999389648438,147.6999969482422,134.5,169.1999969482422,167.6999969482422,168.60000610351562,177.5,170.89999389648438,177.39999389648438,167.8000030517578,22.0,173.39999389648438,144.10000610351562,48.79999923706055,162.60000610351562,22.077896118164062,1.1300067901611328,1.7400110960006714,1.8921126127243042,0.6917017698287964,0.6965686678886414,11.615129470825195
156.5,148.89999389648438,133.39999389648438,169.0,168.10000610351562,167.10000610351562,178.5,171.1999969482422,177.6999969482422,175.0,14.5,175.6999969482422,145.89999389648438,49.5,163.0,22.91765594482422,1.132723093032837,1.7412047386169434,1.8965463638305664,0.7136571407318115,0.6902093887329102,11.09915542602539
155.10000610351562,149.60000610351562,135.0,168.1999969482422,167.3000030517578,167.60000610351562,179.5,170.3000030517578,176.89999389648438,174.89999389648438,15.0,173.10000610351562,146.3000030517578,49.900001525878906,161.39999389648438,23.08717155456543,1.1380925178527832,1.743284821510315,1.8926602602005005,0.732244610786438,0.7134699821472168,11.924368858337402
156.10000610351562,149.8000030517578,135.1999969482422,168.0,167.39999389648438,169.10000610351562,179.89999389648438,170.0,175.8000030517578,176.0,12.800000190734863,174.39999389648438,149.8000030517578,48.400001525878906,159.6999969482422,22.695680618286133,1.1246659755706787,1.7220416069030762,1.8753606081008911,0.720394492149353,0.7095974087715149,11.850407600402832
156.8000030517578,147.8000030517578,139.6999969482422,165.6999969482422,166.39999389648438,172.60000610351562,178.60000610351562,168.60000610351562,174.5,173.60000610351562,1.600000023841858,177.89999389648438,161.39999389648438,36.099998474121094,164.1999969482422,26.458698272705078,1.157292127609253,1.7411150932312012,1.874703049659729,0.7567852735519409,0.75515216588974,12.775030136108398
155.5,148.60000610351562,138.60000610351562,165.60000610351562,167.60000610351562,169.39999389648438,178.8000030517578,170.3000030517578,176.6999969482422,174.1999969482422,3.0999999046325684,174.8000030517578,159.60000610351562,35.5,163.5,26.23202896118164,1.157118558883667,1.744647741317749,1.887205719947815,0.7546080350875854,0.7392891049385071,11.092964172363281
155.0,148.39999389648438,137.89999389648438,165.5,167.60000610351562,168.10000610351562,179.10000610351562,170.10000610351562,175.39999389648438,176.0,2.5,179.0,159.5,36.79999923706055,162.60000610351562,25.2000732421875,1.1278648376464844,1.7268290519714355,1.8711580038070679,0.7393958568572998,0.7287492752075195,11.07405948638916
154.8000030517578,147.39999389648438,139.39999389648438,165.0,165.8000030517578,168.10000610351562,179.1999969482422,167.0,174.89999389648438,174.6999969482422,1.5,179.6999969482422,161.10000610351562,27.700000762939453,171.60000610351562,27.546051025390625,1.1655648946762085,1.7584363222122192,1.8796939849853516,0.7562583088874817,0.7369821667671204,8.643378257751465
158.3000030517578,143.60000610351562,137.0,163.6999969482422,165.8000030517578,169.5,176.60000610351562,170.89999389648438,176.39999389648438,165.6999969482422,4.300000190734863,176.89999389648438,171.10000610351562,21.600000381469727,171.3000030517578,30.35442352294922,1.1873661279678345,1.7601511478424072,1.9039204120635986,0.7639124989509583,0.7744607925415039,10.099379539489746
156.60000610351562,143.6999969482422,138.10000610351562,162.8000030517578,164.0,169.0,176.1999969482422,168.10000610351562,175.3000030517578,164.89999389648438,9.5,178.39999389648438,166.8000030517578,24.700000762939453,167.1999969482422,29.668441772460938,1.1514332294464111,1.752671480178833,1.8961888551712036,0.7555035948753357,0.7371970415115356,9.794801712036133
156.8000030517578,144.89999389648438,135.39999389648438,163.60000610351562,163.8000030517578,165.1999969482422,177.5,163.5,173.8000030517578,159.60000610351562,10.699999809265137,178.3000030517578,167.10000610351562,24.5,172.39999389648438,25.054689407348633,1.0921318531036377,1.697327971458435,1.8530341386795044,0.6874719262123108,0.6769631505012512,11.189275741577148
154.8000030517578,146.10000610351562,137.0,162.60000610351562,167.0,168.0,177.10000610351562,169.3000030517578,176.0,171.5,0.10000000149011612,178.8000030517578,160.5,33.0,164.89999389648438,28.737154006958008,1.137700080871582,1.7358888387680054,1.8725337982177734,0.74406498670578,0.7260701060295105,11.356937408447266
153.3000030517578,148.39999389648438,141.60000610351562,165.5,167.10000610351562,170.39999389648438,179.0,170.60000610351562,176.3000030517578,179.39999389648438,9.100000381469727,175.60000610351562,150.8000030517578,44.900001525878906,158.8000030517578,24.547426223754883,1.1486399173736572,1.7354490756988525,1.8773807287216187,0.7414502501487732,0.7158102989196777,11.148234367370605
154.6999969482422,150.10000610351562,135.1999969482422,167.0,167.89999389648438,175.0,179.5,173.39999389648438,177.89999389648438,170.10000610351562,19.5,174.1999969482422,150.0,46.400001525878906,160.5,26.384296417236328,1.1522501707077026,1.772964596748352,1.9400948286056519,0.7514252662658691,0.7246973514556885,11.357695579528809
157.10000610351562,148.60000610351562,135.1999969482422,166.60000610351562,168.39999389648438,172.60000610351562,178.5,173.1999969482422,179.39999389648438,168.6999969482422,21.200000762939453,174.89999389648438,150.8000030517578,44.900001525878906,160.3000030517578,28.554079055786133,1.1700561046600342,1.7579902410507202,1.9251000881195068,0.7777224183082581,0.7567777633666992,11.218307495117188
158.3000030517578,148.39999389648438,133.10000610351562,167.5,167.1999969482422,169.5,178.60000610351562,169.60000610351562,176.1999969482422,171.0,18.100000381469727,177.5,150.0,43.29999923706055,161.60000610351562,28.7303466796875,1.1512839794158936,1.7576005458831787,1.9194172620773315,0.762035608291626,0.7513542175292969,13.397868156433105
158.1999969482422,147.89999389648438,134.39999389648438,166.0,168.10000610351562,169.1999969482422,179.5,170.5,175.39999389648438,170.8000030517578,18.299999237060547,176.10000610351562,149.5,44.79999923706055,161.10000610351562,29.558006286621094,1.162668228149414,1.7540379762649536,1.908542513847351,0.7625336647033691,0.7484139800071716,12.44201946258545
157.0,149.10000610351562,132.89999389648438,168.1999969482422,169.10000610351562,170.89999389648438,177.10000610351562,172.8000030517578,178.3000030517578,161.6999969482422,27.600000381469727,174.6999969482422,145.39999389648438,50.400001525878906,156.1999969482422,26.553133010864258,1.1446679830551147,1.7586863040924072,1.9145231246948242,0.7544868588447571,0.7466585636138916,12.224289894104004
157.1999969482422,149.8000030517578,131.6999969482422,167.39999389648438,170.10000610351562,169.39999389648438,177.1999969482422,171.3000030517578,177.3000030517578,159.39999389648438,31.200000762939453,174.89999389648438,139.3000030517578,54.900001525878906,160.3000030517578,27.07924461364746,1.1519317626953125,1.7540063858032227,1.8894554376602173,0.7255544662475586,0.7096390128135681,9.70858097076416
158.6999969482422,147.0,133.39999389648438,168.39999389648438,168.60000610351562,170.89999389648438,176.3000030517578,171.3000030517578,177.39999389648438,152.39999389648438,39.099998474121094,173.39999389648438,122.19999694824219,73.80000305175781,156.5,25.612459182739258,1.1439337730407715,1.732558250427246,1.8792237043380737,0.710320234298706,0.6667256951332092,11.097972869873047
158.60000610351562,149.6999969482422,132.5,168.0,169.60000610351562,167.3000030517578,177.0,169.89999389648438,176.0,156.39999389648438,33.20000076293945,175.5,140.0,54.5,158.8000030517578,28.66325569152832,1.1554558277130127,1.7547816038131714,1.905150055885315,0.7310818433761597,0.7251817584037781,11.989114761352539
158.6999969482422,146.60000610351562,133.8000030517578,168.5,166.3000030517578,169.0,178.1999969482422,171.1999969482422,179.10000610351562,171.5,17.700000762939453,174.5,148.0,46.5,161.0,27.50697135925293,1.138126015663147,1.7585115432739258,1.9204965829849243,0.7366735339164734,0.7200214862823486,11.499423027038574
155.60000610351562,148.60000610351562,137.1999969482422,167.5,167.3000030517578,170.8000030517578,179.89999389648438,172.0,179.5,175.8000030517578,10.5,175.6999969482422,153.3000030517578,40.20000076293945,162.39999389648438,27.678699493408203,1.162610650062561,1.7701025009155273,1.927339792251587,0.7767011523246765,0.7472342848777771,10.446001052856445
156.8000030517578,148.10000610351562,137.39999389648438,167.1999969482422,167.1999969482422,171.39999389648438,179.5,169.10000610351562,175.6999969482422,178.39999389648438,9.300000190734863,174.89999389648438,154.8000030517578,38.70000076293945,163.5,25.915367126464844,1.1359308958053589,1.737582802772522,1.8931561708450317,0.7674508690834045,0.7526564598083496,12.12937068939209
154.6999969482422,147.6999969482422,139.60000610351562,166.39999389648438,168.0,171.89999389648438,178.39999389648438,172.0,177.0,179.10000610351562,8.199999809265137,174.89999389648438,156.1999969482422,40.70000076293945,160.5,24.828859329223633,1.1393681764602661,1.735503911972046,1.8884246349334717,0.7724018096923828,0.7463010549545288,8.515788078308105
155.1999969482422,148.1999969482422,140.5,165.6999969482422,168.1999969482422,169.60000610351562,177.5,170.0,174.10000610351562,178.0,4.0,177.0,157.8000030517578,35.900001525878906,163.89999389648438,25.612581253051758,1.1537326574325562,1.7376923561096191,1.882840871810913,0.7803377509117126,0.7762521505355835,10.633672714233398
154.1999969482422,147.10000610351562,140.60000610351562,163.6999969482422,170.10000610351562,171.60000610351562,178.5,170.1999969482422,173.0,178.6999969482422,8.100000381469727,173.0,156.5,37.099998474121094,159.60000610351562,26.21341323852539,1.1182281970977783,1.7095932960510254,1.8628562688827515,0.7630324363708496,0.757255494594574,13.452645301818848
153.89999389648438,150.0,140.5,163.39999389648438,169.6999969482422,171.3000030517578,177.89999389648438,169.89999389648438,174.1999969482422,177.39999389648438,6.199999809265137,171.3000030517578,156.39999389648438,38.0,154.8000030517578,23.897417068481445,1.1077088117599487,1.6779775619506836,1.8140735626220703,0.7221460938453674,0.7377523183822632,13.032157897949219
153.5,149.39999389648438,140.0,164.39999389648438,168.89999389648438,170.3000030517578,178.6999969482422,169.3000030517578,173.1999969482422,178.5,8.199999809265137,174.39999389648438,154.3000030517578,43.0,157.39999389648438,24.203006744384766,1.107132911682129,1.6844291687011719,1.8112177848815918,0.7476872801780701,0.7359007596969604,12.0016450881958
153.3000030517578,145.60000610351562,143.89999389648438,163.1999969482422,166.1999969482422,170.60000610351562,177.3000030517578,168.8000030517578,170.60000610351562,174.6999969482422,0.30000001192092896,179.0,159.39999389648438,35.29999923706055,160.39999389648438,26.075225830078125,1.1306848526000977,1.703109860420227,1.836692452430725,0.756305992603302,0.7162598371505737,7.5146613121032715
154.5,145.5,140.60000610351562,163.5,166.1999969482422,168.0,177.6999969482422,169.0,174.89999389648438,173.39999389648438,1.7999999523162842,177.0,157.8000030517578,37.5,160.1999969482422,25.865699768066406,1.1021487712860107,1.6869984865188599,1.808767318725586,0.7225648164749146,0.6911076307296753,8.581278800964355
153.5,146.89999389648438,140.6999969482422,162.3000030517578,167.89999389648438,167.8000030517578,177.89999389648438,167.1999969482422,173.60000610351562,175.8000030517578,2.700000047683716,177.10000610351562,158.5,35.5,159.60000610351562,25.75815773010254,1.0991506576538086,1.675158977508545,1.7923651933670044,0.718715488910675,0.6957670450210571,9.453553199768066
154.6999969482422,144.3000030517578,142.60000610351562,162.5,164.5,168.89999389648438,177.60000610351562,164.6999969482422,174.0,172.10000610351562,1.0,177.8000030517578,158.8000030517578,36.400001525878906,161.0,27.301292419433594,1.0967572927474976,1.6634517908096313,1.7917261123657227,0.7257513999938965,0.6990744471549988,9.285338401794434
156.3000030517578,144.0,137.8000030517578,163.89999389648438,164.39999389648438,165.89999389648438,177.89999389648438,164.6999969482422,177.3000030517578,170.5,1.100000023841858,179.6999969482422,159.6999969482422,37.0,161.60000610351562,27.40984535217285,1.078075647354126,1.6620581150054932,1.793236494064331,0.7077284455299377,0.6892076134681702,9.992862701416016
155.0,144.6999969482422,136.39999389648438,162.10000610351562,165.39999389648438,166.10000610351562,177.3000030517578,166.39999389648438,176.5,172.1999969482422,1.899999976158142,176.0,157.3000030517578,40.20000076293945,158.0,26.858501434326172,1.0567830801010132,1.6433184146881104,1.7734824419021606,0.6927037835121155,0.679591715335846,11.344619750976562
155.10000610351562,145.3000030517578,137.0,162.1999969482422,166.10000610351562,165.5,177.89999389648438,163.8000030517578,173.8000030517578,172.0,0.30000001192092896,179.60000610351562,158.5,37.29999923706055,159.8000030517578,27.4793643951416,1.0699772834777832,1.6472893953323364,1.7778511047363281,0.6948320865631104,0.6800278425216675,10.83443832397461
155.6999969482422,145.10000610351562,135.89999389648438,162.3000030517578,166.8000030517578,165.1999969482422,177.89999389648438,166.3000030517578,174.1999969482422,174.39999389648438,2.0,178.10000610351562,157.0,41.70000076293945,155.39999389648438,27.19361686706543,1.0715725421905518,1.6558200120925903,1.7982444763183594,0.7094098925590515,0.6901374459266663,10.395905494689941
156.89999389648438,143.3000030517578,136.6999969482422,162.39999389648438,164.60000610351562,167.39999389648438,176.1999969482422,167.8000030517578,176.0,171.1999969482422,0.6000000238418579,177.8000030517578,161.0,38.20000076293945,157.6999969482422,27.59663963317871,1.0719057321548462,1.6601375341415405,1.7907594442367554,0.7060582041740417,0.6910890340805054,10.143603324890137
153.8000030517578,145.10000610351562,139.89999389648438,161.60000610351562,166.60000610351562,167.0,176.8000030517578,167.10000610351562,175.6999969482422,171.6999969482422,0.800000011920929,176.39999389648438,158.8000030517578,42.0,154.60000610351562,27.187103271484375,1.0930544137954712,1.6796573400497437,1.8093076944351196,0.7413619756698608,0.7091636061668396,9.533502578735352
154.8000030517578,146.1999969482422,137.3000030517578,160.5,164.89999389648438,168.60000610351562,175.6999969482422,165.89999389648438,172.3000030517578,172.89999389648438,0.20000000298023224,179.39999389648438,161.0,35.70000076293945,160.89999389648438,27.97400665283203,1.0828529596328735,1.6513904333114624,1.7815680503845215,0.6906909346580505,0.6846963167190552,10.441314697265625
154.1999969482422,146.1999969482422,140.6999969482422,162.60000610351562,166.1999969482422,169.89999389648438,176.6999969482422,167.5,175.39999389648438,171.89999389648438,0.8999999761581421,175.10000610351562,160.10000610351562,32.099998474121094,162.8000030517578,27.89042091369629,1.1010997295379639,1.6825330257415771,1.7998249530792236,0.7187950015068054,0.6861348152160645,10.831570625305176
152.1999969482422,149.1999969482422,139.6999969482422,163.3000030517578,165.8000030517578,168.6999969482422,177.89999389648438,167.1999969482422,173.0,177.39999389648438,5.400000095367432,179.8000030517578,157.10000610351562,39.599998474121094,161.3000030517578,26.273832321166992,1.1407209634780884,1.7149866819381714,1.8284251689910889,0.7529737949371338,0.7217524647712708,9.202352523803711
152.3000030517578,149.10000610351562,142.10000610351562,164.60000610351562,168.39999389648438,169.60000610351562,179.3000030517578,168.39999389648438,176.0,179.39999389648438,6.599999904632568,179.3000030517578,152.8000030517578,40.599998474121094,160.0,25.05115509033203,1.1385600566864014,1.7159652709960938,1.837038516998291,0.7437525987625122,0.7191342115402222,11.024921417236328
153.89999389648438,146.39999389648438,142.8000030517578,165.1999969482422,168.5,170.6999969482422,179.0,169.60000610351562,172.6999969482422,179.8000030517578,5.099999904632568,177.1999969482422,155.0,37.20000076293945,158.8000030517578,24.427947998046875,1.1263928413391113,1.713977336883545,1.8533082008361816,0.7465284466743469,0.7470687627792358,12.657829284667969
152.6999969482422,148.89999389648438,138.1999969482422,167.8000030517578,167.89999389648438,172.39999389648438,179.10000610351562,172.60000610351562,178.0,175.1999969482422,12.600000381469727,176.60000610351562,149.6999969482422,48.400001525878906,155.1999969482422,21.886640548706055,1.1147589683532715,1.7243776321411133,1.8743873834609985,0.7250209450721741,0.7022314667701721,10.736224174499512
152.1999969482422,147.3000030517578,139.1999969482422,168.60000610351562,170.39999389648438,173.3000030517578,178.0,174.0,179.39999389648438,171.5,16.200000762939453,173.5,147.39999389648438,51.0,152.89999389648438,20.900253295898438,1.1134817600250244,1.7433866262435913,1.8880162239074707,0.711898922920227,0.7018089890480042,11.45637035369873
151.8000030517578,147.10000610351562,138.1999969482422,168.39999389648438,169.8000030517578,173.10000610351562,178.39999389648438,176.60000610351562,179.3000030517578,173.89999389648438,15.100000381469727,174.3000030517578,150.89999389648438,50.0,156.10000610351562,20.996252059936523,1.1334995031356812,1.741970419883728,1.8900277614593506,0.7440145015716553,0.7245596051216125,8.360760688781738
153.8000030517578,149.0,134.0,169.1999969482422,170.60000610351562,174.89999389648438,178.10000610351562,176.60000610351562,178.60000610351562,166.6999969482422,20.0,174.6999969482422,150.60000610351562,47.0,156.39999389648438,22.690610885620117,1.1223628520965576,1.7637604475021362,1.918648362159729,0.7469198107719421,0.7364420890808105,10.851348876953125
153.10000610351562,149.1999969482422,135.5,168.8000030517578,171.0,173.6999969482422,177.89999389648438,176.3000030517578,178.10000610351562,169.60000610351562,17.600000381469727,173.8000030517578,151.1999969482422,43.70000076293945,158.39999389648438,22.421293258666992,1.1375141143798828,1.7623271942138672,1.9184143543243408,0.7401414513587952,0.7414164543151855,12.06116008758545
153.1999969482422,150.10000610351562,133.60000610351562,169.1999969482422,170.39999389648438,175.8000030517578,177.8000030517578,177.5,177.0,168.89999389648438,18.600000381469727,174.0,149.89999389648438,46.099998474121094,156.5,23.23910903930664,1.1419641971588135,1.7745084762573242,1.9258123636245728,0.7427788972854614,0.7253212928771973,10.890918731689453
154.89999389648438,150.0,135.39999389648438,169.39999389648438,168.8000030517578,174.8000030517578,177.1999969482422,175.10000610351562,178.1999969482422,167.39999389648438,19.5,174.5,150.10000610351562,43.79999923706055,160.5,24.420631408691406,1.1637077331542969,1.768423318862915,1.9277020692825317,0.7520044445991516,0.7342135906219482,10.822693824768066
156.3000030517578,151.0,134.3000030517578,168.89999389648438,166.8000030517578,174.5,177.3000030517578,173.39999389648438,179.0,168.10000610351562,22.100000381469727,171.6999969482422,145.6999969482422,50.0,156.6999969482422,25.364904403686523,1.1663358211517334,1.7585393190383911,1.928876519203186,0.764631450176239,0.7503174543380737,13.038325309753418
156.0,151.5,131.3000030517578,168.5,169.1999969482422,173.6999969482422,177.60000610351562,172.89999389648438,179.60000610351562,170.10000610351562,19.0,173.6999969482422,146.8000030517578,47.0,159.6999969482422,23.974416732788086,1.1410443782806396,1.7579971551895142,1.9212790727615356,0.7436866164207458,0.7145916223526001,9.908974647521973
156.39999389648438,151.10000610351562,133.3000030517578,168.60000610351562,168.89999389648438,170.60000610351562,177.3000030517578,173.10000610351562,178.89999389648438,168.10000610351562,19.200000762939453,175.1999969482422,149.8000030517578,47.79999923706055,154.6999969482422,24.650917053222656,1.1543234586715698,1.7590558528900146,1.9298551082611084,0.7614806890487671,0.7479104995727539,11.693608283996582
155.0,148.60000610351562,134.60000610351562,169.39999389648438,169.0,173.8000030517578,177.3000030517578,174.39999389648438,179.60000610351562,170.10000610351562,16.799999237060547,173.1999969482422,150.3000030517578,46.70000076293945,152.6999969482422,22.172090530395508,1.1289318799972534,1.7536942958831787,1.9193406105041504,0.7492576241493225,0.7469820976257324,12.889174461364746
153.8000030517578,152.10000610351562,133.10000610351562,169.10000610351562,171.60000610351562,171.89999389648438,176.6999969482422,176.0,178.6999969482422,169.3000030517578,20.600000381469727,171.6999969482422,149.6999969482422,46.79999923706055,152.5,24.237335205078125,1.142390489578247,1.7645076513290405,1.904823660850525,0.741971492767334,0.7406542301177979,12.937752723693848
155.1999969482422,151.89999389648438,133.60000610351562,171.10000610351562,170.89999389648438,169.60000610351562,176.1999969482422,176.39999389648438,177.39999389648438,166.1999969482422,22.5,174.6999969482422,147.3000030517578,48.70000076293945,153.5,24.311504364013672,1.1546995639801025,1.7667787075042725,1.916736364364624,0.7493405342102051,0.7445056438446045,10.859272956848145
155.5,150.1999969482422,135.5,169.39999389648438,170.89999389648438,169.10000610351562,177.39999389648438,174.3000030517578,180.0,166.1999969482422,21.700000762939453,173.5,149.5,47.0,153.6999969482422,22.752897262573242,1.139447808265686,1.7601755857467651,1.9212706089019775,0.7323154211044312,0.7375401258468628,11.210749626159668
156.3000030517578,149.10000610351562,133.5,169.10000610351562,168.60000610351562,172.6999969482422,176.8000030517578,173.0,179.6999969482422,169.6999969482422,18.399999618530273,173.60000610351562,148.6999969482422,49.599998474121094,154.89999389648438,23.43017578125,1.1389936208724976,1.7671388387680054,1.9283076524734497,0.7586966753005981,0.7391847372055054,11.571136474609375
154.6999969482422,150.39999389648438,137.39999389648438,168.3000030517578,171.10000610351562,171.10000610351562,177.6999969482422,173.89999389648438,179.8000030517578,169.60000610351562,17.899999618530273,171.5,147.0,48.400001525878906,154.1999969482422,23.975345611572266,1.1441853046417236,1.7501734495162964,1.9016021490097046,0.7481778860092163,0.7460871338844299,14.107677459716797
153.6999969482422,148.10000610351562,139.60000610351562,166.8000030517578,168.6999969482422,171.10000610351562,179.10000610351562,174.10000610351562,179.89999389648438,179.1999969482422,9.800000190734863,170.10000610351562,154.0,42.400001525878906,158.0,22.686447143554688,1.1318200826644897,1.723802089691162,1.8710540533065796,0.7592077851295471,0.7455390691757202,11.198657035827637
154.3000030517578,148.60000610351562,137.6999969482422,167.39999389648438,169.3000030517578,171.10000610351562,179.6999969482422,173.8000030517578,179.10000610351562,175.89999389648438,13.399999618530273,169.89999389648438,152.0,46.099998474121094,155.10000610351562,22.511699676513672,1.123084306716919,1.72621488571167,1.875603199005127,0.7569632530212402,0.7487350106239319,12.131119728088379
153.89999389648438,149.10000610351562,138.60000610351562,166.89999389648438,170.1999969482422,170.10000610351562,179.89999389648438,173.0,177.3000030517578,174.6999969482422,13.600000381469727,172.5,150.89999389648438,45.599998474121094,154.39999389648438,21.483972549438477,1.1153570413589478,1.7102402448654175,1.8641422986984253,0.73334801197052,0.7313633561134338,11.687838554382324
154.3000030517578,148.39999389648438,136.3000030517578,167.3000030517578,170.1999969482422,170.5,180.0,173.6999969482422,178.10000610351562,175.39999389648438,12.699999809265137,172.6999969482422,151.39999389648438,43.70000076293945,155.6999969482422,22.568105697631836,1.1104211807250977,1.7233117818832397,1.8801140785217285,0.7459468245506287,0.7407658100128174,12.50261402130127
155.60000610351562,148.8000030517578,135.6999969482422,167.39999389648438,169.3000030517578,170.39999389648438,179.60000610351562,172.0,177.6999969482422,173.60000610351562,14.600000381469727,172.89999389648438,150.3000030517578,45.900001525878906,156.6999969482422,22.876935958862305,1.1102720499038696,1.724695086479187,1.8778856992721558,0.7374329566955566,0.7202860116958618,10.768014907836914
155.8000030517578,147.60000610351562,136.0,165.6999969482422,169.60000610351562,168.3000030517578,179.5,171.5,176.39999389648438,178.0,10.0,174.5,152.60000610351562,40.70000076293945,162.1999969482422,24.782018661499023,1.1157323122024536,1.722704291343689,1.8675429821014404,0.7557951807975769,0.7415825724601746,11.14674186706543
154.39999389648438,148.60000610351562,138.5,165.1999969482422,170.39999389648438,170.3000030517578,180.0,170.89999389648438,175.6999969482422,178.3000030517578,8.100000381469727,176.89999389648438,152.8000030517578,42.5,158.1999969482422,23.54204559326172,1.1176728010177612,1.7128593921661377,1.8611855506896973,0.733734130859375,0.7239087224006653,11.69344711303711
154.3000030517578,147.39999389648438,139.89999389648438,165.60000610351562,168.39999389648438,172.1999969482422,179.8000030517578,171.1999969482422,176.1999969482422,179.10000610351562,9.0,173.10000610351562,154.5,40.79999923706055,158.10000610351562,24.89872932434082,1.1295710802078247,1.7252198457717896,1.8715475797653198,0.757166862487793,0.7510997653007507,11.636110305786133
153.6999969482422,149.39999389648438,139.39999389648438,164.10000610351562,170.39999389648438,170.39999389648438,178.6999969482422,172.3000030517578,177.0,178.3000030517578,9.699999809265137,171.60000610351562,154.60000610351562,38.599998474121094,160.1999969482422,24.028047561645508,1.1155307292938232,1.7067850828170776,1.8534892797470093,0.7372061610221863,0.7412182092666626,11.986838340759277
153.60000610351562,148.60000610351562,139.6999969482422,165.8000030517578,168.3000030517578,170.60000610351562,179.60000610351562,171.0,176.10000610351562,178.6999969482422,7.199999809265137,174.0,152.0,42.900001525878906,159.89999389648438,22.786314010620117,1.122016191482544,1.7150057554244995,1.8596432209014893,0.7479934692382812,0.7362704873085022,12.338765144348145
153.10000610351562,149.89999389648438,140.6999969482422,165.39999389648438,168.89999389648438,171.5,179.8000030517578,171.0,175.39999389648438,177.89999389648438,8.800000190734863,176.5,154.5,42.79999923706055,157.1999969482422,21.893238067626953,1.1256572008132935,1.7026258707046509,1.8495125770568848,0.7505140900611877,0.7389127612113953,9.9993896484375
154.39999389648438,149.39999389648438,140.3000030517578,165.6999969482422,167.89999389648438,169.6999969482422,179.8000030517578,170.0,176.89999389648438,179.10000610351562,10.0,173.0,152.10000610351562,42.400001525878906,158.1999969482422,22.73830795288086,1.1046607494354248,1.7011367082595825,1.8353312015533447,0.7278302311897278,0.7212724089622498,12.51602840423584
152.6999969482422,150.6999969482422,138.89999389648438,165.6999969482422,169.1999969482422,172.1999969482422,179.8000030517578,170.89999389648438,174.5,178.10000610351562,9.899999618530273,171.89999389648438,153.89999389648438,40.599998474121094,157.0,21.917036056518555,1.1165181398391724,1.7032136917114258,1.8438626527786255,0.738031268119812,0.7425400018692017,13.023076057434082
153.60000610351562,148.0,139.3000030517578,164.8000030517578,169.8000030517578,171.0,179.60000610351562,170.5,175.39999389648438,176.5,14.600000381469727,167.60000610351562,149.5,45.5,152.8000030517578,21.23723030090332,1.07413649559021,1.6631370782852173,1.8017991781234741,0.6932968497276306,0.7095423936843872,14.721663475036621
155.3000030517578,147.8000030517578,140.1999969482422,165.3000030517578,168.3000030517578,171.89999389648438,179.39999389648438,170.0,177.1999969482422,176.8000030517578,15.199999809265137,166.3000030517578,149.8000030517578,44.599998474121094,153.10000610351562,21.51589584350586,1.05681312084198,1.6402662992477417,1.7690531015396118,0.6774399876594543,0.6924526691436768,14.555933952331543
154.8000030517578,148.60000610351562,141.5,163.60000610351562,169.39999389648438,170.89999389648438,179.6999969482422,170.3000030517578,177.10000610351562,175.60000610351562,16.200000762939453,163.3000030517578,149.89999389648438,45.400001525878906,148.8000030517578,22.98725128173828,1.052226185798645,1.6214967966079712,1.740646481513977,0.6820335388183594,0.6908903121948242,13.288514137268066
156.5,147.6999969482422,137.3000030517578,164.1999969482422,168.10000610351562,172.10000610351562,179.89999389648438,170.0,177.8000030517578,177.3000030517578,13.699999809265137,168.1999969482422,151.39999389648438,48.79999923706055,147.89999389648438,23.076269149780273,1.0331778526306152,1.6097303628921509,1.728372573852539,0.6863201260566711,0.7008233070373535,13.66823673248291
156.5,147.0,137.8000030517578,164.5,167.8000030517578,171.60000610351562,179.0,168.8000030517578,175.6999969482422,177.3000030517578,15.100000381469727,166.6999969482422,151.1999969482422,50.29999923706055,148.39999389648438,21.735671997070312,1.0248796939849854,1.5987297296524048,1.7125743627548218,0.678027331829071,0.696008563041687,13.4036865234375
157.39999389648438,145.39999389648438,134.5,163.6999969482422,168.3000030517578,172.3000030517578,179.8000030517578,169.10000610351562,174.89999389648438,177.1999969482422,14.5,167.10000610351562,151.60000610351562,49.70000076293945,146.3000030517578,23.10661506652832,1.005659580230713,1.5973113775253296,1.7029807567596436,0.6725578308105469,0.696574330329895,13.889786720275879
156.1999969482422,146.3000030517578,135.5,163.0,169.60000610351562,172.1999969482422,179.8000030517578,168.8000030517578,173.6999969482422,175.0,15.399999618530273,167.3000030517578,151.8000030517578,49.5,146.39999389648438,21.923192977905273,0.9928918480873108,1.5761758089065552,1.6717218160629272,0.6656136512756348,0.6903460621833801,12.934425354003906
156.89999389648438,145.8000030517578,136.10000610351562,163.6999969482422,169.1999969482422,171.0,178.6999969482422,168.60000610351562,174.3000030517578,173.10000610351562,18.299999237060547,166.5,150.1999969482422,53.400001525878906,144.0,21.919172286987305,0.9939705729484558,1.575448989868164,1.6736230850219727,0.655958354473114,0.6926658749580383,13.999683380126953
156.5,147.0,138.10000610351562,164.89999389648438,168.5,170.10000610351562,179.3000030517578,168.6999969482422,174.6999969482422,172.89999389648438,17.299999237060547,167.6999969482422,149.89999389648438,50.0,146.1999969482422,21.63129234313965,1.0198051929473877,1.6006749868392944,1.706334114074707,0.6694227457046509,0.7025178074836731,14.176600456237793
156.6999969482422,147.39999389648438,139.5,164.5,168.8000030517578,170.1999969482422,179.1999969482422,168.60000610351562,176.6999969482422,175.6999969482422,16.100000381469727,163.89999389648438,149.3000030517578,46.599998474121094,149.6999969482422,23.386943817138672,1.0433449745178223,1.6230722665786743,1.7491700649261475,0.6644147038459778,0.6912971138954163,14.645962715148926
155.0,147.8000030517578,140.10000610351562,165.1999969482422,167.60000610351562,170.5,179.8000030517578,169.89999389648438,176.3000030517578,174.10000610351562,17.700000762939453,164.0,148.6999969482422,47.0,148.5,21.976362228393555,1.06070876121521,1.6522748470306396,1.7871183156967163,0.6723922491073608,0.709132969379425,15.914029121398926
155.5,149.89999389648438,135.89999389648438,167.1999969482422,166.8000030517578,172.0,180.0,170.10000610351562,176.10000610351562,172.8000030517578,17.899999618530273,168.10000610351562,149.10000610351562,48.29999923706055,152.6999969482422,21.549415588378906,1.0859767198562622,1.6958744525909424,1.8316736221313477,0.7002532482147217,0.7036742568016052,12.521787643432617
154.1999969482422,148.6999969482422,138.10000610351562,166.5,170.89999389648438,170.5,179.8000030517578,171.3000030517578,176.3000030517578,170.89999389648438,17.200000762939453,170.6999969482422,148.0,45.400001525878906,153.1999969482422,24.24304962158203,1.1024980545043945,1.7294594049453735,1.8735332489013672,0.7252402901649475,0.7222306132316589,12.822803497314453
155.5,146.5,137.39999389648438,168.10000610351562,168.0,170.10000610351562,179.5,171.3000030517578,178.39999389648438,174.5,13.399999618530273,171.89999389648438,150.0,43.29999923706055,160.5,23.234663009643555,1.1082226037979126,1.7492597103118896,1.9004086256027222,0.7130599617958069,0.7269630432128906,13.983856201171875
155.6999969482422,146.10000610351562,135.0,166.8000030517578,167.89999389648438,168.0,179.39999389648438,170.10000610351562,175.6999969482422,178.8000030517578,6.099999904632568,176.60000610351562,153.8000030517578,38.599998474121094,164.6999969482422,25.37346076965332,1.1202305555343628,1.744278073310852,1.9101637601852417,0.7426766157150269,0.7093683481216431,11.09326457977295
156.5,145.1999969482422,132.60000610351562,166.10000610351562,168.3000030517578,168.5,179.10000610351562,171.0,176.6999969482422,173.3000030517578,2.5,175.60000610351562,159.10000610351562,30.399999618530273,167.8000030517578,26.86272430419922,1.1345725059509277,1.7541083097457886,1.9188828468322754,0.7746554017066956,0.7503564953804016,12.449782371520996
156.89999389648438,144.8000030517578,128.5,166.5,168.5,168.6999969482422,179.5,171.0,177.39999389648438,172.5,0.6000000238418579,177.5,165.1999969482422,23.299999237060547,171.3000030517578,25.632692337036133,1.1322999000549316,1.758292317390442,1.939351201057434,0.7587858438491821,0.7386152148246765,11.080365180969238
159.8000030517578,141.60000610351562,127.80000305175781,165.6999969482422,167.39999389648438,166.3000030517578,179.8000030517578,168.60000610351562,177.10000610351562,170.10000610351562,4.0,178.8000030517578,166.89999389648438,19.5,172.60000610351562,26.985336303710938,1.13002347946167,1.7346690893173218,1.9130187034606934,0.7262106537818909,0.7243980765342712,11.411404609680176
161.5,138.0,127.5,165.1999969482422,166.0,166.60000610351562,177.5,169.1999969482422,175.60000610351562,163.8000030517578,10.899999618530273,176.0,173.10000610351562,12.199999809265137,175.39999389648438,28.766887664794922,1.1212847232818604,1.7329565286636353,1.9063374996185303,0.7178131937980652,0.7222945094108582,10.77405834197998
161.0,137.89999389648438,127.9000015258789,164.10000610351562,166.5,168.0,177.0,169.1999969482422,174.39999389648438,162.10000610351562,8.899999618530273,178.0,171.39999389648438,15.800000190734863,173.8000030517578,28.66980743408203,1.1213583946228027,1.7251057624816895,1.8890925645828247,0.7194895148277283,0.714035153388977,9.202197074890137
160.3000030517578,139.1999969482422,129.10000610351562,164.89999389648438,167.0,169.5,177.89999389648438,171.1999969482422,176.10000610351562,167.1999969482422,4.199999809265137,179.5,168.60000610351562,18.100000381469727,171.89999389648438,27.19725799560547,1.1257374286651611,1.7320140600204468,1.8993504047393799,0.7357051968574524,0.7170887589454651,7.185195446014404
161.60000610351562,141.8000030517578,126.0,166.39999389648438,169.8000030517578,168.60000610351562,179.8000030517578,169.8000030517578,174.89999389648438,179.6999969482422,8.899999618530273,179.8000030517578,155.39999389648438,31.799999237060547,170.89999389648438,29.200647354125977,1.1375869512557983,1.7529866695404053,1.9149636030197144,0.7393034100532532,0.7084046006202698,8.976646423339844
160.39999389648438,143.6999969482422,125.4000015258789,165.8000030517578,170.5,168.5,179.89999389648438,170.6999969482422,175.1999969482422,177.89999389648438,10.100000381469727,178.5,156.1999969482422,33.70000076293945,169.5,28.438007354736328,1.1234058141708374,1.743721842765808,1.9131358861923218,0.7414414882659912,0.7127864360809326,8.581063270568848
158.6999969482422,146.8000030517578,126.30000305175781,167.89999389648438,168.6999969482422,171.39999389648438,179.39999389648438,171.5,175.0,170.60000610351562,18.700000762939453,179.39999389648438,150.1999969482422,39.599998474121094,168.3000030517578,25.114919662475586,1.1078063249588013,1.7346117496490479,1.888573169708252,0.7276127338409424,0.71101313829422,11.061084747314453
158.6999969482422,146.10000610351562,124.0999984741211,168.89999389648438,166.5,172.5,179.39999389648438,171.10000610351562,173.60000610351562,147.10000610351562,42.5,179.8000030517578,141.3000030517578,47.900001525878906,165.8000030517578,24.410964965820312,1.1142947673797607,1.7305095195770264,1.8778772354125977,0.6938160061836243,0.6857445240020752,10.18253231048584
160.60000610351562,141.8000030517578,120.9000015258789,166.89999389648438,168.5,168.0,179.39999389648438,171.60000610351562,173.5,146.3000030517578,46.0,179.10000610351562,134.1999969482422,54.20000076293945,172.1999969482422,25.40085220336914,1.0864399671554565,1.710281252861023,1.861972689628601,0.6817760467529297,0.660335123538971,7.445328235626221
160.10000610351562,142.0,117.69999694824219,167.0,167.89999389648438,171.3000030517578,179.8000030517578,172.8000030517578,174.10000610351562,62.599998474121094,129.5,179.8000030517578,95.80000305175781,91.30000305175781,175.8000030517578,24.65544891357422,1.0804184675216675,1.7161892652511597,1.8690072298049927,0.6591025590896606,0.6453596949577332,6.966533184051514
160.1999969482422,145.39999389648438,115.19999694824219,169.8000030517578,166.5,174.10000610351562,176.6999969482422,172.60000610351562,177.60000610351562,53.900001525878906,139.0,180.0,74.0,116.9000015258789,174.89999389648438,21.4423828125,1.075310230255127,1.697274088859558,1.847097635269165,0.6404064893722534,0.6337897181510925,8.210905075073242
159.39999389648438,144.6999969482422,120.19999694824219,171.0,169.3000030517578,174.8000030517578,173.10000610351562,169.3000030517578,172.1999969482422,56.70000076293945,136.10000610351562,178.0,65.0999984741211,129.39999389648438,168.8000030517578,20.571088790893555,1.0897122621536255,1.6958603858947754,1.8375699520111084,0.6270495057106018,0.6402037739753723,7.554521560668945
157.89999389648438,148.60000610351562,120.0999984741211,173.39999389648438,167.60000610351562,174.89999389648438,171.8000030517578,169.39999389648438,173.3000030517578,66.9000015258789,124.80000305175781,174.60000610351562,60.599998474121094,134.5,160.39999389648438,18.619028091430664,1.1139005422592163,1.7025002241134644,1.8482586145401,0.6129605770111084,0.6115763187408447,4.723919868469238
158.5,148.5,121.30000305175781,169.5,170.39999389648438,170.1999969482422,174.60000610351562,167.8000030517578,172.39999389648438,56.400001525878906,133.6999969482422,178.3000030517578,59.400001525878906,132.3000030517578,166.3000030517578,21.243894577026367,1.1037914752960205,1.6986702680587769,1.8341161012649536,0.6311933994293213,0.639096736907959,5.9054274559021
159.60000610351562,144.89999389648438,115.0999984741211,168.3000030517578,168.3000030517578,171.5,177.8000030517578,170.8000030517578,176.10000610351562,65.80000305175781,126.69999694824219,178.60000610351562,93.9000015258789,95.0999984741211,172.89999389648438,22.809694290161133,1.0576759576797485,1.7098809480667114,1.8525137901306152,0.6360772848129272,0.6326233148574829,10.236373901367188
160.10000610351562,143.0,121.5,166.3000030517578,168.1999969482422,169.60000610351562,179.3000030517578,171.10000610351562,174.10000610351562,106.30000305175781,84.5999984741211,177.1999969482422,153.3000030517578,33.70000076293945,177.5,26.2685489654541,1.1025938987731934,1.7239634990692139,1.8779507875442505,0.6623417139053345,0.6724585294723511,10.845742225646973
161.6999969482422,139.39999389648438,121.69999694824219,164.0,166.60000610351562,167.3000030517578,176.8000030517578,170.8000030517578,174.6999969482422,163.60000610351562,7.5,175.6999969482422,169.89999389648438,16.899999618530273,177.60000610351562,30.226930618286133,1.1040632724761963,1.7208266258239746,1.8915858268737793,0.6901760101318359,0.7244884967803955,15.126412391662598
156.6999969482422,140.3000030517578,128.6999969482422,164.5,166.10000610351562,169.0,178.0,168.0,175.0,162.10000610351562,12.699999809265137,172.39999389648438,173.60000610351562,14.5,176.6999969482422,29.270355224609375,1.137372612953186,1.7380751371383667,1.909962773323059,0.7376173734664917,0.7538161873817444,14.934612274169922
157.3000030517578,138.3000030517578,131.5,163.89999389648438,164.39999389648438,166.6999969482422,177.0,166.60000610351562,175.3000030517578,155.5,17.200000762939453,176.10000610351562,174.60000610351562,14.5,175.0,29.089019775390625,1.1401010751724243,1.7279785871505737,1.8912864923477173,0.7554085850715637,0.7650028467178345,15.493996620178223
158.1999969482422,136.89999389648438,133.5,164.0,164.3000030517578,165.39999389648438,176.3000030517578,164.60000610351562,175.10000610351562,143.8000030517578,28.899999618530273,174.3000030517578,179.8000030517578,5.199999809265137,178.89999389648438,28.951499938964844,1.1320933103561401,1.7080016136169434,1.8654935359954834,0.742266833782196,0.7519394755363464,14.888114929199219
159.10000610351562,134.89999389648438,132.89999389648438,163.6999969482422,161.1999969482422,165.1999969482422,176.0,163.0,172.0,137.60000610351562,35.099998474121094,172.39999389648438,177.8000030517578,6.900000095367432,176.5,31.38654136657715,1.1300495862960815,1.7132431268692017,1.8851114511489868,0.7264148592948914,0.7610929012298584,16.69612693786621
158.10000610351562,135.89999389648438,132.0,163.0,163.8000030517578,166.3000030517578,174.89999389648438,164.5,173.1999969482422,136.1999969482422,37.599998474121094,172.6999969482422,176.10000610351562,0.20000000298023224,177.5,28.63334846496582,1.104062795639038,1.7087130546569824,1.8723130226135254,0.6997610330581665,0.7476631999015808,18.064247131347656
157.3000030517578,135.6999969482422,137.10000610351562,163.10000610351562,162.1999969482422,167.1999969482422,176.1999969482422,164.0,172.8000030517578,143.5,30.100000381469727,173.10000610351562,178.0,4.599999904632568,178.10000610351562,29.666053771972656,1.1419199705123901,1.7202683687210083,1.8899022340774536,0.7261393070220947,0.7494933009147644,13.679997444152832
159.10000610351562,134.3000030517578,132.60000610351562,162.89999389648438,163.60000610351562,161.60000610351562,177.60000610351562,159.5,168.8000030517578,132.39999389648438,43.400001525878906,169.8000030517578,173.3000030517578,7.599999904632568,171.8000030517578,30.117813110351562,1.1151723861694336,1.7037802934646606,1.861913800239563,0.7082339525222778,0.771355926990509,20.54068374633789
154.60000610351562,135.39999389648438,136.3000030517578,161.3000030517578,165.3000030517578,159.89999389648438,176.10000610351562,159.0,168.3000030517578,128.10000610351562,48.099998474121094,168.3000030517578,170.3000030517578,7.300000190734863,174.5,27.91469955444336,1.1304227113723755,1.7214691638946533,1.9035545587539673,0.7202891707420349,0.7681248784065247,16.103145599365234
154.8000030517578,136.5,137.0,161.6999969482422,164.0,159.0,174.8000030517578,158.60000610351562,166.1999969482422,128.0,47.70000076293945,167.5,167.89999389648438,10.399999618530273,174.10000610351562,28.232133865356445,1.1246984004974365,1.708109974861145,1.884742259979248,0.7289975881576538,0.7598370313644409,14.751837730407715
155.39999389648438,137.39999389648438,136.60000610351562,161.0,166.3000030517578,166.1999969482422,175.5,161.60000610351562,169.39999389648438,137.8000030517578,39.099998474121094,170.3000030517578,173.0,2.9000000953674316,180.0,28.61878204345703,1.1495320796966553,1.7208480834960938,1.8918954133987427,0.7524320483207703,0.7743051052093506,13.776503562927246
156.39999389648438,137.89999389648438,134.6999969482422,164.1999969482422,165.1999969482422,168.8000030517578,177.89999389648438,166.5,174.1999969482422,147.1999969482422,25.5,176.0,179.5,8.0,175.5,27.458681106567383,1.1409295797348022,1.7185124158859253,1.8867812156677246,0.755068302154541,0.7782993316650391,14.738395690917969
156.89999389648438,143.5,130.39999389648438,165.0,166.39999389648438,168.89999389648438,178.60000610351562,167.60000610351562,176.89999389648438,150.3000030517578,22.299999237060547,178.6999969482422,174.5,8.199999809265137,177.3000030517578,28.97896957397461,1.137740135192871,1.742449164390564,1.8940221071243286,0.7547084093093872,0.7742241621017456,17.129499435424805
158.5,144.3000030517578,130.5,168.1999969482422,166.8000030517578,170.1999969482422,179.39999389648438,171.5,178.6999969482422,179.0,9.100000381469727,178.1999969482422,156.1999969482422,31.299999237060547,167.3000030517578,27.150056838989258,1.1338229179382324,1.7566674947738647,1.9359971284866333,0.7379030585289001,0.7375681400299072,15.49316692352295
156.5,147.1999969482422,131.1999969482422,167.10000610351562,170.10000610351562,169.0,178.6999969482422,172.0,178.8000030517578,174.39999389648438,12.899999618530273,176.89999389648438,155.6999969482422,33.70000076293945,169.0,25.395252227783203,1.132203221321106,1.755675196647644,1.920647144317627,0.7402843236923218,0.739897608757019,12.358914375305176
157.3000030517578,146.5,129.10000610351562,167.3000030517578,168.39999389648438,170.0,178.6999969482422,171.0,177.10000610351562,178.1999969482422,7.0,176.5,155.5,34.099998474121094,171.6999969482422,25.979007720947266,1.140824794769287,1.7521528005599976,1.9114172458648682,0.7577539682388306,0.746381938457489,11.251065254211426
157.6999969482422,148.1999969482422,129.1999969482422,167.5,170.3000030517578,169.6999969482422,178.0,172.5,178.39999389648438,168.5,20.200000762939453,175.3000030517578,151.89999389648438,40.400001525878906,165.0,27.451135635375977,1.1494795083999634,1.7646673917770386,1.9244261980056763,0.7555438876152039,0.7443965673446655,11.898058891296387
157.3000030517578,148.1999969482422,131.10000610351562,167.5,169.1999969482422,170.89999389648438,177.39999389648438,170.60000610351562,177.10000610351562,171.0,18.200000762939453,175.3000030517578,150.8000030517578,40.400001525878906,166.5,26.431703567504883,1.1442416906356812,1.7507710456848145,1.9125021696090698,0.7465996146202087,0.7483065128326416,12.608048439025879
156.6999969482422,149.0,131.10000610351562,167.5,169.5,170.1999969482422,177.89999389648438,171.8000030517578,177.8000030517578,171.60000610351562,18.100000381469727,173.89999389648438,148.39999389648438,43.599998474121094,164.0,24.22261619567871,1.130794644355774,1.742146611213684,1.9015487432479858,0.7168224453926086,0.723867654800415,12.661890029907227
156.89999389648438,149.1999969482422,131.1999969482422,168.1999969482422,170.0,170.6999969482422,177.10000610351562,171.89999389648438,178.39999389648438,166.89999389648438,22.299999237060547,174.10000610351562,144.1999969482422,49.5,162.0,24.8924503326416,1.1348762512207031,1.7523460388183594,1.9065876007080078,0.7306747436523438,0.7204506397247314,10.664525985717773
155.60000610351562,150.10000610351562,134.0,167.1999969482422,169.8000030517578,172.3000030517578,178.5,172.3000030517578,178.60000610351562,168.5,20.299999237060547,174.39999389648438,150.39999389648438,43.79999923706055,161.5,25.364187240600586,1.1471807956695557,1.748783826828003,1.9035382270812988,0.7473689317703247,0.7434806227684021,11.440101623535156
156.3000030517578,151.3000030517578,133.60000610351562,167.39999389648438,169.0,171.39999389648438,177.6999969482422,170.8000030517578,178.60000610351562,167.89999389648438,21.600000381469727,175.10000610351562,151.89999389648438,41.70000076293945,163.6999969482422,26.704710006713867,1.1653693914413452,1.7530194520950317,1.9074006080627441,0.7647709846496582,0.7611019015312195,12.750688552856445
152.5,146.1999969482422,137.0,166.39999389648438,169.60000610351562,168.3000030517578,179.89999389648438,172.3000030517578,179.8000030517578,179.10000610351562,6.900000095367432,173.1999969482422,153.39999389648438,39.70000076293945,161.39999389648438,23.20124626159668,1.1336240768432617,1.7463533878326416,1.8998289108276367,0.7256986498832703,0.7218870520591736,10.657170295715332
153.39999389648438,146.10000610351562,136.39999389648438,166.39999389648438,169.60000610351562,167.8000030517578,179.0,171.8000030517578,179.8000030517578,175.39999389648438,1.7999999523162842,173.0,157.6999969482422,34.0,162.6999969482422,23.088455200195312,1.126156210899353,1.743139386177063,1.8942618370056152,0.7411331534385681,0.7266865968704224,9.955107688903809
153.6999969482422,146.6999969482422,138.1999969482422,165.10000610351562,170.3000030517578,168.89999389648438,178.60000610351562,172.3000030517578,179.6999969482422,177.0,4.599999904632568,171.5,156.8000030517578,35.900001525878906,161.60000610351562,23.855552673339844,1.1319336891174316,1.738862156867981,1.889846682548523,0.740933895111084,0.7338451147079468,11.101240158081055
155.3000030517578,147.10000610351562,137.39999389648438,165.6999969482422,168.89999389648438,170.1999969482422,179.5,171.10000610351562,179.8000030517578,178.3000030517578,5.300000190734863,172.39999389648438,156.3000030517578,36.79999923706055,160.10000610351562,24.252676010131836,1.1150480508804321,1.7274869680404663,1.8737452030181885,0.7234047651290894,0.7247045636177063,10.946392059326172
156.10000610351562,149.60000610351562,135.60000610351562,165.60000610351562,170.0,170.10000610351562,180.0,170.5,178.6999969482422,176.10000610351562,10.699999809265137,171.89999389648438,153.3000030517578,40.900001525878906,156.10000610351562,23.52654266357422,1.1135954856872559,1.7156625986099243,1.8514446020126343,0.6940457224845886,0.7222902178764343,13.721100807189941
155.3000030517578,151.6999969482422,138.3000030517578,166.39999389648438,171.1999969482422,169.89999389648438,178.6999969482422,170.6999969482422,176.8000030517578,172.1999969482422,16.899999618530273,169.5,149.5,45.599998474121094,153.39999389648438,24.06854248046875,1.146558165550232,1.7303930521011353,1.882326602935791,0.7214175462722778,0.7403517961502075,11.741815567016602
154.89999389648438,149.8000030517578,139.60000610351562,166.6999969482422,169.1999969482422,171.39999389648438,179.3000030517578,170.39999389648438,176.60000610351562,171.6999969482422,17.399999618530273,168.89999389648438,149.3000030517578,46.599998474121094,151.8000030517578,21.635900497436523,1.113327980041504,1.7066247463226318,1.8500733375549316,0.706284761428833,0.7198802828788757,12.527042388916016
156.10000610351562,148.3000030517578,140.10000610351562,167.0,166.6999969482422,172.3000030517578,179.0,170.10000610351562,177.0,174.8000030517578,14.800000190734863,169.10000610351562,151.1999969482422,45.599998474121094,151.5,21.59554100036621,1.093971848487854,1.6891542673110962,1.8350558280944824,0.6990516185760498,0.7196821570396423,13.712004661560059
154.60000610351562,149.60000610351562,137.89999389648438,166.39999389648438,169.6999969482422,171.60000610351562,179.60000610351562,171.89999389648438,177.6999969482422,173.0,16.200000762939453,168.89999389648438,150.5,46.29999923706055,151.0,21.465618133544922,1.1068575382232666,1.705845594406128,1.8461874723434448,0.7136811017990112,0.7283095121383667,13.139910697937012
153.60000610351562,148.89999389648438,140.6999969482422,167.0,167.60000610351562,172.39999389648438,179.60000610351562,172.1999969482422,177.89999389648438,174.3000030517578,14.600000381469727,168.6999969482422,149.6999969482422,46.70000076293945,151.8000030517578,20.864404678344727,1.1127328872680664,1.7086000442504883,1.8576613664627075,0.7077339291572571,0.7206630110740662,12.912096977233887
155.5,148.6999969482422,138.6999969482422,167.10000610351562,167.8000030517578,171.39999389648438,179.0,170.5,177.39999389648438,173.39999389648438,15.899999618530273,169.10000610351562,150.8000030517578,44.79999923706055,152.1999969482422,21.226627349853516,1.1000086069107056,1.693588137626648,1.8338514566421509,0.70751953125,0.7326338887214661,14.210980415344238
155.39999389648438,149.5,140.1999969482422,166.5,169.10000610351562,170.5,178.6999969482422,169.5,177.6999969482422,174.5,14.399999618530273,168.8000030517578,150.10000610351562,42.400001525878906,153.60000610351562,23.40176773071289,1.1198667287826538,1.6998809576034546,1.8425180912017822,0.7077221870422363,0.7275353074073792,13.742109298706055
156.0,147.39999389648438,139.5,166.10000610351562,168.5,171.5,179.89999389648438,170.1999969482422,177.60000610351562,177.3000030517578,12.100000381469727,167.3000030517578,150.10000610351562,42.099998474121094,152.6999969482422,21.057558059692383,1.065447449684143,1.6578046083450317,1.7960476875305176,0.6807589530944824,0.7136829495429993,15.354720115661621
155.0,147.3000030517578,141.3000030517578,165.0,167.8000030517578,171.0,179.8000030517578,169.3000030517578,176.5,177.39999389648438,12.300000190734863,167.89999389648438,150.5,42.79999923706055,151.6999969482422,22.791950225830078,1.076219081878662,1.663678526878357,1.7942856550216675,0.6829337477684021,0.7193347811698914,15.171893119812012
154.5,148.39999389648438,138.5,165.39999389648438,169.10000610351562,171.1999969482422,179.3000030517578,171.39999389648438,177.6999969482422,178.6999969482422,10.800000190734863,167.8000030517578,153.1999969482422,40.099998474121094,154.8000030517578,22.01561164855957,1.0910345315933228,1.6849430799484253,1.8200675249099731,0.7052464485168457,0.7197347283363342,13.90136432647705
154.5,146.60000610351562,139.10000610351562,165.10000610351562,168.6999969482422,168.1999969482422,178.0,170.8000030517578,178.8000030517578,169.5,5.900000095367432,176.6999969482422,163.10000610351562,24.200000762939453,166.60000610351562,23.05569839477539,1.123785138130188,1.716310739517212,1.8520336151123047,0.736327052116394,0.7370662689208984,10.808847427368164
156.1999969482422,144.3000030517578,138.5,165.6999969482422,168.39999389648438,166.60000610351562,177.1999969482422,171.5,179.10000610351562,168.6999969482422,7.099999904632568,176.5,164.60000610351562,22.799999237060547,167.3000030517578,23.293384552001953,1.1172646284103394,1.7199162244796753,1.8631141185760498,0.7426059246063232,0.745860755443573,10.370689392089844
154.3000030517578,148.0,137.1999969482422,164.60000610351562,167.8000030517578,171.10000610351562,176.8000030517578,170.6999969482422,179.10000610351562,165.5,6.599999904632568,174.3000030517578,164.5,23.200000762939453,171.0,23.757740020751953,1.1460340023040771,1.725572109222412,1.837646484375,0.7343382239341736,0.7386535406112671,11.840950965881348
154.60000610351562,146.39999389648438,137.1999969482422,164.3000030517578,171.0,167.1999969482422,177.6999969482422,172.6999969482422,178.8000030517578,171.6999969482422,2.4000000953674316,174.8000030517578,164.0,26.899999618530273,165.89999389648438,24.39404296875,1.1485743522644043,1.74532949924469,1.8812264204025269,0.7543489336967468,0.7625381946563721,9.78679370880127
154.10000610351562,146.0,138.89999389648438,165.8000030517578,170.39999389648438,168.60000610351562,178.3000030517578,171.6999969482422,180.0,172.5,2.200000047683716,174.3000030517578,162.60000610351562,29.899999618530273,162.60000610351562,22.684707641601562,1.1351743936538696,1.7487374544143677,1.8854217529296875,0.746340811252594,0.7407498359680176,8.414825439453125
155.10000610351562,145.6999969482422,138.39999389648438,166.0,170.39999389648438,166.39999389648438,177.39999389648438,171.60000610351562,179.8000030517578,171.1999969482422,4.599999904632568,175.6999969482422,161.8000030517578,29.0,164.89999389648438,23.275634765625,1.1468315124511719,1.751737356185913,1.886400818824768,0.7427573204040527,0.7480408549308777,10.902060508728027
153.6999969482422,146.8000030517578,138.6999969482422,165.89999389648438,171.89999389648438,167.1999969482422,177.89999389648438,172.60000610351562,178.89999389648438,174.1999969482422,1.600000023841858,174.1999969482422,160.3000030517578,31.399999618530273,161.6999969482422,22.288293838500977,1.1527246236801147,1.7519032955169678,1.8941419124603271,0.7520250082015991,0.7498876452445984,9.883746147155762
153.89999389648438,148.10000610351562,138.1999969482422,166.10000610351562,170.39999389648438,167.8000030517578,178.3000030517578,171.39999389648438,179.8000030517578,174.10000610351562,1.5,174.89999389648438,159.89999389648438,29.600000381469727,163.6999969482422,23.28084373474121,1.151209831237793,1.7449456453323364,1.8790591955184937,0.7455878853797913,0.7452770471572876,9.966902732849121
154.60000610351562,146.8000030517578,136.3000030517578,165.8000030517578,169.6999969482422,170.0,178.10000610351562,171.60000610351562,178.6999969482422,174.6999969482422,0.30000001192092896,174.60000610351562,161.3000030517578,29.5,164.6999969482422,22.666257858276367,1.1261303424835205,1.7354364395141602,1.8759551048278809,0.7375850677490234,0.7363321185112,9.44898796081543
154.60000610351562,146.5,137.39999389648438,164.8000030517578,169.5,168.1999969482422,178.5,170.89999389648438,179.0,174.0,0.8999999761581421,173.39999389648438,160.0,29.299999237060547,164.39999389648438,23.80306625366211,1.1221123933792114,1.7227998971939087,1.8592106103897095,0.7201426029205322,0.7271317839622498,9.908469200134277
154.3000030517578,147.1999969482422,137.1999969482422,165.6999969482422,168.39999389648438,169.89999389648438,178.1999969482422,172.8000030517578,178.39999389648438,175.10000610351562,0.6000000238418579,172.39999389648438,158.8000030517578,31.0,162.39999389648438,23.179344177246094,1.1237224340438843,1.7258974313735962,1.8645176887512207,0.7240254282951355,0.731290876865387,10.579504013061523
152.39999389648438,147.0,137.5,167.0,170.89999389648438,171.3000030517578,176.60000610351562,173.39999389648438,179.1999969482422,173.5,0.8999999761581421,173.0,162.0,29.600000381469727,160.0,21.666555404663086,1.1400463581085205,1.7444051504135132,1.8681738376617432,0.7434905767440796,0.7406395077705383,9.650245666503906
153.89999389648438,146.89999389648438,138.10000610351562,165.8000030517578,171.89999389648438,170.89999389648438,177.1999969482422,173.0,179.60000610351562,172.60000610351562,2.200000047683716,172.3000030517578,161.89999389648438,27.899999618530273,163.1999969482422,22.814449310302734,1.145792007446289,1.7462172508239746,1.8731859922409058,0.7415647506713867,0.7457914352416992,9.800168991088867
154.3000030517578,148.39999389648438,136.6999969482422,166.3000030517578,170.89999389648438,170.1999969482422,177.39999389648438,172.5,178.6999969482422,175.0,0.800000011920929,172.89999389648438,159.60000610351562,31.399999618530273,161.0,23.029264450073242,1.144949197769165,1.7428185939788818,1.8752797842025757,0.7510903477668762,0.7386758923530579,9.450900077819824
153.89999389648438,146.89999389648438,137.3000030517578,165.3000030517578,170.8000030517578,171.1999969482422,177.10000610351562,172.3000030517578,179.89999389648438,175.39999389648438,0.4000000059604645,172.8000030517578,160.5,31.100000381469727,159.89999389648438,23.035825729370117,1.1309857368469238,1.7355124950408936,1.859411597251892,0.7248350977897644,0.7319331765174866,9.846463203430176
153.60000610351562,148.1999969482422,138.60000610351562,165.89999389648438,170.89999389648438,171.39999389648438,177.0,173.5,178.8000030517578,175.5,0.4000000059604645,172.5,161.5,29.799999237060547,160.10000610351562,23.058141708374023,1.1506437063217163,1.748405933380127,1.871294379234314,0.7412159442901611,0.7416501641273499,8.918033599853516
152.1999969482422,147.89999389648438,139.8000030517578,165.60000610351562,170.8000030517578,172.39999389648438,176.1999969482422,171.89999389648438,179.5,171.1999969482422,2.200000047683716,171.39999389648438,163.39999389648438,29.0,162.3000030517578,22.422513961791992,1.1622028350830078,1.7471897602081299,1.8715027570724487,0.7572055459022522,0.7373708486557007,7.926480293273926
153.89999389648438,146.6999969482422,138.8000030517578,166.10000610351562,170.5,170.1999969482422,177.1999969482422,173.39999389648438,179.10000610351562,174.89999389648438,0.4000000059604645,172.60000610351562,159.8000030517578,31.100000381469727,161.5,23.083919525146484,1.1556637287139893,1.7494055032730103,1.881230115890503,0.755458652973175,0.7448986768722534,9.059151649475098
152.8000030517578,147.10000610351562,138.0,165.6999969482422,170.89999389648438,169.6999969482422,176.89999389648438,172.5,179.8000030517578,172.0,2.9000000953674316,173.0,163.0,29.399999618530273,160.8000030517578,22.230844497680664,1.1510074138641357,1.7520109415054321,1.8836158514022827,0.7430787682533264,0.7427127361297607,8.257039070129395
153.3000030517578,147.3000030517578,140.60000610351562,165.60000610351562,169.60000610351562,170.60000610351562,176.10000610351562,173.60000610351562,179.1999969482422,171.3000030517578,4.099999904632568,174.10000610351562,164.10000610351562,26.600000381469727,163.5,22.0364990234375,1.1567038297653198,1.7413779497146606,1.8774749040603638,0.7601382732391357,0.7559974193572998,8.22096061706543
153.89999389648438,147.39999389648438,140.3000030517578,165.89999389648438,169.10000610351562,171.3000030517578,175.39999389648438,174.10000610351562,179.6999969482422,171.60000610351562,4.699999809265137,174.10000610351562,165.5,21.700000762939453,167.39999389648438,22.181018829345703,1.147807240486145,1.7395455837249756,1.867058277130127,0.7575506567955017,0.7485291361808777,6.913905143737793
155.5,144.5,139.39999389648438,165.5,168.60000610351562,169.8000030517578,175.5,171.5,178.60000610351562,167.39999389648438,8.399999618530273,174.3000030517578,165.39999389648438,21.799999237060547,167.60000610351562,23.473264694213867,1.1454366445541382,1.7345064878463745,1.8717930316925049,0.7737796306610107,0.7568197250366211,9.34482192993164
154.60000610351562,146.0,138.8000030517578,165.10000610351562,168.5,171.60000610351562,175.1999969482422,171.0,178.10000610351562,168.39999389648438,8.199999809265137,175.5,166.0,22.0,164.6999969482422,24.302587509155273,1.1508702039718628,1.7361958026885986,1.8670103549957275,0.760587751865387,0.7674744129180908,10.168662071228027
155.3000030517578,145.0,139.5,165.89999389648438,168.5,172.39999389648438,173.1999969482422,169.3000030517578,177.8000030517578,169.3000030517578,7.599999904632568,176.39999389648438,166.5,22.200000762939453,164.5,24.975605010986328,1.1590765714645386,1.7452867031097412,1.857778787612915,0.7683216333389282,0.7719152569770813,10.289331436157227
155.10000610351562,145.10000610351562,138.8000030517578,166.3000030517578,168.10000610351562,173.60000610351562,172.10000610351562,170.60000610351562,176.6999969482422,166.89999389648438,9.699999809265137,176.0,171.0,18.0,165.60000610351562,23.19782829284668,1.1563676595687866,1.7391891479492188,1.8591266870498657,0.7747126817703247,0.7815158367156982,10.079846382141113
154.89999389648438,146.8000030517578,139.0,165.3000030517578,168.8000030517578,171.6999969482422,173.10000610351562,170.10000610351562,177.39999389648438,168.5,9.0,176.3000030517578,167.3000030517578,21.200000762939453,164.6999969482422,23.79852294921875,1.1573967933654785,1.7410616874694824,1.8615862131118774,0.7668688893318176,0.7667425274848938,9.440961837768555
153.5,146.60000610351562,139.8000030517578,164.89999389648438,169.3000030517578,171.60000610351562,175.60000610351562,171.1999969482422,178.39999389648438,170.8000030517578,5.400000095367432,173.89999389648438,163.1999969482422,24.799999237060547,162.39999389648438,23.170473098754883,1.1444010734558105,1.7399882078170776,1.8715664148330688,0.7491380572319031,0.7553870677947998,10.949897766113281
154.89999389648438,146.39999389648438,137.6999969482422,165.39999389648438,169.60000610351562,170.1999969482422,175.3000030517578,172.1999969482422,179.39999389648438,170.5,5.5,174.6999969482422,163.60000610351562,26.600000381469727,163.8000030517578,22.660673141479492,1.1417109966278076,1.739949107170105,1.8674973249435425,0.7582371830940247,0.7549287676811218,10.003344535827637
154.3000030517578,147.10000610351562,138.39999389648438,164.89999389648438,171.1999969482422,169.89999389648438,175.60000610351562,171.5,177.39999389648438,171.89999389648438,3.5999999046325684,175.39999389648438,163.8000030517578,27.5,162.60000610351562,22.40777015686035,1.1401971578598022,1.7270925045013428,1.8554521799087524,0.7540385723114014,0.7582353949546814,9.981532096862793
151.89999389648438,149.3000030517578,140.39999389648438,166.1999969482422,173.10000610351562,172.3000030517578,177.0,172.8000030517578,177.39999389648438,179.6999969482422,5.5,172.3000030517578,158.10000610351562,32.70000076293945,161.10000610351562,21.035076141357422,1.1428977251052856,1.745876431465149,1.8610841035842896,0.7255042791366577,0.7340065836906433,9.745537757873535
153.10000610351562,149.5,137.60000610351562,167.8000030517578,171.0,173.8000030517578,177.3000030517578,172.1999969482422,178.1999969482422,176.89999389648438,9.800000190734863,170.0,154.60000610351562,38.29999923706055,158.39999389648438,19.89289665222168,1.1241332292556763,1.7350317239761353,1.8546810150146484,0.7240793704986572,0.7192142009735107,9.737164497375488
153.89999389648438,150.60000610351562,138.3000030517578,166.6999969482422,172.10000610351562,171.3000030517578,179.39999389648438,171.39999389648438,176.8000030517578,173.1999969482422,13.800000190734863,169.3000030517578,150.60000610351562,42.20000076293945,155.5,20.858264923095703,1.1199030876159668,1.7272393703460693,1.8532447814941406,0.7006425857543945,0.7212355136871338,11.763980865478516
154.10000610351562,150.1999969482422,137.60000610351562,167.39999389648438,170.5,169.39999389648438,179.6999969482422,172.3000030517578,178.6999969482422,173.60000610351562,13.800000190734863,170.10000610351562,148.60000610351562,43.20000076293945,157.3000030517578,20.638992309570312,1.113898754119873,1.7233525514602661,1.8552634716033936,0.7071923613548279,0.7137384414672852,12.37555980682373
155.0,149.60000610351562,137.0,167.3000030517578,168.6999969482422,171.60000610351562,179.8000030517578,171.60000610351562,178.89999389648438,174.3000030517578,12.600000381469727,170.6999969482422,149.8000030517578,41.29999923706055,158.39999389648438,21.90163803100586,1.1159380674362183,1.7307658195495605,1.8601933717727661,0.711633563041687,0.7186216711997986,12.340682029724121
154.5,148.6999969482422,138.8000030517578,164.8000030517578,169.0,169.5,179.10000610351562,168.3000030517578,176.10000610351562,178.3000030517578,7.900000095367432,171.89999389648438,152.8000030517578,39.099998474121094,159.5,23.973365783691406,1.1220691204071045,1.7175166606903076,1.850649356842041,0.7148699760437012,0.7236855030059814,13.175261497497559
155.3000030517578,149.8000030517578,138.60000610351562,165.39999389648438,170.6999969482422,169.5,179.6999969482422,168.1999969482422,175.1999969482422,172.3000030517578,14.5,170.89999389648438,146.60000610351562,45.0,155.1999969482422,24.426681518554688,1.1304806470870972,1.719936728477478,1.8566327095031738,0.7163288593292236,0.715155839920044,13.57472038269043
154.89999389648438,148.60000610351562,139.1999969482422,167.5,171.10000610351562,172.60000610351562,178.6999969482422,170.3000030517578,175.60000610351562,171.3000030517578,13.699999809265137,171.10000610351562,149.8000030517578,41.099998474121094,155.3000030517578,23.841638565063477,1.1378263235092163,1.7460483312606812,1.8796817064285278,0.7357500195503235,0.736992359161377,11.413877487182617
155.5,148.89999389648438,138.10000610351562,167.1999969482422,171.39999389648438,172.10000610351562,177.0,171.6999969482422,176.8000030517578,173.60000610351562,10.899999618530273,171.6999969482422,152.3000030517578,38.099998474121094,157.10000610351562,22.568239212036133,1.1337366104125977,1.7325397729873657,1.859714150428772,0.7258496880531311,0.7331199049949646,11.700124740600586
154.10000610351562,148.60000610351562,139.3000030517578,167.5,170.5,172.3000030517578,176.89999389648438,170.8000030517578,175.8000030517578,175.1999969482422,9.899999618530273,171.89999389648438,152.60000610351562,39.70000076293945,155.6999969482422,22.132490158081055,1.1366691589355469,1.7276275157928467,1.8512235879898071,0.7262638807296753,0.7285865545272827,10.96475887298584
154.3000030517578,148.39999389648438,140.3000030517578,167.0,170.39999389648438,173.5,176.39999389648438,170.89999389648438,178.10000610351562,178.39999389648438,5.599999904632568,173.60000610351562,154.89999389648438,35.70000076293945,159.3000030517578,23.552064895629883,1.1621208190917969,1.748253345489502,1.874117374420166,0.7480300068855286,0.7380902767181396,11.09835147857666
154.6999969482422,147.10000610351562,139.10000610351562,166.6999969482422,170.39999389648438,174.0,175.39999389648438,171.0,177.89999389648438,174.39999389648438,0.10000000149011612,173.39999389648438,161.3000030517578,30.299999237060547,164.0,24.225643157958984,1.1541043519973755,1.7506638765335083,1.872036099433899,0.7585081458091736,0.7447167634963989,9.357341766357422
153.39999389648438,146.6999969482422,141.89999389648438,166.60000610351562,168.8000030517578,172.10000610351562,175.39999389648438,170.1999969482422,177.3000030517578,175.5,0.20000000298023224,174.1999969482422,160.3000030517578,30.799999237060547,161.0,22.621307373046875,1.1667828559875488,1.7474442720413208,1.8752166032791138,0.7691328525543213,0.759644091129303,9.70711898803711
156.39999389648438,142.8000030517578,140.60000610351562,164.6999969482422,168.6999969482422,171.1999969482422,173.89999389648438,169.0,176.39999389648438,167.39999389648438,7.300000190734863,173.39999389648438,164.1999969482422,24.200000762939453,165.0,26.90935516357422,1.1539745330810547,1.743058204650879,1.873121976852417,0.7620152235031128,0.7770643830299377,12.89804458618164
153.89999389648438,145.8000030517578,140.10000610351562,165.60000610351562,167.6999969482422,172.8000030517578,174.5,169.60000610351562,177.1999969482422,167.60000610351562,8.100000381469727,175.10000610351562,165.6999969482422,21.399999618530273,166.1999969482422,24.041006088256836,1.152087688446045,1.7452874183654785,1.870431900024414,0.750348687171936,0.7519881129264832,10.647144317626953
155.0,148.0,138.8000030517578,167.10000610351562,170.89999389648438,175.8000030517578,176.89999389648438,172.8000030517578,178.3000030517578,176.1999969482422,10.199999809265137,171.1999969482422,155.60000610351562,38.0,159.60000610351562,22.165918350219727,1.149684190750122,1.7478063106536865,1.8741202354431152,0.7192330956459045,0.7328592538833618,11.250532150268555
155.39999389648438,149.60000610351562,140.39999389648438,168.10000610351562,172.0,173.0,178.0,171.10000610351562,176.3000030517578,167.60000610351562,16.899999618530273,170.89999389648438,149.1999969482422,40.900001525878906,154.89999389648438,23.13422393798828,1.1402702331542969,1.7386208772659302,1.8572779893875122,0.7058649659156799,0.7317675948143005,13.295234680175781
156.89999389648438,148.3000030517578,138.10000610351562,169.10000610351562,172.39999389648438,173.39999389648438,178.89999389648438,171.1999969482422,176.5,164.0,24.0,169.0,145.1999969482422,45.599998474121094,153.8000030517578,21.10849380493164,1.1175107955932617,1.7275731563568115,1.8489004373550415,0.6901164054870605,0.712847888469696,13.885116577148438
158.60000610351562,150.0,134.0,171.39999389648438,172.6999969482422,172.0,177.10000610351562,172.10000610351562,179.3000030517578,153.60000610351562,37.400001525878906,168.8000030517578,137.6999969482422,57.70000076293945,150.8000030517578,20.997543334960938,1.1124460697174072,1.741125226020813,1.882292628288269,0.6792954206466675,0.7124519348144531,17.35889434814453
157.5,149.6999969482422,133.39999389648438,170.0,172.0,173.89999389648438,178.60000610351562,170.8000030517578,177.0,160.3000030517578,31.0,169.8000030517578,141.6999969482422,52.599998474121094,152.8000030517578,21.705066680908203,1.112714409828186,1.7437310218811035,1.878382682800293,0.6893709897994995,0.707694411277771,16.035263061523438
157.10000610351562,148.89999389648438,133.60000610351562,170.39999389648438,170.6999969482422,177.3000030517578,177.89999389648438,172.1999969482422,177.6999969482422,156.5,35.900001525878906,167.5,141.6999969482422,54.70000076293945,149.3000030517578,19.91167640686035,1.1014294624328613,1.7302371263504028,1.8733289241790771,0.693562924861908,0.7177746295928955,16.56621551513672
156.8000030517578,148.89999389648438,137.5,169.60000610351562,173.3000030517578,173.89999389648438,179.5,171.6999969482422,177.8000030517578,162.1999969482422,27.799999237060547,168.6999969482422,143.60000610351562,50.29999923706055,153.1999969482422,22.736066818237305,1.1316477060317993,1.7508351802825928,1.8835119009017944,0.7135353684425354,0.7277672290802002,14.666687965393066
155.8000030517578,149.1999969482422,135.89999389648438,169.10000610351562,172.8000030517578,175.3000030517578,178.89999389648438,171.3000030517578,176.10000610351562,164.6999969482422,22.799999237060547,171.3000030517578,147.6999969482422,45.599998474121094,152.5,20.991395950317383,1.1171789169311523,1.7372606992721558,1.8571938276290894,0.7082067131996155,0.7168050408363342,12.580395698547363
155.6999969482422,149.1999969482422,138.5,168.3000030517578,171.3000030517578,173.89999389648438,177.1999969482422,171.0,176.3000030517578,169.6999969482422,16.700000762939453,172.39999389648438,149.1999969482422,42.900001525878906,157.8000030517578,21.894689559936523,1.1402729749679565,1.741831660270691,1.8561705350875854,0.7133141756057739,0.7198765873908997,11.210211753845215
154.39999389648438,148.3000030517578,138.6999969482422,168.3000030517578,171.39999389648438,176.10000610351562,176.89999389648438,171.5,178.0,178.10000610351562,7.699999809265137,169.60000610351562,155.3000030517578,34.900001525878906,159.1999969482422,21.433778762817383,1.1286897659301758,1.739400863647461,1.8596181869506836,0.7224997878074646,0.7306357622146606,11.70858097076416
153.5,146.10000610351562,141.3000030517578,166.89999389648438,170.60000610351562,173.89999389648438,174.3000030517578,172.60000610351562,177.5,171.39999389648438,4.800000190734863,176.1999969482422,165.39999389648438,25.5,162.60000610351562,23.386335372924805,1.1724604368209839,1.7488536834716797,1.8719871044158936,0.7955133318901062,0.7786757946014404,8.41989517211914
152.5,145.6999969482422,140.0,166.10000610351562,168.0,172.0,173.89999389648438,168.10000610351562,176.89999389648438,164.5,11.0,177.0,168.89999389648438,18.399999618530273,169.60000610351562,21.922243118286133,1.1545019149780273,1.7410643100738525,1.862853765487671,0.7523447275161743,0.7492241859436035,9.7979736328125
154.6999969482422,144.39999389648438,140.39999389648438,165.89999389648438,166.89999389648438,171.0,172.8000030517578,168.3000030517578,176.89999389648438,164.39999389648438,11.199999809265137,176.89999389648438,169.3000030517578,17.700000762939453,168.1999969482422,23.581050872802734,1.154895544052124,1.7339563369750977,1.8581942319869995,0.7634904980659485,0.7793146371841431,11.41497802734375
154.1999969482422,143.89999389648438,142.89999389648438,166.10000610351562,165.39999389648438,171.1999969482422,173.1999969482422,167.8000030517578,175.3000030517578,164.0,10.699999809265137,175.89999389648438,169.60000610351562,16.200000762939453,168.5,23.798410415649414,1.1550652980804443,1.7281254529953003,1.8568977117538452,0.7475618124008179,0.7634051442146301,10.723437309265137
154.89999389648438,145.1999969482422,140.39999389648438,165.6999969482422,166.60000610351562,170.60000610351562,173.8000030517578,168.89999389648438,178.10000610351562,164.8000030517578,9.800000190734863,174.0,167.1999969482422,17.0,171.5,23.92270278930664,1.1561007499694824,1.7267940044403076,1.8575937747955322,0.750249981880188,0.756582498550415,11.055002212524414
156.10000610351562,143.6999969482422,137.39999389648438,162.8000030517578,167.39999389648438,168.5,174.8000030517578,168.1999969482422,177.0,163.10000610351562,12.100000381469727,175.5,166.0,20.899999618530273,171.39999389648438,25.211336135864258,1.1194971799850464,1.7058215141296387,1.8443983793258667,0.7374258041381836,0.7502620220184326,12.014397621154785
156.1999969482422,144.89999389648438,138.6999969482422,163.10000610351562,167.5,168.89999389648438,175.39999389648438,169.5,176.89999389648438,166.6999969482422,8.0,174.8000030517578,165.5,21.399999618530273,169.10000610351562,25.953739166259766,1.1496641635894775,1.723854899406433,1.8571964502334595,0.7620084881782532,0.7670758366584778,11.413432121276855
156.1999969482422,145.39999389648438,137.60000610351562,163.6999969482422,168.39999389648438,167.6999969482422,175.89999389648438,169.89999389648438,177.6999969482422,168.39999389648438,7.099999904632568,174.5,162.6999969482422,24.399999618530273,167.0,25.445640563964844,1.1411460638046265,1.7270703315734863,1.8662551641464233,0.7555278539657593,0.7660164833068848,12.596917152404785
154.89999389648438,145.3000030517578,139.0,163.5,167.0,169.60000610351562,174.3000030517578,170.3000030517578,177.89999389648438,166.60000610351562,9.5,176.0,166.1999969482422,22.0,165.0,24.265666961669922,1.1460319757461548,1.728905439376831,1.8664333820343018,0.7478449940681458,0.7587869167327881,11.64311408996582
155.39999389648438,144.89999389648438,138.3000030517578,163.8000030517578,167.3000030517578,169.3000030517578,175.10000610351562,168.60000610351562,176.89999389648438,167.3000030517578,8.199999809265137,176.0,164.6999969482422,21.700000762939453,168.39999389648438,25.6666202545166,1.1424025297164917,1.7217729091644287,1.8616150617599487,0.745076596736908,0.754706859588623,11.889625549316406
156.6999969482422,144.5,139.5,163.6999969482422,167.5,168.0,174.8000030517578,170.3000030517578,178.8000030517578,166.6999969482422,8.5,174.39999389648438,164.5,22.899999618530273,166.0,26.048765182495117,1.1586657762527466,1.7303714752197266,1.8712078332901,0.7718998193740845,0.7711020708084106,10.890632629394531
155.0,146.89999389648438,136.0,164.3000030517578,170.60000610351562,170.1999969482422,176.8000030517578,170.39999389648438,176.0,173.60000610351562,0.30000001192092896,175.5,159.6999969482422,33.599998474121094,163.5,25.585121154785156,1.1512980461120605,1.7391114234924316,1.8820552825927734,0.7747445702552795,0.7578282356262207,9.968634605407715
154.39999389648438,145.8000030517578,138.60000610351562,166.39999389648438,171.5,171.0,177.10000610351562,171.10000610351562,175.60000610351562,175.8000030517578,3.5999999046325684,173.39999389648438,157.6999969482422,37.599998474121094,161.5,24.210201263427734,1.154488205909729,1.7474428415298462,1.8895763158798218,0.767490565776825,0.7346229553222656,8.949234008789062
154.89999389648438,148.89999389648438,138.3000030517578,168.89999389648438,169.5,173.1999969482422,177.1999969482422,172.8000030517578,178.39999389648438,172.39999389648438,15.5,171.0,150.1999969482422,42.599998474121094,157.5,20.18148422241211,1.1323802471160889,1.7306180000305176,1.8523428440093994,0.7360087633132935,0.7217808961868286,8.827351570129395
154.6999969482422,148.6999969482422,137.39999389648438,169.5,170.39999389648438,173.10000610351562,177.6999969482422,171.89999389648438,176.0,171.8000030517578,15.5,173.6999969482422,148.10000610351562,45.900001525878906,156.8000030517578,21.931800842285156,1.1362683773040771,1.7500262260437012,1.8750964403152466,0.7325547933578491,0.708654522895813,10.356289863586426
158.39999389648438,150.5,127.9000015258789,172.8000030517578,167.8000030517578,177.39999389648438,178.89999389648438,170.60000610351562,177.60000610351562,136.3000030517578,54.599998474121094,174.0,133.8000030517578,60.099998474121094,156.1999969482422,22.982221603393555,1.148551344871521,1.744336724281311,1.876745343208313,0.7079318165779114,0.6942293047904968,10.492033958435059
158.89999389648438,152.0,126.5999984741211,174.89999389648438,167.1999969482422,177.39999389648438,176.89999389648438,170.10000610351562,179.39999389648438,113.0,77.0999984741211,172.6999969482422,120.0,72.9000015258789,157.1999969482422,21.447114944458008,1.1489343643188477,1.7455527782440186,1.8741123676300049,0.6805927157402039,0.6834943294525146,12.98076343536377
154.89999389648438,154.5,131.60000610351562,176.8000030517578,171.5,174.89999389648438,170.8000030517578,171.10000610351562,179.0,101.30000305175781,88.0,167.39999389648438,94.30000305175781,98.80000305175781,150.60000610351562,19.308183670043945,1.1518193483352661,1.7407660484313965,1.8769930601119995,0.6594401597976685,0.631985068321228,5.509325981140137
158.89999389648438,147.89999389648438,132.60000610351562,174.0,167.6999969482422,179.89999389648438,176.5,172.39999389648438,177.39999389648438,131.39999389648438,61.599998474121094,171.1999969482422,128.8000030517578,66.9000015258789,159.0,22.19799041748047,1.1499439477920532,1.7471104860305786,1.8904995918273926,0.7208916544914246,0.7363879084587097,11.007084846496582
153.89999389648438,147.6999969482422,138.10000610351562,168.1999969482422,171.1999969482422,171.5,178.10000610351562,170.3000030517578,175.10000610351562,178.10000610351562,7.900000095367432,176.6999969482422,152.0,41.0,161.10000610351562,21.981521606445312,1.1402842998504639,1.7308428287506104,1.8566631078720093,0.7367382645606995,0.7055056095123291,9.488536834716797
155.6999969482422,147.0,137.5,165.89999389648438,168.3000030517578,172.60000610351562,174.8000030517578,169.0,175.10000610351562,175.60000610351562,1.100000023841858,177.3000030517578,157.0,34.5,164.39999389648438,25.891786575317383,1.1244674921035767,1.7208245992660522,1.831655502319336,0.702907145023346,0.7154150605201721,12.638472557067871
154.8000030517578,146.10000610351562,137.3000030517578,168.8000030517578,164.89999389648438,170.1999969482422,174.8000030517578,165.10000610351562,174.1999969482422,171.3000030517578,0.10000000149011612,176.6999969482422,155.60000610351562,36.400001525878906,166.0,22.942337036132812,1.1070387363433838,1.7147208452224731,1.835939884185791,0.6678701639175415,0.6620413661003113,10.533384323120117
154.3000030517578,147.1999969482422,136.5,166.6999969482422,164.3000030517578,170.3000030517578,172.60000610351562,165.60000610351562,176.1999969482422,165.89999389648438,7.800000190734863,179.8000030517578,164.89999389648438,25.0,169.89999389648438,24.07585906982422,1.1266714334487915,1.7349584102630615,1.8555428981781006,0.6996055841445923,0.6652060151100159,7.605218410491943
155.89999389648438,145.10000610351562,135.89999389648438,165.60000610351562,167.10000610351562,172.0,173.8000030517578,168.3000030517578,175.5,170.6999969482422,2.5999999046325684,177.3000030517578,163.3000030517578,27.100000381469727,167.89999389648438,26.582704544067383,1.1219860315322876,1.7322460412979126,1.8513399362564087,0.7105122208595276,0.7114776372909546,10.44970417022705
154.8000030517578,146.3000030517578,136.10000610351562,166.1999969482422,168.5,174.10000610351562,174.60000610351562,171.1999969482422,176.0,174.0,0.6000000238418579,177.60000610351562,161.10000610351562,30.600000381469727,163.60000610351562,25.802417755126953,1.143975019454956,1.7465122938156128,1.8522439002990723,0.7290902137756348,0.7215464115142822,10.036086082458496
153.39999389648438,149.6999969482422,135.10000610351562,168.8000030517578,171.60000610351562,175.10000610351562,176.89999389648438,171.10000610351562,175.60000610351562,176.60000610351562,9.399999618530273,177.0,152.10000610351562,44.900001525878906,157.6999969482422,23.251182556152344,1.155961513519287,1.7677619457244873,1.8874379396438599,0.7368245124816895,0.7184683084487915,10.901596069335938
154.6999969482422,145.89999389648438,136.89999389648438,170.0,168.6999969482422,176.3000030517578,175.6999969482422,172.0,177.3000030517578,176.8000030517578,5.300000190734863,175.60000610351562,155.8000030517578,40.20000076293945,161.8000030517578,23.163204193115234,1.1587779521942139,1.7695623636245728,1.8890800476074219,0.7473102807998657,0.7075590491294861,7.731601715087891
153.89999389648438,145.5,138.3000030517578,168.39999389648438,168.10000610351562,174.39999389648438,175.6999969482422,171.89999389648438,174.89999389648438,178.1999969482422,6.099999904632568,176.0,153.8000030517578,42.900001525878906,158.60000610351562,23.24761962890625,1.1560566425323486,1.7607793807983398,1.890201449394226,0.7472373843193054,0.7081661224365234,8.961365699768066
153.6999969482422,146.6999969482422,135.39999389648438,168.0,170.39999389648438,173.0,178.0,171.5,175.89999389648438,179.39999389648438,8.699999809265137,177.0,150.39999389648438,49.20000076293945,156.8000030517578,22.98582649230957,1.1458957195281982,1.758166790008545,1.8912628889083862,0.7437497973442078,0.7123438119888306,9.954843521118164
154.10000610351562,146.89999389648438,135.10000610351562,168.0,168.89999389648438,172.60000610351562,178.6999969482422,173.1999969482422,177.89999389648438,179.10000610351562,10.600000381469727,174.89999389648438,148.89999389648438,49.79999923706055,156.8000030517578,21.860187530517578,1.1346973180770874,1.7503365278244019,1.8935726881027222,0.7344682216644287,0.7040668725967407,10.042805671691895
153.8000030517578,147.60000610351562,135.10000610351562,168.0,169.5,171.39999389648438,179.6999969482422,173.6999969482422,178.6999969482422,176.89999389648438,11.800000190734863,175.6999969482422,146.1999969482422,52.900001525878906,156.3000030517578,22.327844619750977,1.136147379875183,1.7555896043777466,1.8930484056472778,0.7328110337257385,0.7005429267883301,10.594399452209473
154.60000610351562,147.89999389648438,132.39999389648438,167.6999969482422,169.1999969482422,172.0,179.60000610351562,173.60000610351562,178.10000610351562,176.3000030517578,12.899999618530273,175.6999969482422,146.60000610351562,52.5,155.60000610351562,22.496522903442383,1.121960997581482,1.749080777168274,1.8839120864868164,0.725918173789978,0.6982075572013855,10.603178024291992
154.5,148.3000030517578,133.0,167.10000610351562,168.5,172.5,179.39999389648438,173.6999969482422,178.39999389648438,176.89999389648438,12.0,176.5,149.5,51.5,155.3000030517578,22.68756866455078,1.1325817108154297,1.7450737953186035,1.8791991472244263,0.7207778692245483,0.6954860687255859,9.302824974060059
153.8000030517578,148.5,137.5,167.39999389648438,167.39999389648438,170.60000610351562,179.5,171.89999389648438,176.39999389648438,175.5,13.300000190734863,174.0,147.39999389648438,50.599998474121094,154.10000610351562,21.945764541625977,1.136852502822876,1.7296695709228516,1.8763341903686523,0.7209808230400085,0.6983094811439514,10.416878700256348
154.1999969482422,151.1999969482422,139.0,167.3000030517578,170.6999969482422,171.0,179.10000610351562,172.60000610351562,178.60000610351562,171.10000610351562,18.0,172.8000030517578,149.5,51.20000076293945,151.60000610351562,22.950838088989258,1.1481081247329712,1.7276020050048828,1.877384901046753,0.7288691401481628,0.7214120626449585,9.582520484924316
152.8000030517578,149.8000030517578,140.5,167.3000030517578,169.0,171.0,179.6999969482422,173.3000030517578,178.5,176.8000030517578,10.0,174.5,151.6999969482422,42.5,158.89999389648438,22.422584533691406,1.1487832069396973,1.7324155569076538,1.8795535564422607,0.7409693598747253,0.7291898727416992,9.061126708984375
152.89999389648438,149.1999969482422,140.0,165.8000030517578,168.6999969482422,171.5,179.10000610351562,171.0,175.10000610351562,176.8000030517578,3.5,175.3000030517578,156.1999969482422,38.099998474121094,160.39999389648438,22.849349975585938,1.1355081796646118,1.7179584503173828,1.860371470451355,0.7297614812850952,0.7291222214698792,10.01561450958252
153.3000030517578,149.5,141.6999969482422,165.5,170.10000610351562,170.89999389648438,178.8000030517578,171.3000030517578,176.8000030517578,177.6999969482422,4.5,174.0,157.1999969482422,33.099998474121094,162.3000030517578,22.448070526123047,1.1206517219543457,1.7037136554718018,1.8405462503433228,0.7349319458007812,0.7319959402084351,11.302348136901855
153.6999969482422,148.8000030517578,142.3000030517578,164.8000030517578,169.89999389648438,171.5,178.5,170.6999969482422,174.60000610351562,174.1999969482422,4.0,170.6999969482422,159.60000610351562,30.299999237060547,164.5,22.67779541015625,1.1040458679199219,1.6905736923217773,1.8177387714385986,0.7506570219993591,0.7305616140365601,10.48379898071289
153.60000610351562,149.0,143.10000610351562,164.6999969482422,169.8000030517578,170.0,178.60000610351562,169.6999969482422,175.39999389648438,173.89999389648438,2.0,173.5,156.39999389648438,33.099998474121094,165.10000610351562,23.13664436340332,1.1099039316177368,1.686168909072876,1.8155118227005005,0.7553851008415222,0.7258630394935608,11.266640663146973
153.0,150.0,142.0,163.8000030517578,170.8000030517578,169.6999969482422,177.89999389648438,169.5,174.89999389648438,173.6999969482422,2.5999999046325684,172.89999389648438,159.60000610351562,29.200000762939453,165.60000610351562,24.25819969177246,1.1268244981765747,1.687682867050171,1.8179974555969238,0.7579329609870911,0.7444009780883789,11.157240867614746
153.0,148.89999389648438,144.0,164.3000030517578,169.89999389648438,169.10000610351562,178.39999389648438,171.8000030517578,176.39999389648438,176.89999389648438,5.199999809265137,171.89999389648438,159.39999389648438,31.799999237060547,162.89999389648438,22.547258377075195,1.1160707473754883,1.6793739795684814,1.8159321546554565,0.747505784034729,0.7354441285133362,7.93625545501709
152.6999969482422,147.5,142.10000610351562,163.6999969482422,170.3000030517578,169.60000610351562,177.8000030517578,171.3000030517578,175.39999389648438,173.6999969482422,3.5,170.10000610351562,158.89999389648438,31.799999237060547,162.8000030517578,23.40985679626465,1.1017680168151855,1.680468201637268,1.8166619539260864,0.7434458136558533,0.7459570169448853,11.819875717163086
151.6999969482422,149.1999969482422,142.10000610351562,164.3000030517578,169.10000610351562,170.3000030517578,178.6999969482422,170.10000610351562,175.8000030517578,175.89999389648438,2.4000000953674316,174.5,158.8000030517578,31.299999237060547,165.8000030517578,23.929052352905273,1.1344523429870605,1.7110435962677002,1.8302658796310425,0.762945830821991,0.7268080115318298,7.8977484703063965
154.89999389648438,146.60000610351562,140.5,164.0,171.10000610351562,170.1999969482422,178.1999969482422,171.3000030517578,174.6999969482422,175.6999969482422,4.599999904632568,172.5,160.10000610351562,31.799999237060547,162.6999969482422,24.346574783325195,1.0951673984527588,1.6782749891281128,1.8046607971191406,0.7421525120735168,0.7353870868682861,11.634795188903809
152.6999969482422,148.3000030517578,140.39999389648438,165.89999389648438,170.0,170.6999969482422,179.39999389648438,172.89999389648438,177.89999389648438,178.10000610351562,13.300000190734863,167.5,152.10000610351562,43.20000076293945,154.0,20.928796768188477,1.1034923791885376,1.6888182163238525,1.8328911066055298,0.7246641516685486,0.7322230935096741,14.668198585510254
153.8000030517578,147.8000030517578,139.0,166.1999969482422,169.60000610351562,171.5,179.5,173.89999389648438,177.3000030517578,175.10000610351562,14.100000381469727,170.0,150.1999969482422,46.5,150.8000030517578,20.188337326049805,1.0878958702087402,1.6932613849639893,1.8312321901321411,0.7350981831550598,0.7290013432502747,12.932369232177734
153.3000030517578,149.89999389648438,142.6999969482422,165.5,170.5,168.8000030517578,178.39999389648438,171.5,175.5,179.60000610351562,6.800000190734863,174.10000610351562,153.89999389648438,36.70000076293945,163.3000030517578,20.821474075317383,1.112633466720581,1.6839430332183838,1.812064290046692,0.7222253680229187,0.7099254727363586,9.016280174255371
153.89999389648438,149.1999969482422,143.5,164.1999969482422,170.8000030517578,169.1999969482422,178.8000030517578,169.39999389648438,173.8000030517578,175.60000610351562,3.0,174.60000610351562,157.3000030517578,32.099998474121094,164.89999389648438,23.272653579711914,1.1209410429000854,1.6892340183258057,1.8145400285720825,0.7462459802627563,0.7278605699539185,9.828912734985352
154.8000030517578,148.89999389648438,139.60000610351562,164.6999969482422,169.3000030517578,168.60000610351562,177.8000030517578,172.0,177.0,176.0,2.5,176.89999389648438,156.39999389648438,36.0,162.10000610351562,23.84343910217285,1.1062489748001099,1.6944786310195923,1.823205590248108,0.7541731595993042,0.7304124236106873,10.110189437866211
154.3000030517578,149.0,137.0,163.60000610351562,169.89999389648438,170.6999969482422,178.3000030517578,171.89999389648438,176.39999389648438,176.6999969482422,3.5999999046325684,175.5,155.10000610351562,37.0,161.6999969482422,24.060144424438477,1.0897833108901978,1.6807804107666016,1.8032244443893433,0.7440032362937927,0.7149420976638794,10.575468063354492
153.10000610351562,148.1999969482422,141.89999389648438,164.6999969482422,169.1999969482422,169.89999389648438,177.5,172.39999389648438,175.6999969482422,176.39999389648438,3.4000000953674316,174.0,156.0,36.099998474121094,159.5,22.070941925048828,1.1148542165756226,1.7033956050872803,1.8339084386825562,0.7458348274230957,0.7419801354408264,11.326492309570312
153.10000610351562,147.8000030517578,138.3000030517578,165.0,172.6999969482422,167.5,179.60000610351562,172.3000030517578,174.8000030517578,177.8000030517578,5.5,173.89999389648438,157.3000030517578,34.70000076293945,163.6999969482422,21.947019577026367,1.1185009479522705,1.7118422985076904,1.8552943468093872,0.7609813213348389,0.7596150040626526,12.091168403625488
154.3000030517578,146.6999969482422,140.1999969482422,165.6999969482422,170.8000030517578,170.60000610351562,179.89999389648438,174.39999389648438,178.6999969482422,176.60000610351562,12.800000190734863,169.89999389648438,153.3000030517578,41.70000076293945,155.3000030517578,23.48662567138672,1.1318180561065674,1.731406569480896,1.88460111618042,0.7656323909759521,0.7600619792938232,12.822165489196777
154.60000610351562,147.60000610351562,138.8000030517578,166.3000030517578,171.1999969482422,169.1999969482422,179.60000610351562,173.89999389648438,178.60000610351562,173.39999389648438,12.800000190734863,174.60000610351562,152.39999389648438,41.900001525878906,157.6999969482422,23.335643768310547,1.1353105306625366,1.740813970565796,1.9021168947219849,0.7708630561828613,0.7641443014144897,12.442821502685547
156.89999389648438,148.89999389648438,134.10000610351562,167.60000610351562,170.60000610351562,169.10000610351562,179.0,173.89999389648438,179.8000030517578,169.6999969482422,15.899999618530273,176.1999969482422,150.6999969482422,43.79999923706055,157.60000610351562,24.588672637939453,1.1254189014434814,1.7530304193496704,1.918820858001709,0.759145200252533,0.738754153251648,10.744324684143066
155.3000030517578,148.1999969482422,137.5,168.0,170.3000030517578,169.6999969482422,179.6999969482422,174.3000030517578,179.39999389648438,172.8000030517578,13.800000190734863,173.5,149.5,42.099998474121094,160.39999389648438,24.702667236328125,1.149662733078003,1.7549245357513428,1.9120545387268066,0.7873658537864685,0.7549301981925964,10.200668334960938
153.8000030517578,148.39999389648438,138.39999389648438,168.3000030517578,169.89999389648438,168.10000610351562,180.0,173.3000030517578,178.3000030517578,173.1999969482422,12.199999809265137,175.10000610351562,151.3000030517578,42.099998474121094,158.5,21.252197265625,1.129277229309082,1.7349711656570435,1.8829002380371094,0.7555760741233826,0.7338399887084961,8.969550132751465
153.10000610351562,148.10000610351562,136.8000030517578,165.89999389648438,170.39999389648438,168.6999969482422,179.6999969482422,173.8000030517578,177.5,175.39999389648438,10.800000190734863,173.5,150.6999969482422,42.20000076293945,158.1999969482422,24.247819900512695,1.1306798458099365,1.7482218742370605,1.8938965797424316,0.7681665420532227,0.7421203255653381,10.472196578979492
152.5,147.89999389648438,137.5,166.0,170.5,166.3000030517578,178.89999389648438,173.60000610351562,176.8000030517578,179.1999969482422,7.699999809265137,175.3000030517578,155.39999389648438,41.29999923706055,158.60000610351562,21.90114974975586,1.1315925121307373,1.7259715795516968,1.8725082874298096,0.7914878726005554,0.7550703287124634,8.212446212768555
152.1999969482422,148.5,138.3000030517578,165.5,170.8000030517578,168.5,179.60000610351562,171.89999389648438,175.10000610351562,178.5,7.199999809265137,175.89999389648438,154.10000610351562,41.20000076293945,157.39999389648438,21.838796615600586,1.1185200214385986,1.71706223487854,1.8663530349731445,0.7683106064796448,0.7497357130050659,10.407218933105469
151.1999969482422,147.8000030517578,140.3000030517578,164.8000030517578,170.0,169.0,179.0,173.1999969482422,176.0,179.3000030517578,7.199999809265137,175.60000610351562,153.89999389648438,41.099998474121094,158.3000030517578,23.037076950073242,1.1385602951049805,1.7263014316558838,1.869443416595459,0.7826061844825745,0.7462651133537292,8.970707893371582
152.8000030517578,148.3000030517578,137.6999969482422,165.39999389648438,171.1999969482422,167.1999969482422,178.89999389648438,173.6999969482422,176.6999969482422,179.1999969482422,6.900000095367432,174.8000030517578,152.1999969482422,43.099998474121094,157.10000610351562,22.50981330871582,1.12519109249115,1.7209216356277466,1.8705097436904907,0.781445324420929,0.745524525642395,9.230011940002441
153.5,148.6999969482422,141.0,165.0,170.1999969482422,168.3000030517578,178.3000030517578,174.1999969482422,177.60000610351562,178.89999389648438,6.0,173.60000610351562,157.0,35.29999923706055,161.39999389648438,23.008941650390625,1.1326152086257935,1.7158347368240356,1.8559092283248901,0.7630503177642822,0.7495636343955994,9.724223136901855
152.60000610351562,147.1999969482422,142.6999969482422,165.0,170.0,167.60000610351562,178.89999389648438,171.89999389648438,175.3000030517578,177.0,2.5,174.6999969482422,157.60000610351562,32.599998474121094,162.60000610351562,21.818655014038086,1.1266651153564453,1.7059705257415771,1.85106360912323,0.7738358378410339,0.7428469061851501,9.20809555053711
152.8000030517578,148.5,139.89999389648438,164.60000610351562,169.89999389648438,166.39999389648438,177.89999389648438,171.89999389648438,175.39999389648438,176.1999969482422,1.600000023841858,177.1999969482422,159.0,34.29999923706055,161.8000030517578,21.75023651123047,1.120286226272583,1.7009450197219849,1.844130516052246,0.7545673847198486,0.7410252094268799,9.680703163146973
153.10000610351562,147.1999969482422,142.0,164.39999389648438,169.10000610351562,169.39999389648438,177.89999389648438,171.3000030517578,176.0,170.89999389648438,2.200000047683716,174.1999969482422,163.1999969482422,27.5,165.8000030517578,22.250274658203125,1.1234911680221558,1.7026031017303467,1.8393882513046265,0.7608054876327515,0.7424346804618835,8.686314582824707
153.10000610351562,147.5,143.1999969482422,164.1999969482422,169.1999969482422,169.1999969482422,177.89999389648438,170.5,175.60000610351562,172.6999969482422,0.10000000149011612,173.5,160.10000610351562,28.600000381469727,164.39999389648438,21.96949577331543,1.0909438133239746,1.675157904624939,1.8043261766433716,0.7337627410888672,0.7288299798965454,10.502470016479492
153.10000610351562,146.89999389648438,142.8000030517578,164.5,169.10000610351562,167.39999389648438,177.5,171.39999389648438,177.3000030517578,172.5,0.699999988079071,173.6999969482422,158.89999389648438,29.0,166.6999969482422,21.231718063354492,1.080287218093872,1.6724456548690796,1.8036223649978638,0.740139365196228,0.7143796682357788,10.104643821716309
153.0,148.39999389648438,143.0,164.60000610351562,169.1999969482422,167.89999389648438,178.10000610351562,171.0,177.3000030517578,174.3000030517578,0.20000000298023224,175.60000610351562,156.5,32.0,163.8000030517578,22.02474021911621,1.089402437210083,1.6719942092895508,1.8005588054656982,0.7421315312385559,0.7208220958709717,11.078346252441406
152.39999389648438,148.60000610351562,141.5,163.39999389648438,169.60000610351562,169.60000610351562,178.5,169.8000030517578,177.39999389648438,174.5,3.0,169.39999389648438,155.6999969482422,33.599998474121094,160.39999389648438,21.40163803100586,1.0645698308944702,1.6414427757263184,1.7588661909103394,0.6979681253433228,0.7097101807594299,13.075493812561035
152.60000610351562,148.5,139.6999969482422,163.39999389648438,170.5,168.89999389648438,179.0,170.10000610351562,176.89999389648438,176.8000030517578,5.199999809265137,171.3000030517578,154.1999969482422,37.400001525878906,159.3000030517578,22.036869049072266,1.06570303440094,1.6466898918151855,1.7636524438858032,0.723827064037323,0.711841881275177,11.634235382080078
153.0,147.60000610351562,140.39999389648438,163.0,171.3000030517578,168.0,178.60000610351562,169.60000610351562,175.89999389648438,175.0,3.0,170.8000030517578,154.10000610351562,36.79999923706055,157.0,21.529138565063477,1.0491410493850708,1.636156439781189,1.756526231765747,0.7106344699859619,0.7088209390640259,13.646956443786621
153.3000030517578,147.10000610351562,141.10000610351562,163.3000030517578,170.60000610351562,167.8000030517578,178.1999969482422,170.10000610351562,176.6999969482422,174.10000610351562,2.5,170.60000610351562,156.3000030517578,33.0,161.3000030517578,22.12411117553711,1.0684595108032227,1.652493953704834,1.7757830619812012,0.7201636433601379,0.7159811854362488,12.634488105773926
151.89999389648438,149.10000610351562,142.39999389648438,164.39999389648438,169.10000610351562,168.8000030517578,178.8000030517578,171.10000610351562,176.5,176.60000610351562,3.4000000953674316,173.8000030517578,154.5,36.29999923706055,160.3000030517578,21.162012100219727,1.0913589000701904,1.6683952808380127,1.7904382944107056,0.7248106598854065,0.7079675793647766,11.558837890625
152.89999389648438,147.6999969482422,141.89999389648438,164.5,168.89999389648438,167.6999969482422,178.89999389648438,168.89999389648438,174.89999389648438,174.6999969482422,1.0,175.3000030517578,154.89999389648438,34.0,163.8000030517578,22.02682876586914,1.0786198377609253,1.663649082183838,1.7831120491027832,0.7283070087432861,0.7047944664955139,11.43156623840332
154.6999969482422,146.89999389648438,140.39999389648438,164.10000610351562,167.60000610351562,168.8000030517578,176.89999389648438,171.5,174.6999969482422,176.5,2.299999952316284,175.60000610351562,159.1999969482422,33.70000076293945,157.60000610351562,22.49372100830078,1.0880206823349,1.6696885824203491,1.7856121063232422,0.734538733959198,0.7214449048042297,10.445783615112305
153.3000030517578,146.0,142.39999389648438,164.1999969482422,168.5,165.60000610351562,177.89999389648438,168.8000030517578,175.0,174.5,1.100000023841858,174.60000610351562,157.39999389648438,33.70000076293945,158.6999969482422,22.558738708496094,1.0698878765106201,1.6472077369689941,1.7568546533584595,0.7173987030982971,0.7070870399475098,11.137736320495605
153.3000030517578,148.39999389648438,140.39999389648438,164.3000030517578,167.3000030517578,168.0,177.6999969482422,170.8000030517578,177.6999969482422,176.89999389648438,4.400000095367432,172.10000610351562,157.3000030517578,35.20000076293945,159.89999389648438,21.674108505249023,1.0729228258132935,1.6460654735565186,1.7740256786346436,0.715438187122345,0.6981699466705322,9.83998966217041
152.8000030517578,147.39999389648438,140.60000610351562,163.60000610351562,169.3000030517578,166.6999969482422,178.1999969482422,170.1999969482422,176.60000610351562,177.8000030517578,2.799999952316284,174.1999969482422,155.39999389648438,38.29999923706055,155.89999389648438,23.359539031982422,1.0684518814086914,1.6478912830352783,1.7774710655212402,0.7298610210418701,0.7115439176559448,11.047563552856445
153.89999389648438,148.39999389648438,140.89999389648438,164.6999969482422,169.0,169.10000610351562,178.5,171.5,176.0,178.5,4.900000095367432,175.39999389648438,156.6999969482422,37.29999923706055,159.39999389648438,23.97920036315918,1.1124080419540405,1.6911238431930542,1.8195276260375977,0.7448011636734009,0.7382037043571472,11.510193824768066
154.3000030517578,146.6999969482422,139.6999969482422,163.5,169.6999969482422,170.6999969482422,178.8000030517578,170.3000030517578,175.60000610351562,177.89999389648438,6.300000190734863,173.39999389648438,155.10000610351562,39.099998474121094,160.6999969482422,25.198741912841797,1.1165404319763184,1.6997942924499512,1.8296321630477905,0.7725608944892883,0.7475067377090454,13.044817924499512
153.39999389648438,148.5,138.6999969482422,165.0,169.89999389648438,170.3000030517578,178.89999389648438,173.3000030517578,176.3000030517578,178.8000030517578,7.199999809265137,171.89999389648438,155.8000030517578,35.900001525878906,159.1999969482422,22.399513244628906,1.122145652770996,1.7198292016983032,1.8577243089675903,0.7644791603088379,0.7534356117248535,11.209928512573242
153.39999389648438,149.0,141.0,165.39999389648438,170.0,169.89999389648438,178.8000030517578,173.5,176.3000030517578,177.0,8.800000190734863,173.10000610351562,154.5,37.0,159.5,21.991159439086914,1.1265658140182495,1.7102023363113403,1.8464102745056152,0.7560590505599976,0.7477115392684937,10.610121726989746
153.6999969482422,149.60000610351562,139.5,165.39999389648438,171.0,168.39999389648438,179.39999389648438,172.6999969482422,175.8000030517578,175.5,10.699999809265137,172.89999389648438,151.1999969482422,40.20000076293945,157.89999389648438,22.598966598510742,1.1213346719741821,1.7021549940109253,1.839895486831665,0.7538623809814453,0.7367933392524719,11.910232543945312
153.1999969482422,149.8000030517578,138.6999969482422,166.39999389648438,170.10000610351562,169.10000610351562,179.8000030517578,173.60000610351562,178.3000030517578,171.60000610351562,14.699999809265137,171.8000030517578,149.8000030517578,43.29999923706055,154.39999389648438,21.67913246154785,1.1196057796478271,1.717125654220581,1.8632807731628418,0.7372823357582092,0.7329787015914917,11.047454833984375
154.6999969482422,149.6999969482422,139.0,167.3000030517578,170.60000610351562,169.89999389648438,179.6999969482422,172.6999969482422,177.3000030517578,171.39999389648438,15.199999809265137,171.6999969482422,149.3000030517578,42.099998474121094,157.3000030517578,23.91297721862793,1.131688117980957,1.7258799076080322,1.8725948333740234,0.7436578273773193,0.741414487361908,12.28516960144043
154.8000030517578,149.89999389648438,138.8000030517578,166.89999389648438,171.0,168.6999969482422,179.1999969482422,173.0,177.5,170.39999389648438,16.600000381469727,172.39999389648438,148.1999969482422,45.20000076293945,155.6999969482422,23.918025970458984,1.1296230554580688,1.7280547618865967,1.8783340454101562,0.7490718960762024,0.7416225671768188,13.201679229736328
154.1999969482422,149.6999969482422,138.60000610351562,167.39999389648438,170.89999389648438,169.8000030517578,179.39999389648438,173.8000030517578,177.5,167.8000030517578,18.600000381469727,170.89999389648438,147.3000030517578,46.0,153.39999389648438,22.4985408782959,1.1279984712600708,1.735744833946228,1.88726007938385,0.7328200936317444,0.7370001077651978,13.151994705200195
153.39999389648438,139.8000030517578,136.89999389648438,164.5,167.60000610351562,178.60000610351562,179.10000610351562,174.6999969482422,171.10000610351562,179.6999969482422,7.300000190734863,179.8000030517578,157.10000610351562,41.70000076293945,159.3000030517578,31.99703598022461,1.1376432180404663,1.738182783126831,1.8726298809051514,0.9449403285980225,0.8302890658378601,4.128585338592529
154.5,140.1999969482422,133.6999969482422,165.3000030517578,167.6999969482422,178.39999389648438,179.89999389648438,175.0,172.8000030517578,175.89999389648438,12.100000381469727,178.3000030517578,153.0,45.0,158.89999389648438,31.67160987854004,1.1315991878509521,1.7465224266052246,1.8867213726043701,0.946893572807312,0.8302003145217896,3.9525444507598877
155.60000610351562,141.5,132.39999389648438,165.60000610351562,166.39999389648438,177.6999969482422,179.0,175.89999389648438,171.89999389648438,176.1999969482422,12.899999618530273,176.1999969482422,155.5,42.70000076293945,158.39999389648438,30.75548553466797,1.1221073865890503,1.7337934970855713,1.878269910812378,0.9436030983924866,0.8364772200584412,3.172325611114502
154.60000610351562,141.0,133.39999389648438,165.1999969482422,168.10000610351562,175.6999969482422,179.1999969482422,176.39999389648438,173.89999389648438,177.6999969482422,10.800000190734863,178.0,153.3000030517578,44.5,159.89999389648438,31.02825164794922,1.1194525957107544,1.7343357801437378,1.877279281616211,0.9327242970466614,0.8305146098136902,4.8983259201049805
155.1999969482422,140.6999969482422,134.10000610351562,165.0,169.0,176.10000610351562,178.3000030517578,177.6999969482422,174.5,178.60000610351562,9.0,179.0,153.89999389648438,42.70000076293945,160.5,32.14567565917969,1.1384868621826172,1.743590235710144,1.8832051753997803,0.9346417784690857,0.8189403414726257,5.080323219299316
154.5,140.8000030517578,135.3000030517578,165.60000610351562,167.6999969482422,176.0,179.1999969482422,175.89999389648438,173.6999969482422,179.0,8.600000381469727,179.0,152.1999969482422,43.79999923706055,160.8000030517578,31.489870071411133,1.1331347227096558,1.746289610862732,1.8806649446487427,0.9342002868652344,0.8281009197235107,5.980958938598633
153.10000610351562,142.0,136.1999969482422,165.39999389648438,168.0,176.6999969482422,179.10000610351562,175.89999389648438,172.89999389648438,179.89999389648438,7.099999904632568,178.89999389648438,153.6999969482422,43.400001525878906,158.8000030517578,29.970626831054688,1.1411687135696411,1.744657278060913,1.8809610605239868,0.9266275763511658,0.822319507598877,5.757781982421875
153.5,142.10000610351562,137.0,165.3000030517578,168.39999389648438,176.89999389648438,179.1999969482422,176.3000030517578,171.8000030517578,179.60000610351562,8.399999618530273,179.3000030517578,154.60000610351562,42.400001525878906,160.5,30.400339126586914,1.1545032262802124,1.7394702434539795,1.8801435232162476,0.9484755396842957,0.8444446325302124,5.016053676605225
153.60000610351562,141.1999969482422,137.1999969482422,165.1999969482422,169.10000610351562,175.10000610351562,179.60000610351562,176.1999969482422,173.89999389648438,179.60000610351562,6.099999904632568,180.0,154.60000610351562,42.70000076293945,158.89999389648438,30.6552734375,1.1424219608306885,1.7435134649276733,1.879669427871704,0.9322390556335449,0.8268585801124573,5.6775031089782715
151.6999969482422,141.3000030517578,139.39999389648438,165.8000030517578,168.60000610351562,175.1999969482422,179.3000030517578,175.6999969482422,174.39999389648438,176.1999969482422,2.799999952316284,178.3000030517578,157.0,37.5,161.39999389648438,29.61080551147461,1.1432368755340576,1.7418712377548218,1.8789671659469604,0.9552217125892639,0.8383802175521851,6.133584022521973
151.3000030517578,140.39999389648438,140.10000610351562,165.39999389648438,169.3000030517578,176.10000610351562,179.8000030517578,176.39999389648438,174.0,177.6999969482422,5.800000190734863,175.89999389648438,154.5,40.29999923706055,159.6999969482422,31.515350341796875,1.1537723541259766,1.7521604299545288,1.8827321529388428,0.9368231296539307,0.8343127369880676,6.642377853393555
147.6999969482422,140.10000610351562,141.5,165.1999969482422,169.8000030517578,174.60000610351562,179.89999389648438,174.3000030517578,175.5,176.10000610351562,1.7000000476837158,176.5,157.6999969482422,36.900001525878906,160.3000030517578,29.64429473876953,1.138643503189087,1.7530417442321777,1.8841145038604736,0.9787125587463379,0.845132052898407,5.755448341369629
148.60000610351562,139.0,142.60000610351562,164.6999969482422,168.39999389648438,177.3000030517578,178.6999969482422,175.60000610351562,176.10000610351562,169.5,2.0999999046325684,173.39999389648438,164.1999969482422,31.399999618530273,161.89999389648438,28.31818199157715,1.1308963298797607,1.747211217880249,1.8795983791351318,0.9416771531105042,0.8338209986686707,5.900592803955078
149.89999389648438,139.60000610351562,141.1999969482422,164.8000030517578,168.89999389648438,175.10000610351562,179.6999969482422,173.6999969482422,174.89999389648438,173.3000030517578,2.0,175.5,159.5,35.79999923706055,160.0,30.838041305541992,1.1525499820709229,1.7515588998794556,1.8819785118103027,0.9150496125221252,0.8104950189590454,5.896119117736816
151.5,139.10000610351562,141.6999969482422,165.1999969482422,169.0,172.6999969482422,179.8000030517578,175.10000610351562,173.10000610351562,174.5,3.4000000953674316,176.8000030517578,154.1999969482422,40.20000076293945,159.60000610351562,30.715709686279297,1.1585317850112915,1.7477017641067505,1.8767586946487427,0.9275935888290405,0.8134528994560242,8.066520690917969
152.6999969482422,141.39999389648438,138.6999969482422,165.6999969482422,168.1999969482422,176.89999389648438,179.3000030517578,176.0,172.1999969482422,179.60000610351562,8.600000381469727,179.39999389648438,153.10000610351562,47.5,158.0,29.543493270874023,1.1558936834335327,1.7411915063858032,1.8826642036437988,0.9536242485046387,0.8438317179679871,5.996340274810791
156.60000610351562,141.39999389648438,134.5,165.89999389648438,167.60000610351562,175.39999389648438,179.60000610351562,175.3000030517578,172.10000610351562,174.0,15.699999809265137,178.6999969482422,150.10000610351562,52.0,158.60000610351562,30.002483367919922,1.130887508392334,1.734789490699768,1.8799101114273071,0.9369322061538696,0.8354414105415344,4.775404930114746
156.3000030517578,141.60000610351562,135.39999389648438,164.39999389648438,168.8000030517578,174.1999969482422,179.3000030517578,175.1999969482422,174.89999389648438,172.6999969482422,16.299999237060547,176.89999389648438,147.0,51.0,161.0,32.34152603149414,1.1542335748672485,1.7516107559204102,1.888923168182373,0.9126783609390259,0.8306475877761841,5.341646671295166
157.10000610351562,142.3000030517578,133.3000030517578,165.10000610351562,168.6999969482422,173.89999389648438,179.60000610351562,176.3000030517578,174.39999389648438,172.0,17.399999618530273,178.1999969482422,148.89999389648438,49.599998474121094,162.39999389648438,31.02364158630371,1.1427921056747437,1.742974042892456,1.8809715509414673,0.9001712799072266,0.8123952746391296,4.220386505126953
156.5,144.0,133.60000610351562,165.8000030517578,168.3000030517578,174.6999969482422,179.60000610351562,176.10000610351562,175.1999969482422,172.0,18.0,178.0,147.39999389648438,53.599998474121094,161.8000030517578,30.4614200592041,1.1598106622695923,1.746645212173462,1.8815709352493286,0.9225425720214844,0.8360183238983154,4.9217352867126465
157.6999969482422,142.0,132.89999389648438,165.8000030517578,167.6999969482422,176.60000610351562,179.89999389648438,175.89999389648438,174.60000610351562,171.1999969482422,20.200000762939453,175.60000610351562,144.89999389648438,57.900001525878906,156.6999969482422,31.408153533935547,1.1424568891525269,1.7462807893753052,1.8884053230285645,0.9256808757781982,0.8263258337974548,6.223782539367676
157.0,142.60000610351562,132.5,164.89999389648438,170.5,173.6999969482422,179.8000030517578,175.89999389648438,175.60000610351562,174.5,15.600000381469727,176.1999969482422,146.0,52.5,160.39999389648438,31.395164489746094,1.1399729251861572,1.753504753112793,1.8954356908798218,0.8816271424293518,0.7862130403518677,6.756831645965576
156.39999389648438,143.3000030517578,135.1999969482422,165.8000030517578,169.1999969482422,174.8000030517578,179.60000610351562,175.39999389648438,174.3000030517578,172.5,17.200000762939453,176.60000610351562,142.1999969482422,54.900001525878906,162.1999969482422,31.47786521911621,1.1577873229980469,1.7460441589355469,1.8888205289840698,0.9165859818458557,0.8234390616416931,7.795816421508789
154.3000030517578,144.1999969482422,133.6999969482422,165.6999969482422,169.3000030517578,174.89999389648438,180.0,176.8000030517578,176.10000610351562,172.60000610351562,18.200000762939453,174.3000030517578,144.0,53.099998474121094,161.60000610351562,29.97791290283203,1.1540926694869995,1.7510766983032227,1.8902276754379272,0.9108878374099731,0.8041242361068726,7.133387088775635
152.10000610351562,143.0,138.3000030517578,165.60000610351562,168.89999389648438,177.10000610351562,179.89999389648438,176.39999389648438,174.6999969482422,172.3000030517578,16.899999618530273,174.1999969482422,147.39999389648438,52.5,157.5,30.12970542907715,1.1700868606567383,1.75151526927948,1.8785037994384766,0.9298248291015625,0.8272566199302673,5.135120868682861
154.3000030517578,142.5,137.6999969482422,166.0,165.60000610351562,179.3000030517578,179.6999969482422,176.39999389648438,174.89999389648438,177.5,12.600000381469727,176.0,148.39999389648438,48.79999923706055,163.60000610351562,29.817535400390625,1.1460492610931396,1.7366079092025757,1.875183343887329,0.9406136870384216,0.8240615725517273,7.435647010803223
151.3000030517578,143.3000030517578,139.3000030517578,164.6999969482422,168.60000610351562,180.0,179.0,177.60000610351562,173.60000610351562,178.0,11.899999618530273,172.89999389648438,151.10000610351562,45.79999923706055,160.10000610351562,30.828828811645508,1.1564345359802246,1.7469029426574707,1.882786512374878,0.9389865398406982,0.8277854919433594,6.394223690032959
150.39999389648438,143.10000610351562,141.5,165.60000610351562,169.39999389648438,176.89999389648438,179.3000030517578,178.1999969482422,176.0,178.6999969482422,9.300000190734863,172.3000030517578,152.10000610351562,44.099998474121094,159.89999389648438,28.488121032714844,1.1687344312667847,1.7444777488708496,1.8742334842681885,0.9459446668624878,0.8299956917762756,7.830371856689453
150.6999969482422,142.3000030517578,139.89999389648438,164.6999969482422,169.10000610351562,178.3000030517578,179.5,177.10000610351562,175.3000030517578,177.8000030517578,8.699999809265137,171.89999389648438,151.8000030517578,44.70000076293945,159.8000030517578,29.51841926574707,1.1400682926177979,1.7419764995574951,1.8681678771972656,0.9203429222106934,0.8187973499298096,8.451288223266602
150.0,142.1999969482422,142.1999969482422,164.89999389648438,169.39999389648438,177.8000030517578,179.5,177.60000610351562,175.60000610351562,179.89999389648438,10.800000190734863,171.0,149.39999389648438,46.099998474121094,157.6999969482422,30.23305320739746,1.1596059799194336,1.747957468032837,1.8831747770309448,0.9268521666526794,0.8177415728569031,8.464030265808105
150.39999389648438,141.3000030517578,141.8000030517578,164.1999969482422,169.60000610351562,174.89999389648438,178.89999389648438,177.5,176.0,179.8000030517578,9.5,173.39999389648438,150.1999969482422,44.400001525878906,157.8000030517578,30.482412338256836,1.1496522426605225,1.745461106300354,1.8765732049942017,0.9200215935707092,0.805280864238739,8.239686012268066
150.39999389648438,141.39999389648438,142.5,163.89999389648438,170.39999389648438,173.5,179.10000610351562,175.6999969482422,173.0,176.89999389648438,5.300000190734863,176.89999389648438,153.0,42.5,161.10000610351562,29.732877731323242,1.1593374013900757,1.7422301769256592,1.8824727535247803,0.9310659766197205,0.8182809948921204,7.844672679901123
152.3000030517578,142.0,139.6999969482422,164.39999389648438,168.5,173.3000030517578,178.5,175.0,174.3000030517578,177.5,3.700000047683716,177.60000610351562,157.5,36.099998474121094,162.3000030517578,29.836149215698242,1.1598141193389893,1.7444469928741455,1.8790791034698486,0.9619056582450867,0.8509681820869446,5.228189468383789
153.3000030517578,141.60000610351562,140.6999969482422,164.39999389648438,166.6999969482422,172.5,177.89999389648438,171.8000030517578,170.6999969482422,178.0,3.5,178.5,158.0,34.0,162.8000030517578,31.202619552612305,1.1572210788726807,1.7355918884277344,1.8868730068206787,0.9451866745948792,0.853412926197052,5.003957748413086
155.89999389648438,140.3000030517578,137.89999389648438,163.10000610351562,164.89999389648438,170.6999969482422,176.8000030517578,169.39999389648438,167.39999389648438,179.6999969482422,4.699999809265137,177.89999389648438,159.3000030517578,36.099998474121094,161.8000030517578,32.094482421875,1.129293441772461,1.7209762334823608,1.876708745956421,0.9233958125114441,0.8331272602081299,3.5573577880859375
157.10000610351562,141.8000030517578,136.0,162.3000030517578,161.5,173.1999969482422,173.8000030517578,168.8000030517578,168.6999969482422,179.39999389648438,5.699999809265137,177.10000610351562,160.89999389648438,37.29999923706055,160.8000030517578,33.91706848144531,1.1502623558044434,1.7195347547531128,1.8772878646850586,0.9444110989570618,0.8422192931175232,3.24479079246521
160.89999389648438,136.60000610351562,136.10000610351562,162.39999389648438,162.10000610351562,171.0,173.6999969482422,169.39999389648438,167.0,178.60000610351562,7.400000095367432,178.39999389648438,158.0,36.79999923706055,161.89999389648438,35.82474136352539,1.1354944705963135,1.7093647718429565,1.8765990734100342,0.9197709560394287,0.8172425627708435,3.131307363510132
160.6999969482422,139.10000610351562,133.6999969482422,160.89999389648438,164.0,168.0,173.60000610351562,167.89999389648438,165.5,175.0,9.100000381469727,175.0,158.3000030517578,36.099998474121094,162.60000610351562,37.18687057495117,1.1654669046401978,1.7130670547485352,1.8766357898712158,0.9085831642150879,0.8080207109451294,1.2466071844100952
163.0,138.10000610351562,132.1999969482422,160.3000030517578,163.6999969482422,168.3000030517578,173.60000610351562,167.10000610351562,164.60000610351562,175.6999969482422,9.899999618530273,174.6999969482422,155.39999389648438,38.79999923706055,163.6999969482422,38.6145133972168,1.1509650945663452,1.7114638090133667,1.8826204538345337,0.8983950614929199,0.785169780254364,2.9466946125030518
163.0,139.0,133.0,160.5,164.39999389648438,165.89999389648438,173.8000030517578,167.10000610351562,165.6999969482422,174.10000610351562,11.300000190734863,175.0,154.3000030517578,41.599998474121094,160.39999389648438,38.661293029785156,1.1629340648651123,1.7137160301208496,1.8863641023635864,0.9175183176994324,0.8034709692001343,2.9733896255493164
162.60000610351562,137.10000610351562,134.39999389648438,159.6999969482422,165.0,167.3000030517578,174.8000030517578,166.8000030517578,165.8000030517578,176.1999969482422,8.699999809265137,173.3000030517578,156.10000610351562,39.900001525878906,161.8000030517578,38.937408447265625,1.1481046676635742,1.7076351642608643,1.8937257528305054,0.9121224880218506,0.7829819917678833,3.5962984561920166
160.5,140.3000030517578,134.10000610351562,162.5,165.8000030517578,169.6999969482422,175.10000610351562,167.8000030517578,167.89999389648438,176.3000030517578,11.100000381469727,178.5,151.39999389648438,45.29999923706055,159.6999969482422,36.7008056640625,1.1551663875579834,1.7255513668060303,1.889923334121704,0.911526083946228,0.7892563939094543,5.083559989929199
162.60000610351562,140.1999969482422,132.60000610351562,163.1999969482422,164.6999969482422,170.3000030517578,176.3000030517578,168.10000610351562,167.89999389648438,176.89999389648438,12.699999809265137,179.3000030517578,153.6999969482422,43.599998474121094,161.0,36.46418380737305,1.1475391387939453,1.72079598903656,1.8903440237045288,0.9127835631370544,0.8066970109939575,4.745034217834473
159.89999389648438,142.0,132.3000030517578,164.60000610351562,164.8000030517578,171.6999969482422,178.3000030517578,168.5,168.0,176.89999389648438,11.800000190734863,178.6999969482422,152.60000610351562,46.599998474121094,159.39999389648438,33.56992721557617,1.141615390777588,1.7257875204086304,1.889914631843567,0.9142888784408569,0.8173938393592834,4.979732036590576
159.89999389648438,141.60000610351562,131.89999389648438,164.8000030517578,165.1999969482422,173.10000610351562,178.89999389648438,169.6999969482422,169.6999969482422,175.39999389648438,13.199999809265137,179.5,149.5,48.400001525878906,158.89999389648438,34.48691940307617,1.1419225931167603,1.7352102994918823,1.8891725540161133,0.9001092910766602,0.8011195659637451,6.042372226715088
159.8000030517578,142.60000610351562,131.1999969482422,164.89999389648438,165.10000610351562,172.60000610351562,178.60000610351562,170.10000610351562,170.3000030517578,177.1999969482422,11.300000190734863,179.8000030517578,150.1999969482422,44.400001525878906,162.10000610351562,33.38355255126953,1.1256954669952393,1.7335597276687622,1.8803976774215698,0.8917545080184937,0.7840269804000854,6.065151691436768
159.8000030517578,141.1999969482422,131.3000030517578,164.3000030517578,164.89999389648438,172.3000030517578,177.89999389648438,169.6999969482422,169.0,179.60000610351562,8.800000190734863,179.6999969482422,151.6999969482422,44.70000076293945,160.39999389648438,33.961307525634766,1.131348967552185,1.7301418781280518,1.8855732679367065,0.885985255241394,0.7721828818321228,6.718596935272217
160.0,141.10000610351562,133.0,165.10000610351562,165.10000610351562,172.89999389648438,178.89999389648438,168.6999969482422,168.8000030517578,177.89999389648438,10.600000381469727,178.89999389648438,147.5,50.70000076293945,159.1999969482422,33.25630569458008,1.1289329528808594,1.7348971366882324,1.8913168907165527,0.8862737417221069,0.775627851486206,7.468637943267822
158.6999969482422,139.0,136.1999969482422,165.1999969482422,163.3000030517578,175.10000610351562,177.89999389648438,170.8000030517578,169.10000610351562,178.1999969482422,9.600000381469727,179.5,152.3000030517578,44.79999923706055,158.39999389648438,32.98158645629883,1.1263468265533447,1.7305241823196411,1.8822548389434814,0.9238021969795227,0.8108686804771423,5.560461044311523
159.6999969482422,139.3000030517578,133.1999969482422,163.89999389648438,165.0,173.1999969482422,177.6999969482422,170.5,168.39999389648438,179.0,8.5,179.89999389648438,154.0,41.29999923706055,161.39999389648438,33.50440216064453,1.1172641515731812,1.7267688512802124,1.8798784017562866,0.9266030788421631,0.8244084119796753,5.71915864944458
160.89999389648438,139.3000030517578,131.89999389648438,163.0,165.1999969482422,171.60000610351562,176.1999969482422,170.1999969482422,166.89999389648438,179.39999389648438,7.599999904632568,177.3000030517578,154.39999389648438,44.400001525878906,156.89999389648438,34.394920349121094,1.1182835102081299,1.716766119003296,1.8780890703201294,0.9413620233535767,0.8093346953392029,5.693515777587891
162.8000030517578,140.3000030517578,127.9000015258789,162.0,165.6999969482422,172.3000030517578,176.60000610351562,168.60000610351562,166.10000610351562,178.6999969482422,6.099999904632568,179.89999389648438,155.6999969482422,41.79999923706055,158.8000030517578,35.99106216430664,1.0980627536773682,1.7115671634674072,1.8844181299209595,0.9500709176063538,0.8142828941345215,6.120726108551025
160.89999389648438,139.10000610351562,133.0,163.39999389648438,166.10000610351562,171.6999969482422,177.6999969482422,168.8000030517578,164.89999389648438,178.5,8.399999618530273,177.60000610351562,154.60000610351562,43.599998474121094,158.1999969482422,34.262577056884766,1.1160171031951904,1.7159583568572998,1.8780786991119385,0.9257357716560364,0.8043060898780823,5.047560214996338
159.6999969482422,141.0,135.3000030517578,163.10000610351562,165.89999389648438,170.89999389648438,177.3000030517578,170.89999389648438,167.3000030517578,176.89999389648438,11.100000381469727,179.1999969482422,152.89999389648438,43.900001525878906,159.10000610351562,34.361000061035156,1.1372994184494019,1.7294788360595703,1.899582862854004,0.910524845123291,0.8014549612998962,5.454302787780762
155.3000030517578,142.0,140.89999389648438,163.8000030517578,165.5,172.6999969482422,177.60000610351562,170.8000030517578,170.0,174.8000030517578,13.699999809265137,178.39999389648438,146.8000030517578,47.20000076293945,158.39999389648438,32.783512115478516,1.1754902601242065,1.7401009798049927,1.8871368169784546,0.8627746105194092,0.7862482666969299,8.058385848999023
155.39999389648438,145.1999969482422,140.39999389648438,163.1999969482422,165.8000030517578,172.8000030517578,178.5,169.60000610351562,171.39999389648438,174.60000610351562,15.5,176.0,142.10000610351562,51.5,162.0,31.840633392333984,1.2011598348617554,1.7443972826004028,1.876984715461731,0.8153238296508789,0.7339789867401123,7.866109371185303
155.3000030517578,144.39999389648438,140.8000030517578,164.39999389648438,165.0,173.6999969482422,178.8000030517578,170.6999969482422,173.6999969482422,178.1999969482422,10.899999618530273,175.8000030517578,143.10000610351562,47.20000076293945,163.0,31.010007858276367,1.2003870010375977,1.7677747011184692,1.902180790901184,0.7864724397659302,0.7044032216072083,8.548065185546875
155.0,144.10000610351562,139.89999389648438,165.89999389648438,165.60000610351562,170.0,179.60000610351562,171.5,176.6999969482422,174.39999389648438,15.899999618530273,174.1999969482422,137.1999969482422,55.599998474121094,160.6999969482422,27.055604934692383,1.165395736694336,1.7511919736862183,1.8848860263824463,0.7575486898422241,0.6772792339324951,10.133747100830078
155.3000030517578,144.1999969482422,141.39999389648438,165.1999969482422,166.10000610351562,171.60000610351562,179.89999389648438,170.0,174.10000610351562,175.1999969482422,15.199999809265137,173.39999389648438,136.1999969482422,54.900001525878906,162.1999969482422,29.44894027709961,1.1740580797195435,1.7566485404968262,1.9085975885391235,0.7747206091880798,0.6916794776916504,10.783126831054688
153.6999969482422,145.5,140.10000610351562,164.1999969482422,166.89999389648438,171.60000610351562,178.6999969482422,171.6999969482422,173.89999389648438,174.8000030517578,15.199999809265137,174.10000610351562,144.5,49.0,160.3000030517578,28.549291610717773,1.1775376796722412,1.7594666481018066,1.9011600017547607,0.7944071292877197,0.7294556498527527,8.861590385437012
155.89999389648438,143.39999389648438,136.5,164.39999389648438,165.5,173.0,178.89999389648438,170.3000030517578,172.8000030517578,174.1999969482422,16.299999237060547,176.6999969482422,143.89999389648438,52.70000076293945,160.10000610351562,32.494266510009766,1.1677727699279785,1.7543283700942993,1.896284818649292,0.8294165730476379,0.7609362602233887,8.5791654586792
157.60000610351562,140.10000610351562,135.8000030517578,164.5,166.10000610351562,171.8000030517578,179.0,170.6999969482422,172.89999389648438,178.0,13.199999809265137,177.5,147.60000610351562,50.70000076293945,157.6999969482422,33.30348205566406,1.1567479372024536,1.746016025543213,1.8901139497756958,0.8550755381584167,0.7678408622741699,9.187479019165039
157.5,142.10000610351562,133.5,164.10000610351562,165.60000610351562,173.0,178.6999969482422,169.89999389648438,170.89999389648438,174.89999389648438,15.699999809265137,179.10000610351562,148.0,49.599998474121094,159.60000610351562,33.13585662841797,1.1505132913589478,1.7455750703811646,1.8894433975219727,0.8622381687164307,0.7717670798301697,7.969977378845215
158.1999969482422,140.3000030517578,134.10000610351562,164.6999969482422,165.10000610351562,172.3000030517578,178.5,170.3000030517578,171.3000030517578,178.60000610351562,12.0,179.60000610351562,150.3000030517578,45.599998474121094,161.39999389648438,33.32663345336914,1.1416969299316406,1.7346664667129517,1.8791645765304565,0.8614802360534668,0.7659282684326172,8.015792846679688
157.6999969482422,140.5,134.8000030517578,164.0,165.5,171.89999389648438,178.6999969482422,170.39999389648438,170.39999389648438,178.0,11.399999618530273,179.8000030517578,152.0,44.29999923706055,159.5,32.18442153930664,1.1407283544540405,1.7310391664505005,1.879976749420166,0.8538825511932373,0.7695440649986267,6.587367534637451
157.8000030517578,140.0,136.1999969482422,164.6999969482422,164.6999969482422,171.89999389648438,179.10000610351562,170.8000030517578,171.1999969482422,177.89999389648438,11.399999618530273,179.5,150.10000610351562,46.79999923706055,159.5,31.72633171081543,1.1426745653152466,1.7283350229263306,1.880119800567627,0.85502028465271,0.7680829763412476,7.029603481292725
158.10000610351562,141.1999969482422,136.1999969482422,163.60000610351562,164.89999389648438,171.8000030517578,178.1999969482422,171.8000030517578,172.1999969482422,176.60000610351562,13.0,180.0,149.89999389648438,46.0,160.60000610351562,33.279319763183594,1.150696873664856,1.7256271839141846,1.8833811283111572,0.8534566760063171,0.7701159119606018,7.868847370147705
159.0,139.89999389648438,135.1999969482422,164.0,165.39999389648438,170.89999389648438,178.1999969482422,171.6999969482422,171.5,178.8000030517578,11.699999809265137,179.60000610351562,151.39999389648438,44.599998474121094,159.39999389648438,33.40178298950195,1.138913869857788,1.7348955869674683,1.8980741500854492,0.8492264151573181,0.7627382278442383,8.442423820495605
158.10000610351562,141.60000610351562,136.3000030517578,164.5,165.60000610351562,172.3000030517578,178.0,173.6999969482422,173.10000610351562,178.39999389648438,11.5,179.6999969482422,153.0,42.70000076293945,161.3000030517578,31.89883041381836,1.1560907363891602,1.735044240951538,1.8916947841644287,0.871677815914154,0.7790269255638123,5.787684917449951
158.39999389648438,141.10000610351562,135.5,164.10000610351562,164.60000610351562,174.60000610351562,177.6999969482422,173.8000030517578,172.8000030517578,177.60000610351562,13.0,178.10000610351562,153.3000030517578,41.099998474121094,162.1999969482422,32.98632049560547,1.153006911277771,1.7333670854568481,1.8875298500061035,0.8742600679397583,0.7882142066955566,6.516952991485596
158.39999389648438,141.39999389648438,134.60000610351562,164.89999389648438,164.6999969482422,172.60000610351562,177.89999389648438,173.6999969482422,173.3000030517578,176.60000610351562,12.899999618530273,179.8000030517578,152.8000030517578,40.099998474121094,163.10000610351562,33.02783966064453,1.1592073440551758,1.740722894668579,1.8877097368240356,0.8965078592300415,0.8083164691925049,6.024550437927246
158.60000610351562,140.8000030517578,134.89999389648438,164.5,164.1999969482422,172.8000030517578,178.60000610351562,172.5,172.5,177.1999969482422,13.5,179.10000610351562,153.10000610351562,42.29999923706055,161.3000030517578,34.056724548339844,1.1517395973205566,1.7368724346160889,1.8940306901931763,0.8804600834846497,0.8024484515190125,7.298708438873291
159.5,141.39999389648438,134.1999969482422,165.3000030517578,163.3000030517578,172.3000030517578,178.8000030517578,171.5,171.60000610351562,174.5,16.5,179.10000610351562,152.0,44.29999923706055,161.1999969482422,32.010963439941406,1.1475061178207397,1.7247968912124634,1.8806027173995972,0.8714649677276611,0.7845888733863831,5.453158378601074
158.10000610351562,142.3000030517578,132.89999389648438,164.3000030517578,164.1999969482422,174.6999969482422,179.10000610351562,172.3000030517578,173.10000610351562,173.39999389648438,17.700000762939453,178.0,149.0,46.79999923706055,159.10000610351562,33.476341247558594,1.1370043754577637,1.7351065874099731,1.8849412202835083,0.8817412257194519,0.791108250617981,7.476678371429443
157.5,142.10000610351562,134.3000030517578,165.1999969482422,164.5,170.89999389648438,179.5,170.5,172.10000610351562,177.1999969482422,12.600000381469727,179.5,151.10000610351562,44.70000076293945,161.5,31.52783203125,1.137569785118103,1.7341145277023315,1.888352870941162,0.870542585849762,0.7862693071365356,7.576625347137451
153.3000030517578,142.10000610351562,141.1999969482422,164.0,166.8000030517578,168.39999389648438,178.5,172.1999969482422,172.39999389648438,174.6999969482422,15.600000381469727,176.39999389648438,149.0,46.099998474121094,155.89999389648438,33.734073638916016,1.181188941001892,1.7504212856292725,1.9019578695297241,0.8778286576271057,0.8082979321479797,9.058759689331055
151.10000610351562,143.8000030517578,141.3000030517578,162.1999969482422,168.6999969482422,171.8000030517578,178.10000610351562,172.5,171.1999969482422,177.60000610351562,10.600000381469727,177.3000030517578,151.3000030517578,42.900001525878906,158.5,34.06074142456055,1.1753863096237183,1.7521216869354248,1.8984012603759766,0.893294095993042,0.8390894532203674,9.779894828796387
152.0,144.8000030517578,141.60000610351562,163.39999389648438,167.39999389648438,171.10000610351562,178.1999969482422,172.89999389648438,171.89999389648438,177.6999969482422,11.199999809265137,177.0,153.3000030517578,40.099998474121094,162.39999389648438,31.90070915222168,1.191620945930481,1.7437063455581665,1.8888951539993286,0.9032530188560486,0.834039032459259,6.063832759857178
152.8000030517578,144.1999969482422,142.1999969482422,163.10000610351562,168.60000610351562,169.6999969482422,178.5,171.6999969482422,171.8000030517578,177.6999969482422,10.399999618530273,178.10000610351562,151.89999389648438,38.0,165.3000030517578,33.63334274291992,1.189488172531128,1.7509623765945435,1.902130126953125,0.8794053196907043,0.8273186087608337,8.82977294921875
151.60000610351562,143.0,142.10000610351562,162.5,167.39999389648438,170.39999389648438,177.89999389648438,171.3000030517578,171.8000030517578,178.89999389648438,11.399999618530273,175.3000030517578,153.5,42.0,160.5,32.345603942871094,1.1598765850067139,1.7401368618011475,1.8909969329833984,0.8872365951538086,0.8220373392105103,8.52373218536377
153.60000610351562,143.0,140.89999389648438,161.8000030517578,168.8000030517578,166.39999389648438,177.3000030517578,171.1999969482422,172.10000610351562,178.60000610351562,11.5,177.10000610351562,152.0,44.900001525878906,159.10000610351562,32.16877746582031,1.150490641593933,1.734586477279663,1.8780406713485718,0.8613688945770264,0.7960076332092285,9.94992446899414
153.89999389648438,143.5,138.6999969482422,162.6999969482422,168.8000030517578,166.5,177.5,171.1999969482422,172.60000610351562,178.6999969482422,11.5,177.6999969482422,153.10000610351562,44.900001525878906,158.0,32.166324615478516,1.154873251914978,1.728346586227417,1.866835594177246,0.8831247091293335,0.820826530456543,10.84242057800293
153.60000610351562,143.5,139.60000610351562,161.89999389648438,168.39999389648438,168.1999969482422,177.3000030517578,171.6999969482422,173.0,178.8000030517578,11.100000381469727,177.0,154.5,44.400001525878906,157.6999969482422,32.6050910949707,1.1568528413772583,1.7287272214889526,1.8685581684112549,0.9064163565635681,0.8361685276031494,9.059908866882324
153.0,144.8000030517578,139.5,161.6999969482422,169.5,169.39999389648438,176.6999969482422,172.8000030517578,172.89999389648438,179.5,9.300000190734863,176.6999969482422,155.10000610351562,40.20000076293945,161.3000030517578,32.24753189086914,1.1785262823104858,1.7444262504577637,1.8829009532928467,0.9139807820320129,0.8391035199165344,7.240787506103516
154.0,145.1999969482422,137.0,162.60000610351562,167.60000610351562,173.0,177.60000610351562,175.39999389648438,175.5,168.89999389648438,21.600000381469727,174.60000610351562,146.10000610351562,47.79999923706055,158.60000610351562,34.261051177978516,1.177846074104309,1.7476502656936646,1.895391583442688,0.8720943927764893,0.8235319256782532,9.098346710205078
153.0,145.3000030517578,138.6999969482422,163.6999969482422,168.3000030517578,173.5,178.5,174.6999969482422,174.39999389648438,168.3000030517578,23.0,174.8000030517578,145.10000610351562,51.900001525878906,152.89999389648438,31.86387825012207,1.167253851890564,1.727486252784729,1.8700554370880127,0.8388505578041077,0.7857654094696045,8.21218204498291
156.8000030517578,145.60000610351562,134.1999969482422,164.1999969482422,165.8000030517578,173.8000030517578,178.10000610351562,172.3000030517578,169.89999389648438,164.0,27.5,177.10000610351562,138.89999389648438,60.5,150.89999389648438,31.800806045532227,1.1348061561584473,1.710319995880127,1.8705532550811768,0.8265582919120789,0.7678796648979187,8.991418838500977
158.89999389648438,144.8000030517578,134.39999389648438,165.3000030517578,165.39999389648438,174.6999969482422,179.8000030517578,172.39999389648438,171.5,153.6999969482422,41.5,172.3000030517578,128.5,73.19999694824219,149.3000030517578,32.84177017211914,1.138001799583435,1.7134311199188232,1.878622055053711,0.8257371783256531,0.7615315318107605,9.290051460266113
157.89999389648438,147.89999389648438,133.39999389648438,165.1999969482422,166.39999389648438,174.89999389648438,179.8000030517578,173.60000610351562,173.3000030517578,152.0,44.0,172.3000030517578,128.60000610351562,71.4000015258789,149.60000610351562,32.825347900390625,1.1468935012817383,1.7108598947525024,1.8595391511917114,0.8194708824157715,0.7571598291397095,9.602301597595215
158.10000610351562,147.39999389648438,133.89999389648438,166.0,166.3000030517578,173.3000030517578,179.89999389648438,173.60000610351562,172.60000610351562,150.1999969482422,44.29999923706055,173.0,124.4000015258789,74.69999694824219,147.10000610351562,31.191865921020508,1.140783667564392,1.7080830335617065,1.8636102676391602,0.8066393733024597,0.7381569147109985,10.273539543151855
157.3000030517578,144.5,137.39999389648438,164.6999969482422,165.39999389648438,173.3000030517578,178.5,173.0,170.39999389648438,158.0,34.099998474121094,176.1999969482422,137.3000030517578,63.0,150.5,32.26890563964844,1.1571686267852783,1.7183910608291626,1.8786488771438599,0.8289018273353577,0.7737511396408081,8.392901420593262
156.10000610351562,144.6999969482422,136.60000610351562,163.1999969482422,166.1999969482422,173.8000030517578,177.39999389648438,172.0,170.39999389648438,170.39999389648438,19.0,177.5,149.10000610351562,47.29999923706055,159.10000610351562,34.01021957397461,1.1615958213806152,1.7427014112472534,1.8948335647583008,0.8789802193641663,0.8134326338768005,6.092963218688965
157.10000610351562,144.10000610351562,136.39999389648438,163.39999389648438,166.39999389648438,174.10000610351562,177.3000030517578,173.6999969482422,171.60000610351562,173.10000610351562,16.200000762939453,178.3000030517578,148.8000030517578,47.29999923706055,159.3000030517578,34.65093231201172,1.1683814525604248,1.7400394678115845,1.8915776014328003,0.8839475512504578,0.8060580492019653,6.003187656402588
156.10000610351562,143.1999969482422,138.10000610351562,163.3000030517578,166.0,170.8000030517578,176.60000610351562,173.3000030517578,174.39999389648438,178.39999389648438,5.800000190734863,180.0,154.5,38.0,164.5,33.202911376953125,1.1876325607299805,1.7482726573944092,1.9013856649398804,0.902834951877594,0.8192256689071655,6.702168941497803
155.5,143.10000610351562,139.0,163.60000610351562,165.6999969482422,171.60000610351562,177.1999969482422,172.39999389648438,172.60000610351562,178.39999389648438,6.199999809265137,179.3000030517578,155.10000610351562,38.599998474121094,163.6999969482422,32.482398986816406,1.1837221384048462,1.7395013570785522,1.8943066596984863,0.9060333967208862,0.8212276697158813,6.133388996124268
154.60000610351562,142.5,139.5,164.3000030517578,166.6999969482422,171.89999389648438,178.1999969482422,172.39999389648438,172.5,179.5,6.599999904632568,179.1999969482422,154.60000610351562,37.599998474121094,165.1999969482422,32.06446075439453,1.1771315336227417,1.7508541345596313,1.9071017503738403,0.8913086652755737,0.8186831474304199,6.715113639831543
154.39999389648438,142.0,139.39999389648438,163.39999389648438,166.5,171.3000030517578,177.1999969482422,173.6999969482422,174.1999969482422,174.60000610351562,3.0999999046325684,178.8000030517578,158.0,34.70000076293945,166.6999969482422,31.673702239990234,1.173398494720459,1.7498468160629272,1.908981442451477,0.8859571814537048,0.8113479614257812,7.00183629989624
153.8000030517578,143.10000610351562,140.0,163.39999389648438,167.60000610351562,170.6999969482422,177.6999969482422,172.89999389648438,172.89999389648438,174.60000610351562,3.299999952316284,178.89999389648438,157.89999389648438,32.900001525878906,167.39999389648438,32.95866394042969,1.187800645828247,1.7506319284439087,1.908126711845398,0.8982639312744141,0.8269874453544617,7.458329200744629
153.0,143.10000610351562,141.3000030517578,162.5,168.3000030517578,171.10000610351562,178.0,170.6999969482422,171.89999389648438,173.39999389648438,2.4000000953674316,178.89999389648438,156.89999389648438,34.70000076293945,166.39999389648438,33.897850036621094,1.1864385604858398,1.754493236541748,1.910195231437683,0.8836349248886108,0.8091502785682678,8.479127883911133
154.39999389648438,143.5,140.89999389648438,163.5,168.3000030517578,171.0,177.8000030517578,172.60000610351562,171.3000030517578,177.39999389648438,10.800000190734863,178.0,150.89999389648438,41.099998474121094,164.89999389648438,33.203102111816406,1.1828325986862183,1.7481848001480103,1.9123440980911255,0.8884081840515137,0.8185417056083679,6.916438102722168
