145.6999969482422,145.1999969482422,154.89999389648438,176.60000610351562,168.0,174.3000030517578,172.3000030517578,172.0,169.5,178.8000030517578,7.900000095367432,173.1999969482422,161.0,37.400001525878906,153.3000030517578,20.789379119873047,1.2058831453323364,1.7479407787322998,1.862891674041748,0.8617337346076965,0.815887451171875,7.296788215637207
145.89999389648438,146.10000610351562,153.1999969482422,176.6999969482422,168.3000030517578,175.1999969482422,171.39999389648438,171.10000610351562,168.5,178.39999389648438,6.599999904632568,176.5,161.39999389648438,36.400001525878906,158.89999389648438,20.869495391845703,1.2136003971099854,1.7494136095046997,1.8507061004638672,0.8632025718688965,0.8113953471183777,5.73444128036499
146.89999389648438,145.8000030517578,153.39999389648438,177.60000610351562,167.5,174.60000610351562,169.5,168.0,167.6999969482422,178.39999389648438,8.699999809265137,177.10000610351562,158.89999389648438,39.20000076293945,157.60000610351562,22.68556022644043,1.2253921031951904,1.758323073387146,1.8556863069534302,0.8526941537857056,0.807573139667511,6.951517105102539
146.6999969482422,145.39999389648438,152.60000610351562,179.1999969482422,167.60000610351562,176.0,167.39999389648438,167.10000610351562,167.1999969482422,178.8000030517578,5.400000095367432,177.10000610351562,159.0,36.79999923706055,159.3000030517578,23.596471786499023,1.2287689447402954,1.7696506977081299,1.8546953201293945,0.8311087489128113,0.8029595613479614,7.1122589111328125
146.10000610351562,142.5,156.39999389648438,178.0,165.8000030517578,176.5,164.5,163.60000610351562,169.3000030517578,174.1999969482422,0.699999988079071,179.60000610351562,159.89999389648438,35.5,158.3000030517578,25.732799530029297,1.2440129518508911,1.7755157947540283,1.8461779356002808,0.8234445452690125,0.7971419095993042,8.189480781555176
148.1999969482422,140.10000610351562,159.60000610351562,177.39999389648438,165.89999389648438,178.5,163.3000030517578,162.89999389648438,170.89999389648438,172.8000030517578,1.600000023841858,178.8000030517578,161.10000610351562,33.900001525878906,161.10000610351562,26.196727752685547,1.2622050046920776,1.7822461128234863,1.8434439897537231,0.8344330787658691,0.8143863081932068,8.217907905578613
149.39999389648438,138.89999389648438,159.1999969482422,176.6999969482422,164.39999389648438,177.6999969482422,161.5,163.10000610351562,171.5,169.89999389648438,4.099999904632568,177.60000610351562,167.60000610351562,28.399999618530273,162.0,25.92681121826172,1.2572319507598877,1.7682007551193237,1.8297213315963745,0.8558463454246521,0.8295424580574036,6.158908367156982
149.60000610351562,139.1999969482422,157.8000030517578,178.1999969482422,164.6999969482422,179.8000030517578,160.10000610351562,161.0,170.39999389648438,171.39999389648438,6.300000190734863,176.39999389648438,169.1999969482422,24.899999618530273,161.0,26.698816299438477,1.270638346672058,1.7919255495071411,1.832247018814087,0.8382316827774048,0.8172482848167419,8.964016914367676
150.39999389648438,138.5,158.3000030517578,178.5,165.5,178.39999389648438,160.1999969482422,159.5,169.10000610351562,171.39999389648438,5.699999809265137,178.10000610351562,166.8000030517578,27.700000762939453,159.5,27.832006454467773,1.2687028646469116,1.780184268951416,1.8276530504226685,0.8466703295707703,0.8309997916221619,10.714111328125
148.6999969482422,140.10000610351562,159.0,176.89999389648438,164.0,175.89999389648438,161.8000030517578,164.0,170.60000610351562,169.89999389648438,6.099999904632568,179.10000610351562,169.39999389648438,25.799999237060547,161.89999389648438,26.426408767700195,1.2630016803741455,1.782891035079956,1.8419833183288574,0.8293440937995911,0.8046104907989502,6.051750183105469
148.39999389648438,138.39999389648438,158.8000030517578,178.5,166.39999389648438,173.5,164.0,164.5,171.89999389648438,174.89999389648438,0.10000000149011612,178.1999969482422,164.10000610351562,32.20000076293945,158.39999389648438,27.897605895996094,1.2723182439804077,1.7988907098770142,1.8622158765792847,0.8380684852600098,0.8182010054588318,9.831063270568848
147.60000610351562,140.60000610351562,155.6999969482422,179.0,164.3000030517578,171.0,166.10000610351562,169.3000030517578,172.3000030517578,174.8000030517578,2.0999999046325684,175.0,162.10000610351562,35.20000076293945,159.0,27.1317138671875,1.24961519241333,1.79248046875,1.8736029863357544,0.8538622856140137,0.8214718699455261,8.916472434997559
146.60000610351562,144.0,154.6999969482422,178.89999389648438,167.0,173.3000030517578,168.8000030517578,168.6999969482422,170.10000610351562,176.60000610351562,3.9000000953674316,175.39999389648438,162.60000610351562,33.29999923706055,160.39999389648438,25.799718856811523,1.263024926185608,1.7808442115783691,1.8800272941589355,0.8675280809402466,0.8326891660690308,8.866011619567871
146.5,145.3000030517578,151.8000030517578,176.0,169.39999389648438,174.1999969482422,171.5,171.1999969482422,171.1999969482422,178.60000610351562,9.800000190734863,172.3000030517578,158.89999389648438,38.599998474121094,155.89999389648438,21.62556266784668,1.2182389497756958,1.7756410837173462,1.8750272989273071,0.8280680775642395,0.8033257722854614,10.361063003540039
146.3000030517578,146.8000030517578,151.60000610351562,175.60000610351562,170.8000030517578,175.6999969482422,173.10000610351562,171.5,170.0,176.60000610351562,12.100000381469727,172.1999969482422,156.0,41.29999923706055,156.3000030517578,23.83612632751465,1.2325369119644165,1.7708221673965454,1.879724383354187,0.8559502363204956,0.8216850161552429,8.804265975952148
147.60000610351562,148.3000030517578,150.10000610351562,177.39999389648438,169.5,177.1999969482422,173.10000610351562,171.5,168.5,175.5,11.899999618530273,174.6999969482422,156.3000030517578,41.400001525878906,153.3000030517578,21.915876388549805,1.224850058555603,1.7558372020721436,1.869328260421753,0.8448145389556885,0.8001465797424316,7.6634650230407715
147.1999969482422,147.3000030517578,151.6999969482422,176.8000030517578,169.5,176.1999969482422,172.6999969482422,170.8000030517578,168.8000030517578,177.8000030517578,10.899999618530273,173.3000030517578,157.39999389648438,41.29999923706055,153.3000030517578,22.22420883178711,1.2148802280426025,1.7545541524887085,1.86871337890625,0.8417102694511414,0.8099653720855713,9.523147583007812
146.89999389648438,146.3000030517578,151.8000030517578,177.89999389648438,168.3000030517578,176.39999389648438,171.6999969482422,169.89999389648438,168.6999969482422,176.89999389648438,11.0,174.1999969482422,156.10000610351562,42.400001525878906,155.0,22.643098831176758,1.2175588607788086,1.7527278661727905,1.8590059280395508,0.8545467853546143,0.8057302236557007,6.569703578948975
147.3000030517578,145.8000030517578,152.6999969482422,178.8000030517578,167.1999969482422,179.3000030517578,169.89999389648438,167.89999389648438,169.10000610351562,176.0,10.699999809265137,175.1999969482422,155.1999969482422,42.5,154.5,25.399030685424805,1.2329527139663696,1.7654627561569214,1.8608367443084717,0.8459927439689636,0.8175188302993774,8.114227294921875
146.39999389648438,144.5,155.6999969482422,179.8000030517578,166.89999389648438,177.60000610351562,168.10000610351562,166.1999969482422,170.10000610351562,177.0,8.600000381469727,175.60000610351562,154.6999969482422,40.400001525878906,156.39999389648438,27.343368530273438,1.249089241027832,1.7781496047973633,1.8561351299285889,0.8511361479759216,0.8193149566650391,9.215341567993164
147.1999969482422,141.39999389648438,157.60000610351562,179.1999969482422,166.3000030517578,177.60000610351562,165.89999389648438,166.1999969482422,170.0,178.39999389648438,3.4000000953674316,177.6999969482422,157.5,39.79999923706055,157.5,27.244522094726562,1.2529412508010864,1.7767843008041382,1.8486407995224,0.8637824058532715,0.8169184327125549,5.990115642547607
148.5,140.8000030517578,157.39999389648438,179.89999389648438,164.89999389648438,175.5,165.89999389648438,163.8000030517578,168.89999389648438,174.6999969482422,1.0,178.1999969482422,164.0,31.299999237060547,159.39999389648438,26.912662506103516,1.2452815771102905,1.770860195159912,1.8431669473648071,0.8829770684242249,0.8291074633598328,4.687403678894043
147.6999969482422,140.1999969482422,157.1999969482422,179.10000610351562,166.10000610351562,174.89999389648438,164.60000610351562,165.3000030517578,171.0,174.3000030517578,0.30000001192092896,175.89999389648438,164.5,32.599998474121094,156.89999389648438,28.12590980529785,1.2512669563293457,1.7804834842681885,1.8452292680740356,0.8810463547706604,0.8381961584091187,6.003454208374023
148.60000610351562,140.39999389648438,156.89999389648438,179.89999389648438,166.3000030517578,179.3000030517578,165.89999389648438,167.0,172.39999389648438,175.6999969482422,0.20000000298023224,178.6999969482422,163.1999969482422,34.0,159.10000610351562,27.023330688476562,1.250188946723938,1.7747341394424438,1.8440219163894653,0.8737121224403381,0.8222339749336243,5.052114963531494
150.60000610351562,138.39999389648438,156.3000030517578,178.6999969482422,164.89999389648438,176.10000610351562,165.89999389648438,164.5,171.0,172.6999969482422,3.700000047683716,179.39999389648438,165.3000030517578,29.799999237060547,162.3000030517578,28.93062973022461,1.2331693172454834,1.7714848518371582,1.8398076295852661,0.8617260456085205,0.8230537176132202,5.84944486618042
150.5,138.8000030517578,156.39999389648438,178.10000610351562,164.8000030517578,174.60000610351562,165.8000030517578,165.39999389648438,171.0,173.5,2.9000000953674316,179.39999389648438,165.39999389648438,30.399999618530273,159.8000030517578,29.23104476928711,1.2393981218338013,1.7790998220443726,1.8455263376235962,0.8599203824996948,0.8265675902366638,6.556893825531006
149.5,140.8000030517578,154.5,178.3000030517578,165.0,173.10000610351562,166.60000610351562,168.8000030517578,173.1999969482422,173.6999969482422,0.4000000059604645,173.6999969482422,164.1999969482422,32.20000076293945,159.8000030517578,26.25066375732422,1.2315154075622559,1.7578973770141602,1.8393114805221558,0.8800522089004517,0.8358049988746643,6.327992916107178
151.39999389648438,140.8000030517578,152.8000030517578,179.60000610351562,165.60000610351562,169.89999389648438,169.1999969482422,166.60000610351562,169.3000030517578,178.60000610351562,5.099999904632568,172.10000610351562,164.39999389648438,33.79999923706055,155.1999969482422,24.63643455505371,1.2324310541152954,1.7811527252197266,1.8751178979873657,0.9002870917320251,0.8626072406768799,6.125642776489258
161.5,143.8000030517578,139.3000030517578,177.3000030517578,169.39999389648438,179.0,168.39999389648438,164.3000030517578,167.6999969482422,177.5,8.0,174.60000610351562,165.3000030517578,27.5,165.0,26.61750602722168,1.2275588512420654,1.7557744979858398,1.8615471124649048,0.9518311023712158,0.9279536604881287,10.817116737365723
161.8000030517578,146.8000030517578,136.3000030517578,176.5,168.6999969482422,178.5,169.8000030517578,164.6999969482422,168.1999969482422,171.1999969482422,15.699999809265137,176.3000030517578,163.8000030517578,32.099998474121094,160.8000030517578,26.294979095458984,1.2243690490722656,1.7494003772735596,1.8624159097671509,0.9351468086242676,0.9030160903930664,12.083362579345703
157.1999969482422,141.5,143.8000030517578,177.1999969482422,168.0,173.10000610351562,172.10000610351562,167.8000030517578,168.39999389648438,168.60000610351562,19.5,173.8000030517578,158.3000030517578,36.79999923706055,158.8000030517578,26.962064743041992,1.2058497667312622,1.7490911483764648,1.8778597116470337,0.9258226752281189,0.8927335143089294,11.762626647949219
158.8000030517578,142.1999969482422,140.6999969482422,177.3000030517578,168.10000610351562,174.5,172.5,168.10000610351562,169.39999389648438,166.1999969482422,20.899999618530273,174.10000610351562,159.5,36.29999923706055,159.5,25.388071060180664,1.1897789239883423,1.772119164466858,1.8961766958236694,0.90033358335495,0.8784590363502502,10.740006446838379
163.0,143.8000030517578,134.89999389648438,176.39999389648438,167.89999389648438,175.5,172.10000610351562,167.60000610351562,170.0,164.1999969482422,22.700000762939453,173.3000030517578,158.60000610351562,36.70000076293945,159.60000610351562,25.56955337524414,1.187841534614563,1.7656902074813843,1.9057303667068481,0.8963211178779602,0.8998050689697266,14.947806358337402
166.60000610351562,147.10000610351562,129.60000610351562,174.8000030517578,168.1999969482422,176.0,170.89999389648438,167.8000030517578,171.0,165.5,23.700000762939453,169.6999969482422,162.0,38.5,153.60000610351562,26.16610336303711,1.1944235563278198,1.7491486072540283,1.8841683864593506,0.9069094061851501,0.9167018532752991,15.335165023803711
164.3000030517578,147.0,134.8000030517578,175.3000030517578,169.0,177.89999389648438,172.10000610351562,166.8000030517578,169.8000030517578,163.60000610351562,23.799999237060547,171.8000030517578,158.60000610351562,37.900001525878906,156.1999969482422,26.8098201751709,1.2131743431091309,1.757063388824463,1.9008917808532715,0.9049314856529236,0.9011843800544739,12.933245658874512
164.5,145.39999389648438,133.0,175.5,168.39999389648438,175.1999969482422,171.3000030517578,168.89999389648438,170.89999389648438,165.60000610351562,23.5,169.89999389648438,160.3000030517578,36.900001525878906,158.5,25.520814895629883,1.1954100131988525,1.7547988891601562,1.8956066370010376,0.8962244987487793,0.895636260509491,13.555970191955566
157.1999969482422,144.3000030517578,139.8000030517578,176.3000030517578,169.8000030517578,176.5,172.6999969482422,168.6999969482422,171.89999389648438,167.0,20.0,171.39999389648438,159.39999389648438,35.900001525878906,153.8000030517578,20.665000915527344,1.1546363830566406,1.7683899402618408,1.8906261920928955,0.8003879189491272,0.8119809031486511,12.815268516540527
154.1999969482422,144.39999389648438,140.0,176.3000030517578,169.6999969482422,177.60000610351562,172.5,168.89999389648438,170.89999389648438,169.0,17.399999618530273,174.8000030517578,157.1999969482422,38.79999923706055,155.8000030517578,21.28035545349121,1.1526798009872437,1.7758837938308716,1.8930749893188477,0.8068605065345764,0.8046126961708069,9.533722877502441
153.10000610351562,143.1999969482422,140.6999969482422,176.39999389648438,169.6999969482422,179.89999389648438,172.5,168.5,169.10000610351562,167.8000030517578,19.799999237060547,175.0,154.6999969482422,42.5,156.39999389648438,22.994529724121094,1.1649683713912964,1.7708581686019897,1.8910139799118042,0.8586535453796387,0.8344921469688416,7.959231376647949
151.60000610351562,144.0,145.60000610351562,177.10000610351562,168.10000610351562,177.8000030517578,172.1999969482422,168.10000610351562,170.10000610351562,170.89999389648438,15.600000381469727,176.0,155.60000610351562,39.5,158.10000610351562,24.465789794921875,1.1889219284057617,1.7802709341049194,1.8811910152435303,0.8419712781906128,0.8036395311355591,6.723484992980957
149.10000610351562,144.1999969482422,148.1999969482422,178.60000610351562,166.1999969482422,177.5,171.60000610351562,171.0,171.10000610351562,170.5,19.100000381469727,172.3000030517578,150.1999969482422,50.400001525878906,150.0,19.027023315429688,1.165268063545227,1.7536863088607788,1.8607584238052368,0.7940202951431274,0.7612062692642212,7.872908592224121
151.60000610351562,145.8000030517578,145.60000610351562,178.89999389648438,168.3000030517578,179.3000030517578,172.5,170.60000610351562,171.1999969482422,167.89999389648438,22.5,171.5,150.8000030517578,49.0,153.1999969482422,19.48520851135254,1.170001745223999,1.7559987306594849,1.8595014810562134,0.7874855995178223,0.7672370672225952,8.296814918518066
149.60000610351562,146.8000030517578,146.60000610351562,177.5,169.1999969482422,179.3000030517578,171.6999969482422,170.0,169.1999969482422,169.0,21.899999618530273,172.0,150.39999389648438,50.20000076293945,151.60000610351562,19.737091064453125,1.163708209991455,1.7517950534820557,1.8434721231460571,0.790911853313446,0.7666497826576233,10.836247444152832
148.1999969482422,147.60000610351562,150.6999969482422,177.10000610351562,169.39999389648438,179.10000610351562,173.10000610351562,168.5,169.3000030517578,168.0,24.0,169.8000030517578,147.10000610351562,49.900001525878906,150.3000030517578,19.65658187866211,1.177515983581543,1.7273576259613037,1.8227373361587524,0.7532533407211304,0.7435054779052734,11.39002513885498
149.39999389648438,146.89999389648438,148.6999969482422,178.10000610351562,167.39999389648438,178.0,172.1999969482422,169.8000030517578,170.89999389648438,168.3000030517578,22.899999618530273,168.89999389648438,149.60000610351562,48.400001525878906,148.1999969482422,18.889944076538086,1.1708756685256958,1.7384649515151978,1.8303635120391846,0.7788987755775452,0.7388098239898682,9.672439575195312
149.5,146.6999969482422,147.5,178.0,167.1999969482422,178.6999969482422,171.5,171.10000610351562,169.60000610351562,169.5,19.5,173.3000030517578,152.89999389648438,47.29999923706055,149.6999969482422,17.976856231689453,1.167396903038025,1.7449809312820435,1.845157265663147,0.7881125807762146,0.760044515132904,6.938461780548096
149.5,146.89999389648438,147.89999389648438,177.60000610351562,168.3000030517578,178.0,172.1999969482422,169.5,167.10000610351562,169.60000610351562,21.100000381469727,172.8000030517578,151.89999389648438,47.900001525878906,153.1999969482422,21.261520385742188,1.1931613683700562,1.769588589668274,1.8694015741348267,0.8019062876701355,0.7716636657714844,9.243914604187012
149.0,146.1999969482422,148.6999969482422,177.39999389648438,167.39999389648438,178.1999969482422,172.3000030517578,169.0,167.5,171.60000610351562,17.899999618530273,173.89999389648438,151.10000610351562,49.400001525878906,153.60000610351562,20.823585510253906,1.1813416481018066,1.752359390258789,1.848282814025879,0.7834322452545166,0.7546913623809814,8.372503280639648
149.1999969482422,146.60000610351562,148.0,178.89999389648438,166.1999969482422,177.5,173.39999389648438,168.5,169.89999389648438,168.3000030517578,22.899999618530273,172.10000610351562,147.3000030517578,54.70000076293945,150.89999389648438,20.141162872314453,1.1766314506530762,1.7506428956985474,1.8520808219909668,0.7848798632621765,0.7565327882766724,9.311990737915039
150.1999969482422,144.1999969482422,149.8000030517578,178.1999969482422,165.3000030517578,177.10000610351562,171.8000030517578,170.1999969482422,170.1999969482422,169.10000610351562,22.899999618530273,170.10000610351562,151.10000610351562,49.599998474121094,152.5,18.9979305267334,1.174612045288086,1.746337652206421,1.8407243490219116,0.7780787348747253,0.7557441592216492,7.18248987197876
147.5,144.6999969482422,152.60000610351562,178.8000030517578,165.10000610351562,177.5,171.3000030517578,167.6999969482422,170.5,175.10000610351562,15.300000190734863,174.10000610351562,151.39999389648438,46.79999923706055,155.6999969482422,22.74928855895996,1.188887357711792,1.7629449367523193,1.8499925136566162,0.8033142685890198,0.7575127482414246,7.202971935272217
151.1999969482422,143.6999969482422,151.89999389648438,178.39999389648438,167.39999389648438,177.5,172.5,165.6999969482422,170.3000030517578,175.5,15.699999809265137,172.8000030517578,149.6999969482422,49.20000076293945,158.3000030517578,22.520980834960938,1.205742359161377,1.7597609758377075,1.8559216260910034,0.7823350429534912,0.7613391280174255,10.347314834594727
148.0,145.89999389648438,150.89999389648438,177.1999969482422,167.0,178.39999389648438,171.3000030517578,168.0,167.89999389648438,177.3000030517578,11.800000190734863,178.5,155.8000030517578,44.0,158.39999389648438,21.333023071289062,1.2029271125793457,1.7560944557189941,1.8491182327270508,0.8035501837730408,0.7786887884140015,8.651519775390625
148.89999389648438,144.8000030517578,151.5,175.8000030517578,165.0,177.0,171.6999969482422,163.5,168.8000030517578,178.10000610351562,10.5,172.60000610351562,160.89999389648438,39.79999923706055,156.10000610351562,22.516151428222656,1.2039319276809692,1.744411587715149,1.8390765190124512,0.7994736433029175,0.7820351719856262,10.81949520111084
148.3000030517578,144.1999969482422,154.6999969482422,176.8000030517578,163.89999389648438,172.39999389648438,172.10000610351562,167.0,173.39999389648438,177.10000610351562,16.600000381469727,171.3000030517578,159.89999389648438,42.900001525878906,155.89999389648438,21.488441467285156,1.2334318161010742,1.753801941871643,1.8582782745361328,0.8570478558540344,0.8153029084205627,6.524230003356934
155.60000610351562,141.89999389648438,145.0,175.1999969482422,169.6999969482422,177.89999389648438,172.8000030517578,166.0,172.0,169.10000610351562,24.5,173.5,157.60000610351562,51.599998474121094,150.89999389648438,23.70448875427246,1.1718082427978516,1.759624719619751,1.8618377447128296,0.8441712260246277,0.8418760299682617,9.577576637268066
149.1999969482422,142.6999969482422,152.10000610351562,173.39999389648438,165.3000030517578,176.8000030517578,172.3000030517578,164.1999969482422,170.10000610351562,179.8000030517578,9.699999809265137,175.89999389648438,160.3000030517578,40.599998474121094,156.39999389648438,26.729576110839844,1.2193399667739868,1.7797372341156006,1.8995615243911743,0.7905524969100952,0.7933372259140015,11.35616397857666
148.60000610351562,144.10000610351562,149.0,173.3000030517578,166.5,177.60000610351562,170.89999389648438,165.8000030517578,170.6999969482422,178.3000030517578,11.0,173.0,161.39999389648438,38.900001525878906,150.10000610351562,25.433595657348633,1.2109429836273193,1.7784392833709717,1.8958241939544678,0.7908603549003601,0.7831031084060669,13.761474609375
149.5,143.5,150.89999389648438,174.3000030517578,164.5,172.3000030517578,170.10000610351562,167.5,172.39999389648438,179.10000610351562,11.699999809265137,171.3000030517578,158.6999969482422,43.900001525878906,153.89999389648438,26.78136444091797,1.2250460386276245,1.7789756059646606,1.8879632949829102,0.8466699123382568,0.8357787728309631,11.93720817565918
149.6999969482422,142.39999389648438,150.60000610351562,174.5,165.1999969482422,176.8000030517578,170.5,166.6999969482422,171.89999389648438,179.39999389648438,11.600000381469727,173.5,154.3000030517578,46.900001525878906,156.0,27.55636978149414,1.21895432472229,1.7770602703094482,1.8852473497390747,0.8230328559875488,0.8002421855926514,11.656064987182617
150.3000030517578,143.1999969482422,150.3000030517578,175.39999389648438,165.10000610351562,176.10000610351562,170.6999969482422,166.89999389648438,167.39999389648438,177.3000030517578,9.300000190734863,176.3000030517578,156.39999389648438,44.70000076293945,159.1999969482422,27.189489364624023,1.2198206186294556,1.7763639688491821,1.8906563520431519,0.8175972104072571,0.7834659218788147,9.166918754577637
150.39999389648438,143.6999969482422,148.8000030517578,176.0,167.10000610351562,177.6999969482422,171.60000610351562,167.6999969482422,169.1999969482422,179.0,9.100000381469727,176.5,152.89999389648438,45.70000076293945,159.5,24.54889678955078,1.2161455154418945,1.7749860286712646,1.8810611963272095,0.8056764006614685,0.7858909368515015,10.116129875183105
150.8000030517578,144.10000610351562,149.1999969482422,175.89999389648438,169.1999969482422,179.1999969482422,171.6999969482422,167.0,169.0,172.10000610351562,22.399999618530273,171.0,148.60000610351562,54.900001525878906,154.8000030517578,23.583131790161133,1.1824568510055542,1.7552828788757324,1.8585954904556274,0.7943906188011169,0.7759139537811279,11.402234077453613
152.10000610351562,143.39999389648438,148.8000030517578,176.10000610351562,169.6999969482422,178.8000030517578,172.1999969482422,167.39999389648438,169.0,173.1999969482422,20.899999618530273,172.6999969482422,149.0,53.29999923706055,157.0,24.083620071411133,1.2046089172363281,1.7520869970321655,1.8439983129501343,0.8126223683357239,0.7932437062263489,10.85964584350586
149.8000030517578,145.6999969482422,150.0,178.1999969482422,167.60000610351562,176.39999389648438,173.1999969482422,169.5,169.89999389648438,166.89999389648438,28.299999237060547,171.3000030517578,143.0,60.099998474121094,156.10000610351562,24.61751365661621,1.221832275390625,1.7795206308364868,1.8864173889160156,0.8449724316596985,0.8062436580657959,8.921253204345703
151.1999969482422,148.39999389648438,144.8000030517578,177.0,167.89999389648438,177.89999389648438,172.89999389648438,168.8000030517578,170.5,156.8000030517578,38.900001525878906,169.39999389648438,140.5,61.400001525878906,152.5,24.949491500854492,1.2140440940856934,1.780064344406128,1.8836179971694946,0.8021665215492249,0.7571306228637695,8.814401626586914
151.39999389648438,149.10000610351562,143.60000610351562,177.39999389648438,167.60000610351562,174.60000610351562,174.10000610351562,169.5,168.1999969482422,158.1999969482422,35.099998474121094,174.5,141.10000610351562,60.900001525878906,151.89999389648438,24.672592163085938,1.2236225605010986,1.7667900323867798,1.8785557746887207,0.81649249792099,0.7611847519874573,7.00567102432251
151.5,149.60000610351562,141.8000030517578,178.39999389648438,167.8000030517578,174.3000030517578,176.0,171.5,172.3000030517578,146.5,48.599998474121094,173.0,133.60000610351562,68.9000015258789,150.10000610351562,25.26558494567871,1.2176921367645264,1.785375714302063,1.9053573608398438,0.8130881786346436,0.7611396908760071,8.740025520324707
151.8000030517578,149.0,144.39999389648438,179.60000610351562,167.1999969482422,173.89999389648438,176.60000610351562,171.60000610351562,173.6999969482422,156.0,37.400001525878906,171.6999969482422,136.89999389648438,63.5,150.1999969482422,23.776926040649414,1.2224504947662354,1.7820850610733032,1.9095944166183472,0.7822268605232239,0.7432154417037964,7.753722667694092
151.8000030517578,152.39999389648438,141.10000610351562,177.6999969482422,170.0,174.8000030517578,175.60000610351562,171.10000610351562,174.10000610351562,161.1999969482422,30.0,172.5,150.1999969482422,47.900001525878906,152.0,24.71952247619629,1.2508273124694824,1.8082057237625122,1.9338889122009277,0.8223763704299927,0.7997298836708069,10.513848304748535
152.10000610351562,149.89999389648438,142.60000610351562,178.6999969482422,169.6999969482422,177.6999969482422,177.8000030517578,168.8000030517578,175.60000610351562,152.1999969482422,36.599998474121094,171.60000610351562,153.60000610351562,45.70000076293945,144.8000030517578,23.31775665283203,1.2361866235733032,1.8075453042984009,1.9447133541107178,0.7976629734039307,0.8526670932769775,22.536014556884766
151.5,147.60000610351562,149.3000030517578,179.60000610351562,166.1999969482422,173.10000610351562,176.5,169.5,173.0,162.3000030517578,28.299999237060547,169.8000030517578,156.5,42.400001525878906,146.6999969482422,23.53201675415039,1.2426139116287231,1.794826865196228,1.9407835006713867,0.7784562706947327,0.8127345442771912,15.10315227508545
152.10000610351562,149.1999969482422,146.10000610351562,178.8000030517578,167.6999969482422,177.10000610351562,175.60000610351562,169.3000030517578,171.39999389648438,154.39999389648438,34.099998474121094,176.10000610351562,146.60000610351562,45.900001525878906,155.89999389648438,22.509889602661133,1.2254153490066528,1.7790799140930176,1.9116398096084595,0.7386031746864319,0.7396213412284851,11.2249174118042
153.89999389648438,147.0,144.89999389648438,177.89999389648438,166.1999969482422,174.5,177.0,171.60000610351562,174.10000610351562,149.1999969482422,42.599998474121094,172.39999389648438,134.8000030517578,61.900001525878906,154.0,22.08016014099121,1.2235395908355713,1.7663486003875732,1.8954323530197144,0.7399208545684814,0.7209989428520203,7.736248016357422
153.39999389648438,150.1999969482422,143.5,177.0,167.10000610351562,175.3000030517578,179.39999389648438,171.39999389648438,176.89999389648438,146.6999969482422,45.20000076293945,170.10000610351562,134.89999389648438,60.900001525878906,150.6999969482422,22.726009368896484,1.2460564374923706,1.7926825284957886,1.9155313968658447,0.7538399696350098,0.7320647835731506,7.459225177764893
147.1999969482422,150.89999389648438,149.3000030517578,179.6999969482422,168.5,180.0,175.1999969482422,171.10000610351562,171.0,167.39999389648438,18.399999618530273,177.8000030517578,149.3000030517578,48.900001525878906,158.10000610351562,24.74915313720703,1.2469350099563599,1.8148781061172485,1.9298663139343262,0.8506686687469482,0.800931453704834,2.6312122344970703
150.10000610351562,147.10000610351562,144.89999389648438,177.8000030517578,168.6999969482422,173.3000030517578,174.3000030517578,173.1999969482422,174.60000610351562,170.60000610351562,17.399999618530273,172.1999969482422,158.3000030517578,38.599998474121094,156.5,20.140684127807617,1.203410267829895,1.8024457693099976,1.9318978786468506,0.8441985249519348,0.8101291060447693,8.36465835571289
150.89999389648438,148.0,145.39999389648438,177.10000610351562,168.3000030517578,174.5,174.0,171.89999389648438,175.1999969482422,174.8000030517578,10.899999618530273,175.10000610351562,160.5,34.900001525878906,157.3000030517578,21.48062515258789,1.2222219705581665,1.8019744157791138,1.9312071800231934,0.8323593735694885,0.8115142583847046,8.25554370880127
151.3000030517578,146.3000030517578,143.0,177.39999389648438,170.89999389648438,178.39999389648438,174.6999969482422,171.1999969482422,174.1999969482422,176.10000610351562,9.699999809265137,175.6999969482422,160.89999389648438,35.900001525878906,157.1999969482422,20.519577026367188,1.2125651836395264,1.801347255706787,1.9425053596496582,0.8413702845573425,0.8088839650154114,6.911856174468994
149.89999389648438,146.10000610351562,144.10000610351562,176.10000610351562,169.89999389648438,176.1999969482422,174.3000030517578,170.8000030517578,172.0,179.10000610351562,5.900000095367432,177.60000610351562,159.89999389648438,36.79999923706055,155.89999389648438,20.87506103515625,1.2033665180206299,1.7892268896102905,1.9218201637268066,0.8342757225036621,0.8030645251274109,7.277082920074463
148.60000610351562,146.10000610351562,149.1999969482422,175.1999969482422,168.5,170.6999969482422,173.60000610351562,172.6999969482422,173.5,178.0,10.699999809265137,169.39999389648438,158.5,38.5,151.89999389648438,20.411588668823242,1.2122074365615845,1.7807658910751343,1.8996587991714478,0.8417428135871887,0.7960952520370483,7.482791423797607
150.0,146.1999969482422,145.10000610351562,175.39999389648438,171.1999969482422,176.39999389648438,174.10000610351562,170.89999389648438,171.6999969482422,177.6999969482422,8.699999809265137,173.5,159.5,36.400001525878906,154.8000030517578,19.54281234741211,1.1975395679473877,1.775549292564392,1.8959990739822388,0.8342921137809753,0.7928126454353333,8.457480430603027
148.39999389648438,148.10000610351562,146.39999389648438,175.10000610351562,171.39999389648438,176.3000030517578,173.1999969482422,171.60000610351562,170.6999969482422,174.6999969482422,10.899999618530273,174.60000610351562,158.1999969482422,37.20000076293945,152.89999389648438,20.96489715576172,1.218977689743042,1.7866747379302979,1.9076313972473145,0.844037652015686,0.8159637451171875,9.391634941101074
148.89999389648438,145.89999389648438,146.60000610351562,178.0,168.5,176.1999969482422,173.6999969482422,173.1999969482422,173.89999389648438,175.39999389648438,12.0,173.89999389648438,158.3000030517578,38.900001525878906,153.3000030517578,17.32619285583496,1.180819034576416,1.7588708400726318,1.8803352117538452,0.8327950835227966,0.7774325609207153,5.622176647186279
148.8000030517578,143.89999389648438,148.8000030517578,176.8000030517578,169.1999969482422,176.10000610351562,173.3000030517578,172.60000610351562,170.8000030517578,178.39999389648438,9.899999618530273,171.89999389648438,160.5,38.400001525878906,150.8000030517578,16.784284591674805,1.1695815324783325,1.7455447912216187,1.856288194656372,0.8090596199035645,0.7742208242416382,6.8907670974731445
147.8000030517578,147.10000610351562,147.3000030517578,176.39999389648438,168.1999969482422,175.8000030517578,172.6999969482422,171.5,171.39999389648438,176.8000030517578,10.199999809265137,172.60000610351562,160.6999969482422,36.20000076293945,153.39999389648438,15.396931648254395,1.1827001571655273,1.7464581727981567,1.8548575639724731,0.8304868936538696,0.7811684012413025,5.5287275314331055
149.10000610351562,147.5,147.60000610351562,176.39999389648438,168.10000610351562,174.1999969482422,174.0,170.6999969482422,174.0,173.60000610351562,14.300000190734863,169.39999389648438,159.89999389648438,37.900001525878906,148.1999969482422,16.104808807373047,1.1860237121582031,1.745130181312561,1.846347689628601,0.8331916332244873,0.774635910987854,4.835011005401611
149.10000610351562,147.1999969482422,147.89999389648438,175.0,173.6999969482422,179.3000030517578,174.6999969482422,171.60000610351562,173.6999969482422,169.0,19.299999237060547,171.3000030517578,152.89999389648438,44.0,151.0,19.785152435302734,1.203115463256836,1.753771424293518,1.8658536672592163,0.8065706491470337,0.7816439270973206,9.68637752532959
149.3000030517578,145.5,148.60000610351562,176.60000610351562,169.0,173.60000610351562,172.8000030517578,172.5,173.0,178.6999969482422,9.399999618530273,171.39999389648438,160.6999969482422,38.20000076293945,151.8000030517578,17.418468475341797,1.2043851613998413,1.7663843631744385,1.8736510276794434,0.8527705073356628,0.8054915070533752,7.399012565612793
146.8000030517578,147.1999969482422,148.8000030517578,175.8000030517578,169.1999969482422,174.39999389648438,172.10000610351562,173.60000610351562,171.89999389648438,179.8000030517578,6.0,173.10000610351562,161.0,36.29999923706055,150.6999969482422,16.79340362548828,1.1971726417541504,1.7566699981689453,1.8688223361968994,0.8345494270324707,0.7911067008972168,6.207210063934326
148.10000610351562,146.10000610351562,148.8000030517578,175.3000030517578,169.8000030517578,176.60000610351562,172.10000610351562,172.8000030517578,172.3000030517578,179.10000610351562,5.300000190734863,174.10000610351562,164.60000610351562,33.0,152.3000030517578,19.839214324951172,1.2035285234451294,1.767226219177246,1.8838450908660889,0.8533307909965515,0.8029155135154724,5.471891403198242
147.89999389648438,143.89999389648438,151.0,175.0,172.0,178.8000030517578,172.1999969482422,171.5,171.6999969482422,179.10000610351562,8.5,171.60000610351562,162.89999389648438,33.5,155.1999969482422,19.46140480041504,1.2062172889709473,1.7630001306533813,1.8857958316802979,0.8719369173049927,0.8113808631896973,4.698268890380859
147.3000030517578,144.39999389648438,150.5,174.89999389648438,169.60000610351562,176.0,171.0,174.1999969482422,175.3000030517578,178.10000610351562,6.400000095367432,169.8000030517578,162.8000030517578,35.099998474121094,152.39999389648438,19.842470169067383,1.207889437675476,1.7610570192337036,1.8668383359909058,0.8709891438484192,0.805286169052124,5.497753620147705
147.60000610351562,145.3000030517578,150.3000030517578,175.5,168.3000030517578,172.6999969482422,172.39999389648438,171.1999969482422,172.8000030517578,176.10000610351562,4.099999904632568,171.1999969482422,165.60000610351562,31.0,155.39999389648438,19.017297744750977,1.1998664140701294,1.7618869543075562,1.8622002601623535,0.8352447152137756,0.7858110070228577,5.345383167266846
147.3000030517578,144.5,148.5,174.0,170.8000030517578,177.5,172.0,170.0,173.39999389648438,176.5,3.4000000953674316,172.3000030517578,164.3000030517578,29.899999618530273,158.89999389648438,18.287622451782227,1.1946941614151,1.7574270963668823,1.862209677696228,0.862152636051178,0.7922192811965942,4.182958602905273
147.10000610351562,148.10000610351562,147.39999389648438,176.10000610351562,168.60000610351562,177.6999969482422,173.0,170.39999389648438,176.39999389648438,176.1999969482422,2.5,175.6999969482422,162.3000030517578,29.600000381469727,161.8000030517578,21.74871826171875,1.1986523866653442,1.7757498025894165,1.8910093307495117,0.8344476819038391,0.7760360836982727,4.239940166473389
147.8000030517578,146.60000610351562,147.39999389648438,174.89999389648438,168.8000030517578,172.39999389648438,172.8000030517578,171.1999969482422,171.89999389648438,178.0,3.9000000953674316,177.5,163.10000610351562,32.099998474121094,159.5,25.434371948242188,1.233480453491211,1.7960143089294434,1.9008948802947998,0.8720105290412903,0.8310237526893616,7.0710129737854
148.89999389648438,147.60000610351562,147.60000610351562,174.89999389648438,170.6999969482422,173.5,174.0,171.1999969482422,172.60000610351562,178.6999969482422,8.600000381469727,174.1999969482422,161.6999969482422,34.70000076293945,155.3000030517578,23.572811126708984,1.2292087078094482,1.7843483686447144,1.9032701253890991,0.839282751083374,0.8163830041885376,10.061619758605957
149.0,145.10000610351562,148.89999389648438,176.89999389648438,171.0,175.5,176.0,173.0,175.89999389648438,166.8000030517578,21.100000381469727,172.89999389648438,152.6999969482422,45.5,153.10000610351562,24.40764808654785,1.2112796306610107,1.7842937707901,1.8949435949325562,0.827597975730896,0.8209641575813293,9.699307441711426
147.6999969482422,148.0,148.0,176.6999969482422,169.3000030517578,174.1999969482422,174.0,171.89999389648438,171.10000610351562,170.0,19.700000762939453,172.60000610351562,153.60000610351562,45.29999923706055,150.60000610351562,22.868450164794922,1.207527995109558,1.7919446229934692,1.8961883783340454,0.8429778218269348,0.8079111576080322,11.02453327178955
151.10000610351562,149.1999969482422,143.10000610351562,175.60000610351562,170.39999389648438,175.60000610351562,173.5,169.1999969482422,169.3000030517578,175.6999969482422,8.800000190734863,176.8000030517578,159.0,36.400001525878906,155.8000030517578,25.1229305267334,1.239927053451538,1.81496262550354,1.9303265810012817,0.8512423038482666,0.8325070738792419,9.729074478149414
150.10000610351562,142.10000610351562,145.6999969482422,175.3000030517578,168.5,167.39999389648438,172.89999389648438,173.10000610351562,170.1999969482422,177.10000610351562,15.800000190734863,169.0,150.8000030517578,48.599998474121094,153.3000030517578,23.377107620239258,1.185247778892517,1.7658356428146362,1.8838212490081787,0.8575345277786255,0.8018361330032349,10.048806190490723
149.1999969482422,145.3000030517578,147.0,174.0,170.5,174.10000610351562,172.5,171.0,166.5,177.3000030517578,11.399999618530273,172.5,159.3000030517578,38.70000076293945,152.8000030517578,20.075010299682617,1.2022522687911987,1.7754037380218506,1.8838056325912476,0.8781101703643799,0.8261885643005371,7.815976619720459
149.3000030517578,143.5,149.60000610351562,173.5,169.5,172.60000610351562,171.5,172.89999389648438,171.0,177.8000030517578,6.199999809265137,169.6999969482422,164.39999389648438,31.700000762939453,154.0,19.4163875579834,1.1958870887756348,1.778027057647705,1.8903206586837769,0.8531073927879333,0.8245297074317932,9.124207496643066
149.89999389648438,145.3000030517578,150.1999969482422,173.6999969482422,168.5,170.60000610351562,172.1999969482422,171.6999969482422,170.89999389648438,179.39999389648438,12.5,166.60000610351562,164.0,33.5,156.6999969482422,20.440032958984375,1.2054094076156616,1.7538020610809326,1.8489259481430054,0.8496013879776001,0.8094417452812195,8.885031700134277
147.5,144.8000030517578,150.1999969482422,173.60000610351562,169.39999389648438,175.60000610351562,171.89999389648438,171.3000030517578,169.8000030517578,178.3000030517578,10.100000381469727,169.6999969482422,160.3000030517578,35.79999923706055,153.5,18.82423973083496,1.1857103109359741,1.7578843832015991,1.8584728240966797,0.8234507441520691,0.7837785482406616,7.1896748542785645
148.5,146.89999389648438,147.10000610351562,175.39999389648438,168.60000610351562,179.10000610351562,171.1999969482422,171.60000610351562,172.10000610351562,178.10000610351562,7.599999904632568,172.39999389648438,163.1999969482422,32.70000076293945,153.39999389648438,17.04378890991211,1.1973735094070435,1.7713181972503662,1.8705533742904663,0.831246554851532,0.7836605906486511,6.20360803604126
147.60000610351562,145.3000030517578,148.1999969482422,173.89999389648438,168.0,177.39999389648438,171.39999389648438,170.5,171.8000030517578,179.1999969482422,5.300000190734863,174.5,163.89999389648438,33.099998474121094,153.60000610351562,19.252580642700195,1.180737018585205,1.7636398077011108,1.8533122539520264,0.8391421437263489,0.7880203723907471,7.3634538650512695
150.8000030517578,144.0,148.39999389648438,173.6999969482422,169.60000610351562,178.89999389648438,171.8000030517578,170.8000030517578,172.8000030517578,172.60000610351562,2.0999999046325684,173.1999969482422,169.5,23.5,160.5,18.19576644897461,1.168632984161377,1.7592748403549194,1.8670876026153564,0.8153977990150452,0.7880145311355591,6.589549541473389
151.39999389648438,142.0,148.3000030517578,174.5,166.10000610351562,179.39999389648438,170.6999969482422,170.89999389648438,176.39999389648438,165.39999389648438,13.0,179.6999969482422,177.0,14.0,172.39999389648438,18.515932083129883,1.1598663330078125,1.7624036073684692,1.8492118120193481,0.851614236831665,0.8045679330825806,4.3274455070495605
148.6999969482422,144.10000610351562,149.10000610351562,172.89999389648438,166.39999389648438,176.0,170.10000610351562,173.0,174.0,169.39999389648438,5.300000190734863,176.39999389648438,170.3000030517578,24.899999618530273,165.5,19.106740951538086,1.1786789894104004,1.7596546411514282,1.8647481203079224,0.8068058490753174,0.7868797779083252,6.9120612144470215
148.8000030517578,144.39999389648438,148.6999969482422,174.8000030517578,166.89999389648438,174.1999969482422,172.0,171.5,173.10000610351562,174.8000030517578,0.5,173.8000030517578,166.60000610351562,28.799999237060547,160.39999389648438,18.118040084838867,1.1991987228393555,1.7685637474060059,1.877049207687378,0.8449276685714722,0.8092868328094482,7.70025634765625
147.6999969482422,145.8000030517578,147.1999969482422,175.0,167.3000030517578,177.10000610351562,170.6999969482422,171.8000030517578,170.3000030517578,177.10000610351562,2.200000047683716,175.1999969482422,163.5,35.900001525878906,152.60000610351562,16.795175552368164,1.1908937692642212,1.7606440782546997,1.866929531097412,0.8272648453712463,0.7847781777381897,6.150403022766113
149.60000610351562,144.60000610351562,147.8000030517578,176.10000610351562,167.8000030517578,178.1999969482422,171.8000030517578,171.5,170.60000610351562,178.60000610351562,7.400000095367432,173.0,161.6999969482422,36.0,150.89999389648438,16.412986755371094,1.1863731145858765,1.7635806798934937,1.8839831352233887,0.8291073441505432,0.7991359233856201,8.725430488586426
149.0,144.5,148.1999969482422,175.39999389648438,168.39999389648438,175.6999969482422,171.89999389648438,171.60000610351562,170.10000610351562,178.6999969482422,7.900000095367432,173.39999389648438,159.3000030517578,38.599998474121094,150.10000610351562,19.027353286743164,1.1904609203338623,1.766075611114502,1.8752753734588623,0.8653206825256348,0.8052425980567932,7.349802494049072
150.6999969482422,145.39999389648438,141.89999389648438,176.3000030517578,169.10000610351562,175.10000610351562,172.39999389648438,173.10000610351562,168.89999389648438,169.89999389648438,16.600000381469727,173.89999389648438,156.0,45.70000076293945,144.60000610351562,19.050535202026367,1.1961652040481567,1.779974341392517,1.8926756381988525,0.8614287376403809,0.8216044306755066,8.164641380310059
150.1999969482422,146.89999389648438,142.10000610351562,176.39999389648438,171.0,175.60000610351562,174.60000610351562,171.89999389648438,169.8000030517578,166.1999969482422,20.600000381469727,174.8000030517578,152.89999389648438,48.0,148.89999389648438,19.427265167236328,1.1985596418380737,1.7763776779174805,1.898890733718872,0.8354811072349548,0.8228310942649841,10.417776107788086
151.10000610351562,148.5,140.6999969482422,176.6999969482422,171.0,174.6999969482422,175.60000610351562,172.1999969482422,170.89999389648438,160.39999389648438,31.0,169.5,148.0,55.70000076293945,143.5,19.48963165283203,1.1995328664779663,1.7675186395645142,1.8962796926498413,0.8327053189277649,0.817745566368103,11.357171058654785
148.60000610351562,148.8000030517578,144.39999389648438,175.8000030517578,171.10000610351562,173.3000030517578,174.1999969482422,174.5,170.10000610351562,161.8000030517578,30.0,170.5,148.89999389648438,55.5,143.89999389648438,17.76893424987793,1.200945258140564,1.751150369644165,1.882448434829712,0.8330743908882141,0.810742199420929,9.887407302856445
148.39999389648438,148.39999389648438,144.8000030517578,176.0,171.60000610351562,174.6999969482422,173.60000610351562,173.5,168.89999389648438,162.8000030517578,29.0,170.10000610351562,146.39999389648438,56.400001525878906,144.6999969482422,18.5131778717041,1.2038661241531372,1.7580844163894653,1.8784606456756592,0.8316595554351807,0.7873573899269104,8.23397445678711
149.89999389648438,147.0,145.60000610351562,177.6999969482422,171.39999389648438,177.0,173.3000030517578,173.0,169.60000610351562,163.8000030517578,22.799999237060547,174.8000030517578,149.1999969482422,52.70000076293945,149.5,19.705707550048828,1.2312206029891968,1.7768583297729492,1.8946177959442139,0.8580020070075989,0.8199853301048279,5.677515029907227
147.6999969482422,146.1999969482422,147.3000030517578,178.1999969482422,169.39999389648438,174.3000030517578,172.1999969482422,173.89999389648438,169.60000610351562,167.5,19.5,175.3000030517578,152.0,49.70000076293945,149.89999389648438,18.31797218322754,1.2261137962341309,1.770496129989624,1.884434700012207,0.8580486178398132,0.810799241065979,5.625401020050049
151.1999969482422,144.10000610351562,146.60000610351562,178.60000610351562,169.3000030517578,172.6999969482422,171.5,172.0,168.5,169.39999389648438,20.200000762939453,172.3000030517578,154.0,46.0,150.10000610351562,20.740156173706055,1.2239083051681519,1.7872254848480225,1.90608811378479,0.8597179651260376,0.8385742902755737,9.264082908630371
148.5,143.39999389648438,149.39999389648438,177.3000030517578,167.0,175.6999969482422,168.1999969482422,168.1999969482422,169.3000030517578,172.39999389648438,13.600000381469727,176.89999389648438,150.1999969482422,51.20000076293945,150.6999969482422,19.16033935546875,1.2316306829452515,1.784925103187561,1.8803277015686035,0.8487982153892517,0.8102960586547852,6.249868392944336
149.1999969482422,140.89999389648438,154.5,176.8000030517578,167.5,175.5,166.10000610351562,166.5,169.10000610351562,175.60000610351562,8.100000381469727,179.8000030517578,155.6999969482422,43.20000076293945,150.1999969482422,22.11595344543457,1.2656302452087402,1.7854838371276855,1.8833047151565552,0.8749423623085022,0.8566668033599854,8.787331581115723
148.8000030517578,139.8000030517578,155.8000030517578,176.0,167.5,178.89999389648438,164.10000610351562,166.10000610351562,168.5,176.0,7.400000095367432,179.8000030517578,154.5,45.20000076293945,151.0,21.473613739013672,1.2489858865737915,1.7810012102127075,1.871376395225525,0.8717686533927917,0.8381396532058716,7.040162086486816
151.3000030517578,138.6999969482422,155.0,176.8000030517578,168.89999389648438,179.8000030517578,164.0,163.1999969482422,167.5,179.3000030517578,3.700000047683716,178.0,156.60000610351562,42.20000076293945,154.8000030517578,21.31024169921875,1.2483965158462524,1.7711883783340454,1.8598734140396118,0.8740677237510681,0.8454039692878723,6.445468425750732
150.89999389648438,140.8000030517578,153.39999389648438,175.39999389648438,168.39999389648438,179.1999969482422,162.3000030517578,160.8000030517578,170.39999389648438,171.1999969482422,3.9000000953674316,179.39999389648438,159.60000610351562,35.5,161.60000610351562,22.3026123046875,1.2458508014678955,1.7743924856185913,1.837185263633728,0.8773053288459778,0.8289274573326111,7.924614429473877
150.8000030517578,140.39999389648438,151.8000030517578,174.89999389648438,168.10000610351562,178.89999389648438,161.60000610351562,161.60000610351562,171.8000030517578,171.39999389648438,4.300000190734863,179.0,160.39999389648438,34.70000076293945,164.3000030517578,21.816974639892578,1.2344824075698853,1.7734160423278809,1.8348780870437622,0.8548662066459656,0.8221930861473083,7.688019752502441
152.10000610351562,138.0,155.3000030517578,175.1999969482422,165.89999389648438,177.60000610351562,160.8000030517578,163.0,171.89999389648438,173.1999969482422,1.100000023841858,179.6999969482422,164.8000030517578,28.799999237060547,162.39999389648438,24.096038818359375,1.2464163303375244,1.795588493347168,1.8519712686538696,0.840634822845459,0.8020094633102417,5.876128673553467
151.10000610351562,138.8000030517578,154.3000030517578,175.60000610351562,166.1999969482422,178.10000610351562,161.1999969482422,162.6999969482422,170.10000610351562,173.5,2.799999952316284,177.60000610351562,163.6999969482422,30.600000381469727,162.39999389648438,23.489042282104492,1.240272879600525,1.796292781829834,1.846880316734314,0.8418880701065063,0.8188711404800415,7.065091609954834
150.3000030517578,140.0,152.89999389648438,176.60000610351562,167.39999389648438,171.89999389648438,165.3000030517578,166.8000030517578,171.6999969482422,174.89999389648438,0.800000011920929,177.6999969482422,159.39999389648438,35.70000076293945,160.10000610351562,24.540475845336914,1.2362287044525146,1.8105454444885254,1.8792275190353394,0.8354647159576416,0.8045499920845032,8.927632331848145
149.6999969482422,142.0,151.8000030517578,175.10000610351562,164.6999969482422,170.3000030517578,167.3000030517578,170.39999389648438,173.5,174.5,1.5,175.89999389648438,161.1999969482422,35.20000076293945,160.6999969482422,21.60263442993164,1.2392386198043823,1.7987529039382935,1.8933486938476562,0.8358467817306519,0.789835512638092,5.130576133728027
149.60000610351562,146.3000030517578,146.89999389648438,179.0,170.39999389648438,175.89999389648438,171.89999389648438,172.3000030517578,171.10000610351562,174.6999969482422,0.5,179.10000610351562,159.39999389648438,38.20000076293945,159.0,20.674278259277344,1.2228682041168213,1.777438759803772,1.900787353515625,0.8440448045730591,0.8103402853012085,8.25564956665039
149.5,145.8000030517578,146.10000610351562,177.6999969482422,171.0,173.89999389648438,172.6999969482422,173.5,171.1999969482422,174.60000610351562,0.800000011920929,177.89999389648438,165.1999969482422,33.20000076293945,160.10000610351562,20.960813522338867,1.216768503189087,1.782899260520935,1.9130886793136597,0.8807664513587952,0.8341777920722961,5.8065996170043945
148.1999969482422,143.8000030517578,148.89999389648438,175.39999389648438,170.1999969482422,172.8000030517578,172.89999389648438,173.10000610351562,169.1999969482422,179.8000030517578,6.199999809265137,173.89999389648438,159.6999969482422,38.5,155.0,22.306318283081055,1.215122938156128,1.7775684595108032,1.9021002054214478,0.9138955473899841,0.8507577180862427,5.539368629455566
146.89999389648438,144.5,149.3000030517578,177.10000610351562,168.1999969482422,173.1999969482422,172.60000610351562,173.0,170.6999969482422,177.8000030517578,4.0,176.39999389648438,162.1999969482422,36.400001525878906,157.8000030517578,19.686054229736328,1.2061556577682495,1.7625242471694946,1.8806110620498657,0.8922392725944519,0.8378278613090515,4.8303093910217285
145.89999389648438,144.10000610351562,152.0,178.0,167.5,173.0,170.6999969482422,172.39999389648438,168.89999389648438,178.39999389648438,3.700000047683716,177.3000030517578,161.3000030517578,36.20000076293945,157.10000610351562,19.076366424560547,1.2235314846038818,1.7649692296981812,1.881156325340271,0.8899475336074829,0.8321565985679626,5.855686664581299
145.89999389648438,144.10000610351562,152.3000030517578,179.8000030517578,167.39999389648438,173.60000610351562,169.39999389648438,171.8000030517578,169.10000610351562,178.0,7.0,177.60000610351562,156.89999389648438,41.29999923706055,153.3000030517578,19.850887298583984,1.2326406240463257,1.7664512395858765,1.8747031688690186,0.8843454122543335,0.831146776676178,5.396230220794678
145.3000030517578,142.1999969482422,156.89999389648438,179.89999389648438,168.5,174.60000610351562,169.1999969482422,172.39999389648438,171.0,179.39999389648438,7.0,176.6999969482422,157.0,41.20000076293945,155.3000030517578,19.12388801574707,1.2427821159362793,1.7628438472747803,1.891149878501892,0.9085692763328552,0.8290871381759644,4.511928081512451
146.6999969482422,143.6999969482422,151.89999389648438,176.6999969482422,168.0,174.6999969482422,170.1999969482422,169.6999969482422,167.39999389648438,178.8000030517578,4.099999904632568,178.10000610351562,161.3000030517578,36.0,158.10000610351562,21.561138153076172,1.2267496585845947,1.7727595567703247,1.8870571851730347,0.9014594554901123,0.8423964381217957,4.851874351501465
146.8000030517578,144.0,151.6999969482422,177.5,166.89999389648438,173.39999389648438,169.1999969482422,169.5,169.10000610351562,178.0,5.800000190734863,176.10000610351562,157.8000030517578,42.70000076293945,156.5,20.851001739501953,1.2242436408996582,1.7624285221099854,1.8451117277145386,0.8917856216430664,0.8425742387771606,7.371490478515625
147.89999389648438,142.60000610351562,151.0,177.60000610351562,166.60000610351562,172.39999389648438,169.3000030517578,170.8000030517578,170.0,177.60000610351562,5.099999904632568,175.5,160.0,37.900001525878906,156.3000030517578,21.762653350830078,1.188036322593689,1.750331163406372,1.8377904891967773,0.8711992502212524,0.8170810341835022,7.633693218231201
148.10000610351562,146.0,148.10000610351562,178.39999389648438,165.6999969482422,172.39999389648438,168.89999389648438,170.6999969482422,168.0,180.0,8.0,178.60000610351562,161.60000610351562,38.5,157.0,21.456514358520508,1.1952062845230103,1.7642822265625,1.8340387344360352,0.8421100378036499,0.8035860657691956,6.896790504455566
149.0,141.60000610351562,151.39999389648438,177.39999389648438,168.39999389648438,174.3000030517578,169.0,168.3000030517578,166.8000030517578,178.0,4.900000095367432,178.3000030517578,162.89999389648438,33.0,161.10000610351562,24.99962615966797,1.2043122053146362,1.7689331769943237,1.8529053926467896,0.887328028678894,0.8407856822013855,6.511085510253906
148.5,141.89999389648438,150.5,178.8000030517578,165.6999969482422,174.10000610351562,168.10000610351562,170.60000610351562,170.1999969482422,177.10000610351562,3.4000000953674316,178.0,162.3000030517578,35.29999923706055,158.1999969482422,22.495697021484375,1.1861509084701538,1.7473204135894775,1.8307362794876099,0.8670356273651123,0.8307176232337952,7.896683216094971
148.8000030517578,142.6999969482422,151.0,177.89999389648438,164.89999389648438,174.3000030517578,168.1999969482422,169.8000030517578,170.3000030517578,176.89999389648438,3.299999952316284,176.8000030517578,164.6999969482422,35.0,156.8000030517578,21.349702835083008,1.180275559425354,1.7440450191497803,1.8260631561279297,0.8572807908058167,0.8130398392677307,5.885015487670898
148.60000610351562,143.5,150.60000610351562,176.39999389648438,168.0,175.3000030517578,168.0,168.10000610351562,165.89999389648438,177.3000030517578,2.4000000953674316,179.0,164.0,32.099998474121094,161.0,23.938655853271484,1.201358675956726,1.750954508781433,1.826485514640808,0.8599082231521606,0.8178377747535706,8.41139030456543
147.60000610351562,143.5,150.10000610351562,177.5,167.39999389648438,173.60000610351562,169.5,169.60000610351562,166.60000610351562,178.6999969482422,4.900000095367432,179.1999969482422,159.8000030517578,37.599998474121094,157.60000610351562,21.84419822692871,1.2010418176651,1.7578022480010986,1.8522980213165283,0.8551050424575806,0.8187477588653564,8.442763328552246
148.1999969482422,142.3000030517578,150.0,176.1999969482422,168.6999969482422,172.89999389648438,170.39999389648438,172.3000030517578,168.1999969482422,177.8000030517578,4.099999904632568,177.5,160.60000610351562,36.5,159.3000030517578,20.259904861450195,1.1874257326126099,1.7526756525039673,1.8572596311569214,0.8496806025505066,0.8117105960845947,7.357083797454834
146.8000030517578,142.39999389648438,151.60000610351562,177.1999969482422,171.5,176.10000610351562,171.8000030517578,173.39999389648438,170.39999389648438,177.1999969482422,3.700000047683716,174.6999969482422,163.8000030517578,34.0,158.39999389648438,21.378185272216797,1.2052972316741943,1.7607232332229614,1.8799240589141846,0.8960376381874084,0.8484154343605042,5.9539875984191895
145.5,143.89999389648438,150.39999389648438,176.8000030517578,170.6999969482422,176.0,170.60000610351562,172.89999389648438,168.10000610351562,176.60000610351562,3.0,177.5,161.3000030517578,37.29999923706055,157.1999969482422,21.891979217529297,1.2206101417541504,1.7711869478225708,1.8869892358779907,0.8900977373123169,0.8416624069213867,6.907200813293457
145.39999389648438,143.60000610351562,149.89999389648438,176.39999389648438,169.60000610351562,174.3000030517578,171.1999969482422,171.60000610351562,167.6999969482422,177.10000610351562,5.5,175.39999389648438,160.60000610351562,39.400001525878906,154.5,20.56875228881836,1.205959677696228,1.7586112022399902,1.875293254852295,0.8894973993301392,0.8396301865577698,7.766913414001465
144.89999389648438,145.5,149.39999389648438,175.89999389648438,171.1999969482422,175.8000030517578,170.6999969482422,173.1999969482422,168.8000030517578,179.6999969482422,5.599999904632568,175.60000610351562,159.3000030517578,38.599998474121094,156.39999389648438,22.882991790771484,1.235909104347229,1.7781236171722412,1.89960515499115,0.9446713328361511,0.8700418472290039,6.42490816116333
145.0,143.39999389648438,150.5,175.89999389648438,169.6999969482422,174.89999389648438,170.6999969482422,171.6999969482422,167.60000610351562,179.3000030517578,6.699999809265137,176.39999389648438,161.0,38.0,150.89999389648438,23.817508697509766,1.2330503463745117,1.7809410095214844,1.899202585220337,0.9385509490966797,0.8765138387680054,8.47209358215332
144.6999969482422,142.60000610351562,151.89999389648438,175.6999969482422,170.89999389648438,175.10000610351562,170.60000610351562,172.60000610351562,168.3000030517578,177.89999389648438,4.900000095367432,175.10000610351562,163.8000030517578,36.0,155.6999969482422,23.024202346801758,1.2209125757217407,1.7606348991394043,1.885373830795288,0.9418546557426453,0.8753412961959839,4.839663028717041
143.89999389648438,143.0,152.1999969482422,176.39999389648438,169.8000030517578,174.3000030517578,170.60000610351562,172.0,167.10000610351562,179.5,6.400000095367432,175.3000030517578,162.89999389648438,36.20000076293945,154.6999969482422,22.66309928894043,1.2269084453582764,1.7657201290130615,1.883792519569397,0.9289393424987793,0.8781531453132629,6.812811851501465
145.3000030517578,143.1999969482422,152.10000610351562,177.5,170.6999969482422,176.60000610351562,169.6999969482422,174.89999389648438,170.39999389648438,178.89999389648438,5.599999904632568,175.8000030517578,165.1999969482422,35.0,154.10000610351562,22.59467887878418,1.2427418231964111,1.7751855850219727,1.8991217613220215,0.9577131271362305,0.8974331021308899,4.981858730316162
145.1999969482422,143.3000030517578,151.89999389648438,177.8000030517578,171.1999969482422,174.60000610351562,170.5,174.3000030517578,168.10000610351562,179.60000610351562,8.100000381469727,175.1999969482422,162.10000610351562,38.79999923706055,153.60000610351562,22.882524490356445,1.226850986480713,1.761247992515564,1.8835680484771729,0.9553751945495605,0.8889672756195068,4.9048051834106445
145.1999969482422,144.10000610351562,150.0,178.39999389648438,171.3000030517578,173.3000030517578,171.5,174.10000610351562,169.3000030517578,178.10000610351562,7.800000190734863,176.10000610351562,159.8000030517578,40.599998474121094,152.60000610351562,21.18873405456543,1.227967619895935,1.7623977661132812,1.8848628997802734,0.9483964443206787,0.8846105337142944,6.018411159515381
145.5,143.10000610351562,150.89999389648438,178.60000610351562,170.10000610351562,172.1999969482422,171.60000610351562,174.5,168.1999969482422,179.5,5.900000095367432,176.89999389648438,164.5,36.599998474121094,153.5,21.986343383789062,1.2173961400985718,1.756104588508606,1.8780442476272583,0.9352949857711792,0.8895971179008484,6.525247097015381
145.10000610351562,145.39999389648438,149.0,178.89999389648438,169.39999389648438,175.60000610351562,171.1999969482422,174.10000610351562,168.6999969482422,176.89999389648438,9.100000381469727,176.1999969482422,159.3000030517578,42.0,150.8000030517578,21.8360595703125,1.2232394218444824,1.763857126235962,1.8842936754226685,0.9235039949417114,0.8634929060935974,5.736934185028076
146.0,143.6999969482422,150.10000610351562,177.0,170.89999389648438,174.8000030517578,170.89999389648438,174.1999969482422,165.8000030517578,176.0,9.899999618530273,177.1999969482422,161.3000030517578,39.29999923706055,150.39999389648438,21.3824520111084,1.210562825202942,1.7636682987213135,1.8819663524627686,0.8967705965042114,0.8524473905563354,7.643228530883789
146.6999969482422,142.3000030517578,149.3000030517578,176.0,171.8000030517578,174.3000030517578,171.5,172.6999969482422,167.1999969482422,175.5,10.199999809265137,174.5,161.6999969482422,39.20000076293945,149.3000030517578,22.991254806518555,1.2360087633132935,1.7865532636642456,1.9049837589263916,0.9421616792678833,0.8958770632743835,7.817941188812256
147.39999389648438,141.6999969482422,149.10000610351562,174.60000610351562,170.89999389648438,174.60000610351562,171.3000030517578,170.10000610351562,167.5,173.5,1.100000023841858,179.6999969482422,167.0,31.100000381469727,159.60000610351562,23.027328491210938,1.1878950595855713,1.7676512002944946,1.8766158819198608,0.8946864604949951,0.8364531993865967,5.002674102783203
146.0,142.1999969482422,148.3000030517578,172.10000610351562,171.3000030517578,175.10000610351562,170.3000030517578,170.39999389648438,167.3000030517578,168.0,4.199999809265137,179.5,171.39999389648438,29.299999237060547,161.1999969482422,24.915178298950195,1.1713935136795044,1.7565138339996338,1.8480643033981323,0.9008381962776184,0.8477995991706848,6.144050121307373
145.10000610351562,143.89999389648438,151.3000030517578,173.10000610351562,168.60000610351562,174.3000030517578,168.89999389648438,173.0,170.10000610351562,162.39999389648438,9.300000190734863,175.60000610351562,175.1999969482422,22.600000381469727,164.0,23.591142654418945,1.161011815071106,1.7296119928359985,1.8249297142028809,0.8909904360771179,0.8415868878364563,6.259193420410156
147.8000030517578,142.5,148.5,172.0,168.60000610351562,173.3000030517578,168.89999389648438,171.6999969482422,171.60000610351562,158.89999389648438,15.899999618530273,179.5,178.39999389648438,16.5,168.1999969482422,23.628198623657227,1.1458877325057983,1.728514313697815,1.8196054697036743,0.8817650079727173,0.8460328578948975,7.309816837310791
145.3000030517578,142.0,152.39999389648438,171.8000030517578,169.8000030517578,175.3000030517578,169.6999969482422,171.6999969482422,170.60000610351562,164.8000030517578,7.300000190734863,175.6999969482422,172.5,24.0,164.6999969482422,24.831966400146484,1.183087706565857,1.7465711832046509,1.8454599380493164,0.8782979846000671,0.8335115909576416,7.022598743438721
146.10000610351562,142.8000030517578,152.3000030517578,173.1999969482422,168.10000610351562,173.6999969482422,170.1999969482422,170.89999389648438,170.6999969482422,164.5,10.300000190734863,179.8000030517578,174.89999389648438,22.799999237060547,162.3000030517578,25.71839141845703,1.183786392211914,1.7431212663650513,1.8455884456634521,0.8844523429870605,0.8308547735214233,4.972624778747559
146.89999389648438,143.89999389648438,149.10000610351562,173.89999389648438,171.3000030517578,176.1999969482422,170.8000030517578,172.60000610351562,170.3000030517578,170.3000030517578,2.0999999046325684,178.6999969482422,168.8000030517578,28.700000762939453,162.39999389648438,25.811420440673828,1.201568603515625,1.768733263015747,1.8681987524032593,0.9078055620193481,0.8296487927436829,4.680661201477051
146.1999969482422,142.10000610351562,151.60000610351562,174.3000030517578,170.5,173.6999969482422,170.8000030517578,172.5,169.8000030517578,171.5,0.8999999761581421,175.5,165.8000030517578,32.29999923706055,159.5,25.356142044067383,1.190639615058899,1.7579615116119385,1.8628270626068115,0.9032208919525146,0.8471542000770569,7.873508930206299
145.8000030517578,141.8000030517578,152.60000610351562,174.89999389648438,171.1999969482422,173.8000030517578,170.6999969482422,172.5,168.1999969482422,176.89999389648438,4.400000095367432,176.0,162.60000610351562,34.79999923706055,158.5,26.261770248413086,1.2150547504425049,1.7752739191055298,1.8831276893615723,0.9149894714355469,0.856548547744751,6.861672878265381
146.1999969482422,142.5,150.8000030517578,175.1999969482422,171.1999969482422,175.5,170.5,172.5,167.6999969482422,179.6999969482422,8.399999618530273,176.1999969482422,160.89999389648438,39.599998474121094,154.1999969482422,23.46537208557129,1.209132432937622,1.7582972049713135,1.869668960571289,0.8998264670372009,0.8672745227813721,9.631327629089355
145.89999389648438,143.8000030517578,149.39999389648438,176.10000610351562,171.5,173.8000030517578,171.5,171.8000030517578,167.0,179.0,5.900000095367432,177.1999969482422,159.1999969482422,38.20000076293945,156.0,23.097461700439453,1.2058124542236328,1.76155686378479,1.8712294101715088,0.9055595993995667,0.8444125056266785,6.912526607513428
146.60000610351562,142.89999389648438,150.1999969482422,176.3000030517578,171.1999969482422,175.6999969482422,171.5,171.60000610351562,165.10000610351562,175.6999969482422,14.100000381469727,175.8000030517578,156.89999389648438,44.20000076293945,151.3000030517578,24.702274322509766,1.2027926445007324,1.7540770769119263,1.8681650161743164,0.886460542678833,0.8400121927261353,8.456406593322754
145.39999389648438,143.8000030517578,151.89999389648438,176.60000610351562,171.10000610351562,175.1999969482422,172.0,172.39999389648438,166.10000610351562,172.8000030517578,16.0,174.6999969482422,156.39999389648438,42.70000076293945,154.3000030517578,23.80153465270996,1.2129195928573608,1.7647086381912231,1.8760390281677246,0.8912070989608765,0.8421552181243896,6.870366096496582
146.3000030517578,143.10000610351562,150.1999969482422,177.0,171.10000610351562,176.0,171.3000030517578,173.5,167.8000030517578,173.5,15.100000381469727,174.89999389648438,156.6999969482422,42.79999923706055,153.89999389648438,23.49664306640625,1.208317756652832,1.7658249139785767,1.873201608657837,0.8919268250465393,0.8510792851448059,8.958120346069336
147.10000610351562,142.89999389648438,149.89999389648438,177.5,169.0,173.3000030517578,171.0,174.10000610351562,167.8000030517578,172.1999969482422,15.600000381469727,176.60000610351562,158.3000030517578,42.599998474121094,153.5,23.363374710083008,1.2181226015090942,1.7717816829681396,1.8779165744781494,0.8961916565895081,0.86606365442276,8.57699203491211
148.39999389648438,141.8000030517578,150.6999969482422,178.8000030517578,168.1999969482422,173.5,172.10000610351562,172.6999969482422,167.5,170.6999969482422,18.0,174.10000610351562,158.0,42.0,153.3000030517578,23.516382217407227,1.2113357782363892,1.7653814554214478,1.871067762374878,0.8934938907623291,0.8638880848884583,7.708073139190674
147.5,144.10000610351562,151.1999969482422,177.3000030517578,170.10000610351562,174.60000610351562,171.8000030517578,173.8000030517578,167.39999389648438,172.0,17.100000381469727,175.10000610351562,155.10000610351562,44.400001525878906,153.89999389648438,23.0135498046875,1.2178740501403809,1.7660353183746338,1.8811771869659424,0.8873897790908813,0.8408748507499695,6.99677038192749
148.60000610351562,141.10000610351562,151.1999969482422,177.89999389648438,167.89999389648438,173.8000030517578,172.0,171.3000030517578,167.60000610351562,176.0,13.899999618530273,172.0,158.6999969482422,42.099998474121094,151.39999389648438,22.75275421142578,1.1959762573242188,1.7561771869659424,1.8553980588912964,0.8686138987541199,0.8530071973800659,9.332785606384277
147.6999969482422,139.39999389648438,152.89999389648438,177.8000030517578,166.1999969482422,173.0,170.39999389648438,170.10000610351562,168.6999969482422,179.6999969482422,10.800000190734863,171.10000610351562,163.10000610351562,39.79999923706055,152.8000030517578,21.723377227783203,1.1775822639465332,1.7607489824295044,1.856346607208252,0.8956859111785889,0.8542922735214233,8.255303382873535
149.60000610351562,139.89999389648438,149.6999969482422,176.39999389648438,166.60000610351562,172.0,169.1999969482422,171.0,166.60000610351562,178.5,11.600000381469727,173.89999389648438,162.0,47.29999923706055,150.1999969482422,24.358373641967773,1.1877455711364746,1.7434943914413452,1.8256174325942993,0.9235197901725769,0.8550243377685547,7.59694766998291
148.5,139.60000610351562,151.10000610351562,176.5,168.89999389648438,178.8000030517578,170.3000030517578,170.0,170.3000030517578,176.8000030517578,14.100000381469727,170.8000030517578,161.8000030517578,47.29999923706055,148.0,21.044158935546875,1.1592731475830078,1.7232253551483154,1.803749918937683,0.8672157526016235,0.8250398635864258,6.520686149597168
148.89999389648438,143.0,149.10000610351562,176.8000030517578,168.3000030517578,174.1999969482422,169.3000030517578,170.39999389648438,165.89999389648438,168.10000610351562,22.799999237060547,173.10000610351562,158.6999969482422,44.400001525878906,148.6999969482422,23.70374298095703,1.2237557172775269,1.766474962234497,1.8627251386642456,0.9251446723937988,0.8917043805122375,12.782940864562988
147.8000030517578,140.5,151.3000030517578,177.10000610351562,169.0,173.3000030517578,169.3000030517578,170.10000610351562,165.89999389648438,174.60000610351562,14.800000190734863,175.8000030517578,161.8000030517578,40.099998474121094,154.5,26.246828079223633,1.240744948387146,1.766701102256775,1.8735061883926392,0.9399752616882324,0.9070395231246948,7.114782333374023
149.5,139.10000610351562,149.60000610351562,179.10000610351562,166.3000030517578,173.89999389648438,169.8000030517578,170.0,167.5,173.1999969482422,13.300000190734863,179.0,155.8000030517578,40.900001525878906,160.6999969482422,27.46701431274414,1.2357209920883179,1.780039668083191,1.8792473077774048,0.9386520981788635,0.8635541200637817,4.245697021484375
150.10000610351562,135.10000610351562,147.1999969482422,178.8000030517578,164.1999969482422,166.6999969482422,168.89999389648438,168.8000030517578,165.6999969482422,175.10000610351562,11.800000190734863,179.60000610351562,161.0,34.79999923706055,157.10000610351562,27.099811553955078,1.2274978160858154,1.7839064598083496,1.8990061283111572,0.9149937629699707,0.8598215579986572,6.401372909545898
151.10000610351562,130.1999969482422,146.3000030517578,179.6999969482422,163.6999969482422,167.10000610351562,169.5,166.8000030517578,167.0,176.89999389648438,8.199999809265137,176.39999389648438,156.60000610351562,41.900001525878906,155.0,27.86766815185547,1.212578535079956,1.7857635021209717,1.8820937871932983,0.9060242772102356,0.8498842716217041,8.27682876586914
149.89999389648438,132.39999389648438,149.5,179.0,164.89999389648438,167.5,170.39999389648438,168.39999389648438,168.39999389648438,176.39999389648438,8.300000190734863,176.3000030517578,159.5,38.79999923706055,159.8000030517578,25.949424743652344,1.2323111295700073,1.7824218273162842,1.900886058807373,0.8965751528739929,0.8447757363319397,5.525205135345459
149.1999969482422,136.0,149.3000030517578,179.39999389648438,163.1999969482422,170.6999969482422,169.10000610351562,168.6999969482422,166.3000030517578,177.39999389648438,10.600000381469727,178.60000610351562,157.6999969482422,41.79999923706055,160.10000610351562,28.836759567260742,1.241641640663147,1.777527928352356,1.8848154544830322,0.9332749247550964,0.878333330154419,8.130093574523926
149.10000610351562,140.8000030517578,148.60000610351562,175.60000610351562,168.8000030517578,175.8000030517578,169.89999389648438,174.3000030517578,174.1999969482422,173.39999389648438,22.700000762939453,165.1999969482422,158.5,48.599998474121094,147.6999969482422,18.148452758789062,1.1578150987625122,1.7489851713180542,1.8374568223953247,0.8312029242515564,0.8073920607566833,6.685296058654785
149.1999969482422,142.3000030517578,144.8000030517578,174.6999969482422,170.10000610351562,178.3000030517578,169.5,173.0,170.89999389648438,173.1999969482422,22.399999618530273,167.39999389648438,159.89999389648438,48.70000076293945,147.0,15.700728416442871,1.1259872913360596,1.6977901458740234,1.7830157279968262,0.8001502156257629,0.7876375913619995,9.452985763549805
149.89999389648438,143.0,147.3000030517578,175.3000030517578,169.39999389648438,178.39999389648438,171.0,172.10000610351562,173.60000610351562,174.3000030517578,18.399999618530273,165.89999389648438,162.10000610351562,49.599998474121094,138.39999389648438,17.74237823486328,1.122450828552246,1.6977849006652832,1.7839800119400024,0.7913938164710999,0.7859034538269043,9.34627628326416
151.10000610351562,142.0,149.0,177.39999389648438,168.3000030517578,179.5,172.5,171.6999969482422,175.8000030517578,173.1999969482422,21.700000762939453,163.8000030517578,158.39999389648438,55.400001525878906,138.3000030517578,15.757587432861328,1.104871153831482,1.6739500761032104,1.7704637050628662,0.7588423490524292,0.7599716186523438,9.460391998291016
152.1999969482422,142.6999969482422,147.0,174.0,174.60000610351562,171.5,172.8000030517578,167.6999969482422,177.1999969482422,172.8000030517578,18.600000381469727,170.39999389648438,157.89999389648438,59.099998474121094,135.89999389648438,17.655895233154297,1.0784140825271606,1.6461189985275269,1.6944507360458374,0.756878674030304,0.7478941679000854,6.696100234985352
151.0,144.1999969482422,143.60000610351562,174.5,171.89999389648438,175.0,173.3000030517578,170.10000610351562,179.39999389648438,169.3000030517578,25.700000762939453,166.10000610351562,157.10000610351562,70.0,126.0,15.044108390808105,1.0387277603149414,1.6214661598205566,1.6625146865844727,0.7382617592811584,0.7593000531196594,8.830196380615234
151.39999389648438,143.5,141.3000030517578,174.0,172.60000610351562,175.0,172.8000030517578,171.60000610351562,179.3000030517578,169.0,26.600000381469727,164.60000610351562,155.89999389648438,67.19999694824219,127.5999984741211,13.222092628479004,1.0221232175827026,1.6111443042755127,1.65031898021698,0.7399988770484924,0.741237998008728,7.759588718414307
150.60000610351562,144.0,140.6999969482422,173.10000610351562,172.8000030517578,175.10000610351562,172.0,171.8000030517578,177.5,172.10000610351562,23.700000762939453,165.5,156.6999969482422,69.5,123.80000305175781,12.0177583694458,1.0160924196243286,1.5883044004440308,1.6311366558074951,0.7609675526618958,0.745478630065918,6.82101583480835
151.8000030517578,143.3000030517578,138.10000610351562,173.0,173.10000610351562,175.8000030517578,172.6999969482422,171.5,178.3000030517578,171.60000610351562,24.799999237060547,164.6999969482422,157.60000610351562,73.0999984741211,120.9000015258789,13.54431438446045,1.017133116722107,1.6147650480270386,1.6539257764816284,0.770991861820221,0.7626385688781738,8.047653198242188
150.3000030517578,144.5,141.8000030517578,173.60000610351562,172.60000610351562,175.0,171.3000030517578,171.5,175.3000030517578,173.89999389648438,20.5,167.1999969482422,158.60000610351562,65.4000015258789,127.0,13.863641738891602,1.0415172576904297,1.6171551942825317,1.6613448858261108,0.7862659096717834,0.7547077536582947,6.217899799346924
150.39999389648438,144.0,139.8000030517578,173.3000030517578,173.3000030517578,174.6999969482422,172.5,170.8000030517578,176.1999969482422,171.5,22.5,167.6999969482422,157.10000610351562,66.0999984741211,128.0,13.560660362243652,1.0250002145767212,1.6183984279632568,1.6635867357254028,0.7780671715736389,0.7503123879432678,7.3097944259643555
149.10000610351562,144.89999389648438,147.0,174.39999389648438,174.8000030517578,172.89999389648438,173.89999389648438,169.3000030517578,177.0,171.39999389648438,19.0,168.89999389648438,154.60000610351562,53.099998474121094,140.3000030517578,19.084732055664062,1.087546706199646,1.6771501302719116,1.7548834085464478,0.7310857772827148,0.7456746101379395,9.445428848266602
148.8000030517578,146.6999969482422,147.39999389648438,176.10000610351562,175.89999389648438,172.60000610351562,173.89999389648438,171.39999389648438,176.10000610351562,166.1999969482422,23.200000762939453,172.0,149.89999389648438,55.79999923706055,139.0,18.9278621673584,1.1270792484283447,1.6832622289657593,1.7776998281478882,0.7654094099998474,0.7591856122016907,9.209821701049805
151.5,145.6999969482422,145.10000610351562,179.89999389648438,171.0,177.60000610351562,175.60000610351562,173.6999969482422,172.5,161.1999969482422,33.099998474121094,167.60000610351562,150.39999389648438,62.099998474121094,137.10000610351562,17.668088912963867,1.1561881303787231,1.7240538597106934,1.8461384773254395,0.8331042528152466,0.812797486782074,8.856622695922852
153.39999389648438,148.5,144.3000030517578,177.10000610351562,169.1999969482422,179.3000030517578,178.89999389648438,173.0,175.10000610351562,149.8000030517578,49.599998474121094,163.3000030517578,138.39999389648438,73.5,136.10000610351562,18.29067039489746,1.1876883506774902,1.7406361103057861,1.8917726278305054,0.8410395383834839,0.81016606092453,11.147745132446289
155.89999389648438,149.3000030517578,143.8000030517578,175.8000030517578,169.60000610351562,178.8000030517578,179.6999969482422,172.39999389648438,174.8000030517578,143.60000610351562,58.20000076293945,159.60000610351562,134.5,78.0999984741211,133.3000030517578,17.28477668762207,1.1647891998291016,1.7365339994430542,1.8977731466293335,0.8334904909133911,0.8038653135299683,10.38227367401123
158.39999389648438,147.39999389648438,148.6999969482422,175.60000610351562,170.89999389648438,179.1999969482422,179.1999969482422,171.39999389648438,174.5,137.8000030517578,64.0,158.1999969482422,130.10000610351562,79.9000015258789,136.39999389648438,17.86162757873535,1.1836967468261719,1.751874566078186,1.9166535139083862,0.8383051156997681,0.7954596877098083,9.204955101013184
154.1999969482422,147.89999389648438,147.0,179.3000030517578,170.0,175.39999389648438,178.10000610351562,171.10000610351562,170.8000030517578,151.3000030517578,50.20000076293945,162.0,137.3000030517578,72.5999984741211,142.5,20.918601989746094,1.19697904586792,1.762453317642212,1.907433271408081,0.8851426243782043,0.8277093768119812,9.063630104064941
151.10000610351562,148.0,145.60000610351562,179.6999969482422,167.6999969482422,170.10000610351562,174.39999389648438,173.1999969482422,168.3000030517578,157.89999389648438,39.099998474121094,171.5,145.39999389648438,63.599998474121094,145.3000030517578,21.23632049560547,1.2003892660140991,1.7256790399551392,1.8455485105514526,0.8973619341850281,0.8487838506698608,7.236575126647949
150.10000610351562,146.6999969482422,146.6999969482422,178.3000030517578,167.5,171.5,173.39999389648438,172.10000610351562,168.1999969482422,165.1999969482422,28.100000381469727,177.0,152.5,56.099998474121094,154.1999969482422,24.191131591796875,1.2056148052215576,1.7562953233718872,1.8680232763290405,0.8975042104721069,0.8563933968544006,9.513066291809082
147.10000610351562,146.0,149.1999969482422,177.3000030517578,168.89999389648438,173.60000610351562,171.39999389648438,173.0,167.39999389648438,173.3000030517578,18.100000381469727,175.39999389648438,160.5,45.29999923706055,149.39999389648438,22.932323455810547,1.2253707647323608,1.762465000152588,1.8739886283874512,0.9220967292785645,0.8648244738578796,8.286553382873535
144.89999389648438,144.8000030517578,153.6999969482422,176.89999389648438,167.0,173.5,170.8000030517578,173.1999969482422,167.8000030517578,177.39999389648438,13.199999809265137,177.10000610351562,160.60000610351562,45.79999923706055,149.89999389648438,21.050443649291992,1.2024683952331543,1.7463282346725464,1.8470485210418701,0.8884519338607788,0.8220893144607544,5.558620929718018
144.5,143.39999389648438,154.10000610351562,175.8000030517578,169.8000030517578,178.0,170.3000030517578,174.0,169.89999389648438,174.0,4.400000095367432,176.8000030517578,163.39999389648438,38.400001525878906,151.89999389648438,22.12712287902832,1.1935523748397827,1.7389053106307983,1.8465393781661987,0.8831794857978821,0.8227551579475403,9.229711532592773
145.6999969482422,140.8000030517578,154.0,174.5,167.39999389648438,173.0,169.60000610351562,173.10000610351562,172.0,169.5,1.0,175.39999389648438,170.89999389648438,32.20000076293945,160.1999969482422,20.634668350219727,1.1882522106170654,1.755369782447815,1.8511286973953247,0.9007019996643066,0.8300615549087524,4.725465297698975
144.89999389648438,140.0,155.8000030517578,174.1999969482422,163.0,171.3000030517578,168.8000030517578,169.60000610351562,169.1999969482422,161.8000030517578,7.199999809265137,177.1999969482422,178.5,22.0,167.0,25.00349235534668,1.190459966659546,1.7421875,1.8323222398757935,0.909237802028656,0.8439190983772278,4.321422100067139
143.1999969482422,141.10000610351562,155.8000030517578,172.60000610351562,165.60000610351562,175.10000610351562,168.60000610351562,170.89999389648438,169.8000030517578,162.10000610351562,6.5,176.5,177.3000030517578,25.399999618530273,162.10000610351562,23.97319793701172,1.1837910413742065,1.7427160739898682,1.8339720964431763,0.9196763634681702,0.8478356599807739,3.5342721939086914
143.5,141.8000030517578,155.89999389648438,172.60000610351562,166.10000610351562,177.0,168.60000610351562,170.3000030517578,170.8000030517578,159.5,14.5,177.8000030517578,178.89999389648438,21.0,163.10000610351562,24.60570526123047,1.1702241897583008,1.7466009855270386,1.8306262493133545,0.9028612971305847,0.8590693473815918,4.29919958114624
141.5,143.60000610351562,156.89999389648438,171.89999389648438,167.10000610351562,175.8000030517578,169.3000030517578,170.1999969482422,169.5,161.8000030517578,9.600000381469727,178.39999389648438,177.10000610351562,22.600000381469727,163.39999389648438,25.664709091186523,1.1811630725860596,1.7417060136795044,1.8360176086425781,0.9311560988426208,0.8454685211181641,4.211051940917969
143.5,142.10000610351562,154.8000030517578,171.1999969482422,167.39999389648438,174.5,168.5,170.6999969482422,172.0,159.60000610351562,15.0,178.3000030517578,179.5,17.299999237060547,165.1999969482422,24.213727951049805,1.1690315008163452,1.739505648612976,1.8319711685180664,0.9153310656547546,0.8518379330635071,3.7984020709991455
144.60000610351562,140.89999389648438,155.0,171.0,165.89999389648438,173.1999969482422,167.39999389648438,171.5,169.60000610351562,157.39999389648438,14.5,178.0,177.89999389648438,17.200000762939453,167.1999969482422,24.723596572875977,1.1708905696868896,1.7405526638031006,1.8323924541473389,0.904987633228302,0.8445107936859131,4.345926761627197
142.3000030517578,143.10000610351562,156.10000610351562,170.6999969482422,169.1999969482422,178.3000030517578,168.60000610351562,169.8000030517578,169.5,158.60000610351562,15.699999809265137,179.1999969482422,178.8000030517578,16.700000762939453,167.0,24.668010711669922,1.18216073513031,1.7433083057403564,1.8462673425674438,0.917891263961792,0.8533329963684082,3.8025057315826416
144.10000610351562,141.89999389648438,156.1999969482422,172.8000030517578,166.5,176.6999969482422,168.60000610351562,171.1999969482422,170.89999389648438,160.1999969482422,11.899999618530273,177.89999389648438,177.89999389648438,18.100000381469727,165.8000030517578,21.518903732299805,1.1790685653686523,1.7297422885894775,1.833084225654602,0.9159215688705444,0.863017201423645,3.4670655727386475
144.0,141.89999389648438,156.10000610351562,171.1999969482422,167.60000610351562,175.8000030517578,170.39999389648438,168.39999389648438,168.60000610351562,160.3000030517578,13.199999809265137,178.10000610351562,178.89999389648438,18.600000381469727,164.6999969482422,23.98137664794922,1.174047827720642,1.737723708152771,1.8414032459259033,0.9249041676521301,0.8737345337867737,4.669447898864746
143.89999389648438,141.8000030517578,154.60000610351562,172.6999969482422,164.89999389648438,174.8000030517578,168.89999389648438,171.5,170.8000030517578,163.39999389648438,7.199999809265137,174.60000610351562,179.5,23.0,160.8000030517578,22.05877113342285,1.1647447347640991,1.7332457304000854,1.8300844430923462,0.9040478467941284,0.8651174306869507,5.869663715362549
146.0,141.60000610351562,154.60000610351562,172.3000030517578,166.0,175.0,169.39999389648438,169.8000030517578,169.10000610351562,163.5,7.5,175.10000610351562,179.8000030517578,21.399999618530273,160.60000610351562,22.627517700195312,1.1665419340133667,1.739740252494812,1.8305178880691528,0.8907455205917358,0.8604778051376343,6.33362340927124
143.3000030517578,141.0,156.39999389648438,171.6999969482422,166.6999969482422,176.89999389648438,168.89999389648438,170.3000030517578,171.3000030517578,162.6999969482422,8.399999618530273,175.10000610351562,178.89999389648438,23.700000762939453,163.0,23.44441032409668,1.173216700553894,1.7373714447021484,1.8320478200912476,0.9199267029762268,0.8804804086685181,6.116581916809082
145.3000030517578,142.8000030517578,153.60000610351562,172.8000030517578,165.89999389648438,175.5,168.10000610351562,171.10000610351562,169.0,163.1999969482422,7.199999809265137,176.10000610351562,179.60000610351562,21.5,162.1999969482422,22.037866592407227,1.196337342262268,1.7432878017425537,1.8395408391952515,0.9060760736465454,0.8701803684234619,7.239517688751221
144.1999969482422,144.60000610351562,154.39999389648438,174.89999389648438,167.8000030517578,176.10000610351562,171.1999969482422,171.8000030517578,172.8000030517578,172.89999389648438,1.0,178.0,170.10000610351562,37.099998474121094,154.60000610351562,22.02924346923828,1.2144107818603516,1.7326093912124634,1.8323287963867188,0.9184357523918152,0.8903588652610779,10.513734817504883
143.5,143.6999969482422,156.60000610351562,175.8000030517578,166.89999389648438,175.1999969482422,171.3000030517578,172.1999969482422,171.60000610351562,172.8000030517578,2.4000000953674316,174.60000610351562,171.3000030517578,36.5,151.6999969482422,19.799949645996094,1.2092806100845337,1.7193139791488647,1.8243813514709473,0.8902969360351562,0.8754945993423462,9.00734806060791
144.10000610351562,143.39999389648438,154.39999389648438,175.10000610351562,170.6999969482422,178.1999969482422,171.89999389648438,172.10000610351562,169.89999389648438,176.10000610351562,5.5,174.6999969482422,169.10000610351562,36.20000076293945,151.6999969482422,20.514537811279297,1.2149606943130493,1.7327806949615479,1.8399975299835205,0.9094336628913879,0.8610564470291138,7.247775554656982
144.6999969482422,142.5,154.3000030517578,174.8000030517578,171.0,179.0,171.39999389648438,172.8000030517578,172.10000610351562,174.8000030517578,6.0,172.39999389648438,165.0,37.599998474121094,153.5,20.12374496459961,1.1935135126113892,1.7170673608779907,1.8260525465011597,0.8838086724281311,0.8260528445243835,6.804404258728027
145.0,143.10000610351562,154.60000610351562,175.10000610351562,170.60000610351562,179.89999389648438,170.60000610351562,173.5,169.60000610351562,175.5,4.900000095367432,175.3000030517578,165.1999969482422,38.5,150.39999389648438,21.656997680664062,1.2010388374328613,1.73853600025177,1.8452272415161133,0.8903307318687439,0.8404697775840759,7.500650405883789
144.1999969482422,144.10000610351562,153.39999389648438,175.10000610351562,170.5,178.60000610351562,171.0,173.0,168.89999389648438,176.5,7.900000095367432,175.3000030517578,165.39999389648438,39.70000076293945,150.0,20.206785202026367,1.2078279256820679,1.7232906818389893,1.8301507234573364,0.9058625102043152,0.8556293845176697,6.839898586273193
145.0,143.39999389648438,152.89999389648438,175.60000610351562,170.0,178.0,171.1999969482422,174.5,172.0,178.0,10.5,172.0,163.60000610351562,41.29999923706055,151.1999969482422,19.785236358642578,1.2093521356582642,1.7313109636306763,1.8394060134887695,0.906751275062561,0.8461074829101562,5.835002899169922
144.0,144.3000030517578,151.6999969482422,174.39999389648438,170.89999389648438,178.6999969482422,171.0,172.1999969482422,169.10000610351562,177.60000610351562,9.199999809265137,174.39999389648438,163.0,43.20000076293945,146.5,20.102327346801758,1.1989833116531372,1.717667579650879,1.8256044387817383,0.8913592100143433,0.8522277474403381,8.899757385253906
145.10000610351562,143.89999389648438,152.5,176.3000030517578,168.60000610351562,178.6999969482422,170.6999969482422,173.60000610351562,170.39999389648438,175.10000610351562,6.699999809265137,176.6999969482422,164.89999389648438,41.5,149.0,20.448152542114258,1.2022168636322021,1.7276345491409302,1.841613531112671,0.891914427280426,0.8557888269424438,9.176229476928711
145.39999389648438,143.1999969482422,152.39999389648438,176.6999969482422,168.6999969482422,178.10000610351562,171.6999969482422,173.10000610351562,171.0,178.89999389648438,11.800000190734863,173.89999389648438,164.10000610351562,41.70000076293945,153.8000030517578,18.839445114135742,1.1999133825302124,1.7314589023590088,1.8481892347335815,0.9007409811019897,0.8511906862258911,4.878843307495117
145.60000610351562,144.3000030517578,152.60000610351562,177.39999389648438,169.0,178.39999389648438,172.39999389648438,173.89999389648438,171.8000030517578,178.0,9.600000381469727,173.8000030517578,160.89999389648438,43.400001525878906,150.1999969482422,20.894359588623047,1.2100270986557007,1.7361576557159424,1.8570388555526733,0.8755332231521606,0.8416760563850403,8.722983360290527
144.89999389648438,146.0,151.1999969482422,176.1999969482422,170.8000030517578,179.8000030517578,172.5,173.5,172.0,178.60000610351562,11.699999809265137,175.8000030517578,158.6999969482422,47.400001525878906,147.8000030517578,21.37986183166504,1.2072471380233765,1.7284070253372192,1.8473608493804932,0.8841200470924377,0.8425908088684082,8.652141571044922
145.3000030517578,145.10000610351562,150.89999389648438,177.0,169.5,177.89999389648438,172.5,174.6999969482422,171.60000610351562,179.89999389648438,11.800000190734863,175.60000610351562,159.39999389648438,47.5,148.5,20.165422439575195,1.2127875089645386,1.7309881448745728,1.8513412475585938,0.8972124457359314,0.8632265329360962,9.15300464630127
145.60000610351562,144.39999389648438,150.3000030517578,177.10000610351562,168.3000030517578,173.8000030517578,171.6999969482422,174.6999969482422,169.89999389648438,175.1999969482422,17.200000762939453,173.0,159.0,46.20000076293945,149.39999389648438,21.48204803466797,1.2152783870697021,1.7593824863433838,1.8765850067138672,0.9012759327888489,0.8519497513771057,7.808402061462402
147.39999389648438,147.39999389648438,146.39999389648438,178.89999389648438,168.1999969482422,175.5,173.3000030517578,175.8000030517578,172.89999389648438,170.3000030517578,20.799999237060547,176.1999969482422,156.0,50.0,148.6999969482422,20.53807830810547,1.2195730209350586,1.7607638835906982,1.8881338834762573,0.9023796319961548,0.8721476793289185,9.211289405822754
147.3000030517578,147.10000610351562,144.8000030517578,177.89999389648438,168.10000610351562,174.5,172.60000610351562,175.0,171.6999969482422,169.5,20.899999618530273,175.5,157.10000610351562,47.400001525878906,146.1999969482422,22.153322219848633,1.222904920578003,1.7844703197479248,1.9161531925201416,0.90623939037323,0.8779605031013489,10.942387580871582
146.1999969482422,146.6999969482422,146.10000610351562,177.3000030517578,168.1999969482422,171.89999389648438,172.39999389648438,173.1999969482422,169.0,174.8000030517578,16.700000762939453,177.8000030517578,159.39999389648438,45.5,150.0,22.36326789855957,1.2288051843643188,1.7633285522460938,1.895046591758728,0.9261795878410339,0.8882165551185608,9.95740032196045
147.1999969482422,145.6999969482422,145.39999389648438,177.1999969482422,169.0,173.6999969482422,170.89999389648438,172.0,167.10000610351562,175.39999389648438,15.100000381469727,177.5,162.8000030517578,42.099998474121094,148.8000030517578,21.920324325561523,1.2193235158920288,1.7686033248901367,1.8886523246765137,0.9059901237487793,0.890536367893219,13.058618545532227
146.3000030517578,145.5,145.39999389648438,176.8000030517578,170.6999969482422,175.89999389648438,170.39999389648438,172.39999389648438,168.5,176.60000610351562,12.300000190734863,179.3000030517578,167.1999969482422,39.599998474121094,147.3000030517578,20.9692325592041,1.2185256481170654,1.7773717641830444,1.8975800275802612,0.8878787755966187,0.8838816285133362,11.423792839050293
144.39999389648438,146.60000610351562,146.89999389648438,176.8000030517578,169.3000030517578,173.60000610351562,170.89999389648438,170.3000030517578,167.0,179.6999969482422,8.300000190734863,178.5,165.3000030517578,40.20000076293945,150.10000610351562,22.694984436035156,1.2334563732147217,1.7795770168304443,1.8975868225097656,0.8911773562431335,0.8682798147201538,8.88044261932373
144.1999969482422,144.6999969482422,148.8000030517578,177.10000610351562,169.1999969482422,173.6999969482422,170.8000030517578,170.1999969482422,167.0,179.8000030517578,8.699999809265137,179.39999389648438,166.39999389648438,39.70000076293945,150.5,20.285579681396484,1.2221769094467163,1.7647526264190674,1.8817756175994873,0.8802769780158997,0.8736005425453186,8.982632637023926
145.3000030517578,143.8000030517578,147.39999389648438,178.5,169.6999969482422,174.89999389648438,171.1999969482422,170.5,167.10000610351562,179.60000610351562,7.400000095367432,176.89999389648438,165.89999389648438,38.70000076293945,153.0,22.445547103881836,1.2361114025115967,1.7668160200119019,1.893189787864685,0.9005513191223145,0.8794737458229065,8.245843887329102
144.6999969482422,145.39999389648438,146.3000030517578,177.1999969482422,170.3000030517578,176.39999389648438,170.60000610351562,170.1999969482422,169.3000030517578,177.0,6.0,178.6999969482422,166.1999969482422,38.79999923706055,152.6999969482422,21.656002044677734,1.2391138076782227,1.7769572734832764,1.9015496969223022,0.8868738412857056,0.8683134913444519,7.951021194458008
146.1999969482422,143.60000610351562,145.10000610351562,177.60000610351562,168.3000030517578,173.1999969482422,170.6999969482422,169.89999389648438,169.89999389648438,176.0,6.599999904632568,179.3000030517578,165.3000030517578,39.0,154.1999969482422,19.69349479675293,1.2267476320266724,1.7698497772216797,1.8939461708068848,0.9048389792442322,0.8746309876441956,6.9490065574646
146.10000610351562,143.3000030517578,145.6999969482422,178.3000030517578,168.5,174.39999389648438,171.8000030517578,169.6999969482422,169.0,178.8000030517578,9.0,179.89999389648438,164.10000610351562,40.29999923706055,152.39999389648438,21.467214584350586,1.2219992876052856,1.7768675088882446,1.9133061170578003,0.8767421245574951,0.8601232767105103,8.371630668640137
146.1999969482422,143.10000610351562,146.3000030517578,177.0,169.89999389648438,172.1999969482422,171.5,170.0,167.10000610351562,178.5,11.300000190734863,179.5,162.3000030517578,41.900001525878906,153.10000610351562,22.218708038330078,1.224698781967163,1.7797495126724243,1.8959940671920776,0.886980414390564,0.8685479760169983,10.002569198608398
147.6999969482422,145.10000610351562,142.89999389648438,179.8000030517578,169.39999389648438,173.6999969482422,171.3000030517578,173.39999389648438,171.60000610351562,175.6999969482422,12.699999809265137,179.10000610351562,164.60000610351562,43.0,150.5,19.77613067626953,1.2212728261947632,1.772303581237793,1.8928769826889038,0.8916443586349487,0.8829264640808105,8.277069091796875
147.5,144.5,144.60000610351562,179.6999969482422,168.1999969482422,175.1999969482422,171.39999389648438,174.10000610351562,172.5,171.8000030517578,17.299999237060547,179.8000030517578,161.10000610351562,44.400001525878906,150.8000030517578,22.544843673706055,1.2305375337600708,1.792991280555725,1.9206913709640503,0.8722108602523804,0.8473349213600159,8.929450035095215
146.89999389648438,143.6999969482422,145.39999389648438,178.6999969482422,169.0,173.1999969482422,171.5,171.1999969482422,169.1999969482422,172.8000030517578,15.0,176.3000030517578,163.10000610351562,42.70000076293945,149.89999389648438,20.157588958740234,1.2206833362579346,1.7792022228240967,1.9075506925582886,0.8725877404212952,0.8690351247787476,10.925775527954102
147.5,141.89999389648438,147.89999389648438,177.39999389648438,170.6999969482422,173.5,171.8000030517578,169.1999969482422,168.6999969482422,178.39999389648438,5.800000190734863,179.5,168.6999969482422,33.0,153.60000610351562,22.33950424194336,1.2371206283569336,1.7699036598205566,1.898140788078308,0.907852292060852,0.9044619798660278,11.010231971740723
145.10000610351562,141.0,152.1999969482422,176.10000610351562,169.3000030517578,174.6999969482422,170.8000030517578,170.8000030517578,168.0,174.6999969482422,1.0,179.1999969482422,171.39999389648438,29.399999618530273,156.60000610351562,20.805089950561523,1.227126121520996,1.76974618434906,1.9012854099273682,0.8994162678718567,0.8887696266174316,9.687023162841797
143.8000030517578,143.8000030517578,152.1999969482422,175.89999389648438,169.0,173.6999969482422,170.8000030517578,171.10000610351562,167.89999389648438,175.8000030517578,12.899999618530273,177.6999969482422,162.0,39.79999923706055,151.60000610351562,21.18116569519043,1.2434759140014648,1.7747688293457031,1.8974882364273071,0.8862748742103577,0.8628747463226318,8.592778205871582
144.60000610351562,141.8000030517578,153.8000030517578,176.8000030517578,169.89999389648438,172.5,171.10000610351562,172.8000030517578,169.8000030517578,176.5,6.699999809265137,175.8000030517578,164.89999389648438,39.400001525878906,152.3000030517578,19.259807586669922,1.2268855571746826,1.757149338722229,1.8799619674682617,0.8881202936172485,0.868014395236969,7.33419942855835
145.89999389648438,143.60000610351562,148.60000610351562,176.6999969482422,169.39999389648438,171.8000030517578,172.0,170.60000610351562,166.10000610351562,178.10000610351562,12.300000190734863,178.60000610351562,160.60000610351562,45.5,147.5,22.244144439697266,1.2285027503967285,1.770362377166748,1.89836585521698,0.9127662777900696,0.8945805430412292,11.385972023010254
145.0,146.6999969482422,147.5,177.5,168.60000610351562,173.1999969482422,172.10000610351562,170.89999389648438,167.3000030517578,177.10000610351562,11.600000381469727,179.0,162.0,43.0,147.89999389648438,20.073974609375,1.2250115871429443,1.7709063291549683,1.900748610496521,0.9025803208351135,0.8763698935508728,7.741635799407959
145.39999389648438,146.0,148.3000030517578,177.5,168.89999389648438,173.3000030517578,171.6999969482422,172.6999969482422,167.0,178.10000610351562,11.300000190734863,178.6999969482422,160.0,46.70000076293945,147.60000610351562,19.14882469177246,1.2130717039108276,1.7544025182724,1.8771299123764038,0.8920773863792419,0.8657481670379639,8.808350563049316
145.6999969482422,145.39999389648438,147.6999969482422,176.89999389648438,169.60000610351562,173.6999969482422,171.6999969482422,171.89999389648438,166.3000030517578,174.6999969482422,16.600000381469727,176.0,160.8000030517578,46.099998474121094,149.0,18.195255279541016,1.2047123908996582,1.7475043535232544,1.8703691959381104,0.888006865978241,0.8710753917694092,8.840511322021484
146.10000610351562,146.6999969482422,147.6999969482422,178.10000610351562,168.1999969482422,175.10000610351562,172.5,173.5,167.3000030517578,171.1999969482422,19.200000762939453,177.3000030517578,158.5,48.900001525878906,142.89999389648438,19.786218643188477,1.2102586030960083,1.7641681432724,1.8994070291519165,0.8898422122001648,0.8679808974266052,11.223912239074707
146.1999969482422,144.89999389648438,149.89999389648438,178.39999389648438,168.39999389648438,173.89999389648438,173.8000030517578,174.39999389648438,171.3000030517578,171.60000610351562,20.0,175.1999969482422,156.8000030517578,50.900001525878906,146.8000030517578,19.270042419433594,1.1940566301345825,1.74736487865448,1.875424861907959,0.87283855676651,0.8487856984138489,9.609942436218262
146.0,142.6999969482422,150.39999389648438,177.6999969482422,168.89999389648438,175.5,172.39999389648438,174.6999969482422,169.89999389648438,175.39999389648438,16.399999618530273,174.6999969482422,158.10000610351562,50.0,145.8000030517578,17.51536750793457,1.1718629598617554,1.7309116125106812,1.8584961891174316,0.8518913984298706,0.8235071897506714,9.436421394348145
146.60000610351562,144.3000030517578,149.5,178.39999389648438,168.1999969482422,176.1999969482422,172.6999969482422,175.0,170.5,173.8000030517578,18.399999618530273,173.8000030517578,156.39999389648438,50.900001525878906,144.10000610351562,18.213274002075195,1.1779190301895142,1.7173866033554077,1.842124104499817,0.8501202464103699,0.8275236487388611,10.672619819641113
146.3000030517578,144.0,147.8000030517578,177.60000610351562,168.5,175.5,173.39999389648438,175.1999969482422,172.10000610351562,173.39999389648438,18.799999237060547,172.89999389648438,157.6999969482422,52.099998474121094,145.39999389648438,17.61029815673828,1.1580888032913208,1.7265374660491943,1.8516558408737183,0.8377001285552979,0.8231839537620544,10.397017478942871
146.60000610351562,143.3000030517578,149.39999389648438,178.1999969482422,168.60000610351562,176.60000610351562,172.8000030517578,174.8000030517578,169.60000610351562,174.10000610351562,16.899999618530273,174.6999969482422,159.10000610351562,51.20000076293945,144.3000030517578,18.060678482055664,1.1703455448150635,1.7193690538406372,1.8394722938537598,0.8532196283340454,0.8323139548301697,9.628350257873535
146.6999969482422,144.60000610351562,146.8000030517578,177.89999389648438,169.3000030517578,176.8000030517578,173.10000610351562,174.89999389648438,171.1999969482422,174.0,17.700000762939453,173.89999389648438,158.8000030517578,52.5,143.39999389648438,14.908416748046875,1.153144359588623,1.7116326093673706,1.8358219861984253,0.8504193425178528,0.8229468464851379,9.210518836975098
146.0,144.10000610351562,147.39999389648438,178.1999969482422,168.1999969482422,176.0,173.39999389648438,174.1999969482422,170.39999389648438,174.60000610351562,16.899999618530273,173.1999969482422,160.0,52.400001525878906,142.1999969482422,16.55331802368164,1.1493146419525146,1.7074438333511353,1.8246086835861206,0.8393827080726624,0.8210341930389404,8.952129364013672
146.39999389648438,144.5,146.60000610351562,178.5,168.0,176.8000030517578,173.89999389648438,174.10000610351562,172.3000030517578,171.1999969482422,20.399999618530273,171.1999969482422,155.1999969482422,57.0,138.39999389648438,16.19924545288086,1.1193674802780151,1.6994236707687378,1.8026865720748901,0.7921125888824463,0.7833245992660522,11.286327362060547
147.3000030517578,144.60000610351562,147.3000030517578,178.0,168.0,178.1999969482422,173.3000030517578,172.0,169.10000610351562,174.0,17.399999618530273,174.10000610351562,160.89999389648438,53.79999923706055,141.0,17.073238372802734,1.1413103342056274,1.706647515296936,1.8153609037399292,0.8357550501823425,0.814716637134552,9.239886283874512
146.10000610351562,143.89999389648438,149.39999389648438,178.0,167.39999389648438,175.6999969482422,172.8000030517578,174.1999969482422,171.6999969482422,174.39999389648438,17.399999618530273,170.39999389648438,161.0,50.79999923706055,141.8000030517578,15.115211486816406,1.1412039995193481,1.7048053741455078,1.8214184045791626,0.8326351642608643,0.8039341568946838,7.931585788726807
146.3000030517578,143.6999969482422,149.0,176.89999389648438,168.3000030517578,175.8000030517578,172.5,174.1999969482422,171.0,175.0,16.600000381469727,171.1999969482422,160.6999969482422,50.900001525878906,142.60000610351562,16.64181900024414,1.1549952030181885,1.7049115896224976,1.8097730875015259,0.8488410115242004,0.8135017156600952,6.806638240814209
145.8000030517578,145.3000030517578,147.3000030517578,177.39999389648438,168.89999389648438,177.89999389648438,172.5,173.60000610351562,169.0,174.39999389648438,16.399999618530273,174.60000610351562,159.3000030517578,51.5,144.10000610351562,17.032421112060547,1.1378315687179565,1.692493200302124,1.7916152477264404,0.8257148861885071,0.8020021915435791,8.904157638549805
145.5,145.0,149.8000030517578,177.6999969482422,167.3000030517578,174.89999389648438,172.0,175.39999389648438,169.8000030517578,174.1999969482422,17.899999618530273,169.8000030517578,160.0,50.099998474121094,141.39999389648438,16.406579971313477,1.1510683298110962,1.7058645486831665,1.8097600936889648,0.8413726687431335,0.8153791427612305,7.6984405517578125
144.8000030517578,145.6999969482422,149.8000030517578,175.10000610351562,169.8000030517578,177.3000030517578,171.5,173.8000030517578,169.8000030517578,174.6999969482422,15.199999809265137,172.8000030517578,159.8000030517578,47.79999923706055,141.89999389648438,18.71478843688965,1.1620726585388184,1.7058331966400146,1.807469129562378,0.8254098296165466,0.8153361678123474,10.861690521240234
145.10000610351562,142.39999389648438,152.60000610351562,175.5,167.39999389648438,174.3000030517578,171.1999969482422,174.60000610351562,170.10000610351562,179.5,10.699999809265137,172.8000030517578,163.0,44.20000076293945,144.60000610351562,17.995180130004883,1.155651569366455,1.7061601877212524,1.8146958351135254,0.8614980578422546,0.8079230785369873,7.604847431182861
143.60000610351562,141.6999969482422,154.6999969482422,175.10000610351562,168.39999389648438,176.60000610351562,170.39999389648438,173.1999969482422,171.39999389648438,171.8000030517578,3.700000047683716,174.89999389648438,166.3000030517578,36.900001525878906,151.89999389648438,19.95839500427246,1.191113829612732,1.713733434677124,1.8228269815444946,0.9054833650588989,0.8180875182151794,6.1775221824646
144.8000030517578,142.10000610351562,153.39999389648438,175.0,167.3000030517578,176.60000610351562,170.8000030517578,172.0,169.6999969482422,172.89999389648438,2.5,175.5,170.5,31.5,155.89999389648438,19.03713607788086,1.1965487003326416,1.7316455841064453,1.8379454612731934,0.8985967636108398,0.842043399810791,6.9698710441589355
143.1999969482422,141.89999389648438,154.8000030517578,175.8000030517578,166.6999969482422,177.39999389648438,170.39999389648438,173.60000610351562,171.5,168.60000610351562,2.799999952316284,179.3000030517578,172.60000610351562,28.200000762939453,159.39999389648438,21.837121963500977,1.2126842737197876,1.7390974760055542,1.8531426191329956,0.9081360101699829,0.829791247844696,4.766655445098877
142.5,142.89999389648438,155.6999969482422,175.5,165.5,177.6999969482422,170.5,171.6999969482422,172.5,168.6999969482422,3.5999999046325684,178.3000030517578,175.60000610351562,30.0,155.89999389648438,21.719449996948242,1.2077150344848633,1.7387808561325073,1.8437057733535767,0.9068413376808167,0.8563278317451477,6.723900318145752
142.60000610351562,141.8000030517578,157.10000610351562,174.89999389648438,164.60000610351562,178.3000030517578,170.39999389648438,171.1999969482422,174.1999969482422,160.1999969482422,11.5,177.0,179.89999389648438,17.5,166.8000030517578,23.101659774780273,1.2138673067092896,1.7420300245285034,1.8441928625106812,0.8905633091926575,0.8377291560173035,3.7133376598358154
141.89999389648438,142.5,157.3000030517578,174.10000610351562,165.10000610351562,177.89999389648438,170.8000030517578,169.10000610351562,172.39999389648438,160.89999389648438,11.5,179.1999969482422,179.0,17.0,167.5,23.524595260620117,1.2076623439788818,1.748041033744812,1.8377649784088135,0.8993104696273804,0.8488378524780273,3.6222498416900635
143.6999969482422,142.5,154.8000030517578,174.3000030517578,166.3000030517578,178.5,169.8000030517578,170.8000030517578,171.0,161.8000030517578,11.800000190734863,179.6999969482422,179.6999969482422,15.399999618530273,168.39999389648438,22.320524215698242,1.2370803356170654,1.7595031261444092,1.8601741790771484,0.9186235070228577,0.8671025037765503,4.973053455352783
143.8000030517578,142.1999969482422,155.0,175.10000610351562,166.89999389648438,177.5,170.60000610351562,172.89999389648438,171.6999969482422,165.3000030517578,7.800000190734863,179.8000030517578,176.5,20.200000762939453,165.3000030517578,21.4826717376709,1.2373416423797607,1.7608081102371216,1.8712598085403442,0.9192665219306946,0.863080620765686,4.319225311279297
142.60000610351562,142.1999969482422,157.0,174.60000610351562,168.10000610351562,178.3000030517578,169.8000030517578,171.39999389648438,171.0,163.39999389648438,9.699999809265137,178.8000030517578,176.39999389648438,17.700000762939453,170.89999389648438,23.23067283630371,1.2345017194747925,1.760346531867981,1.8800699710845947,0.9330093264579773,0.8644413948059082,3.9170756340026855
143.1999969482422,142.3000030517578,155.6999969482422,173.89999389648438,169.6999969482422,178.8000030517578,169.8000030517578,170.6999969482422,169.3000030517578,161.89999389648438,13.600000381469727,175.1999969482422,179.6999969482422,16.399999618530273,168.1999969482422,24.705604553222656,1.251095175743103,1.7663756608963013,1.8835173845291138,0.9511228799819946,0.90055912733078,5.145334243774414
142.60000610351562,143.39999389648438,155.6999969482422,174.3000030517578,167.6999969482422,175.89999389648438,170.0,170.8000030517578,170.5,160.10000610351562,13.399999618530273,178.10000610351562,177.6999969482422,16.200000762939453,171.1999969482422,23.803598403930664,1.2469818592071533,1.761765480041504,1.8803249597549438,0.9362494349479675,0.8797093033790588,4.942441940307617
142.39999389648438,143.60000610351562,154.89999389648438,172.6999969482422,166.39999389648438,177.39999389648438,169.6999969482422,168.60000610351562,169.0,155.89999389648438,19.200000762939453,176.3000030517578,178.89999389648438,11.0,171.60000610351562,21.931196212768555,1.2295608520507812,1.7672295570373535,1.8965739011764526,0.9017384648323059,0.857184648513794,6.020639419555664
141.3000030517578,145.1999969482422,155.3000030517578,172.3000030517578,168.1999969482422,177.60000610351562,169.8000030517578,168.39999389648438,168.39999389648438,159.10000610351562,17.200000762939453,173.8000030517578,179.3000030517578,14.699999809265137,166.6999969482422,23.00932502746582,1.2344763278961182,1.7627062797546387,1.8775619268417358,0.9318464398384094,0.8742919564247131,4.41767692565918
143.60000610351562,144.0,153.6999969482422,175.89999389648438,170.39999389648438,179.5,171.0,170.10000610351562,169.0,162.1999969482422,11.199999809265137,175.39999389648438,177.89999389648438,20.200000762939453,166.8000030517578,24.669424057006836,1.2491704225540161,1.7644990682601929,1.8855400085449219,0.9076681733131409,0.8870434761047363,7.128159999847412
145.1999969482422,142.0,152.89999389648438,175.3000030517578,171.10000610351562,174.60000610351562,170.39999389648438,173.1999969482422,170.60000610351562,168.1999969482422,2.200000047683716,177.60000610351562,171.5,27.600000381469727,161.10000610351562,24.31106948852539,1.2572964429855347,1.773342490196228,1.8982799053192139,0.9351215958595276,0.8975395560264587,7.236417293548584
144.10000610351562,143.0,152.8000030517578,176.8000030517578,169.3000030517578,176.1999969482422,170.60000610351562,173.39999389648438,168.8000030517578,175.39999389648438,5.400000095367432,176.60000610351562,165.89999389648438,38.0,153.1999969482422,19.21790885925293,1.2282267808914185,1.7585657835006714,1.888746738433838,0.9125145077705383,0.8704323172569275,6.816949367523193
147.10000610351562,143.60000610351562,149.10000610351562,178.3000030517578,169.0,174.1999969482422,172.1999969482422,176.39999389648438,171.1999969482422,173.3000030517578,18.5,174.3000030517578,156.60000610351562,49.099998474121094,148.8000030517578,21.321475982666016,1.2309807538986206,1.758637547492981,1.8895223140716553,0.9229954481124878,0.8785344362258911,8.52811050415039
147.5,146.39999389648438,145.6999969482422,177.8000030517578,168.89999389648438,173.0,172.8000030517578,173.89999389648438,168.10000610351562,171.39999389648438,21.0,176.5,159.6999969482422,46.5,148.39999389648438,20.73388671875,1.2161471843719482,1.7538928985595703,1.8951975107192993,0.9237213730812073,0.8991244435310364,11.507567405700684
150.3000030517578,144.89999389648438,144.10000610351562,179.60000610351562,168.0,174.8000030517578,173.60000610351562,173.6999969482422,170.8000030517578,164.89999389648438,27.899999618530273,174.89999389648438,157.8000030517578,52.20000076293945,148.89999389648438,20.493938446044922,1.2161105871200562,1.7720205783843994,1.9066802263259888,0.921088457107544,0.8918876051902771,11.296891212463379
149.60000610351562,146.8000030517578,142.0,179.1999969482422,167.89999389648438,173.1999969482422,173.6999969482422,174.3000030517578,171.89999389648438,164.1999969482422,28.700000762939453,176.5,156.5,52.29999923706055,149.10000610351562,19.75152587890625,1.2008634805679321,1.7770755290985107,1.9052225351333618,0.8864201903343201,0.8721718788146973,11.87972354888916
149.8000030517578,146.3000030517578,143.3000030517578,179.89999389648438,168.10000610351562,174.1999969482422,173.60000610351562,174.39999389648438,170.3000030517578,161.3000030517578,32.29999923706055,175.60000610351562,154.1999969482422,56.099998474121094,148.1999969482422,20.241016387939453,1.214706301689148,1.7659571170806885,1.9030954837799072,0.9166733026504517,0.8848056197166443,10.301568031311035
150.0,147.8000030517578,143.89999389648438,179.5,169.1999969482422,176.3000030517578,175.39999389648438,173.0,173.0,157.89999389648438,35.400001525878906,176.89999389648438,149.0,62.599998474121094,148.89999389648438,20.550148010253906,1.2054386138916016,1.763054609298706,1.891426920890808,0.8547142744064331,0.8451122045516968,10.823423385620117
150.39999389648438,147.39999389648438,143.89999389648438,179.6999969482422,169.1999969482422,175.60000610351562,175.60000610351562,172.8000030517578,168.60000610351562,150.8000030517578,43.599998474121094,176.3000030517578,146.3000030517578,64.5,147.0,19.77462387084961,1.1873950958251953,1.7470675706863403,1.8794541358947754,0.8389002084732056,0.8301745653152466,11.977989196777344
150.1999969482422,147.39999389648438,141.5,179.89999389648438,170.1999969482422,175.60000610351562,175.39999389648438,173.10000610351562,170.10000610351562,150.10000610351562,45.099998474121094,174.3000030517578,145.60000610351562,65.0,145.3000030517578,18.89341163635254,1.1896299123764038,1.746923565864563,1.8791135549545288,0.8542537093162537,0.8464387059211731,12.754611015319824
151.3000030517578,146.6999969482422,142.39999389648438,179.3000030517578,170.10000610351562,175.39999389648438,176.1999969482422,172.10000610351562,168.5,148.3000030517578,47.79999923706055,174.6999969482422,143.1999969482422,69.19999694824219,148.1999969482422,19.01729393005371,1.1854641437530518,1.7430380582809448,1.8751238584518433,0.8502638339996338,0.8271772265434265,9.946309089660645
152.6999969482422,145.60000610351562,140.3000030517578,177.60000610351562,169.10000610351562,171.6999969482422,176.8000030517578,172.39999389648438,169.60000610351562,146.5,50.79999923706055,170.60000610351562,141.39999389648438,67.5,148.3000030517578,18.05457305908203,1.173748254776001,1.752490758895874,1.8842250108718872,0.8462263941764832,0.8165610432624817,8.384496688842773
154.10000610351562,145.0,135.8000030517578,179.3000030517578,170.3000030517578,172.0,176.8000030517578,172.0,168.1999969482422,139.5,56.20000076293945,176.89999389648438,149.6999969482422,60.20000076293945,152.89999389648438,20.096139907836914,1.1544619798660278,1.7523847818374634,1.8797907829284668,0.8415554165840149,0.853720486164093,15.417214393615723
153.0,143.3000030517578,139.39999389648438,178.1999969482422,169.5,170.0,176.10000610351562,173.10000610351562,170.0,140.89999389648438,56.20000076293945,173.60000610351562,139.8000030517578,67.4000015258789,153.5,20.651121139526367,1.1661489009857178,1.7597811222076416,1.8952760696411133,0.850374698638916,0.811683714389801,9.38502311706543
154.60000610351562,143.8000030517578,138.6999969482422,179.60000610351562,170.6999969482422,171.5,176.89999389648438,170.1999969482422,170.5,143.39999389648438,57.70000076293945,170.5,143.1999969482422,66.30000305175781,154.0,21.980730056762695,1.18441903591156,1.7675410509109497,1.8855714797973633,0.8793534636497498,0.8418142199516296,13.12604808807373
153.3000030517578,144.60000610351562,139.60000610351562,179.0,170.1999969482422,170.5,177.10000610351562,171.39999389648438,169.3000030517578,145.0,53.29999923706055,172.1999969482422,147.0,62.900001525878906,149.89999389648438,19.51535987854004,1.175818920135498,1.7648171186447144,1.8935887813568115,0.8665830492973328,0.8491842746734619,11.136345863342285
151.39999389648438,146.0,140.60000610351562,178.89999389648438,169.5,173.1999969482422,175.89999389648438,172.3000030517578,171.0,149.6999969482422,45.400001525878906,176.0,149.3000030517578,60.900001525878906,150.60000610351562,19.541746139526367,1.1945854425430298,1.7637913227081299,1.8926103115081787,0.8658322691917419,0.8561890721321106,12.94676399230957
150.5,143.0,143.60000610351562,179.89999389648438,169.1999969482422,175.5,173.60000610351562,171.39999389648438,167.6999969482422,165.0,29.100000381469727,178.5,157.89999389648438,51.400001525878906,151.89999389648438,21.12362289428711,1.221887230873108,1.7560008764266968,1.881791591644287,0.9282792210578918,0.9329609274864197,13.890271186828613
149.3000030517578,143.0,145.3000030517578,178.10000610351562,170.1999969482422,174.6999969482422,172.60000610351562,171.1999969482422,168.1999969482422,174.6999969482422,18.5,176.3000030517578,162.0,43.900001525878906,153.5,22.742408752441406,1.2166874408721924,1.780486822128296,1.9164634943008423,0.9124692678451538,0.9027901887893677,12.53398609161377
143.5,141.6999969482422,155.6999969482422,177.5,169.10000610351562,170.60000610351562,170.39999389648438,173.6999969482422,167.3000030517578,179.8000030517578,10.5,176.39999389648438,167.0,38.900001525878906,152.89999389648438,20.25685691833496,1.2522530555725098,1.7599762678146362,1.8835009336471558,0.9364710450172424,0.8997017741203308,8.519354820251465
143.1999969482422,141.0,156.8000030517578,177.0,167.6999969482422,174.3000030517578,170.39999389648438,174.60000610351562,171.1999969482422,175.89999389648438,6.5,175.0,169.60000610351562,36.29999923706055,153.39999389648438,19.716825485229492,1.2366172075271606,1.760436773300171,1.8785771131515503,0.9289870858192444,0.8755022883415222,5.51461935043335
145.10000610351562,141.0,151.8000030517578,176.5,166.6999969482422,174.0,171.3000030517578,172.8000030517578,171.39999389648438,179.6999969482422,11.399999618530273,173.10000610351562,168.60000610351562,36.0,154.0,20.408002853393555,1.1709915399551392,1.749515414237976,1.8328684568405151,0.8883534073829651,0.8344595432281494,4.718602180480957
149.5,143.89999389648438,144.6999969482422,172.6999969482422,175.60000610351562,174.89999389648438,172.5,170.39999389648438,174.0,176.10000610351562,12.100000381469727,176.3000030517578,160.5,44.29999923706055,146.6999969482422,19.59542465209961,1.108414649963379,1.7232197523117065,1.8040080070495605,0.7907853126525879,0.8163633346557617,10.310779571533203
147.39999389648438,148.1999969482422,147.89999389648438,173.60000610351562,173.6999969482422,171.0,173.1999969482422,169.5,173.8000030517578,178.60000610351562,12.100000381469727,175.0,158.3000030517578,48.400001525878906,145.5,21.30986976623535,1.1212962865829468,1.6897691488265991,1.7658562660217285,0.7836908102035522,0.7777868509292603,7.959951877593994
146.5,147.0,149.8000030517578,174.3000030517578,172.5,169.1999969482422,173.0,170.3000030517578,177.5,178.0,12.199999809265137,173.0,159.10000610351562,52.70000076293945,139.3000030517578,20.274978637695312,1.1109052896499634,1.682055115699768,1.74265456199646,0.7791978716850281,0.7835650444030762,8.327465057373047
147.3000030517578,146.89999389648438,146.3000030517578,173.60000610351562,172.0,172.0,173.0,170.8000030517578,178.3000030517578,179.1999969482422,12.800000190734863,171.0,160.10000610351562,53.099998474121094,136.60000610351562,18.87713050842285,1.0721272230148315,1.65318763256073,1.7085548639297485,0.7687937617301941,0.7615273594856262,7.381865978240967
148.3000030517578,144.39999389648438,147.5,174.39999389648438,170.6999969482422,174.10000610351562,173.5,171.3000030517578,177.0,177.0,16.399999618530273,168.10000610351562,161.39999389648438,58.20000076293945,135.3000030517578,17.43329620361328,1.0926257371902466,1.6815210580825806,1.742956519126892,0.8014601469039917,0.7665618062019348,4.761040687561035
148.39999389648438,145.89999389648438,145.3000030517578,172.1999969482422,172.0,172.89999389648438,171.89999389648438,170.89999389648438,177.89999389648438,177.0,13.5,171.39999389648438,160.39999389648438,56.29999923706055,135.6999969482422,19.400394439697266,1.0838210582733154,1.664454698562622,1.7211006879806519,0.7783586382865906,0.7650890350341797,6.176270008087158
148.3000030517578,144.6999969482422,144.3000030517578,172.1999969482422,171.8000030517578,174.60000610351562,172.89999389648438,171.5,176.89999389648438,177.39999389648438,15.199999809265137,170.6999969482422,158.8000030517578,58.70000076293945,135.1999969482422,19.402057647705078,1.0635675191879272,1.6545435190200806,1.7203831672668457,0.7661553621292114,0.7478320598602295,6.986532688140869
147.39999389648438,144.3000030517578,146.1999969482422,172.5,172.0,173.39999389648438,173.1999969482422,170.3000030517578,176.10000610351562,176.10000610351562,15.600000381469727,169.39999389648438,158.10000610351562,60.5,129.6999969482422,17.643329620361328,1.0564391613006592,1.637009859085083,1.6808754205703735,0.7664324641227722,0.7510268688201904,7.308465957641602
147.6999969482422,144.8000030517578,148.60000610351562,173.1999969482422,171.1999969482422,173.6999969482422,173.1999969482422,170.39999389648438,175.6999969482422,179.6999969482422,12.100000381469727,170.8000030517578,159.89999389648438,52.599998474121094,137.1999969482422,19.187023162841797,1.0743526220321655,1.6500917673110962,1.71177077293396,0.7573512196540833,0.7585871815681458,7.115304470062256
148.10000610351562,144.60000610351562,149.10000610351562,172.60000610351562,171.8000030517578,172.5,173.0,170.10000610351562,176.1999969482422,180.0,12.699999809265137,169.60000610351562,159.0,53.5,138.1999969482422,18.36359977722168,1.0749579668045044,1.6354830265045166,1.6992954015731812,0.7457464933395386,0.7383838295936584,7.046192169189453
149.0,145.89999389648438,148.60000610351562,174.10000610351562,171.6999969482422,174.39999389648438,174.3000030517578,172.3000030517578,179.60000610351562,178.89999389648438,14.100000381469727,170.60000610351562,160.10000610351562,53.400001525878906,139.39999389648438,18.5751953125,1.0898464918136597,1.6597518920898438,1.747815728187561,0.7588005065917969,0.7562157511711121,7.8129119873046875
146.89999389648438,147.1999969482422,150.0,174.39999389648438,171.0,173.6999969482422,173.0,171.10000610351562,175.60000610351562,179.6999969482422,12.0,174.60000610351562,162.39999389648438,50.900001525878906,143.10000610351562,20.29945945739746,1.1262145042419434,1.6786056756973267,1.7626783847808838,0.7992907166481018,0.78583163022995,6.512236595153809
149.39999389648438,144.1999969482422,149.39999389648438,173.89999389648438,173.10000610351562,171.60000610351562,173.1999969482422,168.8000030517578,174.6999969482422,179.39999389648438,11.100000381469727,175.1999969482422,159.3000030517578,49.79999923706055,143.89999389648438,22.647869110107422,1.1352849006652832,1.6793255805969238,1.7762655019760132,0.7778430581092834,0.7718064188957214,8.74848461151123
145.5,147.5,151.5,173.5,175.60000610351562,171.10000610351562,173.39999389648438,168.89999389648438,173.5,175.89999389648438,11.300000190734863,176.3000030517578,158.89999389648438,43.79999923706055,145.8000030517578,24.1126651763916,1.1877926588058472,1.7193433046340942,1.811153531074524,0.8223701119422913,0.8248043060302734,9.452259063720703
145.89999389648438,145.60000610351562,149.60000610351562,174.89999389648438,173.1999969482422,175.1999969482422,173.60000610351562,171.3000030517578,174.3000030517578,170.60000610351562,19.899999618530273,174.3000030517578,157.1999969482422,48.0,147.5,21.429676055908203,1.1970709562301636,1.7490192651748657,1.8447903394699097,0.8451825976371765,0.861150324344635,11.992194175720215
144.5,144.1999969482422,149.39999389648438,175.10000610351562,171.5,179.60000610351562,173.1999969482422,172.6999969482422,170.1999969482422,178.0,13.699999809265137,173.6999969482422,157.0,46.29999923706055,147.39999389648438,21.684518814086914,1.2205206155776978,1.7547885179519653,1.8613250255584717,0.8881298899650574,0.8579565286636353,10.143125534057617
145.5,143.5,147.89999389648438,176.39999389648438,170.39999389648438,175.1999969482422,173.0,172.8000030517578,169.60000610351562,176.39999389648438,14.0,176.10000610351562,158.5,42.900001525878906,147.1999969482422,22.474567413330078,1.233305811882019,1.7652649879455566,1.8952922821044922,0.9266662001609802,0.8890799880027771,10.733059883117676
144.1999969482422,147.10000610351562,147.3000030517578,176.0,171.5,175.6999969482422,172.5,171.5,169.89999389648438,174.8000030517578,14.5,177.10000610351562,160.8000030517578,39.79999923706055,150.10000610351562,23.30263900756836,1.25514554977417,1.777673363685608,1.9009572267532349,0.9271348714828491,0.8885223865509033,10.820592880249023
149.39999389648438,144.3000030517578,145.10000610351562,178.3000030517578,171.0,178.8000030517578,171.60000610351562,169.5,170.60000610351562,177.0,2.0999999046325684,175.6999969482422,169.0,26.700000762939453,160.60000610351562,24.586681365966797,1.2761366367340088,1.7986938953399658,1.924474835395813,0.9413970708847046,0.9009566903114319,9.755871772766113
147.39999389648438,142.3000030517578,146.5,176.5,171.6999969482422,177.39999389648438,171.6999969482422,169.3000030517578,171.10000610351562,175.1999969482422,0.8999999761581421,175.5,170.60000610351562,23.700000762939453,162.6999969482422,24.865678787231445,1.244654893875122,1.8038330078125,1.9216432571411133,0.9241076707839966,0.886016309261322,8.491593360900879
148.8000030517578,145.5,143.60000610351562,177.1999969482422,171.5,177.89999389648438,171.10000610351562,168.6999969482422,169.6999969482422,172.0,3.299999952316284,174.1999969482422,173.60000610351562,22.700000762939453,162.10000610351562,22.856002807617188,1.267493724822998,1.7876704931259155,1.9138444662094116,0.9137875437736511,0.8848599195480347,10.770329475402832
149.5,143.3000030517578,146.0,178.0,170.89999389648438,178.89999389648438,172.8000030517578,166.5,169.60000610351562,172.60000610351562,1.899999976158142,175.6999969482422,168.1999969482422,25.399999618530273,164.6999969482422,27.64716911315918,1.2873607873916626,1.807131290435791,1.9390366077423096,0.9381937980651855,0.9021598696708679,10.379596710205078
146.8000030517578,142.39999389648438,145.89999389648438,177.89999389648438,171.89999389648438,176.1999969482422,173.39999389648438,169.3000030517578,171.3000030517578,171.10000610351562,2.799999952316284,174.60000610351562,174.3000030517578,22.700000762939453,163.1999969482422,21.31394386291504,1.2377625703811646,1.7822321653366089,1.9094181060791016,0.9075345993041992,0.8793880343437195,7.484419345855713
148.6999969482422,139.5,142.8000030517578,178.0,169.0,176.60000610351562,174.39999389648438,171.0,172.60000610351562,171.5,1.7000000476837158,173.1999969482422,172.5,21.100000381469727,166.60000610351562,20.081777572631836,1.2099685668945312,1.7761327028274536,1.9045946598052979,0.8727604746818542,0.8388375043869019,7.481345176696777
148.60000610351562,139.10000610351562,143.39999389648438,178.0,168.8000030517578,179.8000030517578,173.89999389648438,168.8000030517578,172.10000610351562,166.8000030517578,8.600000381469727,169.5,174.89999389648438,19.600000381469727,166.3000030517578,19.961750030517578,1.2182350158691406,1.768397569656372,1.9036712646484375,0.861175537109375,0.8267726898193359,7.251702308654785
149.60000610351562,139.10000610351562,140.10000610351562,178.8000030517578,170.10000610351562,176.6999969482422,173.89999389648438,170.3000030517578,175.3000030517578,174.0,1.100000023841858,175.60000610351562,167.5,27.200000762939453,160.5,20.055679321289062,1.2010751962661743,1.767053246498108,1.8953713178634644,0.8633773922920227,0.8331106901168823,8.799397468566895
156.6999969482422,141.6999969482422,131.89999389648438,175.1999969482422,170.10000610351562,175.1999969482422,174.10000610351562,172.89999389648438,170.10000610351562,135.5,55.20000076293945,179.3000030517578,148.10000610351562,50.0,156.89999389648438,18.989330291748047,1.1720079183578491,1.756813406944275,1.8760079145431519,0.8032981157302856,0.805525541305542,10.158793449401855
156.8000030517578,142.10000610351562,134.89999389648438,173.1999969482422,168.1999969482422,175.89999389648438,174.6999969482422,173.89999389648438,173.0,133.8000030517578,57.400001525878906,177.0,133.5,63.0,157.6999969482422,18.144502639770508,1.1783857345581055,1.766404151916504,1.873778223991394,0.7804050445556641,0.7679224610328674,6.891671180725098
155.39999389648438,143.1999969482422,132.89999389648438,177.0,170.3000030517578,173.0,174.0,171.60000610351562,171.10000610351562,143.10000610351562,47.900001525878906,176.89999389648438,147.89999389648438,47.79999923706055,156.6999969482422,21.759021759033203,1.1692887544631958,1.7794582843780518,1.8967454433441162,0.8039223551750183,0.8085348606109619,14.722904205322266
152.60000610351562,142.10000610351562,140.1999969482422,177.6999969482422,167.89999389648438,174.10000610351562,173.10000610351562,173.0,172.6999969482422,164.39999389648438,23.600000381469727,179.60000610351562,159.3000030517578,38.20000076293945,157.3000030517578,19.790504455566406,1.199074387550354,1.7754405736923218,1.9053285121917725,0.8250700831413269,0.8200188279151917,10.565768241882324
145.8000030517578,145.1999969482422,149.0,179.10000610351562,171.3000030517578,178.1999969482422,173.10000610351562,168.8000030517578,170.6999969482422,179.5,8.399999618530273,178.6999969482422,163.89999389648438,35.099998474121094,157.60000610351562,21.900712966918945,1.2468867301940918,1.7841780185699463,1.911604881286621,0.8547606468200684,0.8603110313415527,12.665273666381836
148.10000610351562,146.1999969482422,148.10000610351562,176.1999969482422,168.60000610351562,178.60000610351562,170.6999969482422,169.8000030517578,173.0,171.60000610351562,5.699999809265137,176.10000610351562,176.89999389648438,20.799999237060547,161.5,21.640520095825195,1.2617881298065186,1.7754241228103638,1.8888317346572876,0.8882040977478027,0.8914631009101868,12.129046440124512
