135.39999389648438,145.0,146.8000030517578,176.10000610351562,178.39999389648438,165.89999389648438,175.89999389648438,177.5,178.3000030517578,171.0,178.0,167.39999389648438,155.10000610351562,57.29999923706055,145.39999389648438,24.238494873046875,1.044834017753601,1.6934454441070557,1.8225573301315308,1.6771721839904785,0.8247760534286499,26.626007080078125
135.8000030517578,144.5,144.60000610351562,175.6999969482422,177.5,167.10000610351562,177.1999969482422,176.10000610351562,179.60000610351562,172.10000610351562,179.10000610351562,168.6999969482422,153.8000030517578,56.900001525878906,145.6999969482422,23.357952117919922,1.0101348161697388,1.6802140474319458,1.815501093864441,1.660051941871643,0.8049317002296448,26.770570755004883
135.8000030517578,146.3000030517578,147.8000030517578,174.89999389648438,178.3000030517578,165.6999969482422,176.39999389648438,175.8000030517578,179.89999389648438,172.5,178.10000610351562,167.60000610351562,153.5,54.29999923706055,148.8000030517578,23.804378509521484,1.0579909086227417,1.694608449935913,1.8292925357818604,1.6646732091903687,0.807983934879303,25.10552406311035
134.5,147.3000030517578,152.10000610351562,176.10000610351562,179.3000030517578,166.1999969482422,176.89999389648438,175.3000030517578,178.39999389648438,173.8000030517578,179.0,166.89999389648438,149.6999969482422,64.5999984741211,142.5,25.741729736328125,1.0713751316070557,1.7164593935012817,1.8339312076568604,1.6601451635360718,0.7896023988723755,27.171945571899414
134.3000030517578,146.0,152.8000030517578,175.5,179.60000610351562,167.3000030517578,177.10000610351562,177.0,179.5,172.8000030517578,179.89999389648438,168.3000030517578,153.39999389648438,58.400001525878906,145.0,23.912376403808594,1.0515216588974,1.6941335201263428,1.826985239982605,1.6519122123718262,0.8003265261650085,26.351716995239258
134.5,146.39999389648438,150.3000030517578,175.60000610351562,178.6999969482422,168.0,176.8000030517578,176.89999389648438,179.3000030517578,172.60000610351562,178.39999389648438,167.89999389648438,155.0,56.29999923706055,145.5,22.74846076965332,1.0550329685211182,1.6944177150726318,1.8116753101348877,1.6551223993301392,0.8081600069999695,25.5004825592041
132.89999389648438,146.8000030517578,151.89999389648438,175.89999389648438,178.89999389648438,163.60000610351562,177.10000610351562,177.5,177.89999389648438,171.5,178.1999969482422,167.10000610351562,157.3000030517578,54.70000076293945,144.60000610351562,24.42987823486328,1.0685628652572632,1.6969558000564575,1.8360676765441895,1.6780295372009277,0.8227876424789429,24.483572006225586
132.1999969482422,146.6999969482422,151.1999969482422,177.60000610351562,178.5,162.10000610351562,177.5,176.8000030517578,176.8000030517578,170.6999969482422,176.8000030517578,167.89999389648438,154.0,55.099998474121094,146.5,24.88055419921875,1.0606170892715454,1.694854497909546,1.852492332458496,1.6843020915985107,0.8151767253875732,25.906719207763672
134.1999969482422,144.6999969482422,151.89999389648438,180.0,176.60000610351562,165.60000610351562,177.39999389648438,179.3000030517578,175.6999969482422,170.5,177.5,168.5,156.89999389648438,52.70000076293945,150.6999969482422,27.589082717895508,1.0814491510391235,1.6928765773773193,1.840478777885437,1.6768382787704468,0.8259781002998352,25.640125274658203
137.10000610351562,142.89999389648438,152.5,178.3000030517578,177.8000030517578,168.89999389648438,177.5,177.39999389648438,178.0,172.3000030517578,179.60000610351562,170.0,155.1999969482422,52.599998474121094,153.8000030517578,23.685619354248047,1.0624090433120728,1.7084479331970215,1.8287436962127686,1.6820106506347656,0.829637885093689,25.63312339782715
135.10000610351562,145.89999389648438,154.60000610351562,179.1999969482422,177.5,168.8000030517578,177.6999969482422,176.8000030517578,179.39999389648438,172.5,178.1999969482422,169.5,159.8000030517578,43.79999923706055,156.39999389648438,23.568296432495117,1.0797895193099976,1.7166376113891602,1.8457571268081665,1.693394660949707,0.8218026757240295,24.922565460205078
134.6999969482422,146.60000610351562,153.60000610351562,179.6999969482422,179.89999389648438,165.3000030517578,178.89999389648438,175.3000030517578,179.3000030517578,173.0,179.6999969482422,169.0,154.89999389648438,44.79999923706055,158.89999389648438,26.223249435424805,1.066433310508728,1.7116310596466064,1.8561893701553345,1.7012006044387817,0.7880878448486328,28.40073013305664
133.6999969482422,144.8000030517578,154.3000030517578,178.3000030517578,179.5,168.1999969482422,178.89999389648438,176.5,179.89999389648438,171.0,176.6999969482422,169.89999389648438,155.89999389648438,41.70000076293945,160.10000610351562,27.859079360961914,1.0565494298934937,1.7136707305908203,1.8687546253204346,1.7181228399276733,0.799095869064331,30.289636611938477
134.8000030517578,144.1999969482422,154.39999389648438,179.60000610351562,178.0,169.10000610351562,179.1999969482422,175.60000610351562,179.5,172.10000610351562,177.3000030517578,172.5,153.5,50.599998474121094,155.60000610351562,25.767927169799805,1.0837026834487915,1.7204042673110962,1.8677035570144653,1.7144389152526855,0.8211021423339844,28.626638412475586
133.89999389648438,144.60000610351562,152.89999389648438,179.1999969482422,178.5,168.5,178.3000030517578,175.5,178.8000030517578,171.5,178.1999969482422,172.60000610351562,153.6999969482422,50.29999923706055,154.6999969482422,26.276025772094727,1.0599987506866455,1.70339035987854,1.8386613130569458,1.6939648389816284,0.8324981927871704,30.229623794555664
135.39999389648438,145.0,153.8000030517578,179.6999969482422,178.1999969482422,169.10000610351562,178.1999969482422,176.1999969482422,178.89999389648438,174.0,178.39999389648438,169.5,159.10000610351562,51.599998474121094,151.1999969482422,25.306724548339844,1.0793249607086182,1.7221163511276245,1.8679735660552979,1.7130346298217773,0.8584587574005127,23.375864028930664
134.6999969482422,146.0,152.8000030517578,179.10000610351562,179.89999389648438,164.8000030517578,179.1999969482422,176.0,178.3000030517578,174.0,179.3000030517578,169.1999969482422,158.5,43.400001525878906,159.1999969482422,26.25496482849121,1.0628503561019897,1.7141855955123901,1.8591240644454956,1.7123281955718994,0.8338266611099243,24.324094772338867
135.5,144.89999389648438,150.39999389648438,178.39999389648438,178.0,166.6999969482422,178.8000030517578,176.39999389648438,177.3000030517578,172.1999969482422,177.5,172.3000030517578,157.3000030517578,44.900001525878906,158.0,25.922229766845703,1.0481230020523071,1.7108043432235718,1.8683558702468872,1.7089335918426514,0.8294259309768677,24.52337646484375
134.6999969482422,146.10000610351562,152.39999389648438,178.89999389648438,179.60000610351562,166.39999389648438,178.0,176.10000610351562,178.10000610351562,172.89999389648438,179.6999969482422,170.0,158.3000030517578,45.400001525878906,156.0,24.68158721923828,1.0704972743988037,1.7048730850219727,1.8437111377716064,1.703389286994934,0.8302432894706726,24.07874298095703
133.5,145.6999969482422,154.8000030517578,177.8000030517578,176.89999389648438,168.8000030517578,177.89999389648438,174.89999389648438,178.6999969482422,172.60000610351562,179.89999389648438,170.39999389648438,159.39999389648438,45.79999923706055,153.0,25.662582397460938,1.0741885900497437,1.6990758180618286,1.8476308584213257,1.6954859495162964,0.8210440278053284,25.158449172973633
134.60000610351562,145.60000610351562,154.10000610351562,179.10000610351562,176.60000610351562,169.0,177.60000610351562,177.10000610351562,177.89999389648438,172.6999969482422,178.10000610351562,170.10000610351562,158.6999969482422,45.79999923706055,155.89999389648438,26.013404846191406,1.0643876791000366,1.700394868850708,1.8618282079696655,1.703526496887207,0.8130396008491516,23.525848388671875
136.39999389648438,144.39999389648438,151.10000610351562,176.60000610351562,179.1999969482422,167.39999389648438,176.60000610351562,176.5,179.39999389648438,172.8000030517578,178.10000610351562,170.1999969482422,154.6999969482422,52.099998474121094,150.1999969482422,25.836313247680664,1.077201247215271,1.6980029344558716,1.8164007663726807,1.674676775932312,0.8419656753540039,26.28256607055664
133.1999969482422,144.6999969482422,155.60000610351562,175.60000610351562,177.39999389648438,167.89999389648438,176.10000610351562,174.8000030517578,179.8000030517578,170.0,178.6999969482422,169.10000610351562,159.6999969482422,39.70000076293945,158.60000610351562,26.757736206054688,1.0805871486663818,1.6963034868240356,1.8370676040649414,1.6874725818634033,0.8021945357322693,28.025026321411133
135.89999389648438,144.1999969482422,155.1999969482422,175.39999389648438,176.39999389648438,168.1999969482422,175.8000030517578,175.3000030517578,179.1999969482422,171.10000610351562,178.3000030517578,167.5,161.6999969482422,39.599998474121094,157.1999969482422,26.19813346862793,1.0669538974761963,1.6786853075027466,1.8221406936645508,1.6656421422958374,0.790069580078125,25.259265899658203
134.3000030517578,144.89999389648438,158.3000030517578,174.3000030517578,175.8000030517578,169.39999389648438,176.8000030517578,173.0,178.6999969482422,170.89999389648438,178.1999969482422,169.60000610351562,162.10000610351562,43.599998474121094,155.3000030517578,27.053653717041016,1.0966997146606445,1.6862179040908813,1.8159356117248535,1.6686935424804688,0.8316631317138672,25.164953231811523
135.0,146.1999969482422,156.89999389648438,173.10000610351562,176.1999969482422,171.60000610351562,176.5,175.39999389648438,179.60000610351562,170.1999969482422,178.89999389648438,167.10000610351562,164.89999389648438,36.79999923706055,156.0,26.324357986450195,1.0810612440109253,1.6714609861373901,1.811100721359253,1.6454120874404907,0.8033873438835144,23.09559440612793
134.10000610351562,146.1999969482422,157.89999389648438,173.1999969482422,176.0,168.5,176.39999389648438,174.1999969482422,179.5,169.60000610351562,178.8000030517578,166.10000610351562,164.60000610351562,30.0,163.89999389648438,29.340126037597656,1.0642210245132446,1.6695934534072876,1.8154642581939697,1.6489440202713013,0.7918609380722046,24.608537673950195
134.6999969482422,146.0,158.89999389648438,172.89999389648438,175.1999969482422,171.5,175.89999389648438,176.6999969482422,178.8000030517578,170.10000610351562,179.60000610351562,167.60000610351562,165.8000030517578,29.799999237060547,166.39999389648438,27.30169677734375,1.0742348432540894,1.6858962774276733,1.8136813640594482,1.6475321054458618,0.8077459335327148,23.549909591674805
131.8000030517578,148.89999389648438,160.8000030517578,172.89999389648438,173.8000030517578,169.6999969482422,176.5,176.39999389648438,177.8000030517578,168.3000030517578,178.60000610351562,165.39999389648438,167.89999389648438,20.600000381469727,175.3000030517578,30.654094696044922,1.0806299448013306,1.6702854633331299,1.8274067640304565,1.6527563333511353,0.790157675743103,23.86775779724121
129.89999389648438,152.6999969482422,162.1999969482422,172.8000030517578,172.39999389648438,164.3000030517578,176.3000030517578,172.3000030517578,179.10000610351562,165.0,179.3000030517578,166.3000030517578,168.8000030517578,9.300000190734863,179.5,30.899988174438477,1.1050300598144531,1.6649987697601318,1.840111255645752,1.6506421566009521,0.7826165556907654,26.566909790039062
129.0,155.10000610351562,162.10000610351562,170.5,171.89999389648438,166.6999969482422,176.10000610351562,170.10000610351562,177.39999389648438,164.60000610351562,179.60000610351562,166.1999969482422,175.89999389648438,6.099999904632568,175.10000610351562,31.15793800354004,1.11105477809906,1.6508344411849976,1.8385820388793945,1.6435378789901733,0.797804057598114,26.736169815063477
129.0,155.60000610351562,163.3000030517578,170.1999969482422,170.89999389648438,169.8000030517578,175.6999969482422,166.5,172.89999389648438,163.0,179.10000610351562,166.0,179.8000030517578,10.600000381469727,174.1999969482422,27.37990379333496,1.1327582597732544,1.6500741243362427,1.8343511819839478,1.6342284679412842,0.7890106439590454,29.437328338623047
131.10000610351562,156.0,161.60000610351562,170.39999389648438,171.6999969482422,167.8000030517578,175.0,168.6999969482422,175.3000030517578,163.8000030517578,179.0,167.8000030517578,179.5,3.4000000953674316,179.3000030517578,26.726806640625,1.1104736328125,1.6510578393936157,1.8331712484359741,1.6239241361618042,0.7929762005805969,27.744876861572266
131.10000610351562,152.3000030517578,161.5,170.39999389648438,170.89999389648438,166.6999969482422,174.6999969482422,171.8000030517578,179.5,163.10000610351562,178.39999389648438,167.5,176.89999389648438,1.2000000476837158,177.6999969482422,28.20907974243164,1.0973625183105469,1.6448153257369995,1.8390618562698364,1.6334648132324219,0.7883968353271484,27.232057571411133
131.0,149.10000610351562,159.10000610351562,171.1999969482422,174.60000610351562,163.10000610351562,174.39999389648438,173.5,179.0,165.0,178.89999389648438,166.10000610351562,166.60000610351562,18.299999237060547,174.3000030517578,26.007368087768555,1.0672475099563599,1.6464027166366577,1.8326739072799683,1.64463472366333,0.7604936361312866,29.82048225402832
133.1999969482422,146.1999969482422,153.3000030517578,172.10000610351562,172.3000030517578,165.3000030517578,175.0,176.39999389648438,179.10000610351562,167.60000610351562,179.60000610351562,164.89999389648438,163.60000610351562,22.600000381469727,170.5,21.84225082397461,1.016021966934204,1.632468581199646,1.8169941902160645,1.6195871829986572,0.7549957633018494,25.872642517089844
139.1999969482422,142.5,144.39999389648438,175.3000030517578,176.5,165.60000610351562,175.89999389648438,177.0,177.60000610351562,175.60000610351562,174.8000030517578,167.8000030517578,153.0,72.4000015258789,139.8000030517578,13.992293357849121,0.9973679184913635,1.6524869203567505,1.8308192491531372,1.6446295976638794,0.8060237169265747,25.000869750976562
142.0,141.3000030517578,135.3000030517578,176.1999969482422,174.10000610351562,168.89999389648438,175.89999389648438,176.8000030517578,179.0,173.89999389648438,179.5,167.6999969482422,161.8000030517578,46.900001525878906,153.89999389648438,12.384831428527832,0.9479843378067017,1.6637641191482544,1.847794771194458,1.6716772317886353,0.7964963912963867,23.264015197753906
147.3000030517578,141.0,136.60000610351562,173.89999389648438,177.6999969482422,164.6999969482422,177.8000030517578,175.3000030517578,178.3000030517578,178.39999389648438,177.3000030517578,169.6999969482422,163.3000030517578,48.099998474121094,147.0,14.09134292602539,1.0233705043792725,1.70246160030365,1.877392053604126,1.7251455783843994,0.8365820646286011,20.115121841430664
155.8000030517578,145.89999389648438,125.5,172.5,176.3000030517578,162.3000030517578,175.6999969482422,170.6999969482422,177.39999389648438,176.60000610351562,176.6999969482422,172.6999969482422,166.3000030517578,45.0,146.6999969482422,19.332134246826172,1.0821095705032349,1.7220515012741089,1.8753527402877808,1.7537940740585327,0.8990473747253418,19.282791137695312
145.10000610351562,147.10000610351562,129.5,173.6999969482422,175.1999969482422,168.60000610351562,176.3000030517578,171.3000030517578,172.39999389648438,177.6999969482422,179.6999969482422,173.1999969482422,165.8000030517578,47.0,145.8000030517578,8.877423286437988,1.0147231817245483,1.6925801038742065,1.858708143234253,1.7172741889953613,0.8277897238731384,21.564558029174805
143.10000610351562,138.1999969482422,133.60000610351562,174.1999969482422,177.0,170.0,177.8000030517578,176.10000610351562,179.5,179.1999969482422,177.3000030517578,172.8000030517578,159.5,67.4000015258789,131.89999389648438,9.440112113952637,0.92983078956604,1.664624571800232,1.8811320066452026,1.685805082321167,0.7896312475204468,18.59369468688965
139.1999969482422,141.8000030517578,134.8000030517578,175.1999969482422,177.5,168.3000030517578,176.8000030517578,175.6999969482422,177.89999389648438,178.5,173.0,167.3000030517578,157.5,69.5999984741211,135.5,15.615180015563965,0.9596112370491028,1.6823018789291382,1.8539155721664429,1.6657549142837524,0.8462709784507751,20.95027732849121
140.89999389648438,140.60000610351562,137.1999969482422,177.0,177.60000610351562,166.89999389648438,178.10000610351562,176.39999389648438,176.39999389648438,179.0,174.1999969482422,168.5,151.0,75.9000015258789,140.6999969482422,13.636975288391113,0.991376519203186,1.703979253768921,1.8835922479629517,1.680188536643982,0.8298782110214233,21.565244674682617
137.89999389648438,142.8000030517578,138.60000610351562,177.5,178.6999969482422,166.10000610351562,178.1999969482422,178.0,176.6999969482422,179.0,175.60000610351562,168.39999389648438,156.1999969482422,70.30000305175781,139.8000030517578,16.216554641723633,0.9829084873199463,1.6893380880355835,1.8483457565307617,1.6567553281784058,0.8381432890892029,20.194082260131836
137.5,142.89999389648438,143.39999389648438,176.5,179.89999389648438,165.5,178.0,176.60000610351562,178.3000030517578,178.39999389648438,174.6999969482422,164.1999969482422,152.5,72.0,141.0,19.668848037719727,1.0126259326934814,1.6764318943023682,1.8375800848007202,1.637922763824463,0.823049008846283,20.43510627746582
132.60000610351562,147.3000030517578,152.89999389648438,175.8000030517578,173.39999389648438,165.6999969482422,177.0,175.10000610351562,177.39999389648438,174.10000610351562,177.39999389648438,169.3000030517578,154.6999969482422,47.400001525878906,151.3000030517578,22.497343063354492,1.0459617376327515,1.6697548627853394,1.836478590965271,1.645183801651001,0.7765448093414307,26.351787567138672
133.8000030517578,145.89999389648438,150.6999969482422,174.89999389648438,172.10000610351562,164.10000610351562,174.10000610351562,177.6999969482422,176.8000030517578,172.5,175.39999389648438,163.60000610351562,158.10000610351562,42.400001525878906,157.89999389648438,19.75519371032715,1.0087794065475464,1.6592966318130493,1.8202263116836548,1.622948408126831,0.7746186852455139,24.326210021972656
136.5,143.89999389648438,150.39999389648438,173.5,174.5,160.5,174.8000030517578,177.1999969482422,177.8000030517578,172.6999969482422,176.8000030517578,161.10000610351562,161.39999389648438,36.099998474121094,160.0,18.138675689697266,1.012778639793396,1.6481781005859375,1.827839970588684,1.6084266901016235,0.7522556185722351,22.637060165405273
136.60000610351562,144.8000030517578,147.60000610351562,173.1999969482422,172.0,164.3000030517578,174.39999389648438,178.39999389648438,176.3000030517578,173.39999389648438,176.89999389648438,164.10000610351562,161.6999969482422,40.5,157.10000610351562,17.501087188720703,0.9967294931411743,1.629165530204773,1.8092074394226074,1.6062586307525635,0.7789982557296753,23.922496795654297
135.89999389648438,144.5,145.8000030517578,174.8000030517578,172.60000610351562,164.0,174.8000030517578,176.39999389648438,180.0,177.1999969482422,172.0,163.1999969482422,157.0,55.70000076293945,151.5,14.433685302734375,0.9841437935829163,1.6430772542953491,1.837416648864746,1.6097052097320557,0.7600364089012146,20.908964157104492
139.6999969482422,143.3000030517578,142.5,175.1999969482422,177.10000610351562,166.60000610351562,175.5,179.0,178.5,179.39999389648438,172.6999969482422,160.8000030517578,157.10000610351562,75.9000015258789,133.89999389648438,16.217723846435547,1.019115924835205,1.6920539140701294,1.8491241931915283,1.6547363996505737,0.8469445705413818,16.336380004882812
137.89999389648438,144.1999969482422,138.3000030517578,177.0,179.10000610351562,168.0,177.39999389648438,177.5,179.0,177.10000610351562,176.3000030517578,164.5,151.8000030517578,86.5,128.3000030517578,14.713428497314453,1.0144755840301514,1.7080860137939453,1.85555899143219,1.6753884553909302,0.8377974629402161,20.097427368164062
141.8000030517578,143.1999969482422,138.3000030517578,176.39999389648438,179.3000030517578,172.0,177.60000610351562,175.6999969482422,179.89999389648438,176.8000030517578,176.6999969482422,166.39999389648438,159.3000030517578,76.69999694824219,131.5,15.058734893798828,1.0286319255828857,1.707939624786377,1.8508425951004028,1.6903204917907715,0.8545036315917969,15.645577430725098
139.60000610351562,145.8000030517578,140.3000030517578,174.3000030517578,179.60000610351562,172.3000030517578,176.1999969482422,175.10000610351562,179.1999969482422,178.5,178.5,167.8000030517578,163.89999389648438,78.5,120.0999984741211,12.448311805725098,1.0419933795928955,1.694762945175171,1.830457091331482,1.6805627346038818,0.9063579440116882,12.871114730834961
137.89999389648438,147.8000030517578,140.6999969482422,174.8000030517578,179.6999969482422,172.5,176.39999389648438,175.0,179.6999969482422,178.89999389648438,179.60000610351562,169.6999969482422,160.6999969482422,82.80000305175781,120.80000305175781,13.446237564086914,1.0398352146148682,1.6898140907287598,1.8178590536117554,1.6724504232406616,0.9078349471092224,15.10128402709961
139.60000610351562,144.6999969482422,143.10000610351562,174.39999389648438,177.89999389648438,172.6999969482422,176.3000030517578,175.3000030517578,178.6999969482422,178.1999969482422,177.1999969482422,168.10000610351562,164.8000030517578,66.5,127.19999694824219,14.250104904174805,1.0324628353118896,1.6784934997558594,1.8210629224777222,1.6585243940353394,0.8661479949951172,13.631178855895996
139.60000610351562,144.39999389648438,140.60000610351562,175.0,178.5,172.60000610351562,177.6999969482422,174.8000030517578,178.3000030517578,177.1999969482422,176.10000610351562,166.1999969482422,161.89999389648438,79.80000305175781,119.5,12.888378143310547,1.0189424753189087,1.687488079071045,1.842739462852478,1.667275071144104,0.877353310585022,12.175857543945312
137.0,147.60000610351562,142.10000610351562,173.6999969482422,179.1999969482422,170.3000030517578,176.3000030517578,174.10000610351562,178.6999969482422,177.60000610351562,178.1999969482422,167.0,160.0,91.9000015258789,117.0,14.354001998901367,1.046355962753296,1.6897448301315308,1.813895583152771,1.6583532094955444,0.9348676204681396,12.599976539611816
137.3000030517578,148.6999969482422,139.8000030517578,172.8000030517578,178.10000610351562,169.39999389648438,176.5,174.5,178.89999389648438,177.6999969482422,177.8000030517578,168.3000030517578,161.8000030517578,111.0999984741211,99.5999984741211,13.489264488220215,1.04695725440979,1.6843026876449585,1.8129721879959106,1.6687456369400024,0.992530107498169,10.015695571899414
138.6999969482422,147.39999389648438,138.10000610351562,173.0,179.6999969482422,169.5,176.39999389648438,174.3000030517578,176.8000030517578,177.39999389648438,179.6999969482422,167.5,163.60000610351562,82.80000305175781,117.30000305175781,11.057657241821289,1.020497441291809,1.669148564338684,1.8139657974243164,1.6556775569915771,0.923011302947998,11.033287048339844
147.1999969482422,145.0,137.0,172.89999389648438,179.8000030517578,172.10000610351562,176.89999389648438,174.1999969482422,175.5,176.8000030517578,179.60000610351562,167.8000030517578,166.6999969482422,118.0999984741211,80.69999694824219,11.385445594787598,1.0646967887878418,1.701209545135498,1.8474215269088745,1.7081106901168823,1.0195130109786987,6.248434066772461
148.89999389648438,144.0,138.0,174.6999969482422,174.8000030517578,171.60000610351562,176.89999389648438,173.8000030517578,175.3000030517578,176.5,179.89999389648438,167.89999389648438,164.5,82.9000015258789,112.9000015258789,11.584854125976562,1.0543206930160522,1.7026528120040894,1.8504011631011963,1.6870671510696411,0.9087758660316467,6.767345428466797
151.60000610351562,144.6999969482422,133.8000030517578,175.39999389648438,175.1999969482422,167.3000030517578,176.5,173.89999389648438,174.39999389648438,177.10000610351562,178.89999389648438,171.8000030517578,167.1999969482422,78.80000305175781,115.0,14.88893985748291,1.087968111038208,1.715472936630249,1.864619493484497,1.7161668539047241,0.9529155492782593,9.782862663269043
151.5,144.60000610351562,133.6999969482422,174.10000610351562,175.60000610351562,167.0,177.8000030517578,171.60000610351562,173.60000610351562,176.60000610351562,177.8000030517578,168.89999389648438,167.3000030517578,57.0,134.5,14.941993713378906,1.0684187412261963,1.7197682857513428,1.864206075668335,1.7100653648376465,0.8844751715660095,10.554031372070312
153.10000610351562,144.6999969482422,132.39999389648438,175.3000030517578,177.3000030517578,165.39999389648438,177.3000030517578,174.3000030517578,174.6999969482422,176.10000610351562,179.8000030517578,169.60000610351562,166.60000610351562,68.4000015258789,125.0,16.177583694458008,1.0765630006790161,1.716109275817871,1.8620754480361938,1.7149467468261719,0.9259631633758545,11.088329315185547
151.6999969482422,144.5,139.3000030517578,175.0,175.89999389648438,167.1999969482422,177.89999389648438,173.39999389648438,175.10000610351562,177.3000030517578,179.6999969482422,171.3000030517578,167.3000030517578,45.70000076293945,146.8000030517578,16.309574127197266,1.1180779933929443,1.7295736074447632,1.880777359008789,1.734987735748291,0.9127756953239441,12.30957317352295
152.39999389648438,143.5,140.5,174.89999389648438,174.89999389648438,166.6999969482422,177.8000030517578,172.60000610351562,176.1999969482422,178.60000610351562,179.6999969482422,172.0,169.10000610351562,51.099998474121094,140.10000610351562,17.465600967407227,1.115586757659912,1.7315987348556519,1.8749555349349976,1.7251619100570679,0.9141849875450134,12.086014747619629
153.5,142.39999389648438,142.89999389648438,172.60000610351562,175.10000610351562,165.89999389648438,176.8000030517578,171.89999389648438,173.6999969482422,179.39999389648438,178.1999969482422,167.60000610351562,173.10000610351562,35.400001525878906,153.10000610351562,18.000391006469727,1.1163592338562012,1.687393307685852,1.821446180343628,1.6874229907989502,0.924945056438446,15.209427833557129
153.3000030517578,140.89999389648438,143.1999969482422,172.39999389648438,178.0,163.10000610351562,177.8000030517578,173.8000030517578,179.5,173.3000030517578,176.6999969482422,169.10000610351562,171.8000030517578,32.599998474121094,156.5,19.368408203125,1.1264381408691406,1.7003453969955444,1.8362834453582764,1.708204746246338,0.9084839224815369,18.66514015197754
149.8000030517578,142.39999389648438,141.8000030517578,174.89999389648438,177.1999969482422,163.60000610351562,177.1999969482422,174.60000610351562,179.1999969482422,172.39999389648438,176.39999389648438,171.1999969482422,168.6999969482422,40.599998474121094,150.89999389648438,15.451638221740723,1.114435076713562,1.6934736967086792,1.8313394784927368,1.7008310556411743,0.913526177406311,19.000883102416992
149.6999969482422,143.0,142.10000610351562,175.39999389648438,177.5,165.10000610351562,176.8000030517578,174.1999969482422,177.8000030517578,174.10000610351562,176.6999969482422,171.89999389648438,169.60000610351562,60.79999923706055,130.0,15.034228324890137,1.1397770643234253,1.6976022720336914,1.8409515619277954,1.7176661491394043,0.9502084851264954,16.440685272216797
148.60000610351562,144.60000610351562,143.10000610351562,177.89999389648438,176.5,167.89999389648438,175.39999389648438,174.60000610351562,175.3000030517578,174.1999969482422,177.89999389648438,170.8000030517578,166.39999389648438,59.400001525878906,135.5,13.899452209472656,1.151935338973999,1.705776333808899,1.8538516759872437,1.7326326370239258,0.9604471325874329,19.105257034301758
148.3000030517578,144.60000610351562,143.3000030517578,179.5,176.3000030517578,169.5,175.3000030517578,176.10000610351562,175.60000610351562,174.60000610351562,179.60000610351562,171.60000610351562,167.3000030517578,61.20000076293945,131.8000030517578,10.122655868530273,1.130571961402893,1.6968573331832886,1.8584249019622803,1.722872018814087,0.9246649742126465,20.023408889770508
147.1999969482422,145.0,143.8000030517578,179.39999389648438,176.60000610351562,167.0,175.3000030517578,177.60000610351562,178.1999969482422,173.6999969482422,178.89999389648438,170.39999389648438,166.0,61.5,133.0,10.71971607208252,1.1493116617202759,1.703734040260315,1.8763508796691895,1.733747959136963,0.943662703037262,19.26111602783203
147.8000030517578,143.5,147.0,179.8000030517578,177.39999389648438,168.10000610351562,175.6999969482422,176.89999389648438,177.8000030517578,175.39999389648438,178.8000030517578,171.0,168.89999389648438,54.099998474121094,134.39999389648438,11.475914001464844,1.1685620546340942,1.712554931640625,1.8907368183135986,1.7519503831863403,0.9431506395339966,18.16610336303711
148.8000030517578,145.0,146.8000030517578,178.60000610351562,175.10000610351562,167.6999969482422,175.3000030517578,176.5,178.5,172.89999389648438,176.1999969482422,170.39999389648438,169.89999389648438,51.5,136.8000030517578,12.099265098571777,1.1795655488967896,1.715079665184021,1.8780202865600586,1.7492300271987915,0.9567801356315613,20.764253616333008
147.8000030517578,145.0,149.0,175.89999389648438,176.3000030517578,164.5,176.8000030517578,177.60000610351562,178.39999389648438,168.8000030517578,178.0,171.10000610351562,166.6999969482422,50.5,141.10000610351562,13.222199440002441,1.208499550819397,1.7259457111358643,1.8960119485855103,1.7652820348739624,0.9445196986198425,22.78525733947754
146.3000030517578,145.10000610351562,151.60000610351562,174.5,173.6999969482422,165.5,176.6999969482422,177.60000610351562,179.60000610351562,167.5,175.0,168.6999969482422,164.8000030517578,53.20000076293945,138.39999389648438,13.024308204650879,1.1924327611923218,1.7098037004470825,1.894751787185669,1.750223159790039,0.9148470163345337,22.482864379882812
147.60000610351562,144.10000610351562,151.0,174.60000610351562,177.60000610351562,163.3000030517578,177.10000610351562,178.8000030517578,179.1999969482422,167.6999969482422,176.1999969482422,169.0,164.1999969482422,51.900001525878906,140.10000610351562,13.396119117736816,1.1911487579345703,1.7138328552246094,1.8969203233718872,1.754076361656189,0.9094857573509216,23.069961547851562
148.10000610351562,143.5,152.10000610351562,173.3000030517578,174.5,167.5,177.8000030517578,179.6999969482422,178.1999969482422,167.3000030517578,178.3000030517578,169.89999389648438,165.6999969482422,59.5,132.0,12.878986358642578,1.18868088722229,1.7240798473358154,1.9038113355636597,1.7498260736465454,0.926421582698822,21.80832290649414
147.89999389648438,143.8000030517578,151.60000610351562,174.3000030517578,177.39999389648438,163.8000030517578,177.3000030517578,178.39999389648438,179.8000030517578,167.10000610351562,175.0,167.60000610351562,166.1999969482422,56.0,134.3000030517578,13.90134334564209,1.2012351751327515,1.715764045715332,1.8899651765823364,1.7492702007293701,0.9345486164093018,22.36206817626953
148.1999969482422,143.0,151.8000030517578,175.1999969482422,177.6999969482422,166.1999969482422,177.60000610351562,178.6999969482422,177.8000030517578,165.39999389648438,176.60000610351562,168.10000610351562,168.5,45.79999923706055,143.1999969482422,12.305334091186523,1.1703670024871826,1.7114977836608887,1.8969894647598267,1.7444944381713867,0.911965012550354,21.707963943481445
146.8000030517578,146.10000610351562,146.60000610351562,170.39999389648438,178.6999969482422,166.5,175.8000030517578,177.10000610351562,175.6999969482422,167.1999969482422,178.1999969482422,168.39999389648438,166.10000610351562,44.20000076293945,152.10000610351562,9.362544059753418,1.1788502931594849,1.7205063104629517,1.9197393655776978,1.7609272003173828,0.9005317091941833,23.40154457092285
147.3000030517578,144.0,150.3000030517578,170.10000610351562,175.8000030517578,168.8000030517578,175.3000030517578,175.5,178.10000610351562,168.8000030517578,177.89999389648438,169.5,161.10000610351562,53.0,146.8000030517578,14.70546817779541,1.2182929515838623,1.7428172826766968,1.9249407052993774,1.7725118398666382,0.941279947757721,24.113618850708008
148.0,148.1999969482422,151.8000030517578,168.89999389648438,176.10000610351562,166.1999969482422,174.39999389648438,174.89999389648438,177.6999969482422,169.6999969482422,178.3000030517578,168.5,158.89999389648438,50.400001525878906,148.8000030517578,12.900960922241211,1.2218830585479736,1.752562403678894,1.933558464050293,1.7821195125579834,0.8949505686759949,25.67786407470703
148.0,146.1999969482422,146.8000030517578,173.5,177.60000610351562,171.1999969482422,175.5,177.1999969482422,180.0,173.1999969482422,177.1999969482422,168.89999389648438,163.60000610351562,65.69999694824219,131.3000030517578,10.970170974731445,1.1867562532424927,1.7265675067901611,1.8938361406326294,1.761915922164917,0.9414568543434143,19.79096031188965
151.60000610351562,145.10000610351562,146.3000030517578,174.8000030517578,176.89999389648438,168.3000030517578,176.3000030517578,173.39999389648438,179.60000610351562,176.39999389648438,174.1999969482422,167.39999389648438,168.6999969482422,73.80000305175781,123.30000305175781,8.557978630065918,1.1821396350860596,1.7095227241516113,1.8528523445129395,1.7455976009368896,1.0012402534484863,15.855178833007812
151.8000030517578,147.0,138.8000030517578,176.10000610351562,177.10000610351562,166.8000030517578,176.60000610351562,174.60000610351562,179.6999969482422,177.5,176.8000030517578,173.8000030517578,165.89999389648438,75.19999694824219,119.30000305175781,10.332828521728516,1.1736494302749634,1.7367682456970215,1.877187967300415,1.7685507535934448,0.9973881244659424,17.51302719116211
145.0,152.10000610351562,127.19999694824219,172.10000610351562,173.8000030517578,178.1999969482422,177.89999389648438,171.60000610351562,178.6999969482422,170.8000030517578,179.3000030517578,178.5,178.39999389648438,21.200000762939453,158.1999969482422,17.81328773498535,0.9968795776367188,1.7649790048599243,1.9200515747070312,1.7892922163009644,0.9195523858070374,25.962284088134766
136.89999389648438,143.6999969482422,125.0999984741211,175.39999389648438,178.0,171.10000610351562,179.8000030517578,171.60000610351562,175.10000610351562,176.8000030517578,179.5,175.39999389648438,149.6999969482422,72.5,139.60000610351562,18.57637596130371,0.9018686413764954,1.6994513273239136,1.8626924753189087,1.720900058746338,0.8266003131866455,27.398759841918945
141.5,138.89999389648438,126.69999694824219,176.8000030517578,177.5,173.39999389648438,178.39999389648438,174.8000030517578,179.89999389648438,175.39999389648438,179.5,174.39999389648438,155.6999969482422,70.9000015258789,133.39999389648438,17.0137996673584,0.9127440452575684,1.708979845046997,1.860228180885315,1.728127360343933,0.859968364238739,25.691823959350586
139.10000610351562,140.3000030517578,125.5999984741211,174.39999389648438,176.60000610351562,175.6999969482422,179.6999969482422,176.10000610351562,178.0,175.1999969482422,178.39999389648438,176.3000030517578,155.60000610351562,77.19999694824219,127.0999984741211,18.371679306030273,0.8984930515289307,1.7229338884353638,1.8793452978134155,1.7281042337417603,0.8581313490867615,25.805500030517578
138.60000610351562,140.10000610351562,129.1999969482422,174.5,175.5,177.5,178.8000030517578,174.0,178.8000030517578,174.0,177.1999969482422,177.60000610351562,154.10000610351562,70.5,133.39999389648438,18.30401611328125,0.8977524638175964,1.7121937274932861,1.8778996467590332,1.725594162940979,0.8224958777427673,28.02034568786621
138.6999969482422,142.0,130.1999969482422,173.0,175.89999389648438,173.89999389648438,178.1999969482422,172.60000610351562,179.5,165.89999389648438,177.8000030517578,174.6999969482422,162.60000610351562,55.5,146.1999969482422,21.2568359375,0.9548836946487427,1.7227340936660767,1.8707828521728516,1.7282993793487549,0.8730989694595337,28.375768661499023
138.5,139.5,129.39999389648438,174.5,176.60000610351562,178.10000610351562,178.8000030517578,177.60000610351562,175.0,168.89999389648438,178.39999389648438,174.5,162.3000030517578,59.79999923706055,142.10000610351562,20.226163864135742,0.9283565878868103,1.706130027770996,1.8587639331817627,1.7137507200241089,0.8561519384384155,26.587200164794922
139.8000030517578,137.5,136.6999969482422,178.8000030517578,177.1999969482422,172.6999969482422,176.0,176.1999969482422,179.8000030517578,171.8000030517578,178.5,174.5,160.39999389648438,51.599998474121094,149.6999969482422,16.77541160583496,0.9375431537628174,1.6889389753341675,1.853971242904663,1.708075761795044,0.8383846282958984,27.041894912719727
138.89999389648438,138.3000030517578,143.10000610351562,177.60000610351562,178.89999389648438,173.3000030517578,177.10000610351562,177.3000030517578,179.6999969482422,173.60000610351562,179.1999969482422,174.10000610351562,162.6999969482422,61.29999923706055,137.89999389648438,21.723167419433594,1.0006071329116821,1.6725308895111084,1.8031176328659058,1.678371548652649,0.8984132409095764,24.427759170532227
139.3000030517578,138.60000610351562,142.0,177.0,179.1999969482422,171.5,176.60000610351562,176.60000610351562,179.5,172.89999389648438,179.0,171.8000030517578,161.60000610351562,60.0,139.5,19.622066497802734,0.9820523262023926,1.6620548963546753,1.7909083366394043,1.6667333841323853,0.8802222609519958,25.491626739501953
138.60000610351562,137.6999969482422,145.60000610351562,176.5,178.6999969482422,168.3000030517578,176.8000030517578,176.10000610351562,179.1999969482422,172.0,178.6999969482422,172.60000610351562,161.3000030517578,60.29999923706055,139.1999969482422,20.409975051879883,1.0567493438720703,1.6896069049835205,1.8147107362747192,1.703285574913025,0.922569990158081,24.634557723999023
137.6999969482422,138.3000030517578,143.10000610351562,177.60000610351562,179.89999389648438,174.39999389648438,176.5,176.8000030517578,179.39999389648438,171.0,179.0,173.6999969482422,158.39999389648438,71.19999694824219,132.5,21.186920166015625,1.0181273221969604,1.680712103843689,1.8073375225067139,1.682897686958313,0.9267082214355469,26.50920295715332
136.8000030517578,138.60000610351562,144.3000030517578,178.5,179.60000610351562,172.60000610351562,176.89999389648438,176.3000030517578,179.8000030517578,171.8000030517578,178.60000610351562,175.3000030517578,156.1999969482422,64.5,141.6999969482422,22.277225494384766,1.0138882398605347,1.6824456453323364,1.8181027173995972,1.693609356880188,0.8971771001815796,28.19662857055664
137.39999389648438,136.89999389648438,145.60000610351562,177.0,177.1999969482422,170.60000610351562,177.39999389648438,176.1999969482422,179.0,170.10000610351562,179.8000030517578,174.89999389648438,157.8000030517578,66.0,139.39999389648438,22.080968856811523,1.0202641487121582,1.687762975692749,1.8244880437850952,1.6938728094100952,0.917198657989502,28.063718795776367
139.39999389648438,138.60000610351562,138.60000610351562,178.3000030517578,179.8000030517578,171.1999969482422,176.6999969482422,175.1999969482422,178.8000030517578,170.39999389648438,179.39999389648438,173.3000030517578,154.8000030517578,63.400001525878906,145.0,20.524080276489258,0.980980396270752,1.6773141622543335,1.8085973262786865,1.6950969696044922,0.8782607316970825,30.85663414001465
140.0,136.39999389648438,139.8000030517578,177.10000610351562,179.60000610351562,172.5,176.39999389648438,176.6999969482422,178.3000030517578,170.10000610351562,179.1999969482422,176.89999389648438,156.60000610351562,65.19999694824219,141.89999389648438,21.57489013671875,0.987990140914917,1.6825248003005981,1.8059258460998535,1.6971279382705688,0.9048770666122437,30.5433349609375
137.60000610351562,135.89999389648438,140.8000030517578,178.0,176.1999969482422,176.10000610351562,177.1999969482422,175.10000610351562,178.60000610351562,169.10000610351562,179.6999969482422,177.8000030517578,157.1999969482422,64.19999694824219,144.1999969482422,22.127544403076172,0.9787278175354004,1.6892879009246826,1.8067235946655273,1.6989240646362305,0.8933027386665344,28.155200958251953
139.60000610351562,135.3000030517578,141.8000030517578,176.39999389648438,178.6999969482422,173.3000030517578,176.0,176.6999969482422,176.5,170.8000030517578,179.5,177.60000610351562,155.89999389648438,66.0999984741211,141.60000610351562,20.208974838256836,0.9921297430992126,1.6870425939559937,1.7997773885726929,1.6921998262405396,0.9071174263954163,27.07855224609375
140.39999389648438,137.39999389648438,142.3000030517578,177.5,179.89999389648438,170.8000030517578,176.3000030517578,176.8000030517578,177.6999969482422,172.60000610351562,177.5,173.3000030517578,157.89999389648438,69.0,139.60000610351562,19.238168716430664,1.003968358039856,1.6845811605453491,1.8306819200515747,1.677565097808838,0.9098437428474426,23.589908599853516
138.0,139.39999389648438,143.6999969482422,179.60000610351562,178.89999389648438,166.5,176.1999969482422,178.60000610351562,175.3000030517578,172.5,177.8000030517578,173.39999389648438,151.3000030517578,69.80000305175781,140.10000610351562,19.924978256225586,1.0041042566299438,1.6775519847869873,1.8346792459487915,1.6824634075164795,0.8653391599655151,28.916709899902344
136.60000610351562,139.60000610351562,147.0,178.89999389648438,178.5,165.3000030517578,176.1999969482422,179.10000610351562,174.3000030517578,171.5,178.5,175.60000610351562,153.3000030517578,56.20000076293945,152.10000610351562,20.16669273376465,0.9918984174728394,1.664061188697815,1.8359754085540771,1.678356409072876,0.8403356671333313,30.300125122070312
136.39999389648438,138.60000610351562,145.1999969482422,179.0,179.8000030517578,169.1999969482422,178.10000610351562,177.60000610351562,175.89999389648438,172.89999389648438,177.6999969482422,174.1999969482422,156.3000030517578,64.80000305175781,139.6999969482422,22.88596534729004,0.9951828718185425,1.6732064485549927,1.8380082845687866,1.688730239868164,0.89162677526474,26.49197769165039
138.1999969482422,140.89999389648438,144.10000610351562,178.8000030517578,178.6999969482422,166.89999389648438,176.3000030517578,176.60000610351562,177.3000030517578,175.89999389648438,175.5,172.0,151.6999969482422,74.0,140.89999389648438,18.208276748657227,1.0380420684814453,1.668610692024231,1.8402682542800903,1.705706000328064,0.8998039960861206,28.305280685424805
139.39999389648438,140.39999389648438,143.89999389648438,176.39999389648438,175.8000030517578,171.89999389648438,176.8000030517578,176.1999969482422,178.3000030517578,174.8000030517578,176.60000610351562,169.5,157.0,57.900001525878906,148.1999969482422,18.580324172973633,1.006757378578186,1.6525853872299194,1.8091042041778564,1.662373661994934,0.8532553315162659,26.311750411987305
138.5,141.6999969482422,147.39999389648438,175.10000610351562,173.89999389648438,170.5,177.10000610351562,176.6999969482422,176.5,175.39999389648438,175.0,169.60000610351562,160.1999969482422,49.5,150.60000610351562,19.022619247436523,1.006376028060913,1.640943169593811,1.7952371835708618,1.6354615688323975,0.8253534436225891,26.68317413330078
139.0,140.8000030517578,145.6999969482422,173.89999389648438,172.8000030517578,172.3000030517578,175.89999389648438,177.3000030517578,177.39999389648438,173.39999389648438,178.5,172.8000030517578,166.3000030517578,42.5,150.89999389648438,18.227922439575195,1.0005563497543335,1.6336528062820435,1.77329683303833,1.6334331035614014,0.8516678214073181,24.061691284179688
137.3000030517578,141.39999389648438,148.3000030517578,173.39999389648438,175.3000030517578,169.6999969482422,177.1999969482422,175.3000030517578,177.89999389648438,173.0,176.39999389648438,167.10000610351562,163.60000610351562,40.29999923706055,156.0,20.841154098510742,1.0046972036361694,1.6368697881698608,1.7765356302261353,1.6201797723770142,0.8198608756065369,24.889434814453125
136.39999389648438,142.60000610351562,150.60000610351562,174.3000030517578,175.1999969482422,166.8000030517578,176.6999969482422,176.5,177.39999389648438,174.5,175.0,166.60000610351562,163.6999969482422,38.0,159.89999389648438,21.679553985595703,1.0017839670181274,1.630059838294983,1.7730547189712524,1.620915174484253,0.8034428954124451,26.741439819335938
137.1999969482422,141.60000610351562,150.8000030517578,173.5,174.3000030517578,170.39999389648438,176.6999969482422,176.0,176.0,173.39999389648438,176.89999389648438,170.8000030517578,166.60000610351562,29.5,165.60000610351562,21.52982521057129,1.0193727016448975,1.639581322669983,1.7691212892532349,1.6301753520965576,0.8334453105926514,26.513490676879883
138.89999389648438,140.39999389648438,147.0,174.10000610351562,176.1999969482422,172.39999389648438,175.89999389648438,179.0,177.3000030517578,174.0,178.39999389648438,169.3000030517578,165.1999969482422,45.70000076293945,154.1999969482422,19.454097747802734,1.0129603147506714,1.6563441753387451,1.7789636850357056,1.6496949195861816,0.8502436280250549,24.61009979248047
138.89999389648438,140.89999389648438,144.10000610351562,176.1999969482422,179.0,167.60000610351562,176.6999969482422,176.60000610351562,179.39999389648438,174.10000610351562,175.60000610351562,166.8000030517578,153.3000030517578,66.69999694824219,143.0,19.430543899536133,1.0299787521362305,1.6645195484161377,1.8197695016860962,1.683617115020752,0.8546767234802246,26.345478057861328
134.5,143.5,144.10000610351562,175.8000030517578,177.1999969482422,171.10000610351562,177.39999389648438,176.39999389648438,178.39999389648438,177.60000610351562,176.5,170.89999389648438,150.60000610351562,91.9000015258789,124.4000015258789,19.93791389465332,1.0256332159042358,1.6998049020767212,1.8398919105529785,1.6959612369537354,0.9200320243835449,23.630104064941406
140.3000030517578,140.1999969482422,141.89999389648438,178.1999969482422,179.89999389648438,172.89999389648438,177.1999969482422,177.89999389648438,177.5,178.5,178.39999389648438,173.0,155.0,66.9000015258789,141.89999389648438,18.360212326049805,1.025023341178894,1.7050724029541016,1.8348954916000366,1.6891229152679443,0.8805766105651855,22.624164581298828
140.89999389648438,138.60000610351562,141.89999389648438,177.10000610351562,179.6999969482422,170.60000610351562,177.3000030517578,179.5,175.60000610351562,179.60000610351562,179.6999969482422,172.5,153.1999969482422,67.30000305175781,142.8000030517578,16.729856491088867,1.0180127620697021,1.700695276260376,1.8666120767593384,1.7080600261688232,0.8552106618881226,23.215307235717773
137.10000610351562,140.8000030517578,140.89999389648438,176.60000610351562,178.39999389648438,173.10000610351562,178.39999389648438,178.6999969482422,177.5,175.1999969482422,178.8000030517578,172.6999969482422,151.89999389648438,85.5,128.1999969482422,21.493728637695312,1.0248464345932007,1.7168943881988525,1.8531017303466797,1.7120689153671265,0.892886757850647,24.416276931762695
139.89999389648438,140.10000610351562,142.60000610351562,179.39999389648438,177.6999969482422,168.1999969482422,176.6999969482422,177.89999389648438,175.39999389648438,174.10000610351562,178.0,171.8000030517578,154.60000610351562,73.4000015258789,136.5,18.863298416137695,1.0342862606048584,1.6971112489700317,1.8319464921951294,1.698603868484497,0.8913977742195129,24.050952911376953
138.6999969482422,141.5,142.0,177.0,176.10000610351562,167.6999969482422,176.60000610351562,177.89999389648438,178.60000610351562,176.0,176.39999389648438,167.60000610351562,155.0,78.5999984741211,128.89999389648438,19.54621696472168,1.035495400428772,1.6935166120529175,1.8315297365188599,1.6851508617401123,0.8889480233192444,21.216753005981445
138.8000030517578,139.5,143.1999969482422,178.8000030517578,178.0,170.10000610351562,178.6999969482422,177.5,179.5,177.8000030517578,175.89999389648438,171.10000610351562,153.8000030517578,73.30000305175781,136.10000610351562,21.102977752685547,1.0241113901138306,1.6936525106430054,1.8548575639724731,1.7190935611724854,0.8930158019065857,23.431568145751953
136.0,137.5,145.8000030517578,177.3000030517578,178.60000610351562,169.60000610351562,178.3000030517578,177.6999969482422,176.8000030517578,174.3000030517578,179.8000030517578,172.89999389648438,155.0,64.5,143.1999969482422,24.026031494140625,0.9993009567260742,1.7186607122421265,1.866180419921875,1.7200788259506226,0.8733300566673279,26.221702575683594
134.60000610351562,139.6999969482422,144.3000030517578,175.0,178.5,173.60000610351562,179.1999969482422,173.6999969482422,178.6999969482422,174.5,176.6999969482422,169.60000610351562,159.39999389648438,59.900001525878906,148.60000610351562,26.44701385498047,1.033872365951538,1.7256898880004883,1.8577570915222168,1.7295101881027222,0.9180044531822205,27.24786376953125
134.60000610351562,138.10000610351562,144.1999969482422,175.0,180.0,174.6999969482422,180.0,177.0,176.10000610351562,173.8000030517578,179.39999389648438,172.60000610351562,154.1999969482422,63.70000076293945,144.39999389648438,24.288074493408203,0.9958226084709167,1.725465178489685,1.8551350831985474,1.7234958410263062,0.8787660002708435,28.66843605041504
136.3000030517578,137.89999389648438,139.6999969482422,171.1999969482422,177.60000610351562,176.89999389648438,177.60000610351562,176.0,173.60000610351562,170.10000610351562,176.89999389648438,175.8000030517578,151.5,62.5,147.89999389648438,27.203441619873047,1.0197664499282837,1.7363905906677246,1.8613427877426147,1.7405446767807007,0.9104963541030884,31.203962326049805
137.0,131.6999969482422,141.8000030517578,172.60000610351562,172.8000030517578,170.3000030517578,179.1999969482422,179.39999389648438,173.0,172.0,180.0,177.0,154.5,62.599998474121094,142.60000610351562,24.420576095581055,0.9996891021728516,1.7641510963439941,1.8548918962478638,1.7502771615982056,0.8944377899169922,29.213655471801758
134.3000030517578,132.89999389648438,142.60000610351562,171.0,173.3000030517578,172.10000610351562,178.1999969482422,178.5,173.0,170.89999389648438,177.1999969482422,176.1999969482422,156.3000030517578,57.79999923706055,146.1999969482422,25.95449447631836,0.9828373193740845,1.7652602195739746,1.8855544328689575,1.7673195600509644,0.8685100674629211,28.882509231567383
137.60000610351562,133.0,143.10000610351562,174.60000610351562,175.8000030517578,179.5,179.1999969482422,178.0,171.60000610351562,172.3000030517578,179.89999389648438,179.10000610351562,153.6999969482422,71.0,141.10000610351562,20.633060455322266,1.0018342733383179,1.7588996887207031,1.8775957822799683,1.7408857345581055,0.9045356512069702,26.43669891357422
136.89999389648438,140.6999969482422,147.6999969482422,179.6999969482422,179.1999969482422,167.6999969482422,178.0,174.0,177.3000030517578,175.89999389648438,175.8000030517578,173.10000610351562,156.3000030517578,83.5,126.0,23.712270736694336,1.0398341417312622,1.7011117935180664,1.8200963735580444,1.710668683052063,0.9169005155563354,21.136844635009766
133.8000030517578,143.60000610351562,149.89999389648438,179.5,178.1999969482422,165.5,176.0,176.8000030517578,178.1999969482422,173.1999969482422,177.39999389648438,170.8000030517578,157.6999969482422,81.0999984741211,128.8000030517578,25.26535415649414,1.075295090675354,1.7077622413635254,1.824432611465454,1.7051417827606201,0.9184064269065857,20.20146942138672
133.0,142.1999969482422,151.3000030517578,177.1999969482422,174.10000610351562,175.10000610351562,176.3000030517578,174.8000030517578,179.10000610351562,170.3000030517578,174.89999389648438,178.10000610351562,153.60000610351562,72.5999984741211,135.5,25.23967742919922,1.0147744417190552,1.6790932416915894,1.8065271377563477,1.6858571767807007,0.8180803060531616,26.169139862060547
131.3000030517578,143.60000610351562,154.1999969482422,179.6999969482422,176.1999969482422,174.10000610351562,174.89999389648438,175.39999389648438,180.0,168.0,178.89999389648438,174.0,160.10000610351562,51.5,152.1999969482422,26.398807525634766,1.028161644935608,1.6768200397491455,1.7908775806427002,1.6732717752456665,0.8501848578453064,26.80855941772461
129.1999969482422,143.8000030517578,153.3000030517578,177.8000030517578,176.5,169.3000030517578,174.60000610351562,177.1999969482422,176.89999389648438,166.39999389648438,178.60000610351562,171.5,160.5,49.599998474121094,149.8000030517578,27.21339225769043,1.026340126991272,1.6945167779922485,1.8023890256881714,1.684217929840088,0.8421899676322937,26.117198944091797
128.1999969482422,143.8000030517578,154.89999389648438,177.5,173.8000030517578,171.6999969482422,174.6999969482422,175.10000610351562,179.39999389648438,165.6999969482422,179.10000610351562,173.5,157.10000610351562,50.0,151.89999389648438,29.166208267211914,1.0304850339889526,1.6848219633102417,1.8037598133087158,1.6882424354553223,0.8218789100646973,29.06031036376953
129.0,143.8000030517578,154.6999969482422,177.0,172.6999969482422,176.39999389648438,173.10000610351562,175.5,179.39999389648438,170.1999969482422,178.39999389648438,173.8000030517578,156.6999969482422,57.0,149.1999969482422,27.204483032226562,1.0218714475631714,1.6939131021499634,1.7703924179077148,1.6817444562911987,0.839738667011261,26.14167022705078
131.1999969482422,144.0,152.39999389648438,177.89999389648438,172.0,176.6999969482422,173.1999969482422,176.3000030517578,176.8000030517578,173.5,177.3000030517578,177.39999389648438,155.39999389648438,62.900001525878906,145.89999389648438,24.261262893676758,0.9735227227210999,1.6657369136810303,1.6967417001724243,1.6531485319137573,0.8164412379264832,24.137706756591797
132.60000610351562,144.8000030517578,151.3000030517578,178.10000610351562,171.6999969482422,173.89999389648438,172.60000610351562,177.60000610351562,174.89999389648438,174.39999389648438,179.89999389648438,176.10000610351562,155.5,64.4000015258789,141.60000610351562,22.95205307006836,0.9754512906074524,1.6532248258590698,1.6926449537277222,1.6444075107574463,0.8104270100593567,24.15382194519043
132.3000030517578,143.39999389648438,154.39999389648438,179.0,171.89999389648438,173.10000610351562,174.5,178.0,174.6999969482422,172.1999969482422,179.10000610351562,178.3000030517578,156.1999969482422,66.4000015258789,136.89999389648438,24.228797912597656,0.9837390780448914,1.6467102766036987,1.6866381168365479,1.630210041999817,0.8013332486152649,23.878671646118164
128.39999389648438,145.6999969482422,155.39999389648438,178.89999389648438,177.89999389648438,166.60000610351562,176.89999389648438,178.6999969482422,174.60000610351562,168.5,176.3000030517578,169.89999389648438,155.3000030517578,62.900001525878906,148.0,28.053918838500977,1.0456044673919678,1.6806378364562988,1.8228274583816528,1.6619549989700317,0.8326238393783569,28.063085556030273
128.89999389648438,146.1999969482422,151.6999969482422,179.6999969482422,179.39999389648438,167.3000030517578,177.89999389648438,177.10000610351562,177.39999389648438,168.3000030517578,175.10000610351562,167.1999969482422,158.60000610351562,60.20000076293945,140.89999389648438,27.90998649597168,1.0416762828826904,1.678059697151184,1.822872281074524,1.6573551893234253,0.8539711833000183,25.438875198364258
130.0,145.39999389648438,152.6999969482422,179.1999969482422,178.5,169.60000610351562,178.10000610351562,176.39999389648438,177.89999389648438,168.6999969482422,178.5,170.1999969482422,158.1999969482422,56.79999923706055,146.39999389648438,25.675525665283203,1.0187742710113525,1.6687389612197876,1.814932942390442,1.6469544172286987,0.8249281048774719,26.106077194213867
131.89999389648438,145.10000610351562,149.60000610351562,179.60000610351562,177.60000610351562,167.8000030517578,176.1999969482422,176.6999969482422,175.6999969482422,168.0,176.3000030517578,169.39999389648438,160.3000030517578,47.599998474121094,152.8000030517578,26.536968231201172,1.0321499109268188,1.6819827556610107,1.8233675956726074,1.6581217050552368,0.8242326974868774,26.642471313476562
132.89999389648438,142.0,151.8000030517578,177.1999969482422,179.89999389648438,166.10000610351562,176.3000030517578,176.3000030517578,176.5,166.39999389648438,177.5,169.10000610351562,158.60000610351562,51.400001525878906,151.10000610351562,26.01432228088379,1.0371193885803223,1.6880921125411987,1.8350768089294434,1.6730411052703857,0.8328032493591309,29.988536834716797
132.89999389648438,143.89999389648438,151.1999969482422,176.60000610351562,177.3000030517578,170.10000610351562,176.0,177.8000030517578,175.1999969482422,166.60000610351562,175.10000610351562,168.10000610351562,165.39999389648438,41.599998474121094,154.1999969482422,23.426271438598633,1.0311309099197388,1.6729968786239624,1.7913955450057983,1.6351985931396484,0.8516393303871155,25.85643768310547
133.8000030517578,144.0,151.39999389648438,175.5,177.39999389648438,169.8000030517578,175.10000610351562,178.6999969482422,174.5,166.8000030517578,176.3000030517578,169.1999969482422,164.5,44.900001525878906,148.0,24.95675277709961,1.0349352359771729,1.6699669361114502,1.7748903036117554,1.614957571029663,0.8454715609550476,23.94036102294922
134.3000030517578,144.5,150.60000610351562,175.89999389648438,175.1999969482422,169.8000030517578,174.0,179.60000610351562,174.60000610351562,168.0,174.6999969482422,169.10000610351562,164.39999389648438,57.29999923706055,139.5,23.987462997436523,1.0242722034454346,1.6795717477798462,1.7782485485076904,1.6159493923187256,0.8377169370651245,24.121219635009766
134.10000610351562,144.89999389648438,154.6999969482422,175.3000030517578,177.60000610351562,167.10000610351562,175.60000610351562,179.5,174.8000030517578,168.0,173.6999969482422,171.0,166.0,52.79999923706055,144.0,23.48797607421875,1.04190194606781,1.660593032836914,1.7636773586273193,1.6073943376541138,0.8650168180465698,22.557544708251953
134.0,145.6999969482422,156.6999969482422,173.5,175.8000030517578,167.1999969482422,177.1999969482422,177.60000610351562,175.10000610351562,168.39999389648438,172.39999389648438,168.39999389648438,165.39999389648438,44.0,148.8000030517578,27.38910675048828,1.0595967769622803,1.6685017347335815,1.7593750953674316,1.5921549797058105,0.8414534330368042,21.18634796142578
134.3000030517578,144.3000030517578,158.39999389648438,170.60000610351562,176.10000610351562,170.39999389648438,177.1999969482422,178.8000030517578,175.3000030517578,168.1999969482422,175.3000030517578,168.3000030517578,169.10000610351562,31.5,161.1999969482422,27.172134399414062,1.0865280628204346,1.696025013923645,1.7912120819091797,1.632912278175354,0.871903657913208,19.391382217407227
132.39999389648438,149.6999969482422,156.89999389648438,171.89999389648438,174.60000610351562,168.8000030517578,176.5,178.10000610351562,176.8000030517578,169.5,178.8000030517578,169.1999969482422,167.3000030517578,45.70000076293945,152.39999389648438,24.064250946044922,1.019066333770752,1.632594108581543,1.7356783151626587,1.564754605293274,0.842564582824707,19.458988189697266
132.8000030517578,148.8000030517578,154.39999389648438,173.1999969482422,177.6999969482422,166.6999969482422,175.1999969482422,176.0,178.8000030517578,169.10000610351562,177.8000030517578,166.10000610351562,162.89999389648438,49.400001525878906,151.60000610351562,23.777372360229492,1.028542399406433,1.640020728111267,1.7438733577728271,1.5689016580581665,0.82338947057724,22.51163673400879
131.6999969482422,148.8000030517578,146.8000030517578,179.39999389648438,178.1999969482422,170.3000030517578,177.39999389648438,177.1999969482422,179.39999389648438,174.10000610351562,177.0,166.60000610351562,156.5,89.4000015258789,116.5999984741211,25.01521873474121,1.0357626676559448,1.6552908420562744,1.8007142543792725,1.647453784942627,0.8590083122253418,21.551790237426758
133.1999969482422,146.39999389648438,146.5,179.5,178.89999389648438,173.39999389648438,177.6999969482422,178.5,179.1999969482422,176.60000610351562,177.6999969482422,166.60000610351562,156.6999969482422,92.9000015258789,114.69999694824219,21.02172088623047,1.0363287925720215,1.666016936302185,1.8404934406280518,1.687674641609192,0.8870159387588501,17.492923736572266
131.10000610351562,148.60000610351562,144.8000030517578,177.3000030517578,178.0,172.6999969482422,177.60000610351562,178.60000610351562,178.0,176.89999389648438,177.39999389648438,168.89999389648438,154.8000030517578,96.5,114.0999984741211,22.069671630859375,1.042841911315918,1.665063500404358,1.8365039825439453,1.6842474937438965,0.8948032259941101,22.3273868560791
135.60000610351562,144.1999969482422,143.10000610351562,177.6999969482422,178.60000610351562,175.39999389648438,177.8000030517578,178.6999969482422,178.1999969482422,178.6999969482422,176.5,171.0,157.3000030517578,88.30000305175781,119.80000305175781,20.124906539916992,1.056938648223877,1.7165374755859375,1.8803348541259766,1.7298022508621216,0.9144891500473022,16.61060333251953
136.5,144.39999389648438,142.6999969482422,177.5,177.8000030517578,176.5,178.3000030517578,178.5,178.5,179.5,176.8000030517578,171.0,157.0,93.5999984741211,115.19999694824219,18.190176010131836,1.0596318244934082,1.7089321613311768,1.8603469133377075,1.714876651763916,0.9298427104949951,17.322460174560547
137.1999969482422,143.1999969482422,144.0,178.10000610351562,179.10000610351562,175.1999969482422,177.8000030517578,178.8000030517578,179.3000030517578,179.89999389648438,178.8000030517578,171.1999969482422,159.60000610351562,81.30000305175781,124.5,16.456661224365234,1.050217866897583,1.7163653373718262,1.870988368988037,1.7256394624710083,0.9034237265586853,16.270681381225586
142.3000030517578,142.0,141.5,179.89999389648438,178.60000610351562,170.89999389648438,176.6999969482422,178.60000610351562,178.6999969482422,179.10000610351562,178.1999969482422,172.1999969482422,158.1999969482422,75.9000015258789,130.6999969482422,14.924298286437988,1.073231816291809,1.7374635934829712,1.8908369541168213,1.7575016021728516,0.9120892286300659,17.644861221313477
135.6999969482422,144.8000030517578,146.6999969482422,179.10000610351562,178.0,176.1999969482422,177.8000030517578,178.8000030517578,178.3000030517578,180.0,177.39999389648438,171.3000030517578,158.1999969482422,89.4000015258789,117.80000305175781,19.056880950927734,1.0543756484985352,1.7077205181121826,1.8675087690353394,1.7218271493911743,0.9162099361419678,15.81262493133545
135.8000030517578,150.39999389648438,144.60000610351562,179.60000610351562,179.89999389648438,169.10000610351562,176.6999969482422,174.6999969482422,177.5,179.89999389648438,177.39999389648438,164.6999969482422,157.3000030517578,100.69999694824219,109.5999984741211,15.393434524536133,1.0664290189743042,1.665547251701355,1.8190997838974,1.6660159826278687,0.9259548187255859,15.409821510314941
133.6999969482422,148.6999969482422,147.10000610351562,178.5,179.89999389648438,173.89999389648438,177.39999389648438,174.3000030517578,176.1999969482422,179.3000030517578,177.39999389648438,169.5,157.39999389648438,109.0,103.0,15.43274974822998,1.0529491901397705,1.6544198989868164,1.826493501663208,1.6699036359786987,0.9169289469718933,15.01491641998291
135.1999969482422,149.60000610351562,144.8000030517578,178.60000610351562,179.3000030517578,170.3000030517578,178.0,174.5,178.0,179.3000030517578,178.0,168.0,155.8000030517578,102.0,106.5999984741211,15.034796714782715,1.0394282341003418,1.625628113746643,1.80207097530365,1.6438664197921753,0.8827834725379944,17.01721954345703
135.6999969482422,147.3000030517578,144.10000610351562,178.1999969482422,178.89999389648438,174.5,178.8000030517578,173.6999969482422,178.10000610351562,179.5,178.1999969482422,170.6999969482422,155.60000610351562,105.9000015258789,103.19999694824219,14.966719627380371,1.0011173486709595,1.6095778942108154,1.7798388004302979,1.6291557550430298,0.8655352592468262,15.623579025268555
134.6999969482422,150.3000030517578,146.0,177.0,178.8000030517578,170.60000610351562,176.0,174.8000030517578,176.0,177.39999389648438,177.8000030517578,164.0,156.6999969482422,106.30000305175781,108.5999984741211,19.81825828552246,1.0445523262023926,1.672959327697754,1.8000767230987549,1.655960202217102,0.9022907018661499,15.701050758361816
136.39999389648438,148.6999969482422,144.8000030517578,177.8000030517578,177.1999969482422,173.5,176.89999389648438,174.89999389648438,177.10000610351562,177.3000030517578,178.89999389648438,167.89999389648438,160.6999969482422,99.5,109.30000305175781,17.837656021118164,1.0152963399887085,1.6576844453811646,1.7973237037658691,1.6346088647842407,0.8793596029281616,14.063152313232422
135.8000030517578,148.89999389648438,146.89999389648438,176.5,178.10000610351562,171.60000610351562,176.89999389648438,173.60000610351562,177.1999969482422,177.10000610351562,178.6999969482422,169.5,158.0,97.69999694824219,110.5,16.713096618652344,1.002718210220337,1.6177808046340942,1.7523462772369385,1.5975219011306763,0.8562226891517639,16.37374496459961
133.5,150.0,148.8000030517578,177.1999969482422,176.8000030517578,171.3000030517578,177.5,171.3000030517578,177.1999969482422,177.6999969482422,174.3000030517578,166.60000610351562,155.60000610351562,88.9000015258789,121.9000015258789,22.32256507873535,1.0249884128570557,1.6493158340454102,1.7667810916900635,1.6109381914138794,0.8382902145385742,17.316633224487305
135.60000610351562,147.10000610351562,152.0,175.5,174.3000030517578,173.10000610351562,176.0,172.1999969482422,177.60000610351562,174.5,178.1999969482422,174.89999389648438,164.8000030517578,59.70000076293945,136.6999969482422,19.703283309936523,1.0248839855194092,1.622011423110962,1.7111634016036987,1.567994236946106,0.8313755989074707,21.258699417114258
135.1999969482422,146.3000030517578,154.60000610351562,173.60000610351562,175.10000610351562,170.39999389648438,175.5,173.6999969482422,179.89999389648438,174.60000610351562,175.89999389648438,171.89999389648438,166.10000610351562,47.0,144.89999389648438,21.634193420410156,1.0142552852630615,1.620579481124878,1.7217694520950317,1.5621452331542969,0.8198829293251038,22.913671493530273
136.1999969482422,147.1999969482422,152.89999389648438,173.8000030517578,174.5,171.1999969482422,174.6999969482422,177.0,176.3000030517578,174.60000610351562,175.89999389648438,169.3000030517578,164.89999389648438,47.0,148.3000030517578,20.93028450012207,1.035416841506958,1.6379473209381104,1.7317081689834595,1.5730197429656982,0.8081105947494507,23.606700897216797
133.39999389648438,148.89999389648438,154.89999389648438,173.10000610351562,175.1999969482422,171.10000610351562,176.60000610351562,173.39999389648438,177.6999969482422,174.8000030517578,176.5,172.89999389648438,163.60000610351562,52.20000076293945,145.3000030517578,20.99390983581543,1.0113935470581055,1.6084420680999756,1.693157434463501,1.5329457521438599,0.8003703355789185,23.6455135345459
136.10000610351562,148.1999969482422,156.10000610351562,171.89999389648438,174.1999969482422,169.10000610351562,174.6999969482422,173.6999969482422,179.5,173.39999389648438,177.0,168.10000610351562,167.60000610351562,46.0,147.89999389648438,21.42608070373535,1.0332509279251099,1.62214195728302,1.7169121503829956,1.540830373764038,0.800653338432312,23.432092666625977
135.5,147.10000610351562,156.3000030517578,172.89999389648438,173.3000030517578,172.1999969482422,175.3000030517578,173.89999389648438,178.89999389648438,173.1999969482422,177.6999969482422,172.8000030517578,170.39999389648438,33.79999923706055,152.6999969482422,22.80270767211914,1.038626790046692,1.6295931339263916,1.717740535736084,1.5576874017715454,0.8269873857498169,23.313854217529297
133.10000610351562,148.0,157.89999389648438,172.0,173.3000030517578,170.3000030517578,175.5,174.10000610351562,178.1999969482422,173.39999389648438,177.8000030517578,171.39999389648438,169.6999969482422,43.20000076293945,152.6999969482422,24.33710479736328,1.0380114316940308,1.6285697221755981,1.71712327003479,1.5557252168655396,0.843302845954895,22.234270095825195
135.5,147.39999389648438,155.39999389648438,173.10000610351562,174.10000610351562,170.1999969482422,175.3000030517578,176.0,178.5,174.39999389648438,176.10000610351562,167.10000610351562,170.10000610351562,40.20000076293945,147.10000610351562,22.293193817138672,1.0358904600143433,1.6385400295257568,1.7291327714920044,1.5589522123336792,0.8321527242660522,21.37287712097168
133.10000610351562,149.39999389648438,153.5,173.5,176.0,170.6999969482422,176.0,175.8000030517578,178.0,174.5,176.6999969482422,169.6999969482422,157.8000030517578,64.0,142.0,20.347637176513672,1.0276373624801636,1.6175769567489624,1.732587456703186,1.5746238231658936,0.8100768327713013,23.435810089111328
132.39999389648438,149.6999969482422,148.3000030517578,178.1999969482422,176.89999389648438,171.89999389648438,177.3000030517578,176.1999969482422,179.89999389648438,177.10000610351562,176.39999389648438,166.3000030517578,156.0,95.0999984741211,117.0,22.156339645385742,1.0489872694015503,1.6745598316192627,1.8140645027160645,1.6558289527893066,0.8958513140678406,16.453500747680664
134.0,150.60000610351562,147.60000610351562,178.39999389648438,177.89999389648438,171.6999969482422,175.89999389648438,176.8000030517578,178.60000610351562,175.89999389648438,179.5,167.60000610351562,156.89999389648438,101.4000015258789,107.0999984741211,20.45197296142578,1.0780365467071533,1.6675288677215576,1.819400429725647,1.6562482118606567,0.9143148064613342,16.531803131103516
138.5,147.1999969482422,140.10000610351562,176.89999389648438,179.8000030517578,172.0,175.3000030517578,177.1999969482422,179.6999969482422,177.8000030517578,177.39999389648438,167.89999389648438,155.0,115.4000015258789,99.5,15.034557342529297,1.059905767440796,1.6841628551483154,1.8514963388442993,1.699846625328064,0.9510077238082886,15.423481941223145
142.89999389648438,146.6999969482422,135.8000030517578,179.39999389648438,174.60000610351562,174.89999389648438,177.3000030517578,178.0,177.3000030517578,177.3000030517578,176.0,165.89999389648438,160.39999389648438,105.30000305175781,104.80000305175781,14.248486518859863,1.0247926712036133,1.6920223236083984,1.8611509799957275,1.6866856813430786,0.955474853515625,17.884904861450195
145.6999969482422,142.5,135.89999389648438,179.60000610351562,176.89999389648438,169.8000030517578,177.3000030517578,177.39999389648438,179.5,178.60000610351562,175.8000030517578,167.60000610351562,166.0,70.19999694824219,130.3000030517578,4.4135050773620605,0.9617018103599548,1.6407181024551392,1.8164558410644531,1.6483162641525269,0.8545007109642029,15.736734390258789
144.3000030517578,145.5,136.0,177.60000610351562,176.89999389648438,168.89999389648438,176.60000610351562,175.5,178.10000610351562,179.3000030517578,174.39999389648438,166.8000030517578,166.6999969482422,87.5,109.19999694824219,8.92396354675293,0.988433301448822,1.646873116493225,1.8031952381134033,1.6573954820632935,0.8894355893135071,11.976768493652344
147.3000030517578,142.1999969482422,135.39999389648438,177.89999389648438,176.1999969482422,171.10000610351562,177.39999389648438,176.5,177.60000610351562,179.1999969482422,176.10000610351562,167.39999389648438,166.8000030517578,83.4000015258789,114.5999984741211,6.796380043029785,0.9677764773368835,1.62186598777771,1.7794705629348755,1.626073956489563,0.8749473690986633,14.649045944213867
148.1999969482422,141.8000030517578,139.3000030517578,176.8000030517578,176.0,167.8000030517578,176.0,175.0,176.6999969482422,178.10000610351562,175.5,166.5,167.3000030517578,65.0,130.0,9.483396530151367,1.0031136274337769,1.6313681602478027,1.7866764068603516,1.6374831199645996,0.8739660978317261,14.910377502441406
145.8000030517578,141.6999969482422,138.6999969482422,178.10000610351562,172.1999969482422,173.5,177.10000610351562,176.5,178.1999969482422,172.8000030517578,176.60000610351562,168.5,166.8000030517578,76.0999984741211,121.4000015258789,10.461141586303711,1.015372395515442,1.6418505907058716,1.7871094942092896,1.6484640836715698,0.8948211073875427,19.030662536621094
146.10000610351562,141.0,138.39999389648438,177.0,174.1999969482422,172.89999389648438,177.89999389648438,176.89999389648438,178.8000030517578,174.1999969482422,177.1999969482422,168.60000610351562,164.8000030517578,65.4000015258789,130.8000030517578,10.288299560546875,1.011552095413208,1.6312332153320312,1.782082438468933,1.6489613056182861,0.8875550627708435,19.196134567260742
145.39999389648438,143.3000030517578,137.89999389648438,175.39999389648438,174.89999389648438,174.39999389648438,178.60000610351562,178.0,178.0,174.5,177.39999389648438,167.89999389648438,168.1999969482422,66.4000015258789,128.1999969482422,14.594151496887207,1.0441222190856934,1.6597466468811035,1.7956156730651855,1.6693345308303833,0.9421463012695312,16.26980209350586
150.5,140.89999389648438,145.3000030517578,175.0,176.6999969482422,169.8000030517578,178.10000610351562,174.89999389648438,173.5,174.10000610351562,179.39999389648438,167.0,170.60000610351562,53.599998474121094,135.89999389648438,14.291460037231445,1.0934511423110962,1.6504756212234497,1.7951548099517822,1.6753770112991333,0.9331538081169128,14.620674133300781
151.3000030517578,144.0,140.60000610351562,175.0,175.89999389648438,166.8000030517578,177.8000030517578,175.3000030517578,175.60000610351562,174.8000030517578,179.6999969482422,170.3000030517578,166.39999389648438,65.0999984741211,127.69999694824219,14.906230926513672,1.0882452726364136,1.6528058052062988,1.7943402528762817,1.6771804094314575,0.9276752471923828,14.110699653625488
145.3000030517578,143.5,138.0,176.3000030517578,175.10000610351562,171.60000610351562,177.89999389648438,176.89999389648438,176.1999969482422,175.8000030517578,178.5,169.10000610351562,164.6999969482422,81.80000305175781,115.0999984741211,9.959236145019531,1.0184112787246704,1.6311469078063965,1.793282389640808,1.6649293899536133,0.9130961894989014,17.311532974243164
145.89999389648438,142.8000030517578,138.60000610351562,177.5,171.5,180.0,178.6999969482422,178.10000610351562,175.89999389648438,175.39999389648438,177.6999969482422,170.8000030517578,167.0,81.30000305175781,118.69999694824219,10.96766471862793,1.020172119140625,1.655314564704895,1.806455135345459,1.6755125522613525,0.9450749754905701,17.475427627563477
146.8000030517578,143.0,134.10000610351562,176.3000030517578,175.10000610351562,172.39999389648438,178.1999969482422,176.8000030517578,176.39999389648438,176.89999389648438,177.10000610351562,167.89999389648438,165.6999969482422,76.0,119.9000015258789,10.577784538269043,0.9896092414855957,1.6339404582977295,1.7900972366333008,1.6598888635635376,0.9112533926963806,16.685564041137695
148.8000030517578,140.5,137.89999389648438,173.10000610351562,175.0,172.5,178.5,175.6999969482422,176.89999389648438,175.8000030517578,178.39999389648438,170.6999969482422,169.89999389648438,57.900001525878906,133.0,11.209087371826172,0.9861040711402893,1.5876108407974243,1.7386754751205444,1.5926856994628906,0.8503763675689697,19.975725173950195
148.89999389648438,139.8000030517578,138.8000030517578,173.10000610351562,174.5,169.1999969482422,178.89999389648438,174.60000610351562,177.0,175.1999969482422,178.0,167.39999389648438,168.0,40.5,149.10000610351562,11.019793510437012,0.9791327714920044,1.5867840051651,1.738390564918518,1.5812705755233765,0.7974399924278259,20.334060668945312
150.39999389648438,140.8000030517578,138.3000030517578,173.0,176.10000610351562,169.5,178.89999389648438,174.39999389648438,175.8000030517578,175.3000030517578,179.39999389648438,167.6999969482422,167.6999969482422,41.70000076293945,147.3000030517578,11.806939125061035,0.9939424395561218,1.5878517627716064,1.7316160202026367,1.579147458076477,0.8254684805870056,19.024585723876953
150.1999969482422,140.6999969482422,139.8000030517578,173.5,175.1999969482422,170.60000610351562,178.0,175.0,176.6999969482422,174.8000030517578,178.8000030517578,167.60000610351562,169.0,35.20000076293945,154.1999969482422,12.604842185974121,1.0157233476638794,1.6047033071517944,1.7413674592971802,1.5877195596694946,0.8172744512557983,22.33523178100586
150.39999389648438,140.0,139.5,171.6999969482422,174.60000610351562,169.39999389648438,177.89999389648438,173.89999389648438,176.10000610351562,173.39999389648438,179.8000030517578,166.39999389648438,168.1999969482422,26.100000381469727,161.0,13.67605209350586,1.0012845993041992,1.601260781288147,1.7469992637634277,1.5830901861190796,0.773360550403595,21.705846786499023
148.6999969482422,143.39999389648438,141.8000030517578,173.39999389648438,178.1999969482422,170.39999389648438,178.39999389648438,176.0,177.8000030517578,177.1999969482422,178.6999969482422,169.89999389648438,168.1999969482422,86.80000305175781,111.80000305175781,12.105113983154297,1.0683112144470215,1.6246390342712402,1.7544834613800049,1.6132440567016602,0.9312701225280762,15.631694793701172
148.8000030517578,145.8000030517578,143.0,177.1999969482422,176.6999969482422,169.1999969482422,177.3000030517578,176.89999389648438,176.1999969482422,178.39999389648438,178.6999969482422,169.3000030517578,164.89999389648438,102.5,94.30000305175781,9.072447776794434,1.0579568147659302,1.6197813749313354,1.76265287399292,1.6403355598449707,0.9301436543464661,13.654864311218262
149.8000030517578,145.1999969482422,143.5,176.3000030517578,175.8000030517578,169.39999389648438,177.89999389648438,173.89999389648438,173.8000030517578,177.8000030517578,179.10000610351562,169.3000030517578,167.3000030517578,76.19999694824219,117.5999984741211,11.580928802490234,1.0753601789474487,1.6532882452011108,1.7771285772323608,1.665274739265442,0.9242368340492249,13.920186996459961
149.5,144.89999389648438,143.6999969482422,177.5,177.8000030517578,170.39999389648438,178.5,176.5,174.10000610351562,179.10000610351562,179.1999969482422,169.60000610351562,165.8000030517578,95.69999694824219,100.9000015258789,11.230402946472168,1.0936321020126343,1.6488285064697266,1.783581256866455,1.6795071363449097,0.9481640458106995,10.996905326843262
150.10000610351562,144.5,143.8000030517578,178.1999969482422,176.8000030517578,168.39999389648438,178.60000610351562,175.1999969482422,173.89999389648438,179.0,179.5,169.10000610351562,164.3000030517578,90.4000015258789,106.0,10.01554012298584,1.0694280862808228,1.6390793323516846,1.76921546459198,1.6611543893814087,0.9253436923027039,12.689992904663086
150.60000610351562,144.39999389648438,147.89999389648438,177.8000030517578,177.1999969482422,169.1999969482422,178.5,173.89999389648438,174.6999969482422,178.89999389648438,179.60000610351562,169.8000030517578,163.60000610351562,103.19999694824219,96.19999694824219,11.834092140197754,1.107288122177124,1.6610924005508423,1.8022949695587158,1.697533369064331,0.9567047357559204,11.265607833862305
150.0,145.1999969482422,144.3000030517578,177.3000030517578,176.89999389648438,170.39999389648438,177.5,174.5,173.6999969482422,177.5,179.60000610351562,169.6999969482422,164.39999389648438,94.19999694824219,103.30000305175781,10.098212242126465,1.0773484706878662,1.64095938205719,1.7937935590744019,1.6789233684539795,0.9217846989631653,11.304588317871094
148.89999389648438,144.1999969482422,140.3000030517578,176.10000610351562,178.39999389648438,167.5,178.39999389648438,175.89999389648438,175.6999969482422,178.0,179.39999389648438,168.5,166.39999389648438,71.4000015258789,122.19999694824219,9.651863098144531,1.0325424671173096,1.6268646717071533,1.766592025756836,1.6396024227142334,0.8898824453353882,13.795780181884766
149.60000610351562,142.89999389648438,138.5,175.39999389648438,178.10000610351562,165.5,178.39999389648438,175.60000610351562,178.5,176.5,178.60000610351562,167.0,166.89999389648438,74.69999694824219,117.19999694824219,12.054019927978516,1.023435354232788,1.6316217184066772,1.7739289999008179,1.6409621238708496,0.8842375874519348,15.248906135559082
147.10000610351562,141.6999969482422,131.1999969482422,175.6999969482422,174.1999969482422,171.1999969482422,177.10000610351562,177.5,178.6999969482422,176.3000030517578,178.39999389648438,168.89999389648438,165.1999969482422,73.5999984741211,121.80000305175781,6.454474925994873,0.9336152672767639,1.5880708694458008,1.7527498006820679,1.601859450340271,0.8413074612617493,17.0871639251709
142.6999969482422,143.6999969482422,132.6999969482422,176.1999969482422,175.89999389648438,175.6999969482422,178.8000030517578,176.1999969482422,179.5,175.5,177.6999969482422,169.8000030517578,166.39999389648438,92.4000015258789,106.4000015258789,10.657434463500977,0.9566166996955872,1.6413767337799072,1.7873733043670654,1.651087999343872,0.9311150312423706,17.998411178588867
142.6999969482422,144.3000030517578,132.10000610351562,177.10000610351562,171.1999969482422,179.3000030517578,178.10000610351562,174.60000610351562,179.8000030517578,173.1999969482422,177.8000030517578,178.3000030517578,164.60000610351562,137.8000030517578,71.30000305175781,15.59121322631836,0.9860005378723145,1.6794408559799194,1.8037029504776,1.669088363647461,1.0573261976242065,18.617910385131836
138.5,145.3000030517578,132.0,179.5,168.8000030517578,179.3000030517578,179.6999969482422,172.8000030517578,178.3000030517578,173.0,175.60000610351562,179.10000610351562,161.89999389648438,125.0999984741211,81.19999694824219,15.994356155395508,0.9567080736160278,1.667386770248413,1.8152179718017578,1.6688776016235352,0.9845742583274841,21.12483024597168
139.60000610351562,144.10000610351562,135.89999389648438,175.10000610351562,174.89999389648438,171.89999389648438,177.89999389648438,176.8000030517578,176.60000610351562,177.39999389648438,175.3000030517578,168.5,163.8000030517578,70.4000015258789,129.1999969482422,12.70800495147705,0.9429808855056763,1.62269127368927,1.763555884361267,1.6062763929367065,0.8583317399024963,19.762510299682617
142.3000030517578,146.6999969482422,135.39999389648438,175.6999969482422,175.0,173.60000610351562,178.6999969482422,176.8000030517578,178.10000610351562,176.60000610351562,177.1999969482422,170.8000030517578,163.6999969482422,105.0,102.4000015258789,12.800352096557617,0.9906298518180847,1.6437145471572876,1.7999567985534668,1.6444034576416016,0.9485862851142883,18.140230178833008
144.89999389648438,144.3000030517578,140.1999969482422,177.60000610351562,175.1999969482422,171.5,179.6999969482422,178.10000610351562,178.5,175.89999389648438,179.89999389648438,171.89999389648438,162.3000030517578,68.19999694824219,131.3000030517578,12.060296058654785,1.0070247650146484,1.628690481185913,1.7865866422653198,1.626194953918457,0.8738222718238831,21.988645553588867
147.3000030517578,140.89999389648438,139.1999969482422,178.5,177.39999389648438,167.39999389648438,178.6999969482422,175.6999969482422,177.60000610351562,176.6999969482422,178.5,167.8000030517578,166.3000030517578,29.399999618530273,166.39999389648438,10.950206756591797,0.9818752408027649,1.6223952770233154,1.7977545261383057,1.639860987663269,0.795167863368988,25.116146087646484
149.10000610351562,140.1999969482422,135.6999969482422,177.39999389648438,176.39999389648438,169.0,179.8000030517578,178.0,178.5,178.10000610351562,176.89999389648438,169.39999389648438,166.60000610351562,39.5,155.1999969482422,8.044051170349121,0.9453814029693604,1.5953516960144043,1.7637865543365479,1.5992523431777954,0.7899097204208374,23.244844436645508
148.8000030517578,141.3000030517578,134.6999969482422,178.39999389648438,173.5,177.0,179.1999969482422,176.6999969482422,176.1999969482422,179.0,178.5,171.10000610351562,167.60000610351562,69.4000015258789,129.5,14.48371410369873,1.0006811618804932,1.6492451429367065,1.7950984239578247,1.6476374864578247,0.9177400469779968,21.8169002532959
149.6999969482422,139.89999389648438,131.89999389648438,177.1999969482422,174.6999969482422,174.8000030517578,179.8000030517578,177.60000610351562,177.10000610351562,179.5,179.3000030517578,168.3000030517578,168.6999969482422,58.70000076293945,136.5,11.00699520111084,0.97121661901474,1.6430890560150146,1.785099744796753,1.635245442390442,0.8868429064750671,19.06983184814453
143.1999969482422,141.3000030517578,136.39999389648438,177.89999389648438,173.60000610351562,174.5,179.1999969482422,176.10000610351562,178.0,172.0,180.0,168.89999389648438,168.8000030517578,56.5,138.5,14.083666801452637,0.9912604093551636,1.6301732063293457,1.8084527254104614,1.6428700685501099,0.8893551230430603,23.67143440246582
144.60000610351562,141.5,136.60000610351562,177.60000610351562,175.89999389648438,170.1999969482422,179.0,177.60000610351562,177.6999969482422,173.5,179.5,166.89999389648438,167.89999389648438,57.900001525878906,138.6999969482422,14.020627975463867,1.0062479972839355,1.637555718421936,1.8064875602722168,1.6501024961471558,0.9023825526237488,21.77467918395996
145.60000610351562,140.6999969482422,138.60000610351562,177.0,175.60000610351562,168.10000610351562,179.60000610351562,177.5,178.5,172.3000030517578,178.10000610351562,165.5,169.3000030517578,43.20000076293945,151.0,12.104342460632324,0.9931508302688599,1.6205244064331055,1.7835373878479004,1.6218208074569702,0.8734025955200195,21.380613327026367
146.8000030517578,140.5,137.60000610351562,176.8000030517578,174.39999389648438,172.3000030517578,177.5,175.5,175.1999969482422,170.89999389648438,179.5,168.1999969482422,171.0,41.5,149.5,11.365992546081543,0.9938502311706543,1.6268608570098877,1.7660616636276245,1.6176142692565918,0.8409150838851929,23.650794982910156
148.3000030517578,140.60000610351562,142.1999969482422,175.3000030517578,176.39999389648438,168.6999969482422,174.39999389648438,173.1999969482422,173.5,171.5,178.3000030517578,166.89999389648438,168.39999389648438,35.099998474121094,155.6999969482422,12.197275161743164,1.0253148078918457,1.6325047016143799,1.781564712524414,1.631481409072876,0.8315460085868835,22.000579833984375
147.3000030517578,142.5,141.89999389648438,179.1999969482422,177.1999969482422,170.89999389648438,174.60000610351562,174.89999389648438,177.89999389648438,174.3000030517578,176.89999389648438,170.8000030517578,167.0,49.0,146.5,8.732279777526855,1.0445904731750488,1.6471458673477173,1.7759817838668823,1.6409462690353394,0.8438289165496826,20.26374626159668
147.39999389648438,143.10000610351562,143.39999389648438,178.60000610351562,178.89999389648438,169.5,173.6999969482422,174.39999389648438,174.3000030517578,174.5,179.0,170.3000030517578,165.6999969482422,45.5,147.39999389648438,8.199996948242188,1.0468950271606445,1.6274304389953613,1.7567486763000488,1.6202415227890015,0.8479786515235901,19.44463539123535
148.6999969482422,143.1999969482422,145.6999969482422,178.60000610351562,178.6999969482422,172.5,175.39999389648438,172.6999969482422,172.6999969482422,175.5,178.60000610351562,170.1999969482422,168.10000610351562,54.0,136.8000030517578,8.903576850891113,1.0525398254394531,1.6118171215057373,1.7367832660675049,1.6177940368652344,0.8659584522247314,16.1353702545166
148.5,142.5,148.0,179.0,179.8000030517578,169.3000030517578,175.8000030517578,174.1999969482422,174.5,176.5,179.3000030517578,170.6999969482422,165.0,67.5999984741211,127.19999694824219,9.62718391418457,1.0569746494293213,1.613713264465332,1.7401204109191895,1.617027997970581,0.8543558716773987,16.4215145111084
149.60000610351562,141.60000610351562,147.89999389648438,177.39999389648438,178.39999389648438,170.60000610351562,175.3000030517578,172.10000610351562,172.3000030517578,175.3000030517578,180.0,168.3000030517578,163.89999389648438,46.20000076293945,146.5,9.838998794555664,1.0471088886260986,1.5990766286849976,1.7211105823516846,1.6033437252044678,0.8198830485343933,18.79671287536621
149.5,143.39999389648438,145.5,179.10000610351562,178.8000030517578,167.1999969482422,176.6999969482422,172.6999969482422,176.3000030517578,176.0,179.89999389648438,173.8000030517578,162.5,58.20000076293945,135.8000030517578,9.678457260131836,1.044162392616272,1.600694179534912,1.7124484777450562,1.58287513256073,0.8242042660713196,19.73177146911621
150.6999969482422,143.39999389648438,145.39999389648438,179.0,178.60000610351562,167.89999389648438,177.3000030517578,171.6999969482422,174.5,176.6999969482422,179.3000030517578,172.3000030517578,160.5,50.400001525878906,146.1999969482422,7.515696048736572,1.0376540422439575,1.588294267654419,1.6965954303741455,1.5744330883026123,0.7939233779907227,21.680456161499023
148.10000610351562,144.5,142.5,179.6999969482422,178.8000030517578,171.8000030517578,177.6999969482422,175.39999389648438,177.0,177.3000030517578,179.5,173.3000030517578,163.8000030517578,79.5,119.69999694824219,8.899149894714355,1.0582515001296997,1.6279288530349731,1.7302279472351074,1.620059847831726,0.876105785369873,20.267013549804688
150.3000030517578,143.0,141.8000030517578,179.10000610351562,178.39999389648438,167.39999389648438,177.10000610351562,172.1999969482422,175.89999389648438,176.8000030517578,178.3000030517578,173.0,163.0,65.69999694824219,126.30000305175781,9.777161598205566,1.038643479347229,1.5947431325912476,1.71311616897583,1.5961178541183472,0.8272417783737183,19.407207489013672
149.8000030517578,142.3000030517578,143.60000610351562,178.6999969482422,177.8000030517578,169.1999969482422,176.89999389648438,173.6999969482422,177.89999389648438,177.0,179.60000610351562,173.8000030517578,162.39999389648438,82.69999694824219,113.4000015258789,8.114834785461426,1.0301251411437988,1.5906723737716675,1.7022801637649536,1.576154112815857,0.8429276943206787,17.583791732788086
148.89999389648438,143.0,143.1999969482422,179.0,177.0,171.60000610351562,177.8000030517578,173.1999969482422,177.5,176.89999389648438,179.8000030517578,174.3000030517578,163.8000030517578,74.80000305175781,121.69999694824219,7.237058639526367,1.0367015600204468,1.5949375629425049,1.6994246244430542,1.5828408002853394,0.8401495218276978,21.403629302978516
148.1999969482422,142.89999389648438,142.1999969482422,179.10000610351562,177.0,169.6999969482422,176.5,173.5,175.60000610351562,175.8000030517578,179.89999389648438,171.10000610351562,162.10000610351562,55.79999923706055,137.8000030517578,8.320699691772461,1.005338191986084,1.5694133043289185,1.6864452362060547,1.5568195581436157,0.7982177138328552,18.99549674987793
148.10000610351562,142.3000030517578,142.6999969482422,178.5,178.6999969482422,167.10000610351562,176.0,174.3000030517578,175.3000030517578,175.5,179.8000030517578,170.6999969482422,161.5,56.29999923706055,139.60000610351562,7.19801664352417,0.9840841889381409,1.5569061040878296,1.6738847494125366,1.5403358936309814,0.778353214263916,19.482402801513672
150.10000610351562,141.8000030517578,142.1999969482422,178.39999389648438,177.89999389648438,168.60000610351562,177.8000030517578,172.89999389648438,176.39999389648438,176.1999969482422,179.5,172.39999389648438,162.60000610351562,57.5,137.0,7.959812164306641,0.9986966252326965,1.568214774131775,1.6681548357009888,1.5468244552612305,0.7865588665008545,18.48181915283203
147.6999969482422,142.3000030517578,144.8000030517578,178.89999389648438,176.89999389648438,169.8000030517578,176.8000030517578,174.39999389648438,177.39999389648438,176.0,179.1999969482422,172.89999389648438,162.89999389648438,62.20000076293945,131.0,7.823312282562256,1.0174572467803955,1.5798804759979248,1.7014614343643188,1.5836362838745117,0.8091232776641846,20.776470184326172
146.89999389648438,142.8000030517578,142.6999969482422,178.89999389648438,177.8000030517578,173.5,176.5,175.39999389648438,175.1999969482422,176.89999389648438,178.3000030517578,171.6999969482422,164.89999389648438,82.30000305175781,114.4000015258789,6.427069664001465,0.988800585269928,1.5747090578079224,1.6878180503845215,1.5627961158752441,0.8360090255737305,21.006330490112305
148.5,142.6999969482422,141.39999389648438,177.89999389648438,177.8000030517578,168.10000610351562,176.6999969482422,172.6999969482422,176.8000030517578,175.5,179.3000030517578,172.8000030517578,162.0,59.79999923706055,134.10000610351562,5.908700942993164,0.9817701578140259,1.5585740804672241,1.6702316999435425,1.5457597970962524,0.7759748697280884,20.964767456054688
147.8000030517578,142.6999969482422,142.8000030517578,177.8000030517578,177.1999969482422,168.6999969482422,175.89999389648438,175.1999969482422,177.8000030517578,175.10000610351562,179.89999389648438,170.89999389648438,163.5,64.69999694824219,128.5,9.071579933166504,0.9967821836471558,1.5718066692352295,1.6952307224273682,1.55845308303833,0.8044836521148682,19.238271713256836
147.5,141.60000610351562,147.5,179.10000610351562,175.0,176.5,176.60000610351562,176.60000610351562,179.10000610351562,175.1999969482422,179.39999389648438,173.5,167.1999969482422,64.69999694824219,130.89999389648438,12.139518737792969,1.0837843418121338,1.6488546133041382,1.755204677581787,1.6303759813308716,0.899700939655304,21.020559310913086
147.89999389648438,140.5,145.8000030517578,177.60000610351562,176.39999389648438,175.60000610351562,176.3000030517578,175.60000610351562,177.60000610351562,175.0,179.3000030517578,174.6999969482422,167.3000030517578,66.0999984741211,129.39999389648438,7.239993095397949,1.0302284955978394,1.606163740158081,1.731606364250183,1.6017612218856812,0.860369086265564,19.008041381835938
148.60000610351562,141.10000610351562,144.8000030517578,180.0,174.60000610351562,173.60000610351562,177.6999969482422,174.8000030517578,177.0,175.8000030517578,179.6999969482422,172.60000610351562,168.0,67.0999984741211,131.1999969482422,10.336094856262207,1.059526801109314,1.6634111404418945,1.7691829204559326,1.6345150470733643,0.8797504901885986,20.334537506103516
148.60000610351562,141.8000030517578,141.3000030517578,178.60000610351562,176.5,172.10000610351562,176.1999969482422,174.8000030517578,177.3000030517578,174.39999389648438,179.89999389648438,171.6999969482422,166.5,62.099998474121094,130.6999969482422,7.217247486114502,1.01941978931427,1.5991688966751099,1.7351412773132324,1.603556513786316,0.8430569767951965,17.54753303527832
147.89999389648438,142.60000610351562,140.6999969482422,178.5,177.60000610351562,169.89999389648438,176.3000030517578,176.5,179.39999389648438,175.8000030517578,177.3000030517578,169.60000610351562,164.1999969482422,77.19999694824219,118.80000305175781,10.197333335876465,1.0332351922988892,1.615602970123291,1.7521783113479614,1.6242685317993164,0.8719561100006104,17.664737701416016
147.39999389648438,144.3000030517578,145.3000030517578,179.89999389648438,177.10000610351562,169.3000030517578,176.39999389648438,174.39999389648438,176.6999969482422,175.6999969482422,178.5,171.0,166.1999969482422,73.4000015258789,121.0,12.295496940612793,1.0854198932647705,1.6665353775024414,1.8026747703552246,1.6742260456085205,0.9049811363220215,16.654964447021484
148.3000030517578,142.60000610351562,143.3000030517578,178.1999969482422,177.39999389648438,168.5,176.60000610351562,174.39999389648438,176.60000610351562,174.89999389648438,177.1999969482422,168.39999389648438,170.3000030517578,34.5,155.1999969482422,13.237913131713867,1.0475398302078247,1.6502765417099,1.7777297496795654,1.6440058946609497,0.8614951372146606,18.59508514404297
143.3000030517578,146.6999969482422,141.8000030517578,178.5,169.39999389648438,179.60000610351562,177.6999969482422,174.3000030517578,177.60000610351562,171.5,176.89999389648438,173.1999969482422,174.3000030517578,29.700000762939453,159.89999389648438,16.57246208190918,1.0645567178726196,1.6826837062835693,1.7996890544891357,1.6377801895141602,0.9822332859039307,22.269731521606445
144.10000610351562,145.8000030517578,146.60000610351562,173.5,171.60000610351562,173.10000610351562,176.0,174.0,178.10000610351562,171.89999389648438,174.60000610351562,170.10000610351562,179.39999389648438,7.900000095367432,166.6999969482422,12.575309753417969,1.041872501373291,1.665643572807312,1.7835566997528076,1.6346083879470825,0.8869205117225647,20.36077117919922
141.39999389648438,146.39999389648438,148.1999969482422,171.1999969482422,174.60000610351562,171.0,175.39999389648438,173.89999389648438,173.60000610351562,172.1999969482422,175.5,166.3000030517578,179.6999969482422,6.099999904632568,170.0,17.237791061401367,1.0512642860412598,1.6677255630493164,1.7854048013687134,1.6362916231155396,0.8858587145805359,21.64599609375
142.1999969482422,147.3000030517578,145.5,175.1999969482422,172.10000610351562,170.5,176.3000030517578,172.6999969482422,175.6999969482422,171.3000030517578,176.5,168.89999389648438,179.39999389648438,8.699999809265137,173.89999389648438,13.761255264282227,1.0434199571609497,1.6634620428085327,1.7888915538787842,1.6439884901046753,0.9255497455596924,21.421281814575195
141.8000030517578,147.10000610351562,146.8000030517578,175.6999969482422,169.0,173.1999969482422,178.10000610351562,171.5,176.10000610351562,170.89999389648438,177.8000030517578,172.89999389648438,176.8000030517578,14.600000381469727,171.8000030517578,16.44580841064453,1.0572737455368042,1.67459237575531,1.8262981176376343,1.6674280166625977,0.9330103993415833,20.465055465698242
138.39999389648438,150.39999389648438,145.8000030517578,173.39999389648438,171.6999969482422,171.60000610351562,176.89999389648438,170.39999389648438,175.10000610351562,167.6999969482422,174.5,176.0,178.89999389648438,4.599999904632568,176.39999389648438,22.222694396972656,1.0640299320220947,1.67159104347229,1.8094074726104736,1.6429280042648315,0.8973125219345093,27.947139739990234
140.0,146.39999389648438,150.8000030517578,169.6999969482422,172.6999969482422,172.1999969482422,175.0,175.0,176.89999389648438,169.0,179.8000030517578,170.3000030517578,179.10000610351562,4.599999904632568,169.6999969482422,16.345304489135742,1.0693819522857666,1.6646924018859863,1.7803964614868164,1.6259483098983765,0.8526439666748047,26.678638458251953
143.0,145.1999969482422,147.5,171.6999969482422,175.10000610351562,169.8000030517578,176.8000030517578,174.10000610351562,175.39999389648438,170.8000030517578,180.0,166.60000610351562,174.10000610351562,10.100000381469727,173.1999969482422,14.5210599899292,1.0477005243301392,1.6421422958374023,1.788936972618103,1.6259689331054688,0.8522807359695435,22.42768669128418
146.10000610351562,144.0,145.3000030517578,172.89999389648438,173.0,170.39999389648438,176.3000030517578,173.3000030517578,180.0,172.89999389648438,172.60000610351562,170.1999969482422,176.3000030517578,3.9000000953674316,175.5,16.754884719848633,1.0821629762649536,1.6944613456726074,1.8271293640136719,1.6929212808609009,0.8863143920898438,21.406465530395508
146.8000030517578,143.1999969482422,140.5,173.1999969482422,175.0,167.39999389648438,175.60000610351562,174.3000030517578,179.3000030517578,172.60000610351562,174.1999969482422,168.1999969482422,171.6999969482422,7.199999809265137,179.89999389648438,17.18393898010254,1.060450553894043,1.6923528909683228,1.8205084800720215,1.6807001829147339,0.8564842939376831,19.825679779052734
148.60000610351562,143.89999389648438,145.8000030517578,176.60000610351562,179.1999969482422,167.60000610351562,175.0,175.10000610351562,176.8000030517578,177.1999969482422,173.0,166.1999969482422,166.89999389648438,89.5,106.19999694824219,15.68324089050293,1.1589679718017578,1.7131447792053223,1.8319965600967407,1.7069268226623535,0.9931600093841553,13.758439064025879
149.8000030517578,145.89999389648438,142.10000610351562,180.0,173.6999969482422,174.0,174.8000030517578,176.5,177.39999389648438,177.39999389648438,176.1999969482422,171.6999969482422,164.1999969482422,112.0,87.9000015258789,13.78775405883789,1.1711630821228027,1.7371150255203247,1.8560799360275269,1.7350890636444092,1.0522820949554443,14.379891395568848
148.89999389648438,145.6999969482422,149.39999389648438,179.60000610351562,177.3000030517578,168.5,175.89999389648438,174.89999389648438,176.1999969482422,177.39999389648438,177.8000030517578,170.1999969482422,166.0,91.0,101.30000305175781,16.200618743896484,1.201936960220337,1.738781213760376,1.8821994066238403,1.7638823986053467,1.0015777349472046,9.625947952270508
148.39999389648438,144.10000610351562,148.10000610351562,179.60000610351562,176.6999969482422,169.60000610351562,175.60000610351562,176.3000030517578,178.1999969482422,177.39999389648438,178.39999389648438,172.39999389648438,164.8000030517578,79.30000305175781,112.80000305175781,12.570045471191406,1.1579499244689941,1.7247096300125122,1.8924139738082886,1.7616727352142334,0.9455929398536682,13.636714935302734
146.89999389648438,146.3000030517578,147.0,179.0,177.1999969482422,165.39999389648438,174.89999389648438,174.39999389648438,177.60000610351562,176.0,176.89999389648438,171.60000610351562,164.6999969482422,71.5999984741211,122.19999694824219,12.051230430603027,1.1422480344772339,1.7259269952774048,1.8779716491699219,1.7438719272613525,0.9169814586639404,15.35606861114502
150.0,146.3000030517578,145.39999389648438,179.60000610351562,178.10000610351562,164.5,176.10000610351562,174.8000030517578,178.5,178.1999969482422,177.39999389648438,173.6999969482422,165.0,77.9000015258789,113.9000015258789,12.354063034057617,1.178525686264038,1.7474138736724854,1.9217119216918945,1.7893295288085938,0.9611360430717468,13.420321464538574
148.1999969482422,146.5,148.89999389648438,180.0,177.0,164.39999389648438,176.1999969482422,173.3000030517578,178.3000030517578,177.3000030517578,176.8000030517578,171.8000030517578,165.3000030517578,74.5,117.0,11.938645362854004,1.1721727848052979,1.7221555709838867,1.890600323677063,1.7601333856582642,0.9334203600883484,13.318521499633789
149.1999969482422,144.60000610351562,147.6999969482422,179.6999969482422,176.5,168.8000030517578,176.8000030517578,174.3000030517578,179.10000610351562,177.5,177.6999969482422,171.8000030517578,162.60000610351562,78.4000015258789,117.0999984741211,13.861092567443848,1.1671921014785767,1.728755235671997,1.896527886390686,1.765620231628418,0.9544293880462646,13.473877906799316
147.39999389648438,147.0,147.10000610351562,179.89999389648438,175.8000030517578,168.39999389648438,175.60000610351562,174.60000610351562,177.60000610351562,176.5,178.8000030517578,173.10000610351562,163.3000030517578,87.5,106.9000015258789,11.048444747924805,1.1434344053268433,1.7068620920181274,1.8826500177383423,1.7475298643112183,0.9356009364128113,14.734649658203125
146.6999969482422,148.5,145.1999969482422,179.5,177.5,165.8000030517578,175.3000030517578,176.10000610351562,179.3000030517578,177.8000030517578,177.1999969482422,173.0,162.39999389648438,95.30000305175781,99.0,10.984389305114746,1.1718515157699585,1.7315073013305664,1.8881527185440063,1.761009931564331,0.9649184346199036,14.518238067626953
149.5,144.1999969482422,149.8000030517578,179.89999389648438,174.1999969482422,173.6999969482422,175.89999389648438,175.6999969482422,177.6999969482422,176.6999969482422,179.3000030517578,175.39999389648438,164.89999389648438,101.5999984741211,96.5999984741211,12.632231712341309,1.1871588230133057,1.7363290786743164,1.8815420866012573,1.7567970752716064,1.0277663469314575,12.862074851989746
148.89999389648438,145.3000030517578,149.8000030517578,178.6999969482422,177.5,170.10000610351562,176.89999389648438,175.89999389648438,177.6999969482422,178.0,179.5,171.10000610351562,164.0,90.4000015258789,106.30000305175781,15.279204368591309,1.1820851564407349,1.71980619430542,1.8583216667175293,1.7488938570022583,0.9964935779571533,11.891892433166504
150.5,144.6999969482422,147.6999969482422,179.5,176.89999389648438,174.6999969482422,179.1999969482422,176.0,176.10000610351562,179.89999389648438,179.1999969482422,171.1999969482422,166.60000610351562,104.30000305175781,93.5,11.577323913574219,1.1212598085403442,1.6582735776901245,1.8156490325927734,1.691357135772705,0.9748326539993286,8.503251075744629
150.10000610351562,147.89999389648438,142.39999389648438,178.5,179.8000030517578,170.39999389648438,177.1999969482422,176.6999969482422,175.1999969482422,179.5,180.0,168.89999389648438,164.0,100.9000015258789,96.0,11.462685585021973,1.0887994766235352,1.6460537910461426,1.7798963785171509,1.6643171310424805,0.9425100088119507,10.92040729522705
150.8000030517578,147.0,143.3000030517578,178.6999969482422,177.8000030517578,170.89999389648438,178.39999389648438,173.39999389648438,173.60000610351562,178.3000030517578,178.8000030517578,166.89999389648438,162.5,93.80000305175781,104.19999694824219,9.436589241027832,1.0720202922821045,1.6339163780212402,1.7721673250198364,1.6507585048675537,0.9153463840484619,9.784446716308594
149.39999389648438,148.10000610351562,142.1999969482422,177.60000610351562,179.5,171.10000610351562,176.89999389648438,175.5,174.39999389648438,178.1999969482422,178.8000030517578,169.60000610351562,162.5,100.0999984741211,97.0,8.956052780151367,1.068981409072876,1.636441946029663,1.7563022375106812,1.6437455415725708,0.9114450216293335,11.871981620788574
149.60000610351562,149.5,142.39999389648438,178.39999389648438,178.5,174.6999969482422,177.3000030517578,175.60000610351562,175.1999969482422,179.0,179.1999969482422,168.89999389648438,164.0,112.19999694824219,88.0999984741211,8.939000129699707,1.072995662689209,1.6237159967422485,1.762312889099121,1.6406749486923218,0.9468234777450562,10.028162002563477
150.89999389648438,146.0,143.1999969482422,178.0,178.1999969482422,172.3000030517578,178.3000030517578,174.8000030517578,175.1999969482422,178.8000030517578,179.60000610351562,170.3000030517578,163.10000610351562,103.19999694824219,93.0999984741211,10.612743377685547,1.0857940912246704,1.6440719366073608,1.7804080247879028,1.6615746021270752,0.9271866083145142,10.119507789611816
150.1999969482422,145.5,144.5,178.8000030517578,177.1999969482422,171.89999389648438,177.89999389648438,174.6999969482422,174.10000610351562,179.10000610351562,179.89999389648438,170.0,163.3000030517578,105.0,91.5,10.215577125549316,1.0813590288162231,1.6445777416229248,1.7846516370773315,1.6645361185073853,0.9241787195205688,9.13875675201416
150.5,145.3000030517578,147.3000030517578,179.0,178.0,168.6999969482422,178.89999389648438,173.1999969482422,175.10000610351562,178.60000610351562,177.5,168.0,161.60000610351562,95.69999694824219,98.19999694824219,12.569891929626465,1.099389910697937,1.6508357524871826,1.8075886964797974,1.6810449361801147,0.9177646636962891,10.143482208251953
150.39999389648438,146.1999969482422,146.6999969482422,179.10000610351562,177.6999969482422,170.5,178.10000610351562,174.1999969482422,174.60000610351562,179.8000030517578,178.39999389648438,169.89999389648438,163.1999969482422,103.0999984741211,92.19999694824219,12.588401794433594,1.1151915788650513,1.6650490760803223,1.8196970224380493,1.6935465335845947,0.933228075504303,9.961193084716797
148.89999389648438,147.6999969482422,145.3000030517578,178.89999389648438,177.6999969482422,166.5,177.0,173.5,176.1999969482422,179.5,176.10000610351562,171.10000610351562,162.0,94.80000305175781,103.4000015258789,12.345743179321289,1.1277090311050415,1.7048630714416504,1.8410351276397705,1.7290621995925903,0.9299816489219666,11.659358024597168
149.5,146.39999389648438,149.39999389648438,179.60000610351562,176.6999969482422,169.8000030517578,178.0,174.5,177.0,179.8000030517578,178.3000030517578,172.39999389648438,163.10000610351562,94.4000015258789,100.5,12.280208587646484,1.148912787437439,1.6946507692337036,1.869950532913208,1.7321619987487793,0.9548746347427368,9.78341293334961
149.60000610351562,145.60000610351562,145.0,178.8000030517578,176.3000030517578,171.0,177.3000030517578,174.10000610351562,176.5,178.5,178.89999389648438,172.60000610351562,164.39999389648438,85.9000015258789,107.80000305175781,10.519213676452637,1.1050949096679688,1.6868085861206055,1.850332498550415,1.71881902217865,0.9162900447845459,11.882431983947754
149.8000030517578,146.5,149.39999389648438,179.60000610351562,176.89999389648438,171.89999389648438,177.39999389648438,174.89999389648438,175.60000610351562,179.39999389648438,178.60000610351562,170.89999389648438,164.39999389648438,98.19999694824219,96.9000015258789,13.542624473571777,1.170566439628601,1.6983516216278076,1.8709344863891602,1.7291755676269531,0.9988347291946411,11.802062034606934
148.1999969482422,147.1999969482422,144.5,179.0,178.5,166.39999389648438,176.5,174.6999969482422,176.5,179.89999389648438,176.10000610351562,170.10000610351562,163.10000610351562,93.0,102.0999984741211,11.240540504455566,1.1240873336791992,1.69948148727417,1.8638298511505127,1.7269208431243896,0.9435482025146484,12.253515243530273
148.89999389648438,147.10000610351562,146.0,179.8000030517578,178.6999969482422,167.6999969482422,177.60000610351562,174.89999389648438,177.60000610351562,179.89999389648438,176.5,170.39999389648438,164.3000030517578,96.0999984741211,97.69999694824219,10.920960426330566,1.1436747312545776,1.706839680671692,1.8745993375778198,1.742674708366394,0.9560359716415405,11.568598747253418
150.60000610351562,146.6999969482422,145.6999969482422,179.5,180.0,165.10000610351562,177.8000030517578,176.1999969482422,179.8000030517578,179.89999389648438,176.5,169.39999389648438,162.60000610351562,95.0,100.0999984741211,13.334395408630371,1.1834380626678467,1.7271682024002075,1.9042049646377563,1.768215537071228,0.9908797144889832,10.580820083618164
149.8000030517578,148.39999389648438,147.60000610351562,179.89999389648438,178.8000030517578,166.3000030517578,177.8000030517578,173.39999389648438,178.1999969482422,179.39999389648438,175.0,172.1999969482422,164.39999389648438,93.4000015258789,100.30000305175781,12.429359436035156,1.1524684429168701,1.7123795747756958,1.8792951107025146,1.7415990829467773,0.9483447074890137,12.116744041442871
149.39999389648438,148.60000610351562,143.6999969482422,179.5,179.39999389648438,166.3000030517578,176.6999969482422,175.5,176.89999389648438,178.1999969482422,177.1999969482422,169.8000030517578,165.3000030517578,97.30000305175781,99.0999984741211,10.139328002929688,1.1656736135482788,1.7147103548049927,1.8861839771270752,1.7520641088485718,0.9888399243354797,12.712851524353027
149.1999969482422,145.3000030517578,146.60000610351562,179.89999389648438,178.89999389648438,167.0,176.8000030517578,174.6999969482422,176.5,177.89999389648438,175.60000610351562,168.3000030517578,166.0,86.9000015258789,107.0,12.266644477844238,1.1642993688583374,1.7218899726867676,1.8952434062957764,1.7575938701629639,0.9618503451347351,11.354965209960938
149.8000030517578,145.3000030517578,145.8000030517578,179.8000030517578,177.1999969482422,166.39999389648438,176.89999389648438,175.8000030517578,179.39999389648438,177.0,177.89999389648438,172.1999969482422,165.0,80.19999694824219,112.5999984741211,11.640497207641602,1.1485817432403564,1.7162059545516968,1.8854039907455444,1.741642951965332,0.9464220404624939,14.895139694213867
149.89999389648438,147.0,145.39999389648438,178.60000610351562,178.10000610351562,165.6999969482422,177.1999969482422,175.89999389648438,179.89999389648438,177.5,176.8000030517578,172.10000610351562,165.10000610351562,87.5,106.5,10.864389419555664,1.175199270248413,1.7286615371704102,1.898417592048645,1.7650206089019775,0.9676547050476074,14.491286277770996
150.6999969482422,143.89999389648438,148.5,179.39999389648438,176.39999389648438,168.39999389648438,176.6999969482422,175.10000610351562,178.60000610351562,176.5,177.3000030517578,171.0,165.8000030517578,66.5,126.0,12.547392845153809,1.1717582941055298,1.725504755973816,1.8875923156738281,1.755340337753296,0.9564230442047119,13.809759140014648
149.39999389648438,147.1999969482422,146.60000610351562,179.39999389648438,178.10000610351562,166.89999389648438,177.3000030517578,176.0,179.89999389648438,178.89999389648438,175.8000030517578,170.39999389648438,164.0,84.0,108.0999984741211,12.912182807922363,1.1762683391571045,1.7341941595077515,1.9219692945480347,1.7772367000579834,0.9628751873970032,12.748513221740723
149.89999389648438,147.5,144.8000030517578,179.39999389648438,178.5,165.3000030517578,177.10000610351562,175.5,179.10000610351562,177.39999389648438,176.1999969482422,169.6999969482422,164.3000030517578,85.80000305175781,109.30000305175781,11.964847564697266,1.1750586032867432,1.732134222984314,1.896424412727356,1.7587608098983765,0.9693443775177002,12.635650634765625
151.8000030517578,144.60000610351562,145.8000030517578,179.5,177.39999389648438,167.5,176.60000610351562,174.6999969482422,178.1999969482422,176.0,177.60000610351562,170.0,164.39999389648438,79.19999694824219,114.9000015258789,14.83225154876709,1.1819586753845215,1.7372092008590698,1.9045015573501587,1.772901177406311,0.9743301868438721,13.56822681427002
148.89999389648438,146.39999389648438,146.5,179.5,176.89999389648438,168.8000030517578,176.5,174.8000030517578,179.10000610351562,176.89999389648438,176.3000030517578,170.89999389648438,163.6999969482422,81.5999984741211,113.5,12.876729965209961,1.1651699542999268,1.724000334739685,1.8835351467132568,1.7507658004760742,0.949836790561676,13.689141273498535
149.10000610351562,146.60000610351562,143.60000610351562,179.39999389648438,178.60000610351562,166.5,176.1999969482422,175.60000610351562,178.6999969482422,177.0,177.3000030517578,171.10000610351562,165.3000030517578,81.19999694824219,111.30000305175781,11.879166603088379,1.1525582075119019,1.7235404253005981,1.9031832218170166,1.7611879110336304,0.9307156205177307,12.490633010864258
148.6999969482422,144.0,146.5,179.10000610351562,175.60000610351562,168.6999969482422,176.6999969482422,175.0,177.8000030517578,176.1999969482422,177.0,169.8000030517578,164.3000030517578,74.30000305175781,120.4000015258789,10.691615104675293,1.1265465021133423,1.704247236251831,1.880255937576294,1.7439121007919312,0.9148408770561218,14.965944290161133
146.3000030517578,146.6999969482422,143.8000030517578,179.60000610351562,178.1999969482422,167.1999969482422,176.0,177.5,179.60000610351562,177.5,176.10000610351562,170.39999389648438,163.8000030517578,93.5999984741211,100.69999694824219,10.504838943481445,1.1386549472808838,1.7156436443328857,1.8699822425842285,1.7442854642868042,0.9461198449134827,13.662014961242676
149.89999389648438,145.0,145.6999969482422,178.89999389648438,178.39999389648438,166.60000610351562,177.5,175.8000030517578,179.3000030517578,177.89999389648438,178.0,170.1999969482422,163.0,99.4000015258789,96.5,13.824088096618652,1.1906585693359375,1.7393304109573364,1.912553310394287,1.7808836698532104,0.9917513132095337,11.551740646362305
148.89999389648438,146.5,143.6999969482422,179.60000610351562,177.60000610351562,167.5,176.6999969482422,175.8000030517578,179.5,177.10000610351562,176.39999389648438,169.89999389648438,163.8000030517578,80.30000305175781,114.19999694824219,11.33324909210205,1.1476469039916992,1.7227414846420288,1.885985255241394,1.758768081665039,0.9422724843025208,14.387164115905762
150.8000030517578,145.8000030517578,149.6999969482422,179.39999389648438,178.6999969482422,166.8000030517578,177.60000610351562,172.60000610351562,176.0,176.8000030517578,177.8000030517578,169.3000030517578,164.3000030517578,70.0,125.69999694824219,16.07056427001953,1.1855568885803223,1.7435351610183716,1.9135477542877197,1.78110933303833,0.951219916343689,13.602581977844238
151.3000030517578,146.3000030517578,141.89999389648438,179.1999969482422,178.5,163.0,177.8000030517578,173.6999969482422,177.39999389648438,178.1999969482422,174.8000030517578,167.0,163.8000030517578,80.9000015258789,112.9000015258789,12.472013473510742,1.1591914892196655,1.7241305112838745,1.891122817993164,1.7542157173156738,0.9751274585723877,12.176623344421387
150.1999969482422,146.6999969482422,142.60000610351562,178.89999389648438,178.60000610351562,165.3000030517578,177.3000030517578,175.39999389648438,178.10000610351562,177.0,177.3000030517578,170.39999389648438,163.5,82.69999694824219,113.69999694824219,11.63687801361084,1.1627905368804932,1.731458067893982,1.8987025022506714,1.7706259489059448,0.9811607599258423,15.93189811706543
149.5,146.5,144.89999389648438,179.39999389648438,176.3000030517578,169.10000610351562,176.6999969482422,174.6999969482422,178.89999389648438,176.5,176.1999969482422,170.60000610351562,160.89999389648438,84.5,111.5999984741211,11.345674514770508,1.1580615043640137,1.7110140323638916,1.8778692483901978,1.7347334623336792,0.9724104404449463,16.057313919067383
148.39999389648438,144.5,145.10000610351562,179.6999969482422,177.60000610351562,164.5,175.6999969482422,175.89999389648438,179.39999389648438,176.39999389648438,175.8000030517578,168.39999389648438,163.1999969482422,73.5,120.4000015258789,11.269948959350586,1.1499826908111572,1.7121248245239258,1.8747758865356445,1.743226170539856,0.9440977573394775,14.931178092956543
148.5,146.5,145.8000030517578,179.6999969482422,177.6999969482422,168.39999389648438,177.1999969482422,175.10000610351562,177.60000610351562,177.10000610351562,177.6999969482422,172.3000030517578,165.39999389648438,77.5999984741211,114.80000305175781,13.341946601867676,1.1815980672836304,1.7398531436920166,1.8799327611923218,1.7543762922286987,0.9649617671966553,12.96807861328125
148.10000610351562,148.0,142.60000610351562,179.10000610351562,178.10000610351562,167.1999969482422,176.1999969482422,177.10000610351562,179.60000610351562,177.39999389648438,176.1999969482422,171.0,163.60000610351562,93.69999694824219,103.9000015258789,10.86267375946045,1.1541036367416382,1.725083351135254,1.8751018047332764,1.7432464361190796,0.9728789925575256,14.978377342224121
150.0,144.89999389648438,143.89999389648438,179.6999969482422,178.10000610351562,166.60000610351562,176.89999389648438,175.1999969482422,179.5,176.89999389648438,177.10000610351562,171.0,165.8000030517578,75.0999984741211,120.0999984741211,10.619213104248047,1.1323139667510986,1.7184103727340698,1.895041584968567,1.7562867403030396,0.9218062162399292,16.22690773010254
149.60000610351562,145.39999389648438,145.6999969482422,178.0,175.60000610351562,168.10000610351562,176.60000610351562,176.3000030517578,179.5,175.89999389648438,178.89999389648438,172.3000030517578,165.10000610351562,75.4000015258789,117.30000305175781,10.71385383605957,1.154666543006897,1.7226388454437256,1.8943589925765991,1.7583489418029785,0.9280195236206055,15.402828216552734
149.5,144.5,145.0,179.89999389648438,178.8000030517578,163.8000030517578,176.60000610351562,176.0,179.1999969482422,177.3000030517578,176.3000030517578,170.6999969482422,164.6999969482422,81.19999694824219,111.9000015258789,11.943414688110352,1.1610777378082275,1.7295241355895996,1.8986157178878784,1.7649096250534058,0.9363781213760376,14.598190307617188
147.89999389648438,144.89999389648438,144.60000610351562,179.8000030517578,177.89999389648438,164.60000610351562,176.5,175.60000610351562,179.1999969482422,176.3000030517578,177.10000610351562,173.1999969482422,163.39999389648438,72.80000305175781,121.5,10.066603660583496,1.1316461563110352,1.7182012796401978,1.8921087980270386,1.7537705898284912,0.9268885850906372,15.37806224822998
147.5,146.8000030517578,143.10000610351562,179.1999969482422,178.0,166.6999969482422,176.39999389648438,176.8000030517578,180.0,177.10000610351562,174.6999969482422,169.1999969482422,166.10000610351562,73.5,119.0999984741211,9.860699653625488,1.1379776000976562,1.7227052450180054,1.8831688165664673,1.749767541885376,0.931275486946106,16.098163604736328
147.89999389648438,146.3000030517578,144.3000030517578,179.60000610351562,176.89999389648438,169.5,176.10000610351562,176.10000610351562,179.39999389648438,176.89999389648438,176.60000610351562,173.1999969482422,165.39999389648438,78.30000305175781,116.30000305175781,11.200461387634277,1.1409547328948975,1.7312766313552856,1.8846094608306885,1.7461402416229248,0.9538418054580688,15.23017692565918
151.0,147.1999969482422,145.0,178.39999389648438,178.3000030517578,164.0,176.6999969482422,174.60000610351562,179.89999389648438,177.6999969482422,175.6999969482422,174.0,167.0,83.69999694824219,109.4000015258789,12.143926620483398,1.1902354955673218,1.7512954473495483,1.911606788635254,1.781944751739502,1.0076603889465332,15.212810516357422
149.5,146.1999969482422,143.6999969482422,179.10000610351562,177.89999389648438,165.89999389648438,177.60000610351562,174.0,179.39999389648438,175.6999969482422,176.89999389648438,172.60000610351562,164.10000610351562,59.099998474121094,136.39999389648438,10.866094589233398,1.1433188915252686,1.746063470840454,1.9009701013565063,1.7765270471572876,0.9643695950508118,16.81926918029785
150.39999389648438,144.89999389648438,145.1999969482422,179.5,178.60000610351562,165.0,177.39999389648438,174.3000030517578,179.8000030517578,176.0,175.5,168.89999389648438,163.6999969482422,54.900001525878906,139.89999389648438,12.564702033996582,1.1572073698043823,1.741966724395752,1.896385669708252,1.7742074728012085,0.9348710179328918,17.654415130615234
149.89999389648438,144.60000610351562,146.39999389648438,178.8000030517578,177.39999389648438,166.89999389648438,177.1999969482422,174.6999969482422,180.0,176.8000030517578,177.0,172.10000610351562,164.6999969482422,69.5999984741211,124.0999984741211,11.631484031677246,1.1704872846603394,1.748044490814209,1.9037623405456543,1.7807793617248535,0.959108829498291,14.902368545532227
150.0,144.10000610351562,146.39999389648438,179.5,177.3000030517578,170.89999389648438,177.39999389648438,175.3000030517578,178.39999389648438,177.0,178.8000030517578,170.5,164.10000610351562,69.19999694824219,123.30000305175781,10.761312484741211,1.12550950050354,1.6988685131072998,1.8780919313430786,1.732825756072998,0.9257596731185913,12.979032516479492
150.89999389648438,146.10000610351562,155.10000610351562,179.39999389648438,175.8000030517578,173.60000610351562,179.10000610351562,173.5,177.0,179.5,177.39999389648438,168.5,166.5,92.4000015258789,100.5,13.971105575561523,1.1927714347839355,1.711178183555603,1.864906668663025,1.7255579233169556,1.0139174461364746,8.358327865600586
149.10000610351562,148.60000610351562,142.60000610351562,178.60000610351562,179.89999389648438,166.10000610351562,177.89999389648438,177.3000030517578,178.6999969482422,178.8000030517578,176.3000030517578,171.3000030517578,161.5,109.19999694824219,84.19999694824219,11.636292457580566,1.1529878377914429,1.7028898000717163,1.850077748298645,1.7263667583465576,0.9812764525413513,12.791756629943848
149.1999969482422,145.6999969482422,147.3000030517578,179.5,179.60000610351562,164.8000030517578,177.10000610351562,174.10000610351562,174.60000610351562,179.3000030517578,175.89999389648438,166.60000610351562,162.39999389648438,99.9000015258789,94.69999694824219,13.909920692443848,1.1492695808410645,1.7087563276290894,1.8501981496810913,1.7291396856307983,0.9474132657051086,10.862735748291016
148.39999389648438,144.60000610351562,145.39999389648438,180.0,175.5,169.8000030517578,176.39999389648438,176.10000610351562,177.8000030517578,176.39999389648438,179.0,169.89999389648438,161.89999389648438,82.9000015258789,113.4000015258789,9.460784912109375,1.1158291101455688,1.690627098083496,1.8566133975982666,1.7317384481430054,0.9247766733169556,14.899109840393066
148.3000030517578,145.8000030517578,146.0,179.60000610351562,175.89999389648438,169.10000610351562,176.8000030517578,175.89999389648438,178.0,178.89999389648438,177.0,170.0,163.0,102.5,92.9000015258789,10.916062355041504,1.1575833559036255,1.7040268182754517,1.8600833415985107,1.7442201375961304,0.9794328808784485,11.621865272521973
148.0,146.8000030517578,146.39999389648438,178.6999969482422,178.5,166.0,176.89999389648438,177.89999389648438,179.3000030517578,179.39999389648438,177.3000030517578,169.3000030517578,160.8000030517578,114.69999694824219,84.5,10.829352378845215,1.1520805358886719,1.6961913108825684,1.8489586114883423,1.7299219369888306,0.9818729162216187,11.578326225280762
148.1999969482422,145.89999389648438,145.1999969482422,179.10000610351562,179.89999389648438,165.5,176.60000610351562,176.8000030517578,177.6999969482422,178.8000030517578,177.6999969482422,169.3000030517578,161.6999969482422,107.4000015258789,89.0,11.055281639099121,1.1397182941436768,1.6968709230422974,1.8556914329528809,1.728251576423645,0.9540233016014099,10.856485366821289
148.6999969482422,144.60000610351562,144.89999389648438,179.39999389648438,178.3000030517578,166.6999969482422,176.60000610351562,176.39999389648438,176.89999389648438,178.10000610351562,178.6999969482422,168.10000610351562,161.60000610351562,101.0,95.19999694824219,11.3004150390625,1.128649353981018,1.6921476125717163,1.8569496870040894,1.7313169240951538,0.9499642252922058,11.591435432434082
147.89999389648438,145.1999969482422,145.39999389648438,179.0,178.6999969482422,166.60000610351562,176.60000610351562,175.1999969482422,175.3000030517578,178.1999969482422,177.60000610351562,169.8000030517578,163.1999969482422,97.0999984741211,97.0,10.64735221862793,1.112752079963684,1.6892168521881104,1.85677170753479,1.7289462089538574,0.9338473081588745,11.808114051818848
148.6999969482422,145.10000610351562,145.60000610351562,179.60000610351562,176.0,170.60000610351562,176.89999389648438,176.39999389648438,178.0,177.5,178.89999389648438,171.5,161.39999389648438,97.19999694824219,99.5999984741211,11.34765338897705,1.1295654773712158,1.6962389945983887,1.8544105291366577,1.735651969909668,0.9534190893173218,11.908219337463379
147.39999389648438,146.3000030517578,148.0,179.6999969482422,179.8000030517578,164.10000610351562,176.10000610351562,177.0,176.8000030517578,178.5,178.6999969482422,170.6999969482422,161.60000610351562,100.30000305175781,97.69999694824219,11.835009574890137,1.146247148513794,1.6991634368896484,1.8559685945510864,1.7367750406265259,0.9573371410369873,11.941258430480957
147.89999389648438,144.8000030517578,146.10000610351562,179.6999969482422,178.5,165.60000610351562,176.39999389648438,176.60000610351562,176.60000610351562,178.1999969482422,178.5,168.8000030517578,161.1999969482422,94.4000015258789,101.9000015258789,10.137894630432129,1.1245065927505493,1.6879607439041138,1.8491052389144897,1.7232955694198608,0.9244037866592407,12.728937149047852
149.10000610351562,145.39999389648438,145.6999969482422,179.3000030517578,177.10000610351562,167.89999389648438,176.1999969482422,178.0,178.8000030517578,178.3000030517578,178.89999389648438,171.6999969482422,161.39999389648438,104.80000305175781,94.19999694824219,11.175057411193848,1.1314524412155151,1.7045589685440063,1.8592270612716675,1.730637788772583,0.9650293588638306,12.363898277282715
149.0,146.5,144.1999969482422,179.89999389648438,179.5,164.10000610351562,176.60000610351562,175.5,177.10000610351562,178.89999389648438,177.60000610351562,170.0,162.6999969482422,99.5999984741211,96.9000015258789,9.814146995544434,1.1202083826065063,1.6909911632537842,1.846880555152893,1.7230526208877563,0.9362183809280396,11.102352142333984
148.1999969482422,145.60000610351562,146.5,179.89999389648438,175.10000610351562,167.60000610351562,175.8000030517578,177.1999969482422,178.60000610351562,177.5,179.39999389648438,172.1999969482422,161.8000030517578,94.80000305175781,99.80000305175781,10.959394454956055,1.1356377601623535,1.7035737037658691,1.8850560188293457,1.751254677772522,0.9404852986335754,13.757180213928223
148.60000610351562,144.6999969482422,144.5,179.10000610351562,179.8000030517578,165.5,176.89999389648438,176.5,176.5,178.0,179.89999389648438,169.5,160.89999389648438,97.0999984741211,99.5999984741211,11.617000579833984,1.107846975326538,1.675330400466919,1.8373526334762573,1.7140201330184937,0.9245432019233704,12.686223030090332
147.60000610351562,146.1999969482422,145.10000610351562,179.0,179.0,164.10000610351562,176.10000610351562,175.39999389648438,175.6999969482422,177.6999969482422,178.0,169.1999969482422,160.5,96.5999984741211,100.0999984741211,10.349947929382324,1.0986660718917847,1.6753652095794678,1.8374303579330444,1.7059789896011353,0.9097418785095215,13.793291091918945
148.6999969482422,144.39999389648438,146.0,179.0,178.39999389648438,168.0,176.8000030517578,175.8000030517578,176.1999969482422,177.8000030517578,179.5,169.1999969482422,161.6999969482422,92.0,102.19999694824219,11.455517768859863,1.111263394355774,1.6763010025024414,1.8430249691009521,1.716736078262329,0.9236862659454346,12.150957107543945
147.10000610351562,146.8000030517578,146.1999969482422,179.89999389648438,177.39999389648438,167.3000030517578,176.0,177.8000030517578,177.89999389648438,179.1999969482422,177.1999969482422,171.10000610351562,162.60000610351562,108.19999694824219,86.5999984741211,11.90097427368164,1.1506938934326172,1.6956437826156616,1.8610613346099854,1.7351653575897217,0.9930925369262695,11.94336986541748
148.60000610351562,146.60000610351562,142.60000610351562,178.8000030517578,179.8000030517578,170.39999389648438,176.89999389648438,178.3000030517578,178.0,179.0,177.8000030517578,170.10000610351562,163.0,111.0999984741211,85.5999984741211,12.416879653930664,1.1292829513549805,1.7094359397888184,1.8468753099441528,1.7272193431854248,0.9981738924980164,10.768420219421387
147.0,147.39999389648438,144.3000030517578,178.60000610351562,178.0,170.3000030517578,176.1999969482422,177.1999969482422,177.8000030517578,176.3000030517578,180.0,171.39999389648438,163.5,116.5,79.30000305175781,13.231922149658203,1.13124418258667,1.6923117637634277,1.8434196710586548,1.724840760231018,0.9961973428726196,12.362278938293457
147.10000610351562,147.0,144.1999969482422,179.8000030517578,180.0,166.60000610351562,176.3000030517578,178.39999389648438,179.60000610351562,177.3000030517578,179.0,170.6999969482422,163.60000610351562,106.9000015258789,88.9000015258789,10.618053436279297,1.1165519952774048,1.6910079717636108,1.8410857915878296,1.7190206050872803,0.947353184223175,12.01784610748291
147.60000610351562,147.10000610351562,140.1999969482422,179.10000610351562,179.60000610351562,166.5,176.0,179.1999969482422,180.0,177.39999389648438,178.5,172.0,163.39999389648438,117.30000305175781,79.5,10.564162254333496,1.1051629781723022,1.6824663877487183,1.837429165840149,1.7162270545959473,0.9821941256523132,13.161333084106445
148.89999389648438,146.5,142.6999969482422,179.0,179.8000030517578,165.10000610351562,176.60000610351562,175.6999969482422,178.3000030517578,177.3000030517578,178.3000030517578,170.10000610351562,164.1999969482422,98.4000015258789,94.30000305175781,11.280366897583008,1.0968906879425049,1.6729334592819214,1.8343051671981812,1.7100282907485962,0.9157782196998596,12.463120460510254
148.89999389648438,145.6999969482422,141.3000030517578,178.5,179.8000030517578,166.3000030517578,176.6999969482422,176.0,177.89999389648438,177.89999389648438,178.89999389648438,170.1999969482422,162.6999969482422,92.69999694824219,98.5,9.715553283691406,1.063188076019287,1.638819694519043,1.8085488080978394,1.68196702003479,0.8951568007469177,12.742951393127441
148.60000610351562,146.10000610351562,142.0,178.39999389648438,179.6999969482422,165.60000610351562,175.89999389648438,176.6999969482422,178.3000030517578,177.6999969482422,178.6999969482422,172.5,164.1999969482422,101.0,89.5,10.104001998901367,1.09773588180542,1.6715329885482788,1.8390820026397705,1.7154422998428345,0.9294355511665344,12.581720352172852
148.6999969482422,145.89999389648438,143.39999389648438,179.39999389648438,179.60000610351562,164.5,176.10000610351562,176.1999969482422,177.0,177.89999389648438,179.10000610351562,171.89999389648438,164.3000030517578,100.80000305175781,91.4000015258789,10.50634479522705,1.1069347858428955,1.681236743927002,1.8372858762741089,1.711212158203125,0.9296301007270813,12.12148666381836
147.39999389648438,147.1999969482422,141.10000610351562,179.1999969482422,179.5,166.10000610351562,176.8000030517578,176.0,176.6999969482422,178.10000610351562,179.8000030517578,171.10000610351562,162.39999389648438,102.9000015258789,91.0,10.569497108459473,1.0874511003494263,1.6601828336715698,1.8280787467956543,1.699075698852539,0.9251271486282349,11.941803932189941
147.10000610351562,145.5,145.5,177.3000030517578,179.3000030517578,169.39999389648438,175.89999389648438,176.5,176.5,177.0,179.6999969482422,171.3000030517578,165.10000610351562,99.80000305175781,93.30000305175781,10.581574440002441,1.082207441329956,1.6569947004318237,1.820697546005249,1.6964671611785889,0.9241963028907776,11.293527603149414
148.5,143.8000030517578,144.39999389648438,176.89999389648438,178.8000030517578,167.3000030517578,175.3000030517578,176.89999389648438,176.6999969482422,176.5,178.89999389648438,171.8000030517578,165.89999389648438,88.9000015258789,105.30000305175781,9.843074798583984,1.0576030015945435,1.642880916595459,1.7874466180801392,1.6699637174606323,0.894859790802002,11.47648811340332
147.39999389648438,146.10000610351562,147.1999969482422,174.89999389648438,179.8000030517578,170.0,176.0,178.5,179.5,178.8000030517578,178.8000030517578,172.39999389648438,162.0,107.5,86.4000015258789,14.989039421081543,1.1124013662338257,1.652185320854187,1.781273365020752,1.6658250093460083,0.9617616534233093,9.904966354370117
148.39999389648438,143.6999969482422,146.1999969482422,175.10000610351562,177.6999969482422,171.1999969482422,176.3000030517578,177.89999389648438,178.39999389648438,177.5,178.10000610351562,171.60000610351562,163.89999389648438,89.0,105.5999984741211,14.02531909942627,1.0859925746917725,1.6301430463790894,1.7425204515457153,1.6251585483551025,0.9200323224067688,14.821890830993652
149.60000610351562,144.3000030517578,142.60000610351562,175.89999389648438,176.0,170.5,176.6999969482422,176.60000610351562,179.3000030517578,177.5,178.8000030517578,175.8000030517578,162.10000610351562,93.9000015258789,99.69999694824219,11.310245513916016,1.0503830909729004,1.6191282272338867,1.7366995811462402,1.6069884300231934,0.8903120160102844,15.172968864440918
149.6999969482422,146.3000030517578,144.0,177.60000610351562,175.60000610351562,171.5,177.3000030517578,176.10000610351562,179.8000030517578,178.1999969482422,180.0,179.10000610351562,163.0,124.19999694824219,79.9000015258789,11.012234687805176,1.1181738376617432,1.6393879652023315,1.756008267402649,1.6422226428985596,0.9733462333679199,13.146963119506836
148.8000030517578,145.5,141.8000030517578,178.60000610351562,174.3000030517578,170.89999389648438,178.1999969482422,174.10000610351562,177.39999389648438,176.5,178.5,172.5,163.10000610351562,79.5999984741211,117.5,6.828516483306885,1.085341453552246,1.6004045009613037,1.720585823059082,1.607102394104004,0.874517560005188,17.723237991333008
150.10000610351562,142.39999389648438,144.8000030517578,175.39999389648438,176.10000610351562,166.0,178.0,171.5,178.10000610351562,174.0,178.10000610351562,171.3000030517578,163.0,32.099998474121094,157.60000610351562,10.376396179199219,1.0081707239151,1.567496657371521,1.6867941617965698,1.5483843088150024,0.7382023334503174,25.79317855834961
150.60000610351562,142.3000030517578,140.3000030517578,174.89999389648438,176.10000610351562,167.0,177.8000030517578,171.6999969482422,177.60000610351562,174.3000030517578,177.3000030517578,169.10000610351562,167.5,23.0,160.89999389648438,10.125531196594238,0.992417573928833,1.5725605487823486,1.6889147758483887,1.5360170602798462,0.7894958853721619,21.825746536254883
149.1999969482422,143.10000610351562,140.6999969482422,175.10000610351562,175.1999969482422,168.60000610351562,178.1999969482422,172.6999969482422,179.89999389648438,173.89999389648438,179.10000610351562,171.6999969482422,166.10000610351562,24.799999237060547,157.0,12.219496726989746,1.0279618501663208,1.605682134628296,1.724069595336914,1.5773062705993652,0.8172746300697327,22.105411529541016
148.0,142.6999969482422,141.3000030517578,174.89999389648438,174.89999389648438,168.89999389648438,177.5,173.10000610351562,178.10000610351562,173.6999969482422,177.39999389648438,167.5,169.3000030517578,30.0,154.10000610351562,9.909202575683594,1.0025451183319092,1.5972317457199097,1.7242610454559326,1.5596365928649902,0.7876443862915039,23.294513702392578
148.1999969482422,142.89999389648438,141.0,174.3000030517578,175.89999389648438,167.89999389648438,176.8000030517578,173.39999389648438,177.60000610351562,175.39999389648438,174.5,166.10000610351562,170.8000030517578,45.79999923706055,142.3000030517578,13.536478996276855,1.0224518775939941,1.6189136505126953,1.7467389106750488,1.5888357162475586,0.861243724822998,18.334375381469727
149.1999969482422,143.6999969482422,139.6999969482422,173.39999389648438,177.3000030517578,167.39999389648438,177.0,175.0,179.60000610351562,175.60000610351562,175.1999969482422,168.8000030517578,169.60000610351562,73.0999984741211,115.19999694824219,15.215365409851074,1.0584365129470825,1.6178345680236816,1.7731270790100098,1.6210194826126099,0.9092434644699097,16.977275848388672
149.1999969482422,141.8000030517578,140.39999389648438,174.60000610351562,176.3000030517578,166.8000030517578,176.60000610351562,174.1999969482422,177.39999389648438,174.5,177.5,168.1999969482422,169.8000030517578,51.900001525878906,134.1999969482422,12.928380966186523,1.0124027729034424,1.5981125831604004,1.7476747035980225,1.5908727645874023,0.8454574942588806,17.389068603515625
148.39999389648438,143.10000610351562,138.8000030517578,173.6999969482422,175.3000030517578,170.6999969482422,176.10000610351562,175.89999389648438,178.60000610351562,175.0,177.10000610351562,169.6999969482422,169.1999969482422,84.0999984741211,107.0999984741211,12.146007537841797,1.0045599937438965,1.5921393632888794,1.7304370403289795,1.576111912727356,0.8779646754264832,16.506412506103516
149.10000610351562,142.8000030517578,143.3000030517578,175.0,177.10000610351562,166.39999389648438,176.1999969482422,174.10000610351562,175.89999389648438,174.3000030517578,179.39999389648438,169.1999969482422,170.89999389648438,60.5,131.10000610351562,14.807036399841309,1.0647600889205933,1.6263456344604492,1.758415699005127,1.6187810897827148,0.8875003457069397,15.955599784851074
147.6999969482422,143.89999389648438,139.60000610351562,174.0,176.39999389648438,167.6999969482422,175.6999969482422,174.60000610351562,178.39999389648438,174.3000030517578,176.89999389648438,167.3000030517578,168.89999389648438,56.900001525878906,134.39999389648438,13.58519458770752,1.0304781198501587,1.6035056114196777,1.7489126920700073,1.6076464653015137,0.8717901706695557,16.369964599609375
147.8000030517578,143.60000610351562,141.1999969482422,173.60000610351562,176.8000030517578,167.6999969482422,175.6999969482422,175.3000030517578,178.1999969482422,174.3000030517578,176.3000030517578,167.60000610351562,169.39999389648438,50.79999923706055,137.6999969482422,12.024398803710938,1.0144875049591064,1.5843689441680908,1.7308118343353271,1.5870102643966675,0.8509081602096558,17.447723388671875
147.1999969482422,144.8000030517578,140.6999969482422,175.10000610351562,176.89999389648438,165.8000030517578,176.8000030517578,173.6999969482422,178.39999389648438,175.1999969482422,176.10000610351562,168.0,166.8000030517578,61.900001525878906,127.19999694824219,12.148472785949707,1.0116761922836304,1.602333426475525,1.7548301219940186,1.5854398012161255,0.8474494218826294,16.410083770751953
148.39999389648438,144.39999389648438,138.8000030517578,174.39999389648438,176.0,169.6999969482422,176.5,174.8000030517578,178.60000610351562,175.1999969482422,176.3000030517578,168.10000610351562,169.1999969482422,59.70000076293945,128.89999389648438,12.323670387268066,1.0139724016189575,1.5931001901626587,1.7409733533859253,1.5874918699264526,0.863505482673645,17.657764434814453
148.6999969482422,142.8000030517578,139.6999969482422,175.1999969482422,176.0,167.6999969482422,176.10000610351562,175.5,179.1999969482422,174.60000610351562,177.8000030517578,167.8000030517578,168.60000610351562,61.900001525878906,130.5,11.85448169708252,1.0222960710525513,1.6110849380493164,1.7546522617340088,1.5999518632888794,0.8591888546943665,15.422444343566895
147.39999389648438,144.1999969482422,141.10000610351562,175.60000610351562,175.5,168.10000610351562,175.1999969482422,175.5,178.39999389648438,175.60000610351562,177.3000030517578,169.1999969482422,165.5,84.69999694824219,108.19999694824219,12.056583404541016,1.036125659942627,1.6020135879516602,1.7528774738311768,1.6023929119110107,0.885612964630127,15.313216209411621
149.39999389648438,143.8000030517578,145.3000030517578,175.39999389648438,176.60000610351562,168.0,176.5,175.10000610351562,177.89999389648438,176.5,179.60000610351562,171.0,165.89999389648438,87.0999984741211,108.9000015258789,14.304612159729004,1.086258888244629,1.6397169828414917,1.7678773403167725,1.6271001100540161,0.9163717031478882,13.112832069396973
149.10000610351562,144.8000030517578,145.89999389648438,175.1999969482422,179.39999389648438,169.0,176.3000030517578,176.89999389648438,177.8000030517578,179.1999969482422,178.89999389648438,170.8000030517578,166.5,108.19999694824219,88.5999984741211,16.212417602539062,1.1170201301574707,1.6613575220108032,1.7872512340545654,1.6694837808609009,0.9799208045005798,9.579139709472656
149.5,146.5,147.1999969482422,176.3000030517578,179.5,168.10000610351562,177.1999969482422,174.5,178.0,179.1999969482422,178.39999389648438,173.6999969482422,163.8000030517578,108.9000015258789,85.80000305175781,13.05321979522705,1.1287405490875244,1.6753607988357544,1.8101831674575806,1.697911262512207,0.9701648354530334,9.715662002563477
150.39999389648438,145.6999969482422,142.39999389648438,177.10000610351562,179.3000030517578,169.3000030517578,177.89999389648438,175.1999969482422,177.1999969482422,178.6999969482422,176.5,168.10000610351562,165.8000030517578,81.4000015258789,109.30000305175781,12.37270736694336,1.1127259731292725,1.6900990009307861,1.8446855545043945,1.7113475799560547,0.9554600119590759,9.348742485046387
152.10000610351562,144.89999389648438,142.60000610351562,178.39999389648438,177.8000030517578,172.0,179.8000030517578,173.39999389648438,177.89999389648438,178.6999969482422,176.0,171.39999389648438,165.10000610351562,81.19999694824219,109.80000305175781,12.024964332580566,1.114517092704773,1.709912896156311,1.847885012626648,1.7164840698242188,0.9278910160064697,8.052252769470215
151.39999389648438,144.5,144.1999969482422,179.6999969482422,178.6999969482422,170.10000610351562,179.10000610351562,177.6999969482422,179.6999969482422,178.5,177.89999389648438,171.6999969482422,162.60000610351562,77.5999984741211,115.80000305175781,13.726696968078613,1.1311917304992676,1.7079421281814575,1.8622359037399292,1.726422667503357,0.92879718542099,12.102718353271484
152.0,145.6999969482422,143.39999389648438,179.60000610351562,179.3000030517578,164.1999969482422,179.6999969482422,174.5,180.0,179.10000610351562,176.39999389648438,171.6999969482422,161.8000030517578,54.5,138.5,11.299360275268555,1.1224106550216675,1.7240854501724243,1.8822470903396606,1.7382769584655762,0.8522857427597046,17.89518165588379
152.0,145.89999389648438,139.89999389648438,179.60000610351562,179.3000030517578,165.60000610351562,179.1999969482422,175.0,179.60000610351562,179.6999969482422,176.10000610351562,169.8000030517578,162.3000030517578,52.5,142.10000610351562,8.576883316040039,1.0976245403289795,1.7179352045059204,1.8819857835769653,1.729737639427185,0.8310350775718689,18.34849739074707
153.0,147.60000610351562,143.39999389648438,179.60000610351562,178.8000030517578,162.8000030517578,179.39999389648438,172.3000030517578,179.5,179.8000030517578,178.39999389648438,170.60000610351562,160.3000030517578,53.0,144.1999969482422,11.276805877685547,1.1516382694244385,1.7349458932876587,1.8880202770233154,1.750575065612793,0.8633718490600586,18.172164916992188
150.60000610351562,150.5,139.1999969482422,179.3000030517578,177.39999389648438,164.39999389648438,177.3000030517578,173.6999969482422,179.89999389648438,178.39999389648438,178.8000030517578,170.89999389648438,160.89999389648438,53.0,142.89999389648438,7.549380302429199,1.127768874168396,1.7437645196914673,1.890289545059204,1.7557237148284912,0.8331868052482605,21.910018920898438
151.5,146.6999969482422,137.39999389648438,179.60000610351562,179.60000610351562,164.5,177.60000610351562,176.10000610351562,178.6999969482422,177.5,179.3000030517578,171.0,162.1999969482422,48.5,147.89999389648438,9.745528221130371,1.1287219524383545,1.750778317451477,1.9024776220321655,1.7660608291625977,0.8593007922172546,22.774215698242188
148.39999389648438,145.10000610351562,146.10000610351562,178.8000030517578,179.0,167.1999969482422,176.89999389648438,176.3000030517578,179.60000610351562,178.6999969482422,178.89999389648438,174.10000610351562,163.5,71.5999984741211,120.9000015258789,13.157649993896484,1.1582794189453125,1.7506418228149414,1.8952373266220093,1.7782412767410278,0.9381160140037537,15.570984840393066
150.39999389648438,144.39999389648438,142.10000610351562,178.6999969482422,176.8000030517578,170.10000610351562,177.10000610351562,177.39999389648438,178.60000610351562,178.5,178.0,174.1999969482422,165.60000610351562,80.80000305175781,110.9000015258789,15.4998779296875,1.141456961631775,1.7386410236358643,1.8935738801956177,1.7693144083023071,0.9665271043777466,11.86400032043457
147.3000030517578,144.60000610351562,136.6999969482422,177.60000610351562,178.39999389648438,171.1999969482422,176.39999389648438,177.5,179.60000610351562,179.6999969482422,177.6999969482422,174.8000030517578,164.6999969482422,106.30000305175781,88.30000305175781,12.35128402709961,1.0692360401153564,1.7332780361175537,1.8838478326797485,1.7619669437408447,0.975034773349762,9.299467086791992
142.6999969482422,142.89999389648438,132.5,176.8000030517578,178.89999389648438,171.1999969482422,175.6999969482422,179.5,176.1999969482422,178.5,173.39999389648438,171.8000030517578,161.10000610351562,111.5,90.30000305175781,10.623815536499023,0.9522128701210022,1.6889426708221436,1.8300151824951172,1.6752849817276,0.9298437237739563,14.713765144348145
141.8000030517578,142.10000610351562,133.5,176.60000610351562,177.89999389648438,172.5,176.6999969482422,179.3000030517578,175.60000610351562,179.39999389648438,173.39999389648438,170.89999389648438,162.39999389648438,96.5,103.30000305175781,13.324152946472168,0.944377064704895,1.681744933128357,1.8264390230178833,1.6688772439956665,0.926176905632019,14.401817321777344
137.6999969482422,144.89999389648438,140.3000030517578,174.1999969482422,179.39999389648438,168.3000030517578,175.3000030517578,179.6999969482422,177.5,178.60000610351562,176.10000610351562,166.89999389648438,163.3000030517578,81.30000305175781,119.80000305175781,17.14749526977539,0.9817978143692017,1.6690765619277954,1.8022997379302979,1.6457688808441162,0.9036706686019897,15.492162704467773
136.0,147.0,142.8000030517578,173.5,178.60000610351562,167.60000610351562,175.3000030517578,178.0,176.3000030517578,176.5,176.5,168.39999389648438,164.1999969482422,70.5999984741211,127.69999694824219,18.423568725585938,0.9923921823501587,1.6457734107971191,1.7632739543914795,1.6124213933944702,0.8765339255332947,19.284610748291016
136.3000030517578,146.6999969482422,146.89999389648438,173.39999389648438,175.60000610351562,169.89999389648438,174.8000030517578,179.3000030517578,176.10000610351562,175.8000030517578,177.6999969482422,168.89999389648438,167.0,49.70000076293945,145.3000030517578,18.903636932373047,0.9895829558372498,1.629613995552063,1.753019094467163,1.5868468284606934,0.8372863531112671,21.0827579498291
137.5,145.89999389648438,146.3000030517578,173.10000610351562,174.5,171.60000610351562,174.5,178.8000030517578,177.5,175.0,176.60000610351562,168.3000030517578,168.39999389648438,39.29999923706055,150.10000610351562,18.19093894958496,1.0080251693725586,1.6430832147598267,1.7540655136108398,1.5986135005950928,0.8375410437583923,21.03264808654785
137.8000030517578,146.1999969482422,146.89999389648438,173.6999969482422,176.89999389648438,168.60000610351562,175.39999389648438,178.89999389648438,176.5,175.1999969482422,177.89999389648438,168.89999389648438,167.3000030517578,44.900001525878906,146.0,18.804948806762695,0.999873697757721,1.63325035572052,1.7366701364517212,1.5862399339675903,0.8361098170280457,21.01340103149414
138.0,145.0,146.3000030517578,173.8000030517578,175.3000030517578,170.0,175.6999969482422,178.10000610351562,178.0,175.3000030517578,177.3000030517578,167.8000030517578,168.10000610351562,40.70000076293945,151.10000610351562,18.498083114624023,0.9986563324928284,1.6280843019485474,1.7368664741516113,1.59730064868927,0.8352378010749817,21.20757484436035
135.6999969482422,146.5,146.0,172.6999969482422,173.89999389648438,171.39999389648438,174.60000610351562,178.3000030517578,176.8000030517578,174.8000030517578,176.1999969482422,167.89999389648438,168.39999389648438,51.70000076293945,142.39999389648438,19.09893035888672,1.0036084651947021,1.632777214050293,1.7431002855300903,1.5901825428009033,0.8493541479110718,22.573272705078125
136.1999969482422,145.8000030517578,143.39999389648438,173.39999389648438,175.6999969482422,170.39999389648438,175.0,178.3000030517578,175.10000610351562,175.39999389648438,179.1999969482422,169.3000030517578,166.0,57.099998474121094,140.3000030517578,17.83894920349121,0.9734545946121216,1.6219450235366821,1.7477279901504517,1.5948103666305542,0.8431631326675415,20.85735321044922
136.1999969482422,147.10000610351562,143.6999969482422,175.5,179.89999389648438,169.1999969482422,176.10000610351562,178.0,179.6999969482422,178.60000610351562,176.39999389648438,167.1999969482422,158.6999969482422,93.69999694824219,112.30000305175781,17.653705596923828,1.0305496454238892,1.6850357055664062,1.816291093826294,1.6636433601379395,0.9141923785209656,14.242690086364746
139.3000030517578,142.3000030517578,142.89999389648438,176.39999389648438,179.3000030517578,173.60000610351562,176.10000610351562,179.5,179.10000610351562,179.8000030517578,177.3000030517578,171.5,161.0,89.5,111.80000305175781,15.539496421813965,1.0149774551391602,1.701073408126831,1.8467824459075928,1.691982388496399,0.9078947901725769,15.070759773254395
