166.3000030517578,171.1999969482422,175.1999969482422,144.0,33.5,170.1999969482422,170.8000030517578,10.199999809265137,170.3000030517578,176.39999389648438,13.399999618530273,178.5,173.1999969482422,179.60000610351562,175.60000610351562,67.26390838623047,1.453132152557373,0.929467499256134,0.9432991743087769,1.0458065271377563,1.7210102081298828,56.93742752075195
167.10000610351562,170.10000610351562,177.10000610351562,145.39999389648438,33.0,170.0,170.3000030517578,10.100000381469727,173.3000030517578,176.0,14.699999809265137,179.39999389648438,171.6999969482422,179.39999389648438,175.60000610351562,67.33047485351562,1.4677324295043945,0.9452033042907715,0.9573312997817993,1.0703632831573486,1.7392550706863403,56.12313461303711
166.0,169.3000030517578,177.5,149.8000030517578,30.899999618530273,170.60000610351562,169.5,9.5,174.39999389648438,176.8000030517578,13.399999618530273,178.3000030517578,172.0,179.0,180.0,71.62548065185547,1.487661600112915,0.9089394807815552,0.9399049878120422,1.0335692167282104,1.7600165605545044,57.620391845703125
166.89999389648438,169.5,178.0,148.3000030517578,33.099998474121094,169.6999969482422,170.8000030517578,10.5,170.10000610351562,177.0,14.100000381469727,178.39999389648438,171.8000030517578,178.0,177.5,70.27488708496094,1.496314525604248,0.9304913878440857,0.9720070362091064,1.0517401695251465,1.778315782546997,58.12474060058594
167.8000030517578,171.0,176.1999969482422,149.89999389648438,29.5,169.8000030517578,173.89999389648438,7.0,176.10000610351562,171.60000610351562,17.799999237060547,176.1999969482422,171.5,179.6999969482422,179.89999389648438,66.81614685058594,1.486063838005066,0.9679938554763794,1.0052944421768188,1.0885881185531616,1.767271637916565,56.017578125
167.8000030517578,169.60000610351562,177.89999389648438,147.89999389648438,33.0,166.39999389648438,170.10000610351562,11.600000381469727,172.39999389648438,176.39999389648438,12.5,177.89999389648438,173.10000610351562,179.89999389648438,177.39999389648438,68.15953826904297,1.4963996410369873,0.9644843339920044,1.0057393312454224,1.0615555047988892,1.7654584646224976,57.97596740722656
167.60000610351562,168.8000030517578,178.5,145.6999969482422,36.0,166.0,169.39999389648438,12.0,173.60000610351562,178.10000610351562,11.899999618530273,175.8000030517578,169.8000030517578,178.5,178.8000030517578,67.7596664428711,1.4877227544784546,0.9538584351539612,1.0016924142837524,1.0767029523849487,1.7625877857208252,55.26161575317383
168.10000610351562,168.89999389648438,176.60000610351562,146.89999389648438,33.0,168.3000030517578,170.39999389648438,10.300000190734863,175.60000610351562,177.1999969482422,11.600000381469727,177.6999969482422,172.39999389648438,179.10000610351562,178.89999389648438,66.57723236083984,1.4712342023849487,0.97951340675354,1.0101763010025024,1.0883407592773438,1.7495123147964478,57.43805694580078
168.6999969482422,168.39999389648438,176.89999389648438,144.6999969482422,36.099998474121094,167.10000610351562,168.89999389648438,13.800000190734863,172.1999969482422,178.8000030517578,8.0,177.0,173.60000610351562,179.60000610351562,178.60000610351562,68.20658874511719,1.4672553539276123,0.9649837017059326,1.0158730745315552,1.076121211051941,1.7473466396331787,57.038536071777344
168.5,167.89999389648438,178.5,146.5,34.20000076293945,167.10000610351562,171.89999389648438,8.5,173.6999969482422,177.10000610351562,13.800000190734863,175.6999969482422,171.5,179.8000030517578,178.60000610351562,67.89169311523438,1.4919204711914062,0.9615247249603271,0.9995166659355164,1.0840480327606201,1.7626928091049194,56.272274017333984
169.0,166.60000610351562,177.89999389648438,144.60000610351562,37.20000076293945,166.5,169.1999969482422,12.399999618530273,170.3000030517578,179.39999389648438,9.100000381469727,177.60000610351562,171.0,176.8000030517578,179.6999969482422,68.27732849121094,1.4725852012634277,0.967945396900177,0.9936485290527344,1.0822453498840332,1.7420134544372559,57.41223907470703
168.1999969482422,167.0,176.8000030517578,146.89999389648438,36.29999923706055,165.3000030517578,169.60000610351562,11.100000381469727,171.6999969482422,178.0,13.899999618530273,174.89999389648438,173.60000610351562,179.60000610351562,179.60000610351562,68.19806671142578,1.487707257270813,0.9718315005302429,1.0020493268966675,1.0804373025894165,1.7543318271636963,55.934906005859375
168.89999389648438,166.0,176.89999389648438,141.5,43.29999923706055,163.6999969482422,166.8000030517578,16.200000762939453,170.0,178.1999969482422,7.699999809265137,177.10000610351562,172.6999969482422,178.0,179.60000610351562,69.98184967041016,1.50238835811615,0.954558253288269,1.0135196447372437,1.0655062198638916,1.760278344154358,58.02096176147461
168.39999389648438,166.89999389648438,177.6999969482422,142.8000030517578,37.70000076293945,167.60000610351562,169.5,13.399999618530273,171.60000610351562,179.0,10.899999618530273,177.0,172.39999389648438,179.5,178.8000030517578,69.92912292480469,1.4858753681182861,0.9429948329925537,1.0071654319763184,1.0612610578536987,1.751665472984314,56.48136901855469
168.89999389648438,166.1999969482422,176.39999389648438,143.39999389648438,38.70000076293945,167.6999969482422,172.3000030517578,10.199999809265137,173.10000610351562,177.10000610351562,11.300000190734863,176.10000610351562,172.10000610351562,178.10000610351562,179.1999969482422,69.06645965576172,1.4768893718719482,0.9669442176818848,0.9905160069465637,1.093017816543579,1.7544984817504883,56.750057220458984
168.6999969482422,165.6999969482422,177.6999969482422,144.1999969482422,36.79999923706055,168.39999389648438,171.3000030517578,10.100000381469727,169.6999969482422,178.6999969482422,11.399999618530273,177.0,173.39999389648438,180.0,179.3000030517578,68.69219207763672,1.476440191268921,0.9488304257392883,0.9785125851631165,1.061205267906189,1.741089940071106,56.689422607421875
167.89999389648438,167.39999389648438,175.1999969482422,146.1999969482422,38.20000076293945,166.39999389648438,171.39999389648438,10.600000381469727,173.10000610351562,177.3000030517578,11.399999618530273,177.5,172.39999389648438,179.6999969482422,178.5,69.53543090820312,1.4879111051559448,0.9458423852920532,0.9992167353630066,1.0651715993881226,1.7475594282150269,55.4954719543457
166.8000030517578,169.6999969482422,175.39999389648438,152.3000030517578,29.700000762939453,170.0,173.10000610351562,8.300000190734863,176.1999969482422,173.60000610351562,16.700000762939453,176.89999389648438,171.89999389648438,179.89999389648438,177.10000610351562,67.4389877319336,1.4850616455078125,0.967841386795044,1.028974175453186,1.089741587638855,1.7591408491134644,54.17570495605469
169.5,168.6999969482422,175.3000030517578,151.3000030517578,27.5,170.6999969482422,177.89999389648438,2.5,172.5,172.0,18.799999237060547,177.10000610351562,171.3000030517578,179.39999389648438,178.0,70.09137725830078,1.5095988512039185,0.9431093335151672,0.97365403175354,1.049414038658142,1.7356226444244385,53.99574661254883
166.8000030517578,167.8000030517578,177.39999389648438,146.60000610351562,33.5,167.3000030517578,173.5,6.199999809265137,171.3000030517578,177.60000610351562,15.100000381469727,173.5,172.3000030517578,179.8000030517578,177.5,71.80204772949219,1.5010939836502075,0.9023156762123108,0.9503664970397949,1.0231881141662598,1.723850131034851,54.03630447387695
167.89999389648438,168.5,175.89999389648438,149.0,33.0,166.5,171.5,8.199999809265137,174.6999969482422,176.5,15.0,175.3000030517578,171.60000610351562,178.8000030517578,179.1999969482422,68.61847686767578,1.4898062944412231,0.9355711340904236,0.9751209020614624,1.0419776439666748,1.746935248374939,55.381103515625
166.39999389648438,170.89999389648438,175.0,146.8000030517578,33.599998474121094,168.3000030517578,169.1999969482422,9.199999809265137,172.10000610351562,176.1999969482422,14.300000190734863,178.3000030517578,171.8000030517578,179.60000610351562,179.6999969482422,69.4290542602539,1.5042786598205566,0.9379772543907166,0.9552447199821472,1.0326355695724487,1.7595616579055786,54.57585144042969
165.89999389648438,170.60000610351562,175.39999389648438,148.89999389648438,29.0,169.39999389648438,170.10000610351562,8.300000190734863,171.39999389648438,174.60000610351562,15.699999809265137,179.3000030517578,173.0,179.10000610351562,178.6999969482422,68.4493179321289,1.4999150037765503,0.9641396403312683,1.0061525106430054,1.0591803789138794,1.7539459466934204,56.02495193481445
168.10000610351562,169.5,173.5,149.10000610351562,31.299999237060547,167.39999389648438,171.89999389648438,7.199999809265137,176.60000610351562,174.60000610351562,16.600000381469727,176.10000610351562,172.0,179.6999969482422,179.1999969482422,69.0203857421875,1.49992835521698,0.9476407766342163,0.9868072271347046,1.0612813234329224,1.75429105758667,54.204402923583984
167.39999389648438,169.5,175.6999969482422,147.1999969482422,33.400001525878906,167.6999969482422,170.89999389648438,8.399999618530273,175.0,175.60000610351562,15.600000381469727,175.8000030517578,172.39999389648438,179.10000610351562,178.89999389648438,68.86854553222656,1.4813425540924072,0.9540584683418274,0.9767307639122009,1.05182683467865,1.7513200044631958,55.382484436035156
166.8000030517578,169.10000610351562,175.10000610351562,147.1999969482422,34.099998474121094,168.8000030517578,170.6999969482422,9.100000381469727,175.3000030517578,174.8000030517578,14.899999618530273,177.10000610351562,172.10000610351562,179.39999389648438,178.60000610351562,67.44935607910156,1.4950578212738037,0.9479494690895081,0.9900506138801575,1.0698750019073486,1.7557244300842285,53.929100036621094
166.3000030517578,169.1999969482422,176.1999969482422,146.10000610351562,34.20000076293945,169.6999969482422,170.1999969482422,10.199999809265137,173.6999969482422,176.1999969482422,13.0,178.6999969482422,172.8000030517578,179.5,179.60000610351562,67.782958984375,1.4847708940505981,0.9449390769004822,1.0023434162139893,1.0635360479354858,1.7527477741241455,54.66527557373047
166.6999969482422,168.6999969482422,177.8000030517578,146.1999969482422,35.0,169.60000610351562,171.10000610351562,9.5,173.1999969482422,175.39999389648438,14.699999809265137,175.6999969482422,172.60000610351562,179.10000610351562,179.5,68.54407501220703,1.4748584032058716,0.9376693964004517,0.9749389886856079,1.0517512559890747,1.7439271211624146,54.979461669921875
167.3000030517578,169.10000610351562,174.60000610351562,147.6999969482422,32.20000076293945,168.6999969482422,172.3000030517578,7.599999904632568,176.1999969482422,175.10000610351562,15.600000381469727,176.6999969482422,173.10000610351562,178.89999389648438,180.0,66.54196166992188,1.4817777872085571,0.9519500136375427,0.9822815656661987,1.069202184677124,1.7382447719573975,53.916866302490234
167.0,168.6999969482422,175.1999969482422,147.5,33.29999923706055,167.8000030517578,173.39999389648438,6.800000190734863,175.89999389648438,175.89999389648438,14.399999618530273,176.39999389648438,172.3000030517578,179.5,179.39999389648438,67.4244384765625,1.4879149198532104,0.9479926824569702,0.9709987640380859,1.0637074708938599,1.744059443473816,54.07405090332031
167.3000030517578,168.1999969482422,175.89999389648438,146.60000610351562,32.599998474121094,169.8000030517578,172.10000610351562,7.800000190734863,173.89999389648438,177.10000610351562,14.300000190734863,178.39999389648438,171.0,178.6999969482422,178.89999389648438,68.11028289794922,1.4933891296386719,0.9330238103866577,0.9675761461257935,1.0514001846313477,1.7457053661346436,53.205787658691406
166.5,169.0,174.89999389648438,144.6999969482422,34.79999923706055,170.0,171.89999389648438,8.399999618530273,175.0,175.89999389648438,15.199999809265137,177.39999389648438,170.60000610351562,178.10000610351562,178.3000030517578,68.5820083618164,1.497100830078125,0.9255717396736145,0.9609808325767517,1.0498967170715332,1.75369393825531,53.58010482788086
166.10000610351562,169.5,175.8000030517578,144.8000030517578,35.400001525878906,169.0,171.3000030517578,9.0,174.8000030517578,176.39999389648438,14.5,176.39999389648438,170.8000030517578,178.39999389648438,178.60000610351562,68.5274658203125,1.500331997871399,0.9242910742759705,0.9537522792816162,1.0468289852142334,1.754348635673523,52.534175872802734
166.39999389648438,169.3000030517578,176.3000030517578,144.5,35.900001525878906,169.0,169.10000610351562,11.0,173.5,177.10000610351562,13.899999618530273,178.39999389648438,172.6999969482422,179.3000030517578,179.89999389648438,68.0340576171875,1.4819313287734985,0.9398664236068726,0.9771179556846619,1.05897057056427,1.744746208190918,52.881656646728516
166.1999969482422,168.89999389648438,176.1999969482422,144.6999969482422,35.0,170.0,169.1999969482422,11.100000381469727,172.39999389648438,176.60000610351562,13.5,179.1999969482422,172.5,179.10000610351562,179.89999389648438,67.5984878540039,1.4649486541748047,0.9498982429504395,0.9904842376708984,1.0666197538375854,1.736912488937378,52.656742095947266
166.6999969482422,168.0,176.60000610351562,144.89999389648438,37.0,166.3000030517578,169.39999389648438,11.399999618530273,172.5,177.0,13.800000190734863,177.60000610351562,173.60000610351562,177.1999969482422,179.60000610351562,67.2988052368164,1.471867561340332,0.9756013751029968,1.0204243659973145,1.082443356513977,1.7445261478424072,53.74571228027344
166.0,168.8000030517578,175.60000610351562,145.10000610351562,36.900001525878906,167.39999389648438,169.5,11.699999809265137,171.39999389648438,176.89999389648438,13.399999618530273,178.39999389648438,173.10000610351562,178.89999389648438,179.3000030517578,69.1692886352539,1.4859895706176758,0.9396446347236633,0.9743062257766724,1.0594865083694458,1.7576556205749512,55.02570343017578
166.89999389648438,169.39999389648438,176.1999969482422,151.0,29.100000381469727,170.3000030517578,171.3000030517578,10.199999809265137,174.89999389648438,175.10000610351562,14.300000190734863,178.8000030517578,172.1999969482422,178.5,178.6999969482422,66.67913818359375,1.4938268661499023,0.9440538883209229,0.9986263513565063,1.0793524980545044,1.7609119415283203,53.49521255493164
165.8000030517578,170.10000610351562,174.6999969482422,146.5,30.700000762939453,172.8000030517578,169.6999969482422,11.5,175.1999969482422,176.10000610351562,13.100000381469727,178.1999969482422,173.8000030517578,179.0,174.8000030517578,66.12030029296875,1.4752051830291748,0.9744037389755249,1.0129040479660034,1.111543893814087,1.733703374862671,55.5977897644043
164.8000030517578,169.8000030517578,173.1999969482422,148.60000610351562,27.600000381469727,176.5,170.5,9.899999618530273,175.89999389648438,174.0,15.699999809265137,177.5,172.39999389648438,179.39999389648438,177.0,66.76268005371094,1.5051485300064087,0.917621374130249,0.9797855615615845,1.0731996297836304,1.7409335374832153,53.250762939453125
164.8000030517578,170.10000610351562,173.89999389648438,148.5,27.399999618530273,174.60000610351562,173.0,8.399999618530273,175.6999969482422,172.5,18.0,178.0,172.10000610351562,179.8000030517578,173.1999969482422,64.93852233886719,1.4790035486221313,0.9529224634170532,1.0016670227050781,1.0876052379608154,1.7291312217712402,53.001930236816406
165.8000030517578,169.1999969482422,174.60000610351562,148.3000030517578,24.299999237060547,178.5,174.6999969482422,6.699999809265137,172.8000030517578,170.6999969482422,19.600000381469727,177.5,172.39999389648438,180.0,175.60000610351562,66.8219985961914,1.4886270761489868,0.8982459902763367,0.9690316319465637,1.0468931198120117,1.7354316711425781,52.68216323852539
165.5,169.10000610351562,174.8000030517578,147.60000610351562,26.899999618530273,178.60000610351562,173.89999389648438,8.100000381469727,173.60000610351562,172.1999969482422,17.0,175.6999969482422,170.8000030517578,179.10000610351562,175.10000610351562,66.79126739501953,1.470715045928955,0.8976185917854309,0.9693506956100464,1.0614004135131836,1.7374706268310547,50.997474670410156
165.6999969482422,167.5,176.8000030517578,144.89999389648438,33.400001525878906,171.0,171.0,11.199999809265137,172.60000610351562,175.89999389648438,15.300000190734863,178.6999969482422,171.89999389648438,179.39999389648438,175.60000610351562,66.81075286865234,1.466944932937622,0.9274123907089233,0.9938270449638367,1.0652005672454834,1.7360366582870483,53.187767028808594
166.6999969482422,168.8000030517578,174.39999389648438,149.39999389648438,24.399999618530273,178.60000610351562,175.5,7.400000095367432,173.3000030517578,170.39999389648438,18.299999237060547,175.0,170.60000610351562,178.6999969482422,176.5,67.67325592041016,1.488214373588562,0.8876956105232239,0.9586184620857239,1.0396164655685425,1.744626522064209,51.002742767333984
164.8000030517578,168.8000030517578,176.8000030517578,145.60000610351562,29.200000762939453,174.8000030517578,171.8000030517578,9.600000381469727,173.8000030517578,174.1999969482422,16.200000762939453,176.0,172.3000030517578,178.10000610351562,175.6999969482422,66.6243896484375,1.4741613864898682,0.9244170188903809,0.988847017288208,1.063334345817566,1.740395188331604,52.1308708190918
165.0,169.8000030517578,175.89999389648438,147.3000030517578,27.200000762939453,177.3000030517578,173.39999389648438,10.199999809265137,171.89999389648438,173.39999389648438,15.800000190734863,175.1999969482422,171.39999389648438,179.60000610351562,173.5,66.90733337402344,1.4667247533798218,0.92547607421875,0.9863989353179932,1.0592120885849,1.7445793151855469,52.9137077331543
166.0,169.5,175.8000030517578,147.89999389648438,25.899999618530273,176.8000030517578,173.89999389648438,8.300000190734863,171.6999969482422,172.89999389648438,17.600000381469727,176.1999969482422,171.10000610351562,179.3000030517578,175.10000610351562,67.07286071777344,1.4830108880996704,0.907160758972168,0.9650014042854309,1.0531102418899536,1.7449811697006226,52.55929183959961
165.1999969482422,169.6999969482422,174.8000030517578,146.6999969482422,28.5,177.3000030517578,172.1999969482422,10.899999618530273,170.5,174.1999969482422,15.699999809265137,176.0,170.8000030517578,179.5,175.6999969482422,67.438232421875,1.4878987073898315,0.9088316559791565,0.9708159565925598,1.0420080423355103,1.7570910453796387,52.93097686767578
166.60000610351562,167.89999389648438,176.8000030517578,150.10000610351562,25.299999237060547,176.3000030517578,173.8000030517578,7.599999904632568,173.0,172.39999389648438,18.700000762939453,177.89999389648438,170.6999969482422,179.6999969482422,176.10000610351562,67.93537902832031,1.475691318511963,0.9098992943763733,0.9697220325469971,1.0364277362823486,1.737786889076233,52.68792724609375
165.60000610351562,168.60000610351562,177.10000610351562,150.60000610351562,22.899999618530273,177.10000610351562,175.60000610351562,5.699999809265137,169.89999389648438,171.1999969482422,20.5,178.39999389648438,171.89999389648438,179.0,174.89999389648438,66.3458251953125,1.4693490266799927,0.93122798204422,0.9728881120681763,1.0432837009429932,1.7246249914169312,53.45646286010742
167.0,166.1999969482422,176.8000030517578,150.39999389648438,23.799999237060547,176.8000030517578,176.0,5.699999809265137,171.5,170.0,21.799999237060547,179.3000030517578,170.89999389648438,179.3000030517578,174.60000610351562,65.10884857177734,1.476539134979248,0.9188588857650757,0.9819203019142151,1.0502746105194092,1.7428771257400513,52.92704772949219
166.1999969482422,166.10000610351562,176.6999969482422,149.89999389648438,26.0,174.3000030517578,173.5,7.5,169.89999389648438,172.89999389648438,19.200000762939453,178.1999969482422,170.1999969482422,179.1999969482422,174.60000610351562,65.85498809814453,1.4827654361724854,0.9303784966468811,1.001715898513794,1.047513723373413,1.7330502271652222,51.64915466308594
165.3000030517578,169.1999969482422,175.60000610351562,149.0,25.399999618530273,177.39999389648438,177.3000030517578,4.199999809265137,174.0,171.0,19.799999237060547,177.60000610351562,170.60000610351562,179.39999389648438,176.5,67.43392181396484,1.4751771688461304,0.9031745195388794,0.9663910865783691,1.0414537191390991,1.736730933189392,51.29547119140625
165.10000610351562,169.8000030517578,174.5,152.0,20.299999237060547,179.8000030517578,177.0,4.800000190734863,171.60000610351562,168.89999389648438,21.5,177.1999969482422,170.8000030517578,179.10000610351562,176.1999969482422,66.48003387451172,1.4903470277786255,0.9065648913383484,0.9559226632118225,1.0281057357788086,1.738053560256958,51.889095306396484
165.8000030517578,168.6999969482422,176.8000030517578,151.5,20.600000381469727,178.89999389648438,175.89999389648438,5.400000095367432,172.6999969482422,171.3000030517578,20.399999618530273,178.1999969482422,171.60000610351562,179.60000610351562,175.8000030517578,65.57039642333984,1.4758813381195068,0.9266977310180664,0.9779669046401978,1.0613964796066284,1.7409818172454834,51.610870361328125
164.8000030517578,168.5,174.1999969482422,152.6999969482422,19.0,178.89999389648438,175.6999969482422,6.099999904632568,174.6999969482422,169.5,20.0,177.1999969482422,172.0,178.10000610351562,174.60000610351562,64.95270538330078,1.4790620803833008,0.9244551062583923,0.9903053045272827,1.0622644424438477,1.7536935806274414,52.01667404174805
165.1999969482422,168.1999969482422,174.0,151.5,21.899999618530273,177.6999969482422,175.39999389648438,5.699999809265137,170.60000610351562,168.5,20.700000762939453,177.39999389648438,171.1999969482422,179.5,177.39999389648438,65.1610107421875,1.4844346046447754,0.9066086411476135,0.962740957736969,1.0109387636184692,1.7239912748336792,52.852230072021484
165.6999969482422,168.10000610351562,176.5,152.60000610351562,19.399999618530273,178.39999389648438,176.10000610351562,5.0,170.1999969482422,170.10000610351562,20.0,177.1999969482422,170.60000610351562,179.0,175.8000030517578,64.90460205078125,1.4910342693328857,0.9178070425987244,0.9648667573928833,1.0207244157791138,1.7276815176010132,51.914085388183594
165.8000030517578,169.10000610351562,173.6999969482422,150.8000030517578,20.799999237060547,179.8000030517578,175.8000030517578,6.800000190734863,169.60000610351562,170.1999969482422,18.200000762939453,174.60000610351562,170.0,178.10000610351562,176.10000610351562,66.17904663085938,1.486215353012085,0.9111450910568237,0.9649603366851807,1.0233951807022095,1.7332526445388794,51.798439025878906
165.6999969482422,168.5,174.39999389648438,150.8000030517578,20.200000762939453,178.0,176.8000030517578,3.799999952316284,171.1999969482422,171.8000030517578,19.299999237060547,174.60000610351562,171.0,179.3000030517578,178.1999969482422,67.25421905517578,1.4896141290664673,0.9154399633407593,0.9667896628379822,1.043067455291748,1.7339428663253784,51.10459518432617
164.5,168.60000610351562,175.89999389648438,154.39999389648438,16.100000381469727,178.6999969482422,176.5,5.300000190734863,170.6999969482422,170.60000610351562,20.700000762939453,176.5,171.39999389648438,179.8000030517578,176.0,65.00069427490234,1.485228419303894,0.9258119463920593,0.9824916124343872,1.0370725393295288,1.7406762838363647,52.181541442871094
165.8000030517578,168.5,175.39999389648438,153.39999389648438,19.399999618530273,180.0,177.3000030517578,4.400000095367432,172.60000610351562,167.89999389648438,21.899999618530273,176.5,171.10000610351562,179.89999389648438,176.5,64.98902893066406,1.466478943824768,0.9315725564956665,0.9812270402908325,1.0487051010131836,1.7352068424224854,53.65944290161133
165.6999969482422,168.1999969482422,176.3000030517578,151.39999389648438,21.100000381469727,179.3000030517578,175.1999969482422,6.800000190734863,171.3000030517578,172.0,20.200000762939453,178.39999389648438,172.39999389648438,178.60000610351562,176.10000610351562,65.81632995605469,1.4767756462097168,0.9327016472816467,0.9896531105041504,1.0521632432937622,1.7371159791946411,51.22233200073242
166.8000030517578,167.5,176.10000610351562,153.39999389648438,21.700000762939453,177.1999969482422,173.39999389648438,8.100000381469727,171.89999389648438,173.5,19.0,177.8000030517578,172.10000610351562,179.1999969482422,176.1999969482422,66.58460235595703,1.477941870689392,0.9226146936416626,0.9878739714622498,1.0613067150115967,1.7398821115493774,52.27750015258789
166.39999389648438,167.6999969482422,176.39999389648438,145.6999969482422,26.399999618530273,177.10000610351562,174.0,8.100000381469727,169.3000030517578,173.6999969482422,15.399999618530273,175.10000610351562,171.39999389648438,179.10000610351562,175.8000030517578,66.46147155761719,1.4788089990615845,0.9213965535163879,0.981610894203186,1.0435428619384766,1.7267589569091797,52.12038040161133
166.89999389648438,168.39999389648438,174.0,150.0,25.600000381469727,175.10000610351562,175.8000030517578,6.300000190734863,170.10000610351562,169.39999389648438,19.799999237060547,178.5,170.89999389648438,179.8000030517578,174.89999389648438,67.75383758544922,1.4949793815612793,0.9313279390335083,0.9585267901420593,1.0350759029388428,1.7518872022628784,53.81700897216797
167.89999389648438,166.89999389648438,175.3000030517578,146.89999389648438,29.5,175.0,174.0,8.600000381469727,172.0,172.3000030517578,17.899999618530273,178.0,173.39999389648438,178.6999969482422,174.39999389648438,68.033203125,1.4860224723815918,0.9267699122428894,0.9601573348045349,1.0593456029891968,1.7402300834655762,53.12872314453125
167.8000030517578,168.10000610351562,174.39999389648438,144.6999969482422,30.899999618530273,174.0,173.3000030517578,9.800000190734863,169.8000030517578,172.39999389648438,14.699999809265137,176.0,173.60000610351562,178.1999969482422,177.89999389648438,68.41490936279297,1.4968382120132446,0.9316147565841675,0.9528859257698059,1.0565017461776733,1.7595765590667725,53.7778205871582
167.89999389648438,166.60000610351562,175.8000030517578,141.89999389648438,38.79999923706055,169.10000610351562,170.39999389648438,11.800000190734863,170.3000030517578,177.6999969482422,11.199999809265137,179.8000030517578,175.0,179.5,179.0,70.3329849243164,1.4823827743530273,0.9246209263801575,0.9580485820770264,1.0527516603469849,1.7277932167053223,53.92481231689453
168.1999969482422,169.0,173.89999389648438,142.1999969482422,37.0,172.3000030517578,172.0,11.100000381469727,174.0,173.5,10.699999809265137,178.5,173.3000030517578,178.5,179.0,69.5346450805664,1.5059990882873535,0.9270375370979309,0.9648967981338501,1.0845733880996704,1.7437329292297363,53.908302307128906
168.0,169.60000610351562,174.60000610351562,143.6999969482422,34.29999923706055,172.60000610351562,170.10000610351562,12.399999618530273,173.1999969482422,177.60000610351562,8.0,176.6999969482422,173.89999389648438,177.89999389648438,177.6999969482422,67.27136993408203,1.4766099452972412,0.9684403538703918,1.0013577938079834,1.0943620204925537,1.71396005153656,54.45794677734375
166.8000030517578,167.8000030517578,178.39999389648438,140.39999389648438,40.900001525878906,168.60000610351562,168.60000610351562,14.800000190734863,172.60000610351562,178.3000030517578,8.300000190734863,179.6999969482422,172.8000030517578,178.3000030517578,177.89999389648438,71.94703674316406,1.5037773847579956,0.9198718667030334,0.9860584735870361,1.0374003648757935,1.741470217704773,56.135433197021484
167.8000030517578,168.10000610351562,176.1999969482422,147.1999969482422,33.29999923706055,166.10000610351562,171.5,9.300000190734863,171.3000030517578,175.0,13.300000190734863,178.5,172.8000030517578,178.10000610351562,177.1999969482422,66.18987274169922,1.485914707183838,0.9810215830802917,1.0066758394241333,1.098369836807251,1.7240148782730103,53.778804779052734
167.3000030517578,170.10000610351562,173.6999969482422,148.60000610351562,29.600000381469727,172.1999969482422,173.1999969482422,8.0,173.39999389648438,173.1999969482422,14.300000190734863,178.60000610351562,174.10000610351562,179.89999389648438,176.8000030517578,66.74036407470703,1.486480712890625,0.9816758036613464,1.0087800025939941,1.0968040227890015,1.7221347093582153,54.82255172729492
169.89999389648438,168.3000030517578,173.89999389648438,143.8000030517578,33.29999923706055,170.0,173.39999389648438,9.0,171.60000610351562,177.1999969482422,10.300000190734863,179.5,173.0,178.3000030517578,177.8000030517578,67.11328125,1.4701098203659058,0.972612202167511,0.9768029451370239,1.0906659364700317,1.718172311782837,54.871986389160156
167.1999969482422,170.10000610351562,173.89999389648438,145.8000030517578,34.400001525878906,169.60000610351562,172.1999969482422,10.0,173.10000610351562,174.6999969482422,13.100000381469727,179.8000030517578,173.60000610351562,179.3000030517578,178.1999969482422,68.33159637451172,1.499606728553772,0.9400591254234314,0.966999351978302,1.0661674737930298,1.7305704355239868,54.58693313598633
168.1999969482422,168.10000610351562,175.3000030517578,148.39999389648438,32.599998474121094,168.5,172.0,8.699999809265137,171.3000030517578,176.6999969482422,14.0,178.89999389648438,172.6999969482422,179.89999389648438,180.0,66.62321472167969,1.4732834100723267,0.9704289436340332,0.9922376871109009,1.076906442642212,1.7231234312057495,54.905487060546875
168.60000610351562,167.60000610351562,173.6999969482422,145.60000610351562,36.70000076293945,165.10000610351562,171.6999969482422,9.399999618530273,171.39999389648438,179.5,10.899999618530273,178.1999969482422,172.39999389648438,179.3000030517578,179.89999389648438,66.3396224975586,1.4715665578842163,0.9722219109535217,0.9858811497688293,1.0827319622039795,1.7163792848587036,53.6856575012207
167.89999389648438,168.10000610351562,175.10000610351562,145.3000030517578,34.599998474121094,169.6999969482422,171.8000030517578,10.100000381469727,171.60000610351562,178.89999389648438,9.600000381469727,179.0,172.0,178.8000030517578,179.3000030517578,66.63835906982422,1.4731186628341675,0.9654038548469543,0.9800878167152405,1.0801365375518799,1.7184540033340454,53.666542053222656
168.0,167.10000610351562,174.3000030517578,147.0,34.20000076293945,167.0,172.39999389648438,9.800000190734863,171.5,177.5,11.699999809265137,179.39999389648438,172.1999969482422,178.8000030517578,178.1999969482422,66.54623413085938,1.4968985319137573,0.940773606300354,0.9622217416763306,1.0636881589889526,1.7399928569793701,52.51339340209961
166.8000030517578,169.3000030517578,174.10000610351562,146.10000610351562,31.5,174.1999969482422,171.6999969482422,8.699999809265137,171.8000030517578,176.39999389648438,12.100000381469727,178.1999969482422,172.8000030517578,179.0,179.1999969482422,67.813720703125,1.4967172145843506,0.942954421043396,0.9536166191101074,1.0711864233016968,1.730789303779602,53.41072082519531
167.5,168.5,175.5,148.0,34.099998474121094,169.6999969482422,172.1999969482422,9.5,172.0,175.39999389648438,13.100000381469727,179.60000610351562,171.8000030517578,178.5,180.0,68.75695037841797,1.4940191507339478,0.9288714528083801,0.9544673562049866,1.0577874183654785,1.7361057996749878,53.305912017822266
167.89999389648438,167.6999969482422,175.5,147.1999969482422,31.399999618530273,172.0,173.6999969482422,8.600000381469727,171.39999389648438,172.5,14.5,178.6999969482422,172.0,179.60000610351562,177.5,66.73869323730469,1.4714534282684326,0.9545441269874573,0.970513105392456,1.0792354345321655,1.71541166305542,54.01096725463867
168.1999969482422,166.8000030517578,175.60000610351562,147.6999969482422,32.400001525878906,169.6999969482422,172.8000030517578,9.199999809265137,168.39999389648438,175.3000030517578,13.0,177.3000030517578,172.8000030517578,179.8000030517578,177.1999969482422,67.07740020751953,1.4898772239685059,0.9418193697929382,0.9636062979698181,1.0583046674728394,1.723628282546997,53.9178352355957
169.39999389648438,166.60000610351562,175.39999389648438,147.3000030517578,31.299999237060547,172.0,172.89999389648438,10.5,171.0,176.0,10.300000190734863,176.1999969482422,172.10000610351562,177.5,176.89999389648438,66.14224243164062,1.4722135066986084,0.9476028084754944,0.9648657441139221,1.0679080486297607,1.7266454696655273,52.38123321533203
169.0,166.1999969482422,176.1999969482422,147.89999389648438,31.600000381469727,171.39999389648438,172.89999389648438,9.699999809265137,171.89999389648438,176.1999969482422,12.399999618530273,178.39999389648438,173.10000610351562,179.0,178.3000030517578,68.06916809082031,1.485013723373413,0.922486424446106,0.9577755928039551,1.051560640335083,1.7293988466262817,52.12984085083008
168.1999969482422,167.6999969482422,172.8000030517578,145.0,30.600000381469727,175.89999389648438,172.1999969482422,10.600000381469727,170.89999389648438,174.6999969482422,12.5,175.10000610351562,172.89999389648438,178.5,177.39999389648438,67.2764663696289,1.508663535118103,0.9342397451400757,0.9709612131118774,1.0693467855453491,1.7430177927017212,50.60852813720703
168.5,167.60000610351562,174.1999969482422,147.6999969482422,32.20000076293945,170.6999969482422,173.5,9.0,171.39999389648438,175.6999969482422,13.300000190734863,179.89999389648438,171.8000030517578,179.60000610351562,178.6999969482422,67.6399154663086,1.5005046129226685,0.9316929578781128,0.961423397064209,1.0541350841522217,1.7367790937423706,52.209102630615234
167.8000030517578,166.8000030517578,174.8000030517578,147.1999969482422,34.29999923706055,169.0,171.6999969482422,10.5,171.1999969482422,176.5,13.0,179.5,173.0,179.1999969482422,179.3000030517578,68.07161712646484,1.494497299194336,0.9341369271278381,0.9592077136039734,1.0600911378860474,1.7368803024291992,54.19712448120117
166.6999969482422,168.3000030517578,173.1999969482422,145.8000030517578,33.70000076293945,170.60000610351562,173.1999969482422,7.800000190734863,171.8000030517578,175.8000030517578,14.699999809265137,179.1999969482422,173.1999969482422,178.8000030517578,178.5,68.90129089355469,1.4783003330230713,0.9461784958839417,0.9704399704933167,1.0739341974258423,1.715854525566101,54.03750228881836
166.39999389648438,168.39999389648438,173.5,146.6999969482422,30.5,175.89999389648438,172.39999389648438,9.699999809265137,174.89999389648438,175.10000610351562,13.199999809265137,177.6999969482422,171.10000610351562,178.0,178.89999389648438,66.66595458984375,1.4917120933532715,0.9279676079750061,0.9698385000228882,1.0755934715270996,1.7240045070648193,51.5072021484375
168.8000030517578,166.0,175.6999969482422,146.8000030517578,32.0,172.39999389648438,171.6999969482422,10.5,171.6999969482422,176.6999969482422,12.300000190734863,179.3000030517578,172.10000610351562,179.1999969482422,178.10000610351562,68.13113403320312,1.4832518100738525,0.9315011501312256,0.9562222957611084,1.0525239706039429,1.7362093925476074,52.56985092163086
169.3000030517578,166.1999969482422,173.1999969482422,144.3000030517578,34.099998474121094,170.1999969482422,172.10000610351562,11.0,170.1999969482422,176.3000030517578,12.300000190734863,177.5,172.60000610351562,179.6999969482422,176.8000030517578,68.40348815917969,1.4967248439788818,0.9089142084121704,0.9389482736587524,1.0446161031723022,1.7428654432296753,52.604515075683594
168.10000610351562,166.1999969482422,174.6999969482422,142.39999389648438,38.29999923706055,167.8000030517578,169.5,13.300000190734863,168.10000610351562,178.10000610351562,11.300000190734863,178.3000030517578,172.8000030517578,179.89999389648438,176.89999389648438,68.70215606689453,1.4803842306137085,0.9333391189575195,0.9612102508544922,1.0597821474075317,1.7432129383087158,53.83285140991211
168.10000610351562,166.0,176.5,144.8000030517578,35.70000076293945,167.6999969482422,170.1999969482422,13.399999618530273,167.39999389648438,177.60000610351562,10.699999809265137,179.3000030517578,175.3000030517578,179.89999389648438,177.5,68.51223754882812,1.4856666326522827,0.9545246362686157,0.9783616662025452,1.0676745176315308,1.7492783069610596,55.397159576416016
166.89999389648438,169.60000610351562,173.39999389648438,144.6999969482422,34.0,172.3000030517578,170.39999389648438,13.100000381469727,172.10000610351562,173.1999969482422,11.600000381469727,176.89999389648438,174.6999969482422,179.3000030517578,174.3000030517578,68.48546600341797,1.477617859840393,0.9503077864646912,0.9798058271408081,1.0586721897125244,1.715779185295105,55.5549201965332
168.5,170.10000610351562,174.39999389648438,157.10000610351562,14.899999618530273,176.1999969482422,175.5,7.0,179.10000610351562,167.5,18.5,176.39999389648438,174.3000030517578,177.39999389648438,174.10000610351562,64.80529022216797,1.4922527074813843,0.9379450082778931,0.9939941167831421,1.0759663581848145,1.7170519828796387,52.583614349365234
165.89999389648438,169.60000610351562,175.0,157.10000610351562,17.700000762939453,179.39999389648438,174.8000030517578,5.699999809265137,178.0,166.6999969482422,24.600000381469727,178.60000610351562,174.39999389648438,179.3000030517578,173.10000610351562,66.44293212890625,1.4848222732543945,0.9293678402900696,0.9968739748001099,1.0921926498413086,1.7085576057434082,54.03800964355469
166.3000030517578,170.89999389648438,173.8000030517578,155.89999389648438,16.100000381469727,177.6999969482422,177.5,3.9000000953674316,179.39999389648438,167.0,22.100000381469727,178.3000030517578,170.1999969482422,178.89999389648438,175.0,64.06517028808594,1.5138511657714844,0.9528685808181763,1.0219355821609497,1.117822289466858,1.7429108619689941,49.61952209472656
168.60000610351562,170.3000030517578,172.5,162.1999969482422,7.599999904632568,174.3000030517578,179.5,1.2000000476837158,176.60000610351562,164.3000030517578,28.0,179.8000030517578,169.89999389648438,178.10000610351562,173.6999969482422,62.08341598510742,1.5205674171447754,0.9355402588844299,1.0257647037506104,1.0590344667434692,1.7489131689071655,49.01105499267578
167.89999389648438,168.5,173.5,162.0,10.399999618530273,178.10000610351562,176.89999389648438,4.699999809265137,176.39999389648438,165.60000610351562,29.799999237060547,178.60000610351562,171.0,179.60000610351562,174.0,62.44847106933594,1.4843361377716064,0.9497761726379395,0.997108519077301,1.072601556777954,1.731910228729248,51.670894622802734
167.8000030517578,169.1999969482422,173.3000030517578,156.5,15.100000381469727,178.6999969482422,179.5,1.2999999523162842,174.5,165.89999389648438,29.5,179.1999969482422,170.1999969482422,178.89999389648438,173.8000030517578,64.32756042480469,1.4855115413665771,0.9488595128059387,0.9871165156364441,1.064158320426941,1.735856294631958,51.80557632446289
166.3000030517578,170.39999389648438,172.8000030517578,160.5,11.0,179.8000030517578,178.8000030517578,3.5999999046325684,177.39999389648438,166.8000030517578,29.299999237060547,179.89999389648438,169.6999969482422,178.10000610351562,174.3000030517578,62.40501022338867,1.4950991868972778,0.9536618590354919,0.9858301877975464,1.088303804397583,1.7494724988937378,51.135398864746094
166.39999389648438,166.6999969482422,176.5,166.5,5.900000095367432,178.10000610351562,179.1999969482422,4.300000190734863,176.39999389648438,166.39999389648438,33.900001525878906,176.10000610351562,170.0,178.6999969482422,175.3000030517578,67.15967559814453,1.503766417503357,0.9249098300933838,1.0575886964797974,1.0332057476043701,1.771439552307129,52.24286651611328
167.39999389648438,166.10000610351562,176.10000610351562,164.39999389648438,5.300000190734863,175.5,178.60000610351562,6.099999904632568,175.8000030517578,166.0,33.900001525878906,175.1999969482422,170.8000030517578,179.39999389648438,174.60000610351562,68.92927551269531,1.496612310409546,0.906246542930603,0.998566210269928,1.0002436637878418,1.7538052797317505,52.60159683227539
167.6999969482422,166.6999969482422,174.5,165.0,4.800000190734863,172.8000030517578,179.89999389648438,4.5,177.6999969482422,166.1999969482422,32.70000076293945,178.0,169.89999389648438,179.10000610351562,174.6999969482422,67.64044952392578,1.483028769493103,0.9082157015800476,1.0041751861572266,1.0111809968948364,1.757201075553894,52.96196746826172
167.89999389648438,166.3000030517578,175.5,165.8000030517578,4.199999809265137,173.6999969482422,178.60000610351562,6.599999904632568,176.60000610351562,166.1999969482422,33.599998474121094,177.3000030517578,170.0,178.60000610351562,174.10000610351562,68.4329833984375,1.4729244709014893,0.8778427243232727,0.9835997223854065,0.9825332164764404,1.740797758102417,52.0160026550293
166.39999389648438,170.1999969482422,175.39999389648438,167.39999389648438,0.8999999761581421,169.1999969482422,177.10000610351562,8.199999809265137,178.0,160.89999389648438,36.400001525878906,177.0,168.39999389648438,177.10000610351562,175.1999969482422,71.60823059082031,1.4800456762313843,0.850131630897522,0.9597525000572205,0.9707974195480347,1.7425706386566162,54.20812225341797
167.10000610351562,169.8000030517578,176.39999389648438,176.10000610351562,6.900000095367432,172.8000030517578,178.5,8.5,173.6999969482422,164.8000030517578,34.70000076293945,178.3000030517578,171.8000030517578,179.3000030517578,178.0,71.05535888671875,1.4851434230804443,0.8757110238075256,0.9799321889877319,0.9960131645202637,1.7562897205352783,56.1736946105957
162.39999389648438,172.3000030517578,172.6999969482422,169.1999969482422,23.799999237060547,169.6999969482422,176.8000030517578,11.0,179.89999389648438,151.10000610351562,44.70000076293945,175.6999969482422,169.60000610351562,178.6999969482422,174.6999969482422,72.57059478759766,1.4477050304412842,0.8738388419151306,0.9745956063270569,1.0141105651855469,1.6972123384475708,58.193359375
164.39999389648438,172.3000030517578,171.39999389648438,133.6999969482422,63.29999923706055,167.3000030517578,170.3000030517578,17.600000381469727,177.89999389648438,133.8000030517578,58.099998474121094,179.89999389648438,172.60000610351562,176.10000610351562,170.0,70.28783416748047,1.3989578485488892,0.9139569997787476,0.939631462097168,1.0102314949035645,1.6132524013519287,64.16168975830078
166.0,175.5,172.6999969482422,114.5,80.4000015258789,170.5,167.6999969482422,21.200000762939453,174.1999969482422,131.3000030517578,60.70000076293945,178.8000030517578,172.39999389648438,178.89999389648438,168.89999389648438,66.34036254882812,1.3470629453659058,0.9604673981666565,0.9479780197143555,1.0536890029907227,1.5358604192733765,63.2860221862793
166.10000610351562,177.0,174.89999389648438,111.0999984741211,84.9000015258789,168.1999969482422,168.6999969482422,21.399999618530273,175.6999969482422,131.89999389648438,61.20000076293945,177.60000610351562,170.5,177.1999969482422,175.39999389648438,64.70040130615234,1.3490259647369385,0.9506897926330566,0.9327266812324524,1.0194013118743896,1.5277495384216309,58.687278747558594
165.39999389648438,177.5,173.6999969482422,85.0999984741211,110.0,172.0,168.0,22.0,175.8000030517578,140.60000610351562,54.099998474121094,179.60000610351562,170.60000610351562,179.89999389648438,173.10000610351562,66.366455078125,1.343076229095459,0.9461592435836792,0.9288651347160339,1.0025103092193604,1.5187397003173828,58.76473617553711
166.8000030517578,177.1999969482422,174.1999969482422,128.5,68.0999984741211,170.8000030517578,170.1999969482422,19.5,173.8000030517578,138.10000610351562,55.70000076293945,178.6999969482422,171.8000030517578,179.8000030517578,177.6999969482422,66.7569808959961,1.3516335487365723,0.9579878449440002,0.9354470372200012,1.017392873764038,1.5334913730621338,60.009193420410156
166.89999389648438,176.0,173.1999969482422,108.0,87.80000305175781,169.10000610351562,162.6999969482422,26.399999618530273,176.60000610351562,128.8000030517578,63.599998474121094,179.0,171.39999389648438,179.6999969482422,173.0,65.25523376464844,1.3513073921203613,0.9425259828567505,0.9253761172294617,1.0130866765975952,1.5249781608581543,61.086219787597656
166.6999969482422,174.8000030517578,173.6999969482422,109.19999694824219,86.69999694824219,167.8000030517578,170.39999389648438,18.200000762939453,177.1999969482422,142.10000610351562,50.5,177.5,171.8000030517578,178.0,175.39999389648438,65.73738098144531,1.3527854681015015,0.9455629587173462,0.9407300353050232,1.0330065488815308,1.5312187671661377,58.591590881347656
166.60000610351562,176.3000030517578,173.8000030517578,111.80000305175781,84.30000305175781,171.5,168.3000030517578,21.600000381469727,173.8000030517578,127.30000305175781,64.9000015258789,178.6999969482422,172.10000610351562,179.5,174.60000610351562,65.18630981445312,1.335253119468689,0.9576385021209717,0.9256331920623779,1.011670470237732,1.5131874084472656,59.74858474731445
167.39999389648438,177.89999389648438,170.39999389648438,45.599998474121094,150.6999969482422,173.89999389648438,94.5,95.19999694824219,171.6999969482422,42.0,149.8000030517578,179.60000610351562,169.0,175.0,174.6999969482422,65.63813018798828,1.3177859783172607,0.931844174861908,0.8847431540489197,0.9762505888938904,1.4688184261322021,59.763572692871094
165.6999969482422,177.5,169.3000030517578,26.399999618530273,167.0,174.8000030517578,42.599998474121094,144.6999969482422,169.89999389648438,13.199999809265137,178.10000610351562,177.89999389648438,168.1999969482422,179.5,167.8000030517578,71.38580322265625,1.319811463356018,0.8748404383659363,0.8463455438613892,0.9345756769180298,1.4593530893325806,63.83464431762695
166.0,175.5,170.0,17.0,177.1999969482422,178.6999969482422,18.899999618530273,168.6999969482422,179.5,2.0999999046325684,169.6999969482422,169.39999389648438,166.0,173.89999389648438,171.39999389648438,68.61149597167969,1.3113502264022827,0.88880455493927,0.8551665544509888,0.9120004177093506,1.4494414329528809,70.15789794921875
165.60000610351562,175.1999969482422,173.6999969482422,12.100000381469727,154.5,178.1999969482422,164.39999389648438,6.900000095367432,173.39999389648438,2.299999952316284,170.10000610351562,170.10000610351562,173.3000030517578,180.0,175.1999969482422,67.90747833251953,1.3270859718322754,0.9530175924301147,0.9203835725784302,0.9914074540138245,1.478870153427124,67.05384826660156
164.6999969482422,174.8000030517578,173.60000610351562,155.1999969482422,15.5,177.8000030517578,179.10000610351562,1.5,176.89999389648438,168.6999969482422,23.299999237060547,179.5,170.89999389648438,177.5,177.10000610351562,72.08676147460938,1.5059140920639038,0.8949219584465027,0.9915395379066467,1.0870188474655151,1.7725410461425781,55.62237548828125
166.5,171.0,170.89999389648438,159.3000030517578,10.399999618530273,177.8000030517578,179.1999969482422,5.400000095367432,179.5,169.8000030517578,25.600000381469727,179.8000030517578,172.8000030517578,177.39999389648438,174.89999389648438,68.47117614746094,1.4987128973007202,0.8853442668914795,0.9515019655227661,1.0730432271957397,1.7666540145874023,54.568992614746094
168.0,169.8000030517578,170.1999969482422,152.5,21.0,176.39999389648438,178.89999389648438,1.2000000476837158,173.6999969482422,170.60000610351562,22.799999237060547,179.89999389648438,170.3000030517578,177.0,177.39999389648438,70.65007781982422,1.5226963758468628,0.8529191613197327,0.8920593857765198,1.0064290761947632,1.7653690576553345,55.11781692504883
170.60000610351562,166.89999389648438,170.5,149.5,26.100000381469727,172.8000030517578,177.6999969482422,0.4000000059604645,174.5,173.5,21.200000762939453,177.8000030517578,168.3000030517578,179.10000610351562,178.0,72.56177520751953,1.5219712257385254,0.8239848017692566,0.8489470481872559,0.9761088490486145,1.7622430324554443,53.534889221191406
170.1999969482422,166.6999969482422,169.6999969482422,147.8000030517578,25.799999237060547,174.60000610351562,178.1999969482422,1.100000023841858,176.39999389648438,175.89999389648438,19.0,178.39999389648438,167.60000610351562,177.5,175.6999969482422,76.44047546386719,1.5560954809188843,0.8011815547943115,0.8218616247177124,0.987678587436676,1.7444303035736084,54.52653884887695
169.1999969482422,168.10000610351562,167.1999969482422,148.6999969482422,23.600000381469727,176.39999389648438,178.39999389648438,3.5,179.10000610351562,174.10000610351562,20.0,179.39999389648438,169.89999389648438,175.0,174.39999389648438,74.15077209472656,1.5656721591949463,0.8002036213874817,0.8198192715644836,0.9879949688911438,1.7449326515197754,53.59951400756836
168.60000610351562,167.8000030517578,169.5,152.89999389648438,21.700000762939453,173.89999389648438,175.89999389648438,1.0,174.3000030517578,177.5,19.200000762939453,177.60000610351562,171.5,175.60000610351562,177.10000610351562,75.49515533447266,1.5590147972106934,0.7970442175865173,0.8367767930030823,0.9648312330245972,1.737304925918579,53.05964279174805
169.8000030517578,168.0,169.0,153.0,20.899999618530273,176.39999389648438,178.89999389648438,2.4000000953674316,177.6999969482422,174.39999389648438,19.700000762939453,177.6999969482422,170.5,176.60000610351562,176.5,75.47533416748047,1.546148419380188,0.7996752262115479,0.8290093541145325,0.9705485105514526,1.735727310180664,53.72321319580078
170.10000610351562,167.60000610351562,170.10000610351562,152.1999969482422,20.5,176.3000030517578,179.8000030517578,3.0999999046325684,176.8000030517578,176.3000030517578,17.799999237060547,178.6999969482422,171.1999969482422,176.10000610351562,177.10000610351562,74.712646484375,1.5319267511367798,0.8305461406707764,0.8646460175514221,0.990950345993042,1.7283598184585571,54.13526153564453
169.6999969482422,168.3000030517578,168.89999389648438,151.89999389648438,20.0,179.10000610351562,178.8000030517578,1.7000000476837158,175.5,172.60000610351562,22.0,178.89999389648438,169.5,179.10000610351562,178.1999969482422,75.91739654541016,1.556526780128479,0.8121176958084106,0.8570517897605896,0.9667010307312012,1.7421404123306274,53.59267807006836
169.0,167.5,169.89999389648438,152.6999969482422,20.200000762939453,177.39999389648438,179.60000610351562,1.7999999523162842,172.3000030517578,171.6999969482422,20.299999237060547,179.8000030517578,170.6999969482422,177.10000610351562,179.60000610351562,72.36306762695312,1.5223464965820312,0.862676203250885,0.8970679640769958,1.008508563041687,1.7395638227462769,53.03176498413086
168.1999969482422,167.0,167.5,145.3000030517578,27.5,178.1999969482422,175.89999389648438,3.9000000953674316,172.39999389648438,171.60000610351562,17.799999237060547,177.3000030517578,172.0,179.1999969482422,177.1999969482422,71.08079528808594,1.5281200408935547,0.8719072341918945,0.9066962599754333,1.012733817100525,1.740608811378479,54.013023376464844
167.89999389648438,167.3000030517578,169.89999389648438,144.3000030517578,27.100000381469727,178.89999389648438,175.8000030517578,4.699999809265137,172.89999389648438,175.3000030517578,12.399999618530273,176.10000610351562,173.60000610351562,179.60000610351562,179.89999389648438,72.52847290039062,1.5017591714859009,0.8600722551345825,0.8822515606880188,1.048602819442749,1.7325708866119385,54.558143615722656
169.0,167.5,171.10000610351562,145.8000030517578,27.5,177.0,174.6999969482422,4.199999809265137,174.60000610351562,175.5,13.199999809265137,176.6999969482422,172.5,179.8000030517578,177.60000610351562,71.83761596679688,1.4915083646774292,0.8838719129562378,0.9063307046890259,1.0600279569625854,1.7417457103729248,54.05882263183594
166.10000610351562,168.8000030517578,172.5,137.0,41.5,173.10000610351562,168.89999389648438,12.699999809265137,172.5,177.6999969482422,4.599999904632568,174.8000030517578,174.0,179.5,178.8000030517578,70.65006256103516,1.450962781906128,0.9071145057678223,0.9508100748062134,1.082392692565918,1.7028547525405884,55.98914337158203
167.8000030517578,168.39999389648438,174.10000610351562,133.1999969482422,45.400001525878906,170.1999969482422,165.10000610351562,14.100000381469727,178.10000610351562,177.1999969482422,2.799999952316284,176.6999969482422,172.89999389648438,178.39999389648438,179.10000610351562,68.84176635742188,1.4234169721603394,0.9348138570785522,0.9527037143707275,1.1093240976333618,1.6676753759384155,58.0213508605957
165.89999389648438,169.10000610351562,171.0,134.8000030517578,43.400001525878906,172.8000030517578,165.3000030517578,15.300000190734863,170.8000030517578,179.8000030517578,4.800000190734863,173.6999969482422,173.3000030517578,178.8000030517578,179.39999389648438,70.37922668457031,1.4787677526474,0.9185027480125427,0.9430915713310242,1.0890562534332275,1.7145957946777344,55.874900817871094
166.8000030517578,169.39999389648438,169.3000030517578,140.89999389648438,36.0,174.89999389648438,170.10000610351562,11.300000190734863,173.10000610351562,175.3000030517578,9.699999809265137,173.60000610351562,173.8000030517578,179.0,178.39999389648438,68.07999420166016,1.4738914966583252,0.9438522458076477,0.9681481719017029,1.090610146522522,1.7139561176300049,55.33106231689453
168.60000610351562,167.6999969482422,169.5,144.5,32.5,173.0,172.89999389648438,6.599999904632568,176.60000610351562,174.1999969482422,14.0,179.10000610351562,172.89999389648438,178.39999389648438,179.60000610351562,69.54027557373047,1.5121612548828125,0.914769172668457,0.9457592368125916,1.0739880800247192,1.7298293113708496,53.60604476928711
168.1999969482422,167.0,169.60000610351562,143.10000610351562,36.400001525878906,170.3000030517578,171.10000610351562,9.399999618530273,172.1999969482422,177.8000030517578,10.800000190734863,179.60000610351562,174.5,178.89999389648438,179.0,70.19056701660156,1.502863883972168,0.9163069725036621,0.918176531791687,1.0675480365753174,1.7472128868103027,54.316375732421875
167.6999969482422,168.60000610351562,169.6999969482422,144.39999389648438,30.100000381469727,175.0,175.1999969482422,5.0,176.5,173.6999969482422,15.100000381469727,177.39999389648438,172.39999389648438,179.89999389648438,174.1999969482422,66.51211547851562,1.4789316654205322,0.9488844871520996,0.941537082195282,1.1015663146972656,1.7262357473373413,54.89318084716797
166.5,168.8000030517578,172.60000610351562,147.8000030517578,26.5,179.89999389648438,171.89999389648438,8.399999618530273,179.3000030517578,173.1999969482422,16.799999237060547,177.1999969482422,173.0,179.1999969482422,170.6999969482422,68.68975830078125,1.4658737182617188,0.9120364189147949,0.9873851537704468,1.0935750007629395,1.71490478515625,53.622440338134766
166.39999389648438,170.3000030517578,171.0,162.10000610351562,4.699999809265137,175.3000030517578,176.5,5.599999904632568,175.5,164.39999389648438,30.700000762939453,179.8000030517578,172.5,179.3000030517578,170.6999969482422,68.10787200927734,1.4930466413497925,0.8771434426307678,0.9646093845367432,1.024545431137085,1.7498410940170288,52.53055191040039
169.0,168.89999389648438,172.0,163.5,1.7000000476837158,170.5,177.0,7.400000095367432,177.3000030517578,163.6999969482422,34.70000076293945,178.1999969482422,172.8000030517578,179.8000030517578,171.39999389648438,69.04093933105469,1.465704083442688,0.8706564903259277,0.9364891052246094,0.9727374315261841,1.7243603467941284,55.13853454589844
167.89999389648438,168.10000610351562,172.6999969482422,164.60000610351562,3.5999999046325684,174.60000610351562,176.89999389648438,9.5,177.3000030517578,164.6999969482422,35.20000076293945,176.3000030517578,171.6999969482422,179.5,172.10000610351562,67.50382995605469,1.4808671474456787,0.8975054025650024,0.9445849657058716,0.9893404841423035,1.7474788427352905,54.87764358520508
168.8000030517578,167.3000030517578,173.60000610351562,165.6999969482422,1.399999976158142,174.10000610351562,176.60000610351562,10.899999618530273,176.39999389648438,162.39999389648438,39.0,175.39999389648438,171.89999389648438,179.60000610351562,170.5,69.56288146972656,1.4763540029525757,0.9007894396781921,0.9730095863342285,0.9962185621261597,1.7547913789749146,56.567420959472656
167.1999969482422,168.1999969482422,174.6999969482422,167.0,0.10000000149011612,174.0,174.89999389648438,10.699999809265137,174.3000030517578,160.5,39.0,177.1999969482422,171.10000610351562,177.89999389648438,173.10000610351562,71.601318359375,1.4567283391952515,0.9033094048500061,0.9704890251159668,1.0082379579544067,1.7668436765670776,56.33420944213867
167.5,167.8000030517578,176.0,168.3000030517578,3.0999999046325684,172.3000030517578,174.6999969482422,11.600000381469727,176.3000030517578,160.1999969482422,40.5,174.3000030517578,172.3000030517578,179.60000610351562,174.6999969482422,71.97154235839844,1.4663209915161133,0.8830193877220154,0.9587324261665344,0.9905672669410706,1.766058087348938,57.22941589355469
167.0,168.1999969482422,175.89999389648438,165.5,0.699999988079071,173.0,173.39999389648438,12.600000381469727,177.8000030517578,156.10000610351562,43.79999923706055,174.89999389648438,169.5,179.6999969482422,173.6999969482422,73.99468994140625,1.4556447267532349,0.8674266934394836,0.9423869252204895,0.9741161465644836,1.7632042169570923,59.437225341796875
166.5,166.0,175.3000030517578,171.8000030517578,9.699999809265137,166.8000030517578,170.39999389648438,18.100000381469727,178.10000610351562,151.0,49.79999923706055,174.0,168.5,179.89999389648438,176.3000030517578,72.82941436767578,1.4596914052963257,0.8656051158905029,0.9269518852233887,0.9767799973487854,1.803553819656372,59.708866119384766
164.5,169.60000610351562,174.39999389648438,173.60000610351562,13.300000190734863,159.1999969482422,169.5,19.0,175.5,146.60000610351562,55.70000076293945,174.1999969482422,168.8000030517578,179.3000030517578,174.5,73.13459777832031,1.4474058151245117,0.8207294344902039,0.8721074461936951,0.939730703830719,1.7665233612060547,63.35737609863281
165.60000610351562,168.8000030517578,175.39999389648438,179.5,17.200000762939453,162.0,166.6999969482422,22.899999618530273,174.60000610351562,139.39999389648438,62.400001525878906,171.1999969482422,169.3000030517578,177.8000030517578,175.6999969482422,72.5921859741211,1.4518914222717285,0.8319929242134094,0.902790904045105,0.9449547529220581,1.7822006940841675,63.837642669677734
166.0,168.8000030517578,173.39999389648438,168.8000030517578,5.400000095367432,168.8000030517578,172.0,14.399999618530273,177.8000030517578,151.60000610351562,49.0,172.0,171.0,177.89999389648438,177.5,72.92143249511719,1.473068118095398,0.8463343381881714,0.9119952917098999,0.9552000761032104,1.7772012948989868,60.51676559448242
167.0,170.5,173.8000030517578,167.3000030517578,3.700000047683716,167.10000610351562,173.3000030517578,12.800000190734863,179.3000030517578,154.0,47.29999923706055,175.6999969482422,170.1999969482422,179.60000610351562,175.8000030517578,73.93159484863281,1.4680582284927368,0.8416858911514282,0.9197545051574707,0.9816563725471497,1.7655173540115356,59.06908416748047
166.6999969482422,169.89999389648438,177.60000610351562,173.10000610351562,5.900000095367432,167.89999389648438,172.60000610351562,13.399999618530273,179.5,154.8000030517578,46.400001525878906,174.8000030517578,168.89999389648438,179.60000610351562,175.5,75.983642578125,1.4825655221939087,0.8226571679115295,0.9119548797607422,0.9441674947738647,1.7554458379745483,58.46967697143555
166.60000610351562,170.89999389648438,174.5,164.10000610351562,5.900000095367432,178.3000030517578,179.3000030517578,6.400000095367432,178.6999969482422,166.0,32.599998474121094,178.3000030517578,169.8000030517578,179.8000030517578,172.39999389648438,67.47623443603516,1.4819021224975586,0.9156742691993713,1.0208286046981812,1.0636658668518066,1.7507349252700806,53.63966751098633
166.1999969482422,170.6999969482422,174.1999969482422,145.1999969482422,31.799999237060547,175.0,172.8000030517578,7.699999809265137,172.6999969482422,172.6999969482422,17.100000381469727,177.60000610351562,170.1999969482422,179.60000610351562,179.10000610351562,67.91027069091797,1.502646803855896,0.9301160573959351,0.976787269115448,1.092114806175232,1.7564382553100586,52.60102462768555
169.5,170.39999389648438,174.1999969482422,132.10000610351562,49.5,164.3000030517578,167.39999389648438,12.399999618530273,170.89999389648438,179.0,6.699999809265137,178.39999389648438,172.0,178.10000610351562,180.0,69.5370864868164,1.4602307081222534,0.9419912099838257,0.9627028107643127,1.0880882740020752,1.6756664514541626,55.35472869873047
167.8000030517578,170.60000610351562,175.60000610351562,129.89999389648438,49.900001525878906,168.1999969482422,166.10000610351562,15.0,169.8000030517578,178.6999969482422,4.5,175.89999389648438,172.3000030517578,178.0,177.60000610351562,71.49848175048828,1.473294973373413,0.9410707950592041,0.9736307859420776,1.0995476245880127,1.6911922693252563,56.13224411010742
169.89999389648438,169.0,178.39999389648438,132.8000030517578,48.0,166.1999969482422,165.39999389648438,15.600000381469727,165.60000610351562,176.0,3.200000047683716,177.0,172.0,176.6999969482422,179.0,69.19367980957031,1.454178810119629,0.9786791205406189,0.988106369972229,1.0996577739715576,1.672613501548767,56.65903091430664
170.3000030517578,168.3000030517578,178.8000030517578,128.89999389648438,53.0,166.3000030517578,163.10000610351562,18.100000381469727,166.39999389648438,172.60000610351562,1.0,178.0,173.3000030517578,176.10000610351562,177.8000030517578,70.34935760498047,1.4435867071151733,0.9690102338790894,0.9853590726852417,1.094906210899353,1.6658848524093628,56.95861053466797
169.8000030517578,169.5,176.60000610351562,127.0,55.400001525878906,165.39999389648438,163.39999389648438,17.299999237060547,166.0,173.5,0.5,176.10000610351562,173.1999969482422,177.1999969482422,177.8000030517578,70.62104797363281,1.4466534852981567,0.9695786833763123,0.986275851726532,1.1160788536071777,1.6731483936309814,56.967735290527344
168.60000610351562,167.1999969482422,176.8000030517578,127.19999694824219,57.79999923706055,163.6999969482422,162.60000610351562,21.299999237060547,164.5,171.60000610351562,1.7000000476837158,176.89999389648438,171.8000030517578,176.10000610351562,177.39999389648438,73.33143615722656,1.4844304323196411,0.9313350915908813,0.9960110783576965,1.0969629287719727,1.7162257432937622,56.81611251831055
169.10000610351562,167.60000610351562,173.1999969482422,125.5,56.900001525878906,166.8000030517578,160.0,21.600000381469727,169.3000030517578,171.6999969482422,3.799999952316284,175.89999389648438,174.39999389648438,175.8000030517578,179.89999389648438,68.60343933105469,1.4428632259368896,0.964996337890625,0.9795860052108765,1.0951964855194092,1.6527750492095947,57.926239013671875
166.89999389648438,169.1999969482422,174.0,128.60000610351562,52.400001525878906,167.8000030517578,162.39999389648438,19.799999237060547,169.0,173.8000030517578,0.800000011920929,176.8000030517578,173.3000030517578,177.60000610351562,179.39999389648438,70.35442352294922,1.4544419050216675,0.9533866047859192,0.9888858199119568,1.0955579280853271,1.6847459077835083,57.3351936340332
168.1999969482422,168.5,172.8000030517578,129.10000610351562,53.79999923706055,165.5,162.39999389648438,19.399999618530273,168.39999389648438,173.0,0.30000001192092896,179.3000030517578,173.60000610351562,177.39999389648438,180.0,69.20899963378906,1.468247652053833,0.9508026242256165,0.9707261919975281,1.0924873352050781,1.678943157196045,56.48017501831055
167.0,167.8000030517578,174.60000610351562,133.39999389648438,48.400001525878906,168.39999389648438,163.3000030517578,18.899999618530273,168.60000610351562,175.89999389648438,1.0,176.8000030517578,172.89999389648438,177.39999389648438,178.1999969482422,70.36771392822266,1.4767320156097412,0.9564595222473145,0.9794976115226746,1.082446575164795,1.7037516832351685,56.90779495239258
166.60000610351562,169.8000030517578,171.0,138.8000030517578,39.599998474121094,174.1999969482422,167.5,14.5,170.6999969482422,178.60000610351562,4.900000095367432,175.60000610351562,173.60000610351562,178.89999389648438,179.8000030517578,67.95555877685547,1.4653103351593018,0.9663510918617249,0.9852252006530762,1.0935640335083008,1.6986063718795776,55.86111068725586
168.1999969482422,167.89999389648438,173.1999969482422,137.1999969482422,43.900001525878906,167.60000610351562,166.3000030517578,14.100000381469727,169.60000610351562,177.0,4.599999904632568,179.10000610351562,171.89999389648438,178.1999969482422,179.1999969482422,68.30921173095703,1.4719207286834717,0.9543425440788269,0.966256320476532,1.089126467704773,1.7089107036590576,54.870140075683594
166.89999389648438,168.1999969482422,172.89999389648438,136.5,44.900001525878906,167.60000610351562,166.0,15.199999809265137,169.10000610351562,177.8000030517578,4.900000095367432,177.1999969482422,173.0,177.1999969482422,179.89999389648438,69.10772705078125,1.4651610851287842,0.9235432744026184,0.9475141167640686,1.0730540752410889,1.689742088317871,54.03860855102539
166.1999969482422,167.8000030517578,172.1999969482422,136.3000030517578,42.599998474121094,170.1999969482422,166.8000030517578,13.800000190734863,169.89999389648438,179.39999389648438,5.199999809265137,176.0,172.60000610351562,179.0,178.8000030517578,68.05799865722656,1.4651554822921753,0.9465169310569763,0.9496954679489136,1.079664945602417,1.696341872215271,54.246402740478516
166.89999389648438,167.5,172.60000610351562,139.60000610351562,39.599998474121094,170.3000030517578,166.60000610351562,14.0,169.10000610351562,178.5,5.900000095367432,177.39999389648438,172.6999969482422,178.3000030517578,179.60000610351562,67.86150360107422,1.4743047952651978,0.9396098852157593,0.9512529373168945,1.087712049484253,1.7153220176696777,54.12754440307617
167.39999389648438,166.6999969482422,174.1999969482422,138.60000610351562,39.900001525878906,173.0,168.6999969482422,10.300000190734863,174.0,177.39999389648438,12.600000381469727,177.6999969482422,173.5,179.1999969482422,178.8000030517578,69.2551498413086,1.478018045425415,0.9354888796806335,0.958466112613678,1.084630012512207,1.692584753036499,55.05423355102539
164.6999969482422,169.8000030517578,171.6999969482422,136.89999389648438,43.400001525878906,169.89999389648438,168.1999969482422,11.399999618530273,172.10000610351562,178.89999389648438,9.600000381469727,178.39999389648438,175.10000610351562,178.5,177.10000610351562,69.30107116699219,1.4543029069900513,0.9453060030937195,0.9750446081161499,1.0970044136047363,1.684630036354065,53.92776107788086
166.6999969482422,169.10000610351562,172.0,138.3000030517578,39.5,174.0,167.89999389648438,12.699999809265137,171.1999969482422,179.3000030517578,7.199999809265137,177.10000610351562,173.3000030517578,179.5,179.0,69.42102813720703,1.4589579105377197,0.9507189989089966,0.9810248613357544,1.0877783298492432,1.6976245641708374,54.287925720214844
166.6999969482422,168.6999969482422,172.10000610351562,137.6999969482422,38.79999923706055,174.1999969482422,168.0,12.300000190734863,171.39999389648438,178.8000030517578,6.599999904632568,175.5,174.10000610351562,180.0,179.89999389648438,69.63560485839844,1.470232367515564,0.9523906111717224,0.9473422169685364,1.087417483329773,1.7024877071380615,54.6044807434082
168.3000030517578,166.89999389648438,173.10000610351562,138.89999389648438,38.79999923706055,173.0,168.39999389648438,13.399999618530273,168.8000030517578,179.8000030517578,6.699999809265137,176.8000030517578,173.60000610351562,178.3000030517578,177.8000030517578,69.48161315917969,1.4670922756195068,0.9392448663711548,0.966715395450592,1.0658756494522095,1.6986827850341797,54.34016418457031
167.8000030517578,165.8000030517578,173.1999969482422,132.89999389648438,44.5,171.60000610351562,166.1999969482422,14.399999618530273,167.39999389648438,178.0,5.099999904632568,174.8000030517578,174.6999969482422,179.60000610351562,177.0,68.3804702758789,1.4313123226165771,0.9601017236709595,0.960045576095581,1.0901373624801636,1.6558034420013428,54.580448150634766
167.39999389648438,165.60000610351562,173.89999389648438,137.10000610351562,42.599998474121094,172.39999389648438,167.0,16.0,168.5,178.3000030517578,4.400000095367432,175.89999389648438,173.6999969482422,179.3000030517578,177.5,68.46001434326172,1.4304051399230957,0.9611431956291199,0.9808797836303711,1.0809767246246338,1.6755088567733765,54.307212829589844
166.89999389648438,166.89999389648438,172.5,135.10000610351562,45.0,169.10000610351562,164.8000030517578,16.200000762939453,168.3000030517578,177.89999389648438,4.900000095367432,177.10000610351562,173.8000030517578,179.89999389648438,177.39999389648438,68.44095611572266,1.4564614295959473,0.9699671864509583,0.9816121459007263,1.0948457717895508,1.682457685470581,53.505523681640625
166.6999969482422,166.6999969482422,172.39999389648438,133.5,46.400001525878906,170.39999389648438,165.5,15.699999809265137,169.8000030517578,176.1999969482422,2.799999952316284,176.39999389648438,173.6999969482422,179.10000610351562,178.89999389648438,68.4207992553711,1.4410780668258667,0.9610117673873901,0.9765974879264832,1.0920088291168213,1.6702725887298584,54.16725540161133
167.10000610351562,166.60000610351562,172.5,138.89999389648438,41.79999923706055,168.6999969482422,168.39999389648438,11.800000190734863,172.60000610351562,179.39999389648438,8.699999809265137,178.8000030517578,172.5,179.6999969482422,179.1999969482422,67.52525329589844,1.4561541080474854,0.96098792552948,0.9569689631462097,1.0952129364013672,1.6893527507781982,52.702903747558594
166.39999389648438,166.39999389648438,172.89999389648438,140.39999389648438,38.20000076293945,171.60000610351562,169.6999969482422,10.600000381469727,171.89999389648438,177.5,11.399999618530273,179.39999389648438,171.8000030517578,178.8000030517578,180.0,69.76443481445312,1.4805103540420532,0.9177206158638,0.9437525868415833,1.0665805339813232,1.7076714038848877,52.6688232421875
166.60000610351562,168.39999389648438,169.1999969482422,136.5,38.400001525878906,174.39999389648438,169.60000610351562,11.0,170.39999389648438,176.1999969482422,10.100000381469727,173.5,174.1999969482422,178.8000030517578,176.89999389648438,68.30302429199219,1.4703739881515503,0.9808105230331421,0.9838091135025024,1.1044217348098755,1.6901628971099854,54.634376525878906
167.6999969482422,166.5,173.3000030517578,142.6999969482422,31.299999237060547,177.10000610351562,171.39999389648438,8.800000190734863,173.60000610351562,177.1999969482422,13.300000190734863,179.60000610351562,172.89999389648438,179.60000610351562,178.10000610351562,70.29751586914062,1.4804024696350098,0.9072797894477844,0.9513013958930969,1.0540660619735718,1.6948504447937012,51.62627029418945
167.60000610351562,166.6999969482422,172.89999389648438,140.10000610351562,36.70000076293945,174.10000610351562,171.0,10.100000381469727,173.3000030517578,174.5,12.600000381469727,178.60000610351562,171.10000610351562,178.3000030517578,179.39999389648438,70.1657943725586,1.4857512712478638,0.9279500842094421,0.962590754032135,1.0770624876022339,1.7098052501678467,53.66679382324219
167.0,166.6999969482422,173.0,136.60000610351562,40.70000076293945,171.39999389648438,168.5,13.0,169.60000610351562,180.0,7.400000095367432,177.6999969482422,173.10000610351562,180.0,179.10000610351562,69.61685943603516,1.4655590057373047,0.9358863830566406,0.9605709314346313,1.0833176374435425,1.6978859901428223,52.7117805480957
168.3000030517578,165.60000610351562,172.39999389648438,140.3000030517578,36.0,173.8000030517578,171.60000610351562,9.300000190734863,174.0,176.8000030517578,9.600000381469727,176.3000030517578,171.5,179.1999969482422,177.8000030517578,67.26180267333984,1.463663935661316,0.9286551475524902,0.9419847130775452,1.0882062911987305,1.6979507207870483,53.57501220703125
167.60000610351562,166.89999389648438,172.39999389648438,146.10000610351562,30.600000381469727,176.8000030517578,175.10000610351562,7.0,175.5,172.3000030517578,15.399999618530273,179.0,172.0,180.0,177.1999969482422,66.32372283935547,1.47560715675354,0.9415719509124756,0.961103081703186,1.0951238870620728,1.7080374956130981,53.073326110839844
168.0,167.10000610351562,172.39999389648438,143.6999969482422,31.700000762939453,177.0,172.3000030517578,8.699999809265137,173.6999969482422,173.60000610351562,14.199999809265137,177.0,172.39999389648438,178.1999969482422,177.10000610351562,68.45685577392578,1.484274983406067,0.9175470471382141,0.9454867839813232,1.06524658203125,1.698504090309143,53.52677536010742
167.39999389648438,166.3000030517578,173.1999969482422,142.6999969482422,35.400001525878906,172.5,170.8000030517578,10.199999809265137,171.3000030517578,176.0,12.399999618530273,179.8000030517578,173.10000610351562,179.5,179.6999969482422,69.60154724121094,1.464269757270813,0.92205810546875,0.9570690989494324,1.0744566917419434,1.6978185176849365,54.016719818115234
165.89999389648438,166.39999389648438,174.39999389648438,132.5,50.29999923706055,166.60000610351562,162.39999389648438,19.799999237060547,166.39999389648438,175.8000030517578,1.7000000476837158,175.0,174.5,177.6999969482422,178.8000030517578,71.68351745605469,1.4658743143081665,0.9445802569389343,0.9897933602333069,1.0793845653533936,1.6916742324829102,55.21006774902344
170.39999389648438,164.89999389648438,174.89999389648438,129.0,54.70000076293945,163.39999389648438,163.8000030517578,18.600000381469727,168.39999389648438,174.8000030517578,1.899999976158142,178.3000030517578,174.3000030517578,175.8000030517578,179.39999389648438,68.40341186523438,1.4473952054977417,0.9629168510437012,0.9861013889312744,1.0826078653335571,1.6655646562576294,56.674686431884766
167.8000030517578,169.39999389648438,173.0,146.0,29.899999618530273,173.1999969482422,175.8000030517578,3.5,178.8000030517578,173.10000610351562,17.200000762939453,179.89999389648438,172.3000030517578,179.1999969482422,177.1999969482422,66.32230377197266,1.4846875667572021,0.9669442176818848,1.0161770582199097,1.1064070463180542,1.7131191492080688,54.644081115722656
167.39999389648438,169.0,171.6999969482422,146.8000030517578,27.299999237060547,176.8000030517578,177.1999969482422,2.0999999046325684,177.3000030517578,168.8000030517578,20.899999618530273,178.39999389648438,170.6999969482422,179.39999389648438,178.5,64.36772918701172,1.4568463563919067,0.9882347583770752,1.0219178199768066,1.1307557821273804,1.6992840766906738,53.86181640625
166.3000030517578,168.3000030517578,175.8000030517578,152.8000030517578,21.899999618530273,174.39999389648438,175.3000030517578,0.4000000059604645,179.60000610351562,173.60000610351562,22.100000381469727,177.39999389648438,170.5,178.6999969482422,174.5,68.05807495117188,1.4551198482513428,0.9772456288337708,1.0542477369308472,1.122912883758545,1.6892050504684448,55.69924545288086
165.10000610351562,171.0,172.89999389648438,160.3000030517578,11.600000381469727,177.5,178.6999969482422,3.5,179.89999389648438,165.60000610351562,28.399999618530273,179.6999969482422,169.39999389648438,178.3000030517578,175.0,71.1795425415039,1.5137499570846558,0.8871493339538574,0.9677640795707703,1.060133695602417,1.7318888902664185,55.609764099121094
165.6999969482422,169.6999969482422,174.89999389648438,160.10000610351562,13.600000381469727,179.5,179.5,6.0,179.10000610351562,163.1999969482422,32.0,178.1999969482422,168.39999389648438,177.10000610351562,177.6999969482422,74.80248260498047,1.4989343881607056,0.8727814555168152,0.939077615737915,1.0134968757629395,1.7233011722564697,58.52424621582031
167.0,169.0,175.8000030517578,166.3000030517578,2.299999952316284,172.3000030517578,177.3000030517578,8.0,178.89999389648438,156.8000030517578,38.29999923706055,178.60000610351562,168.8000030517578,177.3000030517578,179.10000610351562,74.6368179321289,1.4973794221878052,0.8636400699615479,0.9475342035293579,0.9915480017662048,1.735931158065796,60.147891998291016
166.3000030517578,168.1999969482422,175.5,166.60000610351562,5.099999904632568,176.39999389648438,177.39999389648438,8.5,177.89999389648438,156.89999389648438,39.400001525878906,176.89999389648438,169.5,179.5,177.1999969482422,72.88350677490234,1.48101007938385,0.8875258564949036,0.9616217017173767,0.9971505403518677,1.722693920135498,59.47205352783203
166.60000610351562,169.3000030517578,174.5,165.6999969482422,5.400000095367432,176.60000610351562,178.60000610351562,8.600000381469727,179.39999389648438,160.60000610351562,36.900001525878906,177.10000610351562,169.1999969482422,178.6999969482422,178.5,74.71437072753906,1.5065333843231201,0.8652042150497437,0.9365997314453125,0.9972009062767029,1.718698501586914,58.87907409667969
165.60000610351562,169.1999969482422,173.1999969482422,157.89999389648438,14.899999618530273,178.3000030517578,178.89999389648438,5.699999809265137,178.8000030517578,161.60000610351562,33.5,179.0,169.89999389648438,179.89999389648438,177.60000610351562,75.21369171142578,1.5160499811172485,0.8599005341529846,0.929204523563385,1.0032069683074951,1.7465959787368774,58.106239318847656
164.8000030517578,169.0,172.3000030517578,147.6999969482422,25.600000381469727,178.5,176.6999969482422,1.600000023841858,174.5,168.1999969482422,23.200000762939453,178.1999969482422,170.10000610351562,179.60000610351562,179.6999969482422,70.34286499023438,1.4770835638046265,0.9114180207252502,0.9876960515975952,1.0650749206542969,1.7128040790557861,54.016448974609375
165.60000610351562,167.60000610351562,173.3000030517578,146.0,28.799999237060547,174.1999969482422,174.39999389648438,4.300000190734863,170.89999389648438,173.5,18.5,178.3000030517578,170.89999389648438,178.39999389648438,179.5,67.26661682128906,1.4837899208068848,0.9288240671157837,0.9787586331367493,1.0679881572723389,1.7210160493850708,52.05919647216797
165.1999969482422,167.1999969482422,172.3000030517578,143.89999389648438,28.100000381469727,177.5,173.60000610351562,4.900000095367432,172.89999389648438,173.39999389648438,18.600000381469727,173.39999389648438,169.60000610351562,179.10000610351562,178.1999969482422,65.69490814208984,1.4672915935516357,0.9414381980895996,1.0154478549957275,1.076782464981079,1.6936599016189575,50.854129791259766
165.3000030517578,168.10000610351562,172.10000610351562,149.8000030517578,24.100000381469727,177.0,177.3000030517578,2.0999999046325684,172.89999389648438,170.1999969482422,20.600000381469727,175.89999389648438,169.8000030517578,179.39999389648438,177.39999389648438,67.9623031616211,1.501947283744812,0.9111080169677734,0.9737836718559265,1.0413801670074463,1.7285722494125366,51.15579605102539
163.6999969482422,167.6999969482422,171.10000610351562,146.1999969482422,25.899999618530273,179.10000610351562,173.6999969482422,4.5,172.6999969482422,171.6999969482422,20.799999237060547,174.60000610351562,169.5,179.3000030517578,177.5,64.83527374267578,1.4777675867080688,0.9467141032218933,1.0154476165771484,1.0972654819488525,1.7019550800323486,50.2023811340332
166.5,167.0,172.10000610351562,148.3000030517578,24.0,177.1999969482422,176.39999389648438,1.899999976158142,173.89999389648438,172.89999389648438,21.200000762939453,176.39999389648438,170.89999389648438,179.39999389648438,179.3000030517578,67.8730697631836,1.4759865999221802,0.913112461566925,0.987425684928894,1.0618672370910645,1.7030798196792603,51.512237548828125
166.3000030517578,166.89999389648438,174.0,148.39999389648438,25.0,176.8000030517578,176.0,1.399999976158142,174.5,172.6999969482422,21.5,177.5,169.39999389648438,179.5,179.1999969482422,67.57705688476562,1.4878097772598267,0.9040085077285767,0.9812619090080261,1.03231680393219,1.7010852098464966,50.720672607421875
166.5,167.60000610351562,170.8000030517578,146.10000610351562,27.799999237060547,177.3000030517578,175.8000030517578,3.200000047683716,172.5,172.5,20.200000762939453,176.0,170.10000610351562,179.89999389648438,177.8000030517578,67.29261016845703,1.4970966577529907,0.9113173484802246,0.9589089155197144,1.0337589979171753,1.7119922637939453,51.68205261230469
166.39999389648438,168.10000610351562,169.3000030517578,145.89999389648438,26.600000381469727,177.10000610351562,176.0,1.7999999523162842,174.0,170.60000610351562,23.100000381469727,175.8000030517578,169.3000030517578,179.3000030517578,179.10000610351562,68.09381866455078,1.4932210445404053,0.9163044691085815,0.9823890924453735,1.0472874641418457,1.7041274309158325,50.81718444824219
166.1999969482422,168.10000610351562,172.60000610351562,150.10000610351562,22.700000762939453,177.60000610351562,178.1999969482422,0.20000000298023224,176.89999389648438,169.60000610351562,22.700000762939453,177.39999389648438,169.5,179.60000610351562,177.8000030517578,69.22633361816406,1.4961020946502686,0.8951625227928162,0.9647602438926697,1.0437594652175903,1.7228559255599976,51.33091354370117
165.3000030517578,168.39999389648438,172.5,146.1999969482422,26.100000381469727,178.8000030517578,175.89999389648438,3.0999999046325684,174.3000030517578,170.39999389648438,21.5,178.1999969482422,169.60000610351562,179.8000030517578,179.6999969482422,66.87225341796875,1.4745535850524902,0.9301189184188843,1.0099382400512695,1.0677235126495361,1.715273380279541,50.27840042114258
165.89999389648438,166.5,173.3000030517578,145.1999969482422,28.0,176.39999389648438,174.5,4.900000095367432,171.8000030517578,174.3000030517578,18.899999618530273,177.10000610351562,169.89999389648438,178.8000030517578,179.5,66.41674041748047,1.4966590404510498,0.9127234816551208,0.9778372049331665,1.0381405353546143,1.7114840745925903,48.74483871459961
166.10000610351562,168.60000610351562,172.8000030517578,150.10000610351562,21.899999618530273,178.0,177.39999389648438,0.800000011920929,173.6999969482422,171.1999969482422,22.399999618530273,179.1999969482422,169.10000610351562,179.3000030517578,179.8000030517578,67.27667236328125,1.489324927330017,0.9254387617111206,0.9869979619979858,1.0411807298660278,1.713372826576233,50.79817199707031
164.89999389648438,167.1999969482422,173.10000610351562,147.10000610351562,27.0,174.10000610351562,175.1999969482422,2.5999999046325684,174.1999969482422,172.10000610351562,21.600000381469727,179.6999969482422,169.39999389648438,179.5,177.8000030517578,66.87936401367188,1.4810140132904053,0.9287307262420654,0.9910767078399658,1.0629732608795166,1.7032010555267334,51.64274978637695
165.1999969482422,167.6999969482422,171.10000610351562,145.89999389648438,25.600000381469727,179.8000030517578,177.10000610351562,2.200000047683716,175.8000030517578,168.5,21.899999618530273,175.8000030517578,170.3000030517578,179.6999969482422,178.0,67.32318115234375,1.4781666994094849,0.9204328656196594,1.011531114578247,1.0717376470565796,1.7019221782684326,49.868995666503906
165.10000610351562,168.10000610351562,170.6999969482422,148.3000030517578,26.299999237060547,175.39999389648438,177.0,2.799999952316284,176.1999969482422,168.8000030517578,21.0,177.6999969482422,170.60000610351562,178.89999389648438,179.5,66.76567077636719,1.4869824647903442,0.9277045726776123,0.9814131855964661,1.0798569917678833,1.7275420427322388,51.0754280090332
167.1999969482422,166.0,173.39999389648438,142.39999389648438,32.5,177.39999389648438,173.6999969482422,6.599999904632568,174.89999389648438,175.6999969482422,14.399999618530273,177.6999969482422,172.39999389648438,179.6999969482422,177.3000030517578,66.39768981933594,1.4481210708618164,0.946229100227356,1.014654517173767,1.1073744297027588,1.6748679876327515,52.412498474121094
168.6999969482422,164.8000030517578,174.89999389648438,141.8000030517578,34.79999923706055,175.60000610351562,172.10000610351562,9.100000381469727,172.1999969482422,177.5,12.699999809265137,177.89999389648438,173.10000610351562,179.3000030517578,174.1999969482422,68.72817993164062,1.4344944953918457,0.9377295970916748,0.9784619808197021,1.056697964668274,1.660813331604004,53.163963317871094
165.3000030517578,168.60000610351562,170.6999969482422,143.39999389648438,32.70000076293945,176.6999969482422,174.1999969482422,6.0,176.0,171.39999389648438,17.799999237060547,179.8000030517578,172.5,178.1999969482422,176.60000610351562,68.19122314453125,1.447561264038086,0.9423249959945679,0.9979750514030457,1.0939043760299683,1.6904759407043457,53.35739517211914
166.3000030517578,166.3000030517578,173.60000610351562,139.3000030517578,35.599998474121094,176.1999969482422,172.10000610351562,8.199999809265137,170.39999389648438,177.8000030517578,12.5,176.5,172.1999969482422,179.89999389648438,177.89999389648438,69.6891860961914,1.4512197971343994,0.9332563877105713,0.9959169030189514,1.093726396560669,1.6746090650558472,51.75709915161133
167.1999969482422,164.39999389648438,174.1999969482422,140.10000610351562,37.29999923706055,174.39999389648438,172.5,9.600000381469727,171.60000610351562,177.39999389648438,9.699999809265137,176.5,171.10000610351562,179.0,178.10000610351562,68.5035400390625,1.425121545791626,0.9260203242301941,0.997958242893219,1.0946487188339233,1.6634043455123901,52.10000991821289
165.60000610351562,165.0,173.3000030517578,141.89999389648438,36.400001525878906,172.60000610351562,172.6999969482422,7.599999904632568,172.8000030517578,177.10000610351562,13.399999618530273,179.8000030517578,173.0,179.5,177.1999969482422,67.3336181640625,1.418451189994812,0.9475291967391968,1.009606122970581,1.1177047491073608,1.6561858654022217,51.594757080078125
166.10000610351562,163.89999389648438,175.1999969482422,145.3000030517578,32.099998474121094,171.39999389648438,172.10000610351562,9.899999618530273,167.8000030517578,177.8000030517578,14.800000190734863,178.1999969482422,170.0,179.0,175.0,66.78524780273438,1.4403014183044434,0.9335915446281433,1.0171810388565063,1.0722068548202515,1.7001782655715942,50.39406204223633
165.89999389648438,164.39999389648438,173.0,146.39999389648438,29.799999237060547,173.60000610351562,173.8000030517578,8.399999618530273,166.1999969482422,177.60000610351562,14.800000190734863,177.10000610351562,171.3000030517578,180.0,174.3000030517578,66.96442413330078,1.4492021799087524,0.9324507713317871,1.0116188526153564,1.0460433959960938,1.6887775659561157,50.38359832763672
167.3000030517578,163.5,172.5,146.3000030517578,28.299999237060547,176.6999969482422,172.60000610351562,7.5,168.8000030517578,177.0,15.5,177.1999969482422,173.10000610351562,179.1999969482422,177.39999389648438,68.72649383544922,1.445929765701294,0.9590163826942444,1.0126991271972656,1.0995136499404907,1.7045354843139648,51.37709045410156
166.6999969482422,165.1999969482422,171.1999969482422,145.3000030517578,30.5,173.8000030517578,174.1999969482422,6.099999904632568,171.5,174.1999969482422,16.799999237060547,178.89999389648438,170.89999389648438,179.3000030517578,177.89999389648438,68.55048370361328,1.451189398765564,0.9435762763023376,1.0050235986709595,1.072679042816162,1.6883097887039185,50.31089782714844
167.1999969482422,164.0,172.1999969482422,147.0,30.299999237060547,173.5,174.6999969482422,7.099999904632568,170.8000030517578,174.0,16.899999618530273,178.1999969482422,172.5,179.3000030517578,174.5,65.35603332519531,1.4265671968460083,0.9549013376235962,1.002397060394287,1.067714810371399,1.6753994226455688,52.812007904052734
168.39999389648438,163.6999969482422,173.89999389648438,146.39999389648438,30.799999237060547,172.8000030517578,174.3000030517578,7.0,173.10000610351562,177.3000030517578,14.300000190734863,179.39999389648438,172.0,178.5,173.5,67.78177642822266,1.41940438747406,0.9219390153884888,0.9791831374168396,1.07228422164917,1.6766180992126465,53.041290283203125
168.1999969482422,162.6999969482422,174.1999969482422,143.5,31.799999237060547,175.1999969482422,173.10000610351562,9.300000190734863,170.5,177.60000610351562,13.5,177.5,172.0,179.0,173.5,69.1989974975586,1.4329476356506348,0.9005804061889648,0.9823798537254333,1.060268521308899,1.6923229694366455,51.554771423339844
167.39999389648438,164.39999389648438,172.5,147.10000610351562,28.700000762939453,175.1999969482422,174.3000030517578,6.199999809265137,173.6999969482422,176.10000610351562,15.300000190734863,179.39999389648438,172.3000030517578,179.60000610351562,176.8000030517578,67.73155975341797,1.4317467212677002,0.9299498796463013,0.9961003065109253,1.1024868488311768,1.6906189918518066,51.18171310424805
167.10000610351562,163.10000610351562,174.3000030517578,141.8000030517578,36.099998474121094,173.0,170.8000030517578,11.699999809265137,167.6999969482422,178.0,9.100000381469727,175.5,172.5,179.60000610351562,175.10000610351562,68.87196350097656,1.4362475872039795,0.923646867275238,1.0074375867843628,1.0658137798309326,1.6795084476470947,50.87381362915039
166.60000610351562,163.6999969482422,172.8000030517578,134.8000030517578,43.5,168.10000610351562,168.3000030517578,13.800000190734863,166.60000610351562,175.39999389648438,7.0,174.60000610351562,171.39999389648438,179.8000030517578,177.3000030517578,68.44678497314453,1.431941270828247,0.9312592148780823,1.0041295289993286,1.081903338432312,1.6609845161437988,49.268985748291016
168.3000030517578,163.39999389648438,171.8000030517578,141.1999969482422,35.099998474121094,173.0,172.10000610351562,9.800000190734863,167.89999389648438,179.10000610351562,10.5,175.60000610351562,172.8000030517578,179.89999389648438,177.10000610351562,68.39846801757812,1.4302961826324463,0.932982861995697,0.9885138869285583,1.0868916511535645,1.6663626432418823,50.52085494995117
167.60000610351562,163.6999969482422,172.1999969482422,139.1999969482422,36.20000076293945,174.5,171.6999969482422,10.399999618530273,168.60000610351562,179.8000030517578,11.300000190734863,176.5,172.3000030517578,179.10000610351562,175.3000030517578,69.35643005371094,1.4272279739379883,0.9337906241416931,1.0051995515823364,1.0778075456619263,1.6613582372665405,50.363285064697266
169.60000610351562,162.5,174.3000030517578,147.5,30.100000381469727,173.10000610351562,172.1999969482422,9.199999809265137,165.5,179.39999389648438,12.300000190734863,177.5,173.39999389648438,179.89999389648438,176.39999389648438,70.1701889038086,1.4557912349700928,0.9111067056655884,0.9742206931114197,1.069053292274475,1.6957249641418457,51.17887878417969
168.6999969482422,163.39999389648438,174.0,146.6999969482422,27.799999237060547,176.3000030517578,174.39999389648438,7.900000095367432,168.3000030517578,176.89999389648438,14.800000190734863,177.60000610351562,172.3000030517578,179.39999389648438,173.89999389648438,68.98220825195312,1.436065435409546,0.9307042360305786,0.9928141236305237,1.0673725605010986,1.6991362571716309,52.345245361328125
167.89999389648438,162.89999389648438,174.8000030517578,137.3000030517578,40.400001525878906,172.10000610351562,169.6999969482422,12.199999809265137,165.1999969482422,177.1999969482422,10.399999618530273,177.39999389648438,173.0,179.0,173.6999969482422,69.6954116821289,1.4229551553726196,0.9243401885032654,0.9977728724479675,1.0647355318069458,1.6617604494094849,50.36520767211914
167.1999969482422,164.10000610351562,173.60000610351562,143.3000030517578,32.599998474121094,173.10000610351562,172.0,9.199999809265137,168.89999389648438,179.10000610351562,11.5,178.1999969482422,171.6999969482422,179.8000030517578,175.1999969482422,69.3637466430664,1.4494627714157104,0.9090480804443359,0.973943829536438,1.0342602729797363,1.690867304801941,51.542869567871094
168.8000030517578,163.1999969482422,173.39999389648438,146.5,28.899999618530273,176.3000030517578,172.1999969482422,9.199999809265137,168.1999969482422,178.8000030517578,11.300000190734863,178.39999389648438,173.1999969482422,179.8000030517578,176.6999969482422,70.1589584350586,1.4610010385513306,0.9146308898925781,0.9916716814041138,1.0706325769424438,1.706716775894165,50.43021011352539
170.1999969482422,161.0,174.89999389648438,146.60000610351562,30.399999618530273,174.5,172.5,9.800000190734863,169.3000030517578,178.39999389648438,12.800000190734863,179.60000610351562,174.5,179.89999389648438,173.1999969482422,68.7551498413086,1.4268088340759277,0.9319513440132141,1.0083668231964111,1.0854454040527344,1.6772181987762451,50.060123443603516
167.8000030517578,163.39999389648438,173.0,142.0,34.599998474121094,173.5,171.5,10.800000190734863,170.3000030517578,179.5,13.100000381469727,179.0,172.60000610351562,179.8000030517578,175.5,68.32606506347656,1.432785153388977,0.9437398314476013,1.026916265487671,1.1006022691726685,1.682884693145752,49.294620513916016
168.1999969482422,162.1999969482422,173.60000610351562,140.3000030517578,36.5,171.5,169.6999969482422,10.899999618530273,168.60000610351562,177.10000610351562,10.0,178.3000030517578,173.10000610351562,178.6999969482422,175.8000030517578,66.21318054199219,1.4343193769454956,0.958217442035675,1.009508728981018,1.0978831052780151,1.6754330396652222,47.95595932006836
167.39999389648438,161.10000610351562,174.10000610351562,137.60000610351562,40.5,171.1999969482422,170.1999969482422,12.300000190734863,169.10000610351562,179.89999389648438,9.100000381469727,177.39999389648438,173.5,179.8000030517578,174.10000610351562,69.5184097290039,1.4223668575286865,0.911678671836853,0.993744969367981,1.0754469633102417,1.6731512546539307,51.314056396484375
167.6999969482422,161.89999389648438,173.89999389648438,139.3000030517578,37.20000076293945,174.6999969482422,171.0,11.100000381469727,171.0,179.1999969482422,8.699999809265137,177.1999969482422,175.0,179.60000610351562,172.10000610351562,68.34626770019531,1.4242111444473267,0.9551677703857422,0.9859635233879089,1.1014927625656128,1.675571084022522,52.535091400146484
167.39999389648438,161.60000610351562,172.8000030517578,134.8000030517578,43.5,170.5,168.60000610351562,15.300000190734863,168.0,177.0,3.9000000953674316,175.60000610351562,175.0,178.8000030517578,171.8000030517578,69.21630859375,1.4134740829467773,0.9126225113868713,0.9643692970275879,1.0721728801727295,1.6614383459091187,52.13423156738281
167.5,160.6999969482422,171.89999389648438,134.3000030517578,44.79999923706055,168.89999389648438,169.10000610351562,15.199999809265137,163.5,174.39999389648438,3.4000000953674316,175.1999969482422,174.1999969482422,179.5,174.6999969482422,69.2117691040039,1.4170900583267212,0.9334407448768616,0.9892120361328125,1.082876443862915,1.6583813428878784,51.648895263671875
167.8000030517578,160.8000030517578,170.1999969482422,137.10000610351562,40.79999923706055,171.8000030517578,170.5,13.199999809265137,167.0,176.5,5.400000095367432,175.0,175.1999969482422,179.89999389648438,176.39999389648438,70.25241088867188,1.4400509595870972,0.9293273687362671,0.9930904507637024,1.0916577577590942,1.6755802631378174,50.13329315185547
168.39999389648438,162.10000610351562,169.8000030517578,135.60000610351562,41.900001525878906,174.89999389648438,170.0,15.800000190734863,167.39999389648438,177.5,4.400000095367432,173.8000030517578,175.3000030517578,179.60000610351562,174.60000610351562,70.8655014038086,1.4302510023117065,0.9074974656105042,0.982359766960144,1.0741698741912842,1.6825095415115356,52.1810188293457
167.5,161.1999969482422,172.1999969482422,135.0,44.29999923706055,171.1999969482422,169.10000610351562,14.5,166.1999969482422,176.0,5.099999904632568,177.5,175.10000610351562,179.6999969482422,175.8000030517578,69.71110534667969,1.4352772235870361,0.9249057769775391,0.9714122414588928,1.0829395055770874,1.664546251296997,51.352481842041016
168.10000610351562,161.8000030517578,171.3000030517578,135.6999969482422,41.599998474121094,171.89999389648438,171.89999389648438,11.899999618530273,165.8000030517578,177.89999389648438,8.100000381469727,176.89999389648438,174.1999969482422,178.6999969482422,176.6999969482422,70.84375,1.4415630102157593,0.9099005460739136,0.9695355892181396,1.0788195133209229,1.6792030334472656,50.24626541137695
166.8000030517578,162.3000030517578,172.10000610351562,140.0,39.79999923706055,168.6999969482422,170.89999389648438,11.699999809265137,169.6999969482422,177.89999389648438,7.800000190734863,179.1999969482422,174.60000610351562,179.60000610351562,174.6999969482422,69.34041595458984,1.4313828945159912,0.9278948307037354,1.0035828351974487,1.0778648853302002,1.6724764108657837,52.09423065185547
164.39999389648438,163.0,168.60000610351562,140.1999969482422,36.20000076293945,173.60000610351562,171.10000610351562,11.0,168.5,177.5,10.0,175.3000030517578,172.10000610351562,179.39999389648438,179.60000610351562,69.21466064453125,1.4500889778137207,0.9037114977836609,0.9928843379020691,1.0853747129440308,1.6962834596633911,49.51355743408203
166.89999389648438,160.89999389648438,173.10000610351562,140.6999969482422,36.79999923706055,170.10000610351562,170.39999389648438,11.699999809265137,168.0,179.39999389648438,8.899999618530273,177.39999389648438,172.1999969482422,177.5,173.3000030517578,67.48731994628906,1.4388889074325562,0.9399832487106323,0.9935654997825623,1.0812714099884033,1.6759892702102661,48.866600036621094
163.89999389648438,164.3000030517578,169.3000030517578,142.0,34.599998474121094,172.1999969482422,172.1999969482422,7.5,171.10000610351562,175.60000610351562,13.399999618530273,178.3000030517578,172.60000610351562,179.6999969482422,176.5,69.30438995361328,1.43394136428833,0.9106977581977844,0.9838986992835999,1.104044795036316,1.6753156185150146,49.64473342895508
167.5,161.89999389648438,172.5,140.5,37.099998474121094,174.8000030517578,170.89999389648438,13.199999809265137,168.8000030517578,177.10000610351562,6.199999809265137,176.89999389648438,174.89999389648438,179.39999389648438,175.3000030517578,69.41636657714844,1.431423544883728,0.9377429485321045,1.0100172758102417,1.0890803337097168,1.6830377578735352,51.74909210205078
168.5,160.8000030517578,171.10000610351562,135.39999389648438,43.70000076293945,170.0,168.8000030517578,13.199999809265137,168.0,176.0,4.900000095367432,176.5,173.8000030517578,179.5,178.10000610351562,70.99993133544922,1.4362472295761108,0.8984517455101013,0.9703027606010437,1.0635714530944824,1.670815110206604,49.57268142700195
168.3000030517578,161.60000610351562,172.0,144.10000610351562,33.599998474121094,174.10000610351562,171.89999389648438,11.600000381469727,168.0,176.6999969482422,7.400000095367432,178.10000610351562,174.39999389648438,179.89999389648438,176.3000030517578,69.31087493896484,1.4353387355804443,0.9469833374023438,0.9906010627746582,1.070755958557129,1.6885523796081543,51.836753845214844
168.1999969482422,161.89999389648438,169.8000030517578,141.0,35.0,173.6999969482422,170.10000610351562,13.0,168.10000610351562,177.39999389648438,6.900000095367432,175.10000610351562,174.0,179.8000030517578,175.0,67.84708404541016,1.4377328157424927,0.9376400709152222,0.9900188446044922,1.0874712467193604,1.6842018365859985,49.50214385986328
167.6999969482422,161.89999389648438,170.1999969482422,137.0,40.5,170.8000030517578,169.3000030517578,13.199999809265137,166.8000030517578,176.39999389648438,6.0,174.6999969482422,172.89999389648438,180.0,177.6999969482422,66.6271743774414,1.4173760414123535,0.9603352546691895,1.013000249862671,1.1100188493728638,1.6606494188308716,48.81220245361328
167.89999389648438,161.6999969482422,170.6999969482422,141.8000030517578,34.0,173.6999969482422,173.10000610351562,9.600000381469727,168.6999969482422,177.5,10.199999809265137,176.39999389648438,173.8000030517578,179.1999969482422,174.89999389648438,68.32904052734375,1.432736873626709,0.9397225379943848,1.0001273155212402,1.0846399068832397,1.6735634803771973,50.6248893737793
167.89999389648438,162.1999969482422,171.39999389648438,138.6999969482422,38.29999923706055,172.10000610351562,171.6999969482422,10.5,168.10000610351562,179.6999969482422,11.699999809265137,179.0,174.5,179.8000030517578,174.3000030517578,70.60382080078125,1.4412734508514404,0.9291696548461914,0.9799971580505371,1.0899795293807983,1.7007864713668823,50.85837936401367
166.60000610351562,162.39999389648438,170.8000030517578,140.39999389648438,37.400001525878906,171.39999389648438,172.0,10.199999809265137,170.39999389648438,179.3000030517578,9.100000381469727,178.1999969482422,173.1999969482422,179.0,176.10000610351562,68.71922302246094,1.4267674684524536,0.9320219159126282,1.0075868368148804,1.0938254594802856,1.6843758821487427,48.66914749145508
168.39999389648438,160.60000610351562,172.1999969482422,139.1999969482422,37.900001525878906,169.89999389648438,168.8000030517578,12.300000190734863,161.89999389648438,173.10000610351562,7.0,176.5,176.10000610351562,177.60000610351562,172.60000610351562,67.94867706298828,1.4566755294799805,0.9247910976409912,0.9797165393829346,1.0560150146484375,1.6587876081466675,48.43977737426758
168.89999389648438,163.0,168.89999389648438,144.10000610351562,32.900001525878906,170.60000610351562,172.5,8.600000381469727,168.0,179.60000610351562,10.0,176.1999969482422,172.89999389648438,180.0,179.5,69.77820587158203,1.465827226638794,0.899114727973938,0.9422937631607056,1.0521560907363892,1.6989006996154785,48.71980667114258
168.8000030517578,162.60000610351562,168.60000610351562,136.6999969482422,36.900001525878906,175.39999389648438,173.39999389648438,9.199999809265137,167.8000030517578,179.60000610351562,7.300000190734863,173.1999969482422,175.10000610351562,178.8000030517578,175.60000610351562,68.90824127197266,1.4505218267440796,0.9331216812133789,0.9712735414505005,1.0948208570480347,1.6825296878814697,50.549190521240234
169.10000610351562,160.5,171.1999969482422,134.1999969482422,44.400001525878906,170.10000610351562,166.39999389648438,17.5,165.39999389648438,175.60000610351562,4.599999904632568,175.5,175.6999969482422,179.1999969482422,173.89999389648438,69.94989776611328,1.428676962852478,0.9221087098121643,0.9727709293365479,1.0851781368255615,1.6775563955307007,52.99162292480469
167.6999969482422,164.39999389648438,167.89999389648438,146.5,31.100000381469727,172.0,175.10000610351562,6.800000190734863,162.1999969482422,174.39999389648438,14.199999809265137,175.5,171.5,179.60000610351562,178.6999969482422,71.05052947998047,1.4774800539016724,0.9011122584342957,0.9527698159217834,1.0382553339004517,1.7084052562713623,51.93800735473633
165.6999969482422,164.0,173.10000610351562,155.89999389648438,18.0,175.89999389648438,176.6999969482422,0.4000000059604645,178.10000610351562,171.60000610351562,23.5,178.8000030517578,172.1999969482422,179.6999969482422,178.10000610351562,65.8307113647461,1.4566348791122437,0.9511463046073914,1.037387490272522,1.0786044597625732,1.7054954767227173,50.388851165771484
165.3000030517578,164.89999389648438,172.60000610351562,156.8000030517578,16.100000381469727,178.60000610351562,178.1999969482422,0.4000000059604645,179.10000610351562,172.60000610351562,22.299999237060547,179.10000610351562,173.6999969482422,178.3000030517578,179.1999969482422,65.64928436279297,1.4359335899353027,0.942825973033905,1.0244004726409912,1.0900856256484985,1.6999057531356812,51.81450271606445
165.89999389648438,165.8000030517578,171.5,161.60000610351562,9.0,178.39999389648438,179.3000030517578,3.5999999046325684,178.39999389648438,168.39999389648438,28.100000381469727,178.89999389648438,170.89999389648438,178.6999969482422,179.0,68.09648895263672,1.471564769744873,0.9020847082138062,1.0097074508666992,1.0202082395553589,1.719028353691101,51.79178237915039
166.1999969482422,165.5,172.3000030517578,162.39999389648438,8.5,178.3000030517578,179.0,3.200000047683716,178.8000030517578,164.39999389648438,30.700000762939453,177.8000030517578,171.6999969482422,178.60000610351562,177.39999389648438,66.95112609863281,1.454604148864746,0.9037498831748962,1.0063188076019287,1.0489606857299805,1.7031280994415283,53.84619140625
170.0,165.3000030517578,173.89999389648438,166.8000030517578,2.5999999046325684,174.8000030517578,176.89999389648438,7.400000095367432,177.10000610351562,160.10000610351562,38.5,174.89999389648438,171.60000610351562,179.39999389648438,179.6999969482422,71.01207733154297,1.427698016166687,0.8895848393440247,1.004902720451355,1.0301547050476074,1.7103073596954346,56.169612884521484
166.3000030517578,167.10000610351562,173.6999969482422,161.6999969482422,10.300000190734863,179.3000030517578,179.39999389648438,3.5999999046325684,178.10000610351562,168.0,30.5,173.8000030517578,173.10000610351562,176.89999389648438,179.10000610351562,70.09860229492188,1.4361580610275269,0.913489580154419,1.0277878046035767,1.0467759370803833,1.7103416919708252,52.49488067626953
166.3000030517578,165.5,175.39999389648438,163.3000030517578,9.0,178.8000030517578,179.89999389648438,3.799999952316284,174.6999969482422,168.8000030517578,29.299999237060547,174.1999969482422,170.39999389648438,179.89999389648438,178.5,67.48611450195312,1.421419620513916,0.937187671661377,1.039689540863037,1.0663868188858032,1.711735486984253,53.333221435546875
167.89999389648438,164.10000610351562,173.89999389648438,165.89999389648438,7.0,178.1999969482422,179.3000030517578,3.5,173.39999389648438,168.6999969482422,28.5,174.39999389648438,169.39999389648438,179.6999969482422,179.1999969482422,68.92887878417969,1.4492077827453613,0.911346435546875,1.0166298151016235,1.0394967794418335,1.720043420791626,52.062469482421875
166.89999389648438,163.5,174.10000610351562,160.3000030517578,13.300000190734863,176.5,178.1999969482422,1.399999976158142,173.39999389648438,167.3000030517578,28.700000762939453,176.6999969482422,170.0,179.5,175.10000610351562,64.72529602050781,1.4266808032989502,0.9457532167434692,1.0577740669250488,1.0635703802108765,1.703033447265625,51.594825744628906
169.1999969482422,163.5,175.1999969482422,166.3000030517578,5.5,179.3000030517578,178.1999969482422,5.099999904632568,173.0,167.0,30.0,174.89999389648438,169.5,177.6999969482422,177.5,69.89849853515625,1.4393783807754517,0.8806658387184143,0.997398853302002,1.0138964653015137,1.714878797531128,54.99665069580078
166.5,165.3000030517578,172.10000610351562,157.6999969482422,18.100000381469727,174.8000030517578,179.5,0.6000000238418579,176.89999389648438,169.60000610351562,23.399999618530273,179.5,169.3000030517578,178.8000030517578,177.6999969482422,67.0264892578125,1.435195803642273,0.9110499620437622,0.9928262829780579,1.0604217052459717,1.6902352571487427,51.5984001159668
167.0,164.0,174.0,135.5,42.20000076293945,173.10000610351562,171.6999969482422,9.100000381469727,174.6999969482422,178.3000030517578,10.399999618530273,175.89999389648438,174.3000030517578,179.1999969482422,175.60000610351562,66.29888916015625,1.399592399597168,0.9370732307434082,0.984717845916748,1.0956929922103882,1.6738131046295166,53.183631896972656
168.1999969482422,163.3000030517578,174.0,127.5999984741211,50.0,172.5,169.89999389648438,11.600000381469727,173.60000610351562,177.5,3.9000000953674316,174.10000610351562,176.1999969482422,179.10000610351562,180.0,65.10855102539062,1.3842817544937134,0.9897415041923523,1.0104200839996338,1.129244327545166,1.6520981788635254,54.72970962524414
166.60000610351562,170.5,174.8000030517578,157.39999389648438,17.399999618530273,175.3000030517578,178.10000610351562,1.399999976158142,172.8000030517578,163.60000610351562,28.700000762939453,179.8000030517578,175.6999969482422,179.5,179.6999969482422,68.9375228881836,1.4112273454666138,0.9571279883384705,0.9651319980621338,1.0470075607299805,1.6746000051498413,62.06117630004883
164.8000030517578,170.3000030517578,169.60000610351562,142.60000610351562,29.899999618530273,177.89999389648438,174.8000030517578,3.9000000953674316,173.89999389648438,169.89999389648438,17.899999618530273,173.60000610351562,174.8000030517578,178.60000610351562,173.89999389648438,61.87152099609375,1.3621147871017456,0.9955829977989197,1.0041426420211792,1.0896295309066772,1.587512731552124,60.18120574951172
164.1999969482422,170.3000030517578,172.10000610351562,135.5,36.70000076293945,179.1999969482422,174.3000030517578,3.0,173.0,168.1999969482422,21.799999237060547,175.10000610351562,175.10000610351562,177.10000610351562,165.5,65.62085723876953,1.3704445362091064,0.9834845662117004,1.016720175743103,1.1056221723556519,1.5848701000213623,59.8548469543457
166.6999969482422,168.6999969482422,173.10000610351562,158.5,15.899999618530273,178.10000610351562,178.5,0.30000001192092896,175.10000610351562,170.60000610351562,21.299999237060547,178.89999389648438,177.89999389648438,178.39999389648438,172.39999389648438,62.14846420288086,1.3858129978179932,0.9919469952583313,1.0134342908859253,1.1110886335372925,1.6116646528244019,56.955223083496094
165.5,168.10000610351562,172.3000030517578,135.8000030517578,37.900001525878906,179.8000030517578,174.39999389648438,6.199999809265137,171.0,178.3000030517578,11.399999618530273,177.89999389648438,178.8000030517578,177.39999389648438,166.5,65.08070373535156,1.3546034097671509,0.9774472713470459,0.9969873428344727,1.0962624549865723,1.5668890476226807,60.716102600097656
165.3000030517578,168.6999969482422,172.1999969482422,116.9000015258789,57.79999923706055,178.1999969482422,170.39999389648438,8.199999809265137,170.5,177.39999389648438,8.100000381469727,177.3000030517578,178.0,178.39999389648438,166.0,65.43135833740234,1.3611865043640137,0.9513234496116638,0.9661309123039246,1.0680571794509888,1.561181664466858,60.2803955078125
165.1999969482422,170.8000030517578,169.8000030517578,126.80000305175781,47.5,178.0,166.5,11.300000190734863,171.3000030517578,168.10000610351562,0.30000001192092896,175.6999969482422,179.39999389648438,179.60000610351562,166.0,64.43746948242188,1.3627954721450806,0.9292100071907043,0.955960214138031,1.0359652042388916,1.5513768196105957,60.770137786865234
165.5,170.6999969482422,172.0,119.4000015258789,55.599998474121094,176.5,163.1999969482422,14.699999809265137,168.5,168.3000030517578,0.20000000298023224,176.3000030517578,178.8000030517578,178.3000030517578,163.8000030517578,63.294429779052734,1.3596800565719604,0.9370294809341431,0.966724693775177,1.0503058433532715,1.5381455421447754,59.4735221862793
165.0,170.8000030517578,171.10000610351562,123.5,50.900001525878906,175.0,165.6999969482422,10.699999809265137,164.6999969482422,173.39999389648438,6.199999809265137,175.6999969482422,179.1999969482422,176.39999389648438,162.3000030517578,62.679656982421875,1.350234031677246,0.950279951095581,0.9589559435844421,1.0465558767318726,1.5262019634246826,60.493858337402344
166.3000030517578,162.60000610351562,173.6999969482422,149.39999389648438,30.799999237060547,173.1999969482422,167.1999969482422,17.0,170.8000030517578,176.39999389648438,10.699999809265137,176.10000610351562,174.60000610351562,178.8000030517578,179.10000610351562,64.76802062988281,1.4591195583343506,0.9609310626983643,1.038493037223816,1.0906517505645752,1.7550983428955078,52.16069030761719
166.5,163.39999389648438,170.8000030517578,140.39999389648438,36.0,179.60000610351562,168.60000610351562,19.200000762939453,171.0,173.5,6.599999904632568,170.1999969482422,176.1999969482422,179.0,179.1999969482422,65.11083984375,1.440214991569519,0.9658169746398926,1.042599081993103,1.0816783905029297,1.6987733840942383,48.66987991333008
166.89999389648438,161.3000030517578,172.0,141.89999389648438,38.20000076293945,173.1999969482422,167.6999969482422,18.899999618530273,169.1999969482422,176.1999969482422,9.399999618530273,175.39999389648438,177.1999969482422,179.6999969482422,178.10000610351562,64.5625991821289,1.4327592849731445,0.9720680117607117,1.0407967567443848,1.0716456174850464,1.7034703493118286,49.95780563354492
166.0,164.10000610351562,169.6999969482422,143.1999969482422,34.5,176.89999389648438,167.10000610351562,20.299999237060547,166.89999389648438,174.60000610351562,7.199999809265137,170.6999969482422,177.5,179.3000030517578,177.10000610351562,63.034358978271484,1.4336291551589966,0.9914261698722839,1.0401175022125244,1.090431809425354,1.705154299736023,49.954505920410156
167.10000610351562,159.89999389648438,177.10000610351562,144.5,36.599998474121094,170.3000030517578,168.10000610351562,16.200000762939453,169.1999969482422,177.10000610351562,11.800000190734863,178.10000610351562,174.3000030517578,177.39999389648438,175.5,65.0419692993164,1.4491033554077148,0.955661952495575,1.037782907485962,1.054423451423645,1.6881096363067627,47.975189208984375
167.3000030517578,160.10000610351562,173.1999969482422,142.5,33.599998474121094,179.39999389648438,168.39999389648438,18.100000381469727,169.8000030517578,174.8000030517578,10.699999809265137,172.6999969482422,175.6999969482422,177.89999389648438,174.6999969482422,63.58176803588867,1.443703293800354,0.9662920832633972,1.0422942638397217,1.0698435306549072,1.6816452741622925,47.884796142578125
166.6999969482422,161.5,173.10000610351562,143.1999969482422,36.0,170.8000030517578,169.39999389648438,15.800000190734863,171.6999969482422,177.5,9.5,178.0,172.5,178.3000030517578,179.6999969482422,62.12022018432617,1.4401378631591797,0.9835562109947205,1.0557910203933716,1.090105414390564,1.6913855075836182,46.891815185546875
168.8000030517578,159.10000610351562,173.5,141.5,41.29999923706055,165.60000610351562,167.60000610351562,17.5,167.8000030517578,179.60000610351562,7.900000095367432,178.60000610351562,175.10000610351562,179.1999969482422,177.0,65.81205749511719,1.4421236515045166,0.9761583805084229,1.0529347658157349,1.068092703819275,1.7019096612930298,48.52275085449219
167.6999969482422,161.5,171.8000030517578,140.8000030517578,42.0,167.60000610351562,168.0,16.600000381469727,170.0,179.6999969482422,9.0,179.3000030517578,173.8000030517578,178.5,179.1999969482422,65.97265625,1.4530190229415894,0.945480465888977,1.024984359741211,1.054790735244751,1.7027820348739624,47.36528396606445
166.5,162.10000610351562,170.6999969482422,140.1999969482422,42.5,169.89999389648438,165.60000610351562,20.799999237060547,172.39999389648438,179.0,1.2000000476837158,170.8000030517578,176.89999389648438,179.5,179.1999969482422,62.989585876464844,1.4333184957504272,0.9857687950134277,1.0484791994094849,1.1025679111480713,1.702067494392395,49.69557189941406
166.6999969482422,161.3000030517578,172.6999969482422,139.39999389648438,40.79999923706055,170.6999969482422,164.89999389648438,20.799999237060547,169.0,179.3000030517578,4.5,174.0,176.6999969482422,179.8000030517578,179.39999389648438,62.90927505493164,1.437473177909851,0.9928815364837646,1.0592089891433716,1.082736611366272,1.7054890394210815,48.91620635986328
166.89999389648438,160.89999389648438,173.3000030517578,138.60000610351562,42.900001525878906,169.6999969482422,165.8000030517578,20.200000762939453,172.10000610351562,178.89999389648438,2.799999952316284,174.0,175.5,177.3000030517578,179.6999969482422,63.30369186401367,1.4374220371246338,0.9761077761650085,1.045746088027954,1.0834418535232544,1.6873414516448975,48.843971252441406
165.8000030517578,163.5,172.10000610351562,139.0,38.70000076293945,178.10000610351562,168.60000610351562,20.100000381469727,170.3000030517578,175.6999969482422,7.0,173.5,175.3000030517578,179.3000030517578,178.8000030517578,62.71080017089844,1.464734673500061,0.9849182367324829,1.0699472427368164,1.1004972457885742,1.714097023010254,45.7130012512207
166.39999389648438,162.0,173.6999969482422,141.89999389648438,36.29999923706055,175.6999969482422,168.8000030517578,18.700000762939453,171.6999969482422,177.60000610351562,6.400000095367432,173.3000030517578,173.60000610351562,177.39999389648438,177.3000030517578,60.650360107421875,1.4353028535842896,0.9901859164237976,1.0764498710632324,1.0953712463378906,1.6876249313354492,46.766441345214844
164.5,162.6999969482422,173.3000030517578,138.6999969482422,38.70000076293945,177.3000030517578,168.10000610351562,16.799999237060547,174.3000030517578,175.1999969482422,9.699999809265137,176.6999969482422,173.39999389648438,179.8000030517578,176.5,63.05091094970703,1.4420292377471924,0.9705110192298889,1.0509803295135498,1.0823023319244385,1.6867059469223022,47.88949966430664
165.6999969482422,161.1999969482422,174.1999969482422,138.5,43.5,172.8000030517578,168.0,17.0,173.5,176.8000030517578,10.5,178.39999389648438,175.3000030517578,179.60000610351562,176.89999389648438,62.95246505737305,1.4458308219909668,0.9934746026992798,1.0673238039016724,1.09178626537323,1.695152997970581,48.789241790771484
166.8000030517578,160.10000610351562,173.89999389648438,135.1999969482422,44.400001525878906,173.39999389648438,166.8000030517578,18.399999618530273,171.3000030517578,178.5,6.0,176.1999969482422,175.3000030517578,177.8000030517578,176.10000610351562,64.28001403808594,1.4355854988098145,0.9632959961891174,1.0394401550292969,1.0826671123504639,1.6584641933441162,46.95415496826172
166.8000030517578,160.1999969482422,172.8000030517578,135.0,46.79999923706055,170.10000610351562,164.60000610351562,20.299999237060547,170.1999969482422,177.5,4.099999904632568,176.8000030517578,174.39999389648438,178.5,179.39999389648438,63.029850006103516,1.4328711032867432,0.9918011426925659,1.0484814643859863,1.0973254442214966,1.666451334953308,47.63663864135742
166.5,158.8000030517578,175.5,138.89999389648438,47.79999923706055,161.8000030517578,164.5,19.899999618530273,170.8000030517578,175.5,4.199999809265137,178.0,172.0,177.0,179.0,61.98799514770508,1.4232999086380005,0.9998272061347961,1.0594708919525146,1.0995509624481201,1.6750781536102295,48.28238296508789
167.6999969482422,160.0,174.1999969482422,139.5,42.20000076293945,169.89999389648438,166.5,18.299999237060547,170.39999389648438,178.6999969482422,5.400000095367432,177.60000610351562,174.1999969482422,178.5,179.1999969482422,63.78361129760742,1.4485224485397339,0.963791012763977,1.030004858970642,1.0807013511657715,1.6827197074890137,47.029869079589844
165.0,164.39999389648438,178.0,135.8000030517578,46.20000076293945,168.39999389648438,165.0,17.899999618530273,170.6999969482422,177.5,11.600000381469727,179.1999969482422,175.0,177.1999969482422,177.1999969482422,66.62287139892578,1.3954218626022339,0.962272047996521,1.0430999994277954,1.0837643146514893,1.6541471481323242,56.09967803955078
165.5,167.10000610351562,174.3000030517578,156.60000610351562,23.299999237060547,172.1999969482422,172.60000610351562,7.0,173.60000610351562,172.5,18.899999618530273,177.0,174.60000610351562,178.39999389648438,177.89999389648438,68.38277435302734,1.4311316013336182,0.920432448387146,1.0313690900802612,1.062052607536316,1.6913310289382935,52.85625076293945
165.8000030517578,166.60000610351562,174.5,163.8000030517578,14.100000381469727,174.60000610351562,176.0,3.5999999046325684,172.89999389648438,169.39999389648438,23.200000762939453,174.6999969482422,175.60000610351562,178.39999389648438,178.10000610351562,68.09477996826172,1.4274637699127197,0.9429233074188232,1.0528017282485962,1.0558345317840576,1.6866494417190552,54.014801025390625
165.6999969482422,166.6999969482422,172.10000610351562,154.5,23.899999618530273,174.8000030517578,173.10000610351562,6.599999904632568,175.39999389648438,170.5,21.100000381469727,176.60000610351562,175.5,179.1999969482422,176.8000030517578,66.76335906982422,1.4264209270477295,0.9734886288642883,1.0939481258392334,1.0810004472732544,1.6895784139633179,53.7791633605957
166.60000610351562,167.10000610351562,173.39999389648438,163.89999389648438,14.100000381469727,174.89999389648438,173.6999969482422,5.099999904632568,176.1999969482422,170.89999389648438,21.200000762939453,175.8000030517578,174.60000610351562,179.10000610351562,178.39999389648438,68.1288833618164,1.4371334314346313,0.9410898089408875,1.04994797706604,1.0514799356460571,1.6959867477416992,54.69100570678711
165.10000610351562,166.3000030517578,174.0,157.8000030517578,19.799999237060547,174.10000610351562,173.6999969482422,6.300000190734863,174.6999969482422,172.3000030517578,21.600000381469727,176.3000030517578,172.8000030517578,179.60000610351562,175.6999969482422,65.75211334228516,1.4312163591384888,0.9390428066253662,1.0551283359527588,1.0724685192108154,1.6839990615844727,50.45726776123047
166.8000030517578,164.89999389648438,173.0,158.60000610351562,20.600000381469727,173.39999389648438,174.1999969482422,5.300000190734863,176.0,172.0,20.299999237060547,176.89999389648438,173.8000030517578,179.0,178.6999969482422,65.27735137939453,1.44056236743927,0.9523335099220276,1.0655603408813477,1.0549358129501343,1.7069785594940186,52.952274322509766
165.89999389648438,166.0,172.89999389648438,158.8000030517578,20.600000381469727,171.89999389648438,172.6999969482422,5.300000190734863,178.6999969482422,172.5,21.100000381469727,174.89999389648438,174.0,178.3000030517578,178.8000030517578,65.71222686767578,1.4404247999191284,0.9378417134284973,1.0564186573028564,1.0561046600341797,1.6939828395843506,52.11566925048828
166.39999389648438,165.10000610351562,174.1999969482422,159.3000030517578,19.100000381469727,174.0,174.1999969482422,4.900000095367432,177.89999389648438,172.8000030517578,21.5,174.1999969482422,173.6999969482422,177.6999969482422,179.89999389648438,67.5171890258789,1.4329832792282104,0.9335360527038574,1.0593723058700562,1.0567601919174194,1.6971544027328491,52.6240119934082
166.60000610351562,163.6999969482422,173.0,157.5,21.299999237060547,173.0,173.0,6.699999809265137,174.5,173.0,22.299999237060547,175.89999389648438,172.89999389648438,179.60000610351562,179.3000030517578,67.53931427001953,1.4251461029052734,0.9363828897476196,1.0886249542236328,1.0551930665969849,1.6913028955459595,51.82508087158203
167.0,165.10000610351562,171.89999389648438,158.1999969482422,21.200000762939453,170.10000610351562,172.89999389648438,5.800000190734863,173.5,174.0,20.5,176.89999389648438,173.0,178.3000030517578,179.89999389648438,67.3239517211914,1.435991883277893,0.9424989223480225,1.0631383657455444,1.0488871335983276,1.6914701461791992,52.2579345703125
165.6999969482422,165.8000030517578,171.8000030517578,158.89999389648438,19.200000762939453,174.89999389648438,172.5,5.900000095367432,177.60000610351562,172.60000610351562,20.5,175.0,171.3000030517578,176.5,179.3000030517578,67.91178894042969,1.4333746433258057,0.9301537871360779,1.0480782985687256,1.033990502357483,1.6998529434204102,52.14674377441406
167.10000610351562,165.0,171.3000030517578,160.8000030517578,18.0,174.10000610351562,174.89999389648438,4.599999904632568,175.89999389648438,171.89999389648438,23.200000762939453,175.60000610351562,172.60000610351562,177.8000030517578,179.1999969482422,66.28238677978516,1.42458975315094,0.9323720335960388,1.058341383934021,1.0293022394180298,1.6934471130371094,51.659271240234375
166.10000610351562,164.6999969482422,172.5,161.10000610351562,19.399999618530273,171.0,174.10000610351562,3.9000000953674316,179.1999969482422,173.0,22.200000762939453,173.6999969482422,173.10000610351562,179.10000610351562,179.3000030517578,65.98223114013672,1.4209164381027222,0.9319638013839722,1.0724080801010132,1.0420211553573608,1.6993083953857422,51.53028106689453
165.6999969482422,163.1999969482422,173.5,159.5,20.799999237060547,171.10000610351562,172.6999969482422,6.199999809265137,175.0,174.39999389648438,20.799999237060547,174.60000610351562,171.89999389648438,178.39999389648438,178.8000030517578,68.12310028076172,1.4437230825424194,0.9294317960739136,1.058215856552124,1.0280370712280273,1.7004380226135254,49.785911560058594
165.6999969482422,165.0,171.8000030517578,160.39999389648438,19.399999618530273,169.60000610351562,171.6999969482422,6.0,176.0,175.0,19.899999618530273,175.10000610351562,173.3000030517578,178.6999969482422,179.5,68.46907806396484,1.4179295301437378,0.9281971454620361,1.0779004096984863,1.0358498096466064,1.6874216794967651,51.579322814941406
166.60000610351562,164.8000030517578,172.10000610351562,160.5,18.899999618530273,171.89999389648438,173.10000610351562,5.199999809265137,174.6999969482422,175.5,20.100000381469727,175.3000030517578,172.60000610351562,178.1999969482422,179.8000030517578,66.7956314086914,1.4312703609466553,0.9269365668296814,1.0404771566390991,1.0358253717422485,1.6946126222610474,51.651939392089844
167.6999969482422,164.1999969482422,170.8000030517578,157.60000610351562,19.899999618530273,175.3000030517578,173.39999389648438,5.699999809265137,174.6999969482422,174.8000030517578,20.600000381469727,176.6999969482422,173.60000610351562,179.0,179.60000610351562,67.91951751708984,1.4174389839172363,0.9297201633453369,1.0557094812393188,1.0418068170547485,1.68403959274292,51.9273681640625
167.0,164.1999969482422,171.89999389648438,158.89999389648438,20.100000381469727,172.5,172.5,6.300000190734863,175.60000610351562,175.0,19.899999618530273,175.8000030517578,173.0,177.8000030517578,179.5,67.4450912475586,1.4312496185302734,0.9257063865661621,1.0573070049285889,1.0303573608398438,1.6948461532592773,51.54446029663086
167.5,163.89999389648438,171.1999969482422,159.89999389648438,18.899999618530273,172.6999969482422,173.1999969482422,4.800000190734863,175.8000030517578,175.5,21.0,173.3000030517578,172.6999969482422,178.10000610351562,179.5,67.73009490966797,1.4271268844604492,0.9237860441207886,1.0549521446228027,1.0325373411178589,1.692304015159607,50.72147750854492
164.89999389648438,160.8000030517578,170.89999389648438,148.0,31.700000762939453,172.10000610351562,169.0,11.800000190734863,175.1999969482422,176.8000030517578,12.800000190734863,179.8000030517578,173.0,174.6999969482422,174.0,61.429107666015625,1.3947662115097046,0.9683111906051636,1.049530029296875,1.077822208404541,1.6407912969589233,48.97447204589844
165.1999969482422,160.3000030517578,168.8000030517578,143.8000030517578,35.79999923706055,173.6999969482422,167.5,15.899999618530273,172.8000030517578,177.60000610351562,10.199999809265137,176.5,174.6999969482422,175.60000610351562,172.10000610351562,63.88169860839844,1.399377703666687,0.9306789636611938,1.0439157485961914,1.0583986043930054,1.663205623626709,49.37236022949219
164.60000610351562,160.0,170.1999969482422,146.39999389648438,36.20000076293945,163.8000030517578,165.10000610351562,14.600000381469727,169.60000610351562,178.8000030517578,10.600000381469727,179.39999389648438,174.60000610351562,178.0,177.0,64.51898956298828,1.3936219215393066,0.9298842549324036,1.0449434518814087,1.094939947128296,1.644128680229187,48.2120361328125
165.6999969482422,159.1999969482422,171.6999969482422,147.89999389648438,37.099998474121094,162.89999389648438,168.39999389648438,13.100000381469727,174.1999969482422,179.6999969482422,10.899999618530273,177.0,174.6999969482422,175.3000030517578,174.6999969482422,63.56212615966797,1.3918673992156982,0.9771568775177002,1.0921506881713867,1.0804749727249146,1.659480094909668,49.461448669433594
166.5,160.10000610351562,169.10000610351562,145.89999389648438,32.29999923706055,169.3000030517578,165.89999389648438,16.399999618530273,169.5,177.3000030517578,6.5,175.10000610351562,175.0,177.89999389648438,178.8000030517578,59.376075744628906,1.3830474615097046,0.9592438340187073,1.0956799983978271,1.122333288192749,1.6429284811019897,45.74156951904297
165.39999389648438,160.1999969482422,167.89999389648438,147.0,32.5,172.10000610351562,167.1999969482422,13.800000190734863,176.3000030517578,177.3000030517578,11.5,176.89999389648438,175.3000030517578,177.39999389648438,173.10000610351562,60.30852127075195,1.3945268392562866,0.9864261746406555,1.0801618099212646,1.0953575372695923,1.6507036685943604,48.098365783691406
163.39999389648438,160.8000030517578,169.89999389648438,121.80000305175781,62.20000076293945,165.60000610351562,164.10000610351562,21.100000381469727,174.6999969482422,176.3000030517578,2.0999999046325684,176.89999389648438,175.60000610351562,175.6999969482422,173.5,63.988792419433594,1.3918009996414185,0.9460476636886597,1.0736993551254272,1.1159979104995728,1.6422725915908813,49.39323043823242
164.5,161.0,171.8000030517578,121.0,66.80000305175781,161.3000030517578,162.8000030517578,23.0,170.6999969482422,178.0,2.200000047683716,177.39999389648438,176.8000030517578,176.60000610351562,176.89999389648438,66.1371841430664,1.3814722299575806,0.9496203660964966,1.044516682624817,1.1007953882217407,1.637692928314209,53.301639556884766
163.89999389648438,160.5,171.5,129.1999969482422,60.400001525878906,159.8000030517578,163.6999969482422,21.799999237060547,171.89999389648438,175.89999389648438,1.5,179.0,177.60000610351562,178.3000030517578,178.6999969482422,63.53264617919922,1.3777629137039185,0.9857121109962463,1.0607035160064697,1.117382526397705,1.641836166381836,51.847877502441406
165.39999389648438,160.8000030517578,170.6999969482422,129.3000030517578,54.29999923706055,167.89999389648438,162.6999969482422,22.100000381469727,172.39999389648438,176.60000610351562,0.20000000298023224,173.89999389648438,175.6999969482422,175.8000030517578,177.39999389648438,63.99325180053711,1.3883293867111206,0.9571707844734192,1.0592329502105713,1.1092742681503296,1.6497730016708374,50.851905822753906
164.1999969482422,162.1999969482422,169.5,131.5,50.29999923706055,169.89999389648438,164.60000610351562,22.100000381469727,173.3000030517578,178.1999969482422,2.0,173.6999969482422,175.60000610351562,175.39999389648438,175.60000610351562,63.02729034423828,1.3973474502563477,0.9477114081382751,1.0778241157531738,1.1055814027786255,1.664742350578308,48.65774917602539
168.60000610351562,160.89999389648438,173.8000030517578,134.3000030517578,53.0,157.8000030517578,160.39999389648438,24.799999237060547,158.3000030517578,166.0,9.300000190734863,172.60000610351562,179.1999969482422,179.8000030517578,173.3000030517578,63.60966873168945,1.374582290649414,1.019275188446045,1.081655502319336,1.1465011835098267,1.635379672050476,50.208919525146484
165.0,165.0,173.10000610351562,134.89999389648438,49.20000076293945,163.6999969482422,162.8000030517578,19.700000762939453,170.8000030517578,172.3000030517578,5.599999904632568,174.8000030517578,179.89999389648438,179.3000030517578,172.89999389648438,60.879478454589844,1.3890188932418823,1.0109338760375977,1.0338512659072876,1.1408213376998901,1.6384060382843018,52.1033821105957
165.3000030517578,168.0,175.10000610351562,150.1999969482422,24.200000762939453,177.60000610351562,168.60000610351562,10.5,178.8000030517578,175.1999969482422,13.100000381469727,176.6999969482422,175.89999389648438,175.60000610351562,177.1999969482422,63.96998596191406,1.3850107192993164,0.952569305896759,1.0405749082565308,1.0940130949020386,1.6409413814544678,54.65481948852539
165.3000030517578,169.0,177.1999969482422,172.60000610351562,3.0,177.8000030517578,174.8000030517578,2.5999999046325684,179.0,168.39999389648438,24.600000381469727,178.8000030517578,174.89999389648438,176.5,177.10000610351562,66.0844497680664,1.4326342344284058,0.9223523736000061,1.0438709259033203,1.0712279081344604,1.6953998804092407,56.68318176269531
165.3000030517578,166.60000610351562,176.89999389648438,157.8000030517578,16.200000762939453,178.3000030517578,174.5,6.099999904632568,174.6999969482422,169.5,20.0,178.89999389648438,172.60000610351562,178.3000030517578,178.3000030517578,63.823726654052734,1.4306800365447998,0.981116533279419,1.0569638013839722,1.1158416271209717,1.7014100551605225,54.96715545654297
164.39999389648438,166.60000610351562,176.1999969482422,149.60000610351562,27.399999618530273,171.6999969482422,171.8000030517578,8.100000381469727,168.5,179.6999969482422,11.699999809265137,176.3000030517578,171.60000610351562,180.0,177.0,65.96704864501953,1.4480714797973633,0.9573572278022766,1.0514205694198608,1.0936636924743652,1.69888436794281,53.31779479980469
164.39999389648438,165.10000610351562,177.3000030517578,144.39999389648438,33.5,170.10000610351562,171.0,10.800000190734863,170.3000030517578,179.10000610351562,10.199999809265137,176.5,173.0,179.3000030517578,179.60000610351562,64.25414276123047,1.4362012147903442,0.9588819742202759,1.0498889684677124,1.106697916984558,1.6981559991836548,52.42129135131836
165.3000030517578,166.39999389648438,174.6999969482422,142.3000030517578,33.29999923706055,173.5,171.5,10.600000381469727,167.3000030517578,177.6999969482422,10.699999809265137,174.1999969482422,172.89999389648438,179.8000030517578,178.10000610351562,67.41500854492188,1.445534110069275,0.9401451349258423,1.0238813161849976,1.0597928762435913,1.69207763671875,56.17132568359375
166.0,164.8000030517578,177.0,148.5,28.700000762939453,174.39999389648438,170.8000030517578,10.100000381469727,168.10000610351562,179.10000610351562,10.5,176.0,174.3000030517578,179.1999969482422,179.10000610351562,67.97664642333984,1.4402399063110352,0.9284024238586426,1.0323046445846558,1.05035400390625,1.7015807628631592,55.3785514831543
164.60000610351562,164.89999389648438,177.5,152.39999389648438,25.200000762939453,173.3000030517578,170.8000030517578,9.699999809265137,168.89999389648438,178.1999969482422,12.600000381469727,177.39999389648438,174.0,179.8000030517578,178.39999389648438,66.34809875488281,1.4348775148391724,0.9715960621833801,1.0664708614349365,1.0757312774658203,1.7007091045379639,54.81837844848633
164.3000030517578,165.10000610351562,176.60000610351562,146.39999389648438,29.899999618530273,173.60000610351562,170.39999389648438,10.199999809265137,170.8000030517578,179.1999969482422,11.800000190734863,176.5,172.39999389648438,178.60000610351562,176.39999389648438,64.39862823486328,1.4341537952423096,0.972115159034729,1.0455756187438965,1.0835776329040527,1.6858195066452026,52.969757080078125
165.10000610351562,165.60000610351562,172.60000610351562,149.6999969482422,32.099998474121094,171.6999969482422,172.60000610351562,13.600000381469727,178.89999389648438,175.8000030517578,6.900000095367432,176.6999969482422,177.89999389648438,179.10000610351562,174.8000030517578,62.732147216796875,1.431004285812378,0.9896641969680786,1.1260015964508057,1.1138181686401367,1.691404938697815,53.51362228393555
165.89999389648438,164.39999389648438,173.8000030517578,154.39999389648438,28.799999237060547,167.10000610351562,173.89999389648438,13.300000190734863,175.6999969482422,179.8000030517578,5.099999904632568,177.39999389648438,178.8000030517578,179.3000030517578,173.60000610351562,62.15065383911133,1.4071418046951294,1.0127640962600708,1.1480714082717896,1.1505777835845947,1.6887227296829224,52.23905563354492
165.3000030517578,164.10000610351562,171.89999389648438,152.0,27.799999237060547,179.1999969482422,176.1999969482422,10.5,175.1999969482422,171.0,7.300000190734863,175.1999969482422,178.39999389648438,177.60000610351562,171.0,61.50846862792969,1.4309163093566895,1.0370149612426758,1.1174367666244507,1.1507598161697388,1.6695897579193115,52.316162109375
164.5,165.39999389648438,170.1999969482422,155.5,23.299999237060547,176.8000030517578,176.5,9.699999809265137,175.1999969482422,168.10000610351562,5.699999809265137,169.10000610351562,178.10000610351562,177.0,171.3000030517578,62.581295013427734,1.4651110172271729,1.003574013710022,1.0527020692825317,1.16000235080719,1.6989895105361938,54.4067497253418
163.5,166.60000610351562,170.3000030517578,150.60000610351562,27.200000762939453,177.10000610351562,175.1999969482422,10.300000190734863,174.60000610351562,169.39999389648438,3.0,167.3000030517578,176.60000610351562,174.6999969482422,171.89999389648438,60.55329513549805,1.4413808584213257,1.0151342153549194,1.0573935508728027,1.1628212928771973,1.6789239645004272,54.59393310546875
164.60000610351562,165.0,171.3000030517578,153.60000610351562,25.0,178.0,174.89999389648438,10.100000381469727,177.10000610351562,168.39999389648438,8.800000190734863,172.3000030517578,175.60000610351562,176.0,174.39999389648438,59.442928314208984,1.4561643600463867,1.0224603414535522,1.0485721826553345,1.1221137046813965,1.6952264308929443,57.24519348144531
164.5,165.5,170.10000610351562,151.1999969482422,25.700000762939453,177.89999389648438,174.5,10.399999618530273,174.39999389648438,167.89999389648438,8.399999618530273,169.5,177.6999969482422,176.3000030517578,173.6999969482422,59.862857818603516,1.4378031492233276,0.9907957911491394,1.053991436958313,1.1392791271209717,1.6812666654586792,55.35366439819336
165.1999969482422,165.1999969482422,170.60000610351562,154.5,22.5,179.8000030517578,178.39999389648438,6.800000190734863,175.8000030517578,165.1999969482422,11.100000381469727,171.1999969482422,176.60000610351562,178.0,173.60000610351562,60.369632720947266,1.4312279224395752,0.9874273538589478,1.053647518157959,1.1260801553726196,1.6922357082366943,56.89588928222656
165.10000610351562,165.89999389648438,171.5,153.10000610351562,23.799999237060547,179.89999389648438,177.10000610351562,7.400000095367432,175.0,166.8000030517578,11.5,174.6999969482422,177.3000030517578,179.39999389648438,175.3000030517578,61.70866012573242,1.4253973960876465,0.9763739705085754,1.0327763557434082,1.125913143157959,1.6919050216674805,57.16850280761719
165.39999389648438,164.89999389648438,171.10000610351562,148.0,30.399999618530273,178.5,175.5,10.100000381469727,177.10000610351562,170.1999969482422,6.599999904632568,171.6999969482422,176.5,176.3000030517578,175.5,62.34914779663086,1.4303901195526123,0.9948501586914062,1.0503586530685425,1.1329346895217896,1.6908270120620728,56.923866271972656
165.39999389648438,164.10000610351562,172.10000610351562,146.5,33.79999923706055,176.3000030517578,173.1999969482422,13.199999809265137,176.5,174.1999969482422,1.899999976158142,173.1999969482422,175.39999389648438,175.8000030517578,175.3000030517578,62.313358306884766,1.4028459787368774,0.9833413362503052,1.0421833992004395,1.112360954284668,1.6775670051574707,58.65424728393555
166.3000030517578,164.60000610351562,172.1999969482422,149.6999969482422,29.5,178.10000610351562,173.1999969482422,11.300000190734863,175.8000030517578,169.60000610351562,7.199999809265137,172.1999969482422,177.6999969482422,177.60000610351562,177.39999389648438,62.270355224609375,1.4209531545639038,0.9882577061653137,1.0276799201965332,1.0927354097366333,1.6960887908935547,59.20270919799805
165.3000030517578,166.0,170.39999389648438,150.0,27.399999618530273,177.6999969482422,176.5,9.600000381469727,174.0,167.6999969482422,6.599999904632568,170.1999969482422,177.39999389648438,176.60000610351562,174.6999969482422,61.07719802856445,1.4128962755203247,0.985802412033081,1.0347862243652344,1.1284446716308594,1.6791213750839233,57.98365020751953
165.6999969482422,165.6999969482422,171.10000610351562,154.8000030517578,21.799999237060547,176.1999969482422,177.0,7.800000190734863,172.60000610351562,165.5,11.699999809265137,172.1999969482422,176.6999969482422,178.5,177.5,61.63038635253906,1.44619882106781,0.9882855415344238,1.0344107151031494,1.1087384223937988,1.718766689300537,58.68791580200195
165.5,164.39999389648438,170.6999969482422,152.60000610351562,25.799999237060547,179.0,177.6999969482422,7.0,174.10000610351562,165.60000610351562,10.899999618530273,172.89999389648438,175.3000030517578,176.10000610351562,175.10000610351562,61.04493713378906,1.4356284141540527,0.9895613193511963,1.040647029876709,1.1206523180007935,1.6995068788528442,57.88064193725586
165.10000610351562,165.5,170.89999389648438,152.3000030517578,24.700000762939453,179.89999389648438,176.39999389648438,8.5,176.1999969482422,167.60000610351562,9.600000381469727,172.3000030517578,176.10000610351562,176.60000610351562,174.60000610351562,60.769386291503906,1.431161642074585,0.9923219084739685,1.0519440174102783,1.129577875137329,1.6942498683929443,55.172828674316406
165.60000610351562,164.39999389648438,171.6999969482422,151.89999389648438,26.700000762939453,179.5,175.39999389648438,9.899999618530273,174.8000030517578,168.6999969482422,7.900000095367432,171.3000030517578,175.8000030517578,176.8000030517578,175.89999389648438,60.300594329833984,1.4460971355438232,0.9858999252319336,1.045902967453003,1.1150634288787842,1.7083863019943237,56.71923828125
165.8000030517578,165.10000610351562,171.3000030517578,151.8000030517578,26.399999618530273,179.5,176.0,8.899999618530273,177.1999969482422,169.0,9.100000381469727,173.8000030517578,175.60000610351562,178.1999969482422,176.0,60.643680572509766,1.4401344060897827,1.0050110816955566,1.0632054805755615,1.1192829608917236,1.7072100639343262,56.47727966308594
165.10000610351562,165.89999389648438,170.8000030517578,154.3000030517578,23.299999237060547,178.0,177.1999969482422,7.0,173.1999969482422,166.89999389648438,11.100000381469727,172.6999969482422,176.8000030517578,178.89999389648438,175.1999969482422,61.6052131652832,1.4403291940689087,1.0100078582763672,1.0578402280807495,1.131541132926941,1.7010207176208496,56.50040054321289
165.0,166.3000030517578,171.89999389648438,158.0,18.700000762939453,177.10000610351562,179.1999969482422,5.699999809265137,173.39999389648438,163.8000030517578,13.5,174.5,174.5,178.8000030517578,176.0,60.69008255004883,1.468194842338562,0.9953116774559021,1.0383963584899902,1.1246435642242432,1.7420696020126343,56.59797286987305
165.6999969482422,165.5,170.1999969482422,151.60000610351562,23.5,178.1999969482422,177.6999969482422,6.400000095367432,173.5,166.6999969482422,10.899999618530273,173.5,176.0,179.5,174.60000610351562,60.733882904052734,1.4437534809112549,0.9944303631782532,1.04742431640625,1.1324584484100342,1.7042627334594727,56.912784576416016
165.0,165.8000030517578,171.10000610351562,154.8000030517578,22.200000762939453,178.39999389648438,177.0,7.599999904632568,176.3000030517578,167.3000030517578,11.199999809265137,173.0,175.89999389648438,179.60000610351562,176.10000610351562,61.67325210571289,1.446972370147705,0.9979950189590454,1.0457720756530762,1.113728642463684,1.7071233987808228,56.88871765136719
166.3000030517578,165.10000610351562,172.0,154.39999389648438,22.399999618530273,179.8000030517578,176.5,7.400000095367432,178.10000610351562,166.89999389648438,11.199999809265137,171.89999389648438,175.5,178.5,175.39999389648438,61.214866638183594,1.4317691326141357,1.0042667388916016,1.0553346872329712,1.1164398193359375,1.7028567790985107,58.00981140136719
164.6999969482422,166.0,171.5,153.5,25.200000762939453,178.5,176.60000610351562,7.599999904632568,173.39999389648438,167.0,11.899999618530273,175.1999969482422,174.8000030517578,178.10000610351562,175.89999389648438,61.51606369018555,1.42029869556427,1.0152796506881714,1.0602926015853882,1.1303590536117554,1.6907426118850708,57.37673568725586
